<Application>																								
Name=VersaStudio																								
Version=2.60.6.0																								
LoggedIn=Security Disabled																								
Language [VersaStudio]=English (United States) [en-US]																								
Language [Region and Language]=English (United States) [en-US]																								
Language [Windows Operating System]=Chinese (People's Republic of China) [zh-CN]																								
</Application>																								
																								
<Action0>																								
Limits2	Value=0																							
Limits2	Direction=<																							
Limits2	Limits=None																							
Limits1	Value=0																							
Limits1	Direction=<																							
Limits1	Limits=None																							
RotationRateConversionFactor=0.00025																								
Measured Open Circuit=-399.024 mV																								
E2 Cell to Use=Internal																								
Remeasure OC Per Action (External Cell)=No																								
Mass (g)=0																								
Equivalent Weight (g)=0																								
Density (g/ml)=0																								
Working Electrode Area (cm2)=1																								
RDE Speed (Volts)=0																								
Working Electrode Type=Solid Electrode																								
Reference Electrode=SCE Saturated Calomel (sat'd KCI) (0.242 Volts)																								
Segments=0																								
Name=Common																								
Comment=Enter comments about the experiment here.																								
</Action0>																								
																								
<Instrument>																								
Type=VersaSTAT																								
Model=-400																								
SN=13008645																								
Options=FRA	 EIS <Filter:Normal>																							
Firmware=2.60.6.0	2.54.2	2.54.2																						
BoosterDetails=None																								
</Instrument>																								
																								
<Experiment>																								
TimeAcquired=10:30:32 AM																								
DateAcquired=Thursday	 April 02	2026																						
SelectionEnd=0																								
SelectionStart=0																								
Height=661																								
Width=712																								
LocY=0																								
LocX=0																								
Show=True																								
</Experiment>																								
																								
<DataView>																								
ShowDCLabels=False																								
ShowACLabels=False																								
ShowDataFilter=False																								
DataReduction=1																								
ShowEvery=100																								
Decimate=False																								
AutomaticDecimation=False																								
ViewSegments=All Segments																								
Height=328																								
Width=728																								
LocY=0																								
LocX=0																								
Show=True																								
</DataView>																								
																								
<StripView>																								
Height=240																								
Width=344																								
LocY=0																								
LocX=0																								
Show=False																								
</StripView>																								
																								
<Overlays>																								
Height=438																								
Width=294																								
LocY=0																								
LocX=0																								
Show=False																								
</Overlays>																								
																								
<Action1>																								
Limits1	Value=0																							
Limits1	Direction=<																							
Limits1	Limits=None																							
Cell to Use=External																								
LCI Bandwidth Limit=Auto																								
Bandwidth Limit=Auto																								
I/E Stability=Fast																								
I Filter=Auto																								
E2 Filter=Auto																								
E Filter=Auto																								
E Resolution=Auto																								
Electrometer Mode=Auto																								
Acquisition Mode=Auto																								
VoltageRange=+/-6V																								
Current Range=2mA																								
Total Points=600																								
Drift Rate (mV/min)=0																								
Duration (s)=600																								
Time Per Point (s)=1																								
ParentNode=Common																								
Name=Corrosion Open Circuit																								
</Action1>																								
																								
<Action2>																								
ParentNode=Common																								
Name=Measure Open Circuit																								
</Action2>																								
																								
<Action3>																								
Cell to Use=External																								
Leave Cell ON=No																								
LCI Bandwidth Limit=Auto																								
Bandwidth Limit=Auto																								
Electrometer Mode=Single Ended																								
VoltageRange=+/-6V																								
Current Range=Auto																								
Scan Rate (V/s)=.005																								
Measurement Delay (s)=0																								
Data Quality=1																								
Points Per Decade=10																								
Number of Points=30																								
Point Spacing=Logarithmic																								
Final Potential (V)	Versus=vs OC																							
Final Potential (V)	Value=0																							
Potential (V)	Versus=vs OC																							
Potential (V)	Value=0																							
Step or Scan=Step																								
Amplitude (mV RMS)=10																								
End Frequency (Hz)=0.01																								
Start Frequency (Hz)=100000																								
Segments=1																								
ParentNode=Common																								
Name=Potentiostatic EIS																								
</Action3>																								
																								
<Action4>																								
Limits2	Value=0																							
Limits2	Direction=<																							
Limits2	Limits=None																							
Limits1	Value=0																							
Limits1	Direction=<																							
Limits1	Limits=None																							
Cell to Use=External																								
Leave Cell ON=No																								
iR Compensation=Disabled																								
LCI Bandwidth Limit=Auto																								
Bandwidth Limit=Auto																								
I/E Stability=Fast																								
I Filter=Auto																								
E2 Filter=Auto																								
E Filter=Auto																								
Electrometer Mode=Auto																								
Acquisition Mode=Auto																								
VoltageRange=+/-6V																								
Current Range=Auto																								
Total Points=3001																								
Scan Rate (mV/s)=0.5																								
Step Time (s)=1																								
Step Height (mV)=0.5																								
Final Potential (V)	Versus=vs OC																							
Final Potential (V)	Value=0.5																							
Initial Potential (V)	Versus=vs OC																							
Initial Potential (V)	Value=-1																							
ParentNode=Common																								
Name=Tafel																								
</Action4>																								
																								
<Segment1>																								
Type=2																								
Version=3																								
Definition=Segment #	 Point #	 E(V)	 I(A)	 Elapsed Time(s)	 ADC Sync Input(V)	 Current Range	 Status	 E Applied(V)	 Frequency(Hz)	 E Real	 E Imag	 I Real	 I Imag	 Z Real	 Z Imag	 E2 Status	 E2(V)	 E2 Real	 E2 Imag	 Z2 Real	 Z2 Imag	 ActionId	 AC Amplitude	0
0	0	-0.3993315	-2.45E-07	1	-0.001525902	5	5	0	0	0	0	0	0	0	0	0	0	0	0	0	0	12	0	
0	1	-0.3996382	-2.45E-07	2	-0.001525902	5	5	0	0	0	0	0	0	0	0	0	0	0	0	0	0	12	0	
0	2	-0.3999449	-2.45E-07	3	-0.001525902	5	5	0	0	0	0	0	0	0	0	0	0	0	0	0	0	12	0	
0	3	-0.3999449	-2.45E-07	4	-0.001525902	5	5	0	0	0	0	0	0	0	0	0	0	0	0	0	0	12	0	
0	4	-0.4002516	-2.45E-07	5	-0.001525902	5	5	0	0	0	0	0	0	0	0	0	0	0	0	0	0	12	0	
0	5	-0.4005583	-2.45E-07	6	-0.001525902	5	5	0	0	0	0	0	0	0	0	0	0	0	0	0	0	12	0	
0	6	-0.4005583	-2.45E-07	7	-0.001525902	5	5	0	0	0	0	0	0	0	0	0	0	0	0	0	0	12	0	
0	7	-0.400865	-2.45E-07	8	-0.001525902	5	5	0	0	0	0	0	0	0	0	0	0	0	0	0	0	12	0	
0	8	-0.4011717	-2.45E-07	9	-0.001525902	5	5	0	0	0	0	0	0	0	0	0	0	0	0	0	0	12	0	
0	9	-0.4011717	-2.45E-07	10	-0.001525902	5	5	0	0	0	0	0	0	0	0	0	0	0	0	0	0	12	0	
0	10	-0.4014784	-2.45E-07	11	-0.001525902	5	5	0	0	0	0	0	0	0	0	0	0	0	0	0	0	12	0	
0	11	-0.4017851	-2.45E-07	12	-0.001525902	5	5	0	0	0	0	0	0	0	0	0	0	0	0	0	0	12	0	
0	12	-0.4017851	-2.45E-07	13	-0.001525902	5	5	0	0	0	0	0	0	0	0	0	0	0	0	0	0	12	0	
0	13	-0.4020918	-2.45E-07	14	-0.001525902	5	5	0	0	0	0	0	0	0	0	0	0	0	0	0	0	12	0	
0	14	-0.4020918	-2.45E-07	15	-0.001525902	5	5	0	0	0	0	0	0	0	0	0	0	0	0	0	0	12	0	
0	15	-0.4023986	-2.45E-07	16	-0.001525902	5	5	0	0	0	0	0	0	0	0	0	0	0	0	0	0	12	0	
0	16	-0.4027053	-2.45E-07	17	-0.001525902	5	5	0	0	0	0	0	0	0	0	0	0	0	0	0	0	12	0	
0	17	-0.4027053	-2.45E-07	18	-0.001525902	5	5	0	0	0	0	0	0	0	0	0	0	0	0	0	0	12	0	
0	18	-0.4030119	-2.45E-07	19	-0.001525902	5	5	0	0	0	0	0	0	0	0	0	0	0	0	0	0	12	0	
0	19	-0.4030119	-2.45E-07	20	-0.001525902	5	5	0	0	0	0	0	0	0	0	0	0	0	0	0	0	12	0	
0	20	-0.4033187	-2.45E-07	21	-0.001525902	5	5	0	0	0	0	0	0	0	0	0	0	0	0	0	0	12	0	
0	21	-0.4036254	-2.45E-07	22	-0.001525902	5	5	0	0	0	0	0	0	0	0	0	0	0	0	0	0	12	0	
0	22	-0.4039321	-2.45E-07	23	-0.001525902	5	5	0	0	0	0	0	0	0	0	0	0	0	0	0	0	12	0	
0	23	-0.4039321	-2.45E-07	24	-0.001525902	5	5	0	0	0	0	0	0	0	0	0	0	0	0	0	0	12	0	
0	24	-0.4042388	-2.45E-07	25	-0.001525902	5	5	0	0	0	0	0	0	0	0	0	0	0	0	0	0	12	0	
0	25	-0.4045455	-2.45E-07	26	-0.001525902	5	5	0	0	0	0	0	0	0	0	0	0	0	0	0	0	12	0	
0	26	-0.4045455	-2.45E-07	27	-0.001525902	5	5	0	0	0	0	0	0	0	0	0	0	0	0	0	0	12	0	
0	27	-0.4048522	-2.45E-07	28	-0.001525902	5	5	0	0	0	0	0	0	0	0	0	0	0	0	0	0	12	0	
0	28	-0.4051589	-2.45E-07	29	-0.001525902	5	5	0	0	0	0	0	0	0	0	0	0	0	0	0	0	12	0	
0	29	-0.4051589	-2.45E-07	30	-0.001525902	5	5	0	0	0	0	0	0	0	0	0	0	0	0	0	0	12	0	
0	30	-0.4054656	-2.45E-07	31	-0.001525902	5	5	0	0	0	0	0	0	0	0	0	0	0	0	0	0	12	0	
0	31	-0.4057723	-2.45E-07	32	-0.001525902	5	5	0	0	0	0	0	0	0	0	0	0	0	0	0	0	12	0	
0	32	-0.4057723	-2.45E-07	33	-0.001525902	5	5	0	0	0	0	0	0	0	0	0	0	0	0	0	0	12	0	
0	33	-0.406079	-2.45E-07	34	-0.001525902	5	5	0	0	0	0	0	0	0	0	0	0	0	0	0	0	12	0	
0	34	-0.406079	-2.45E-07	35	-0.001525902	5	5	0	0	0	0	0	0	0	0	0	0	0	0	0	0	12	0	
0	35	-0.4063857	-2.45E-07	36	-0.001525902	5	5	0	0	0	0	0	0	0	0	0	0	0	0	0	0	12	0	
0	36	-0.4066924	-2.45E-07	37	-0.001525902	5	5	0	0	0	0	0	0	0	0	0	0	0	0	0	0	12	0	
0	37	-0.4066924	-2.45E-07	38	-0.001525902	5	5	0	0	0	0	0	0	0	0	0	0	0	0	0	0	12	0	
0	38	-0.4069991	-2.45E-07	39	-0.001525902	5	5	0	0	0	0	0	0	0	0	0	0	0	0	0	0	12	0	
0	39	-0.4073058	-2.45E-07	40	-0.001525902	5	5	0	0	0	0	0	0	0	0	0	0	0	0	0	0	12	0	
0	40	-0.4073058	-2.45E-07	41	-0.001525902	5	261	0	0	0	0	0	0	0	0	0	0	0	0	0	0	12	0	
0	41	-0.4076126	-2.45E-07	42	-0.001525902	5	5	0	0	0	0	0	0	0	0	0	0	0	0	0	0	12	0	
0	42	-0.4076126	-2.45E-07	43	-0.001525902	5	5	0	0	0	0	0	0	0	0	0	0	0	0	0	0	12	0	
0	43	-0.4079193	-2.45E-07	44	-0.001525902	5	261	0	0	0	0	0	0	0	0	0	0	0	0	0	0	12	0	
0	44	-0.408226	-2.45E-07	45	-0.001525902	5	261	0	0	0	0	0	0	0	0	0	0	0	0	0	0	12	0	
0	45	-0.408226	-2.45E-07	46	-0.001525902	5	261	0	0	0	0	0	0	0	0	0	0	0	0	0	0	12	0	
0	46	-0.4085327	-2.45E-07	47	-0.001525902	5	261	0	0	0	0	0	0	0	0	0	0	0	0	0	0	12	0	
0	47	-0.4085327	-2.45E-07	48	-0.001525902	5	261	0	0	0	0	0	0	0	0	0	0	0	0	0	0	12	0	
0	48	-0.4088394	-2.45E-07	49	-0.001525902	5	261	0	0	0	0	0	0	0	0	0	0	0	0	0	0	12	0	
0	49	-0.4088394	-2.45E-07	50	-0.001525902	5	5	0	0	0	0	0	0	0	0	0	0	0	0	0	0	12	0	
0	50	-0.4091461	-2.45E-07	51	-0.001525902	5	261	0	0	0	0	0	0	0	0	0	0	0	0	0	0	12	0	
0	51	-0.4091461	-2.45E-07	52	-0.001525902	5	261	0	0	0	0	0	0	0	0	0	0	0	0	0	0	12	0	
0	52	-0.4094528	-2.45E-07	53	-0.001525902	5	261	0	0	0	0	0	0	0	0	0	0	0	0	0	0	12	0	
0	53	-0.4097595	-2.45E-07	54	-0.001525902	5	261	0	0	0	0	0	0	0	0	0	0	0	0	0	0	12	0	
0	54	-0.4097595	-2.45E-07	55	-0.001525902	5	261	0	0	0	0	0	0	0	0	0	0	0	0	0	0	12	0	
0	55	-0.4100662	-2.45E-07	56	-0.001525902	5	261	0	0	0	0	0	0	0	0	0	0	0	0	0	0	12	0	
0	56	-0.4100662	-2.45E-07	57	-0.001525902	5	5	0	0	0	0	0	0	0	0	0	0	0	0	0	0	12	0	
0	57	-0.4103729	-2.45E-07	58	-0.001525902	5	5	0	0	0	0	0	0	0	0	0	0	0	0	0	0	12	0	
0	58	-0.4103729	-2.45E-07	59	-0.001525902	5	5	0	0	0	0	0	0	0	0	0	0	0	0	0	0	12	0	
0	59	-0.4106796	-2.45E-07	60	-0.001525902	5	5	0	0	0	0	0	0	0	0	0	0	0	0	0	0	12	0	
0	60	-0.4106796	-2.45E-07	61	-0.001525902	5	5	0	0	0	0	0	0	0	0	0	0	0	0	0	0	12	0	
0	61	-0.4109863	-2.45E-07	62	-0.001525902	5	5	0	0	0	0	0	0	0	0	0	0	0	0	0	0	12	0	
0	62	-0.411293	-2.45E-07	63	-0.001525902	5	5	0	0	0	0	0	0	0	0	0	0	0	0	0	0	12	0	
0	63	-0.411293	-2.45E-07	64	-0.001525902	5	5	0	0	0	0	0	0	0	0	0	0	0	0	0	0	12	0	
0	64	-0.411293	-2.45E-07	65	-0.001525902	5	5	0	0	0	0	0	0	0	0	0	0	0	0	0	0	12	0	
0	65	-0.4115997	-2.45E-07	66	-0.001525902	5	5	0	0	0	0	0	0	0	0	0	0	0	0	0	0	12	0	
0	66	-0.4115997	-2.45E-07	67	-0.001525902	5	5	0	0	0	0	0	0	0	0	0	0	0	0	0	0	12	0	
0	67	-0.4119065	-2.45E-07	68	-0.001525902	5	5	0	0	0	0	0	0	0	0	0	0	0	0	0	0	12	0	
0	68	-0.4119065	-2.45E-07	69	-0.001525902	5	5	0	0	0	0	0	0	0	0	0	0	0	0	0	0	12	0	
0	69	-0.4122131	-1.84E-07	70	-0.001525902	5	5	0	0	0	0	0	0	0	0	0	0	0	0	0	0	12	0	
0	70	-0.4122131	-2.45E-07	71	-0.001525902	5	5	0	0	0	0	0	0	0	0	0	0	0	0	0	0	12	0	
0	71	-0.4125198	-2.45E-07	72	-0.001525902	5	5	0	0	0	0	0	0	0	0	0	0	0	0	0	0	12	0	
0	72	-0.4125198	-2.45E-07	73	-0.001525902	5	5	0	0	0	0	0	0	0	0	0	0	0	0	0	0	12	0	
0	73	-0.4128266	-2.45E-07	74	-0.001525902	5	5	0	0	0	0	0	0	0	0	0	0	0	0	0	0	12	0	
0	74	-0.4131333	-2.45E-07	75	-0.001525902	5	5	0	0	0	0	0	0	0	0	0	0	0	0	0	0	12	0	
0	75	-0.4131333	-2.45E-07	76	-0.001525902	5	5	0	0	0	0	0	0	0	0	0	0	0	0	0	0	12	0	
0	76	-0.4131333	-2.45E-07	77	-0.001525902	5	5	0	0	0	0	0	0	0	0	0	0	0	0	0	0	12	0	
0	77	-0.41344	-2.45E-07	78	-0.001525902	5	5	0	0	0	0	0	0	0	0	0	0	0	0	0	0	12	0	
0	78	-0.41344	-2.45E-07	79	-0.001525902	5	5	0	0	0	0	0	0	0	0	0	0	0	0	0	0	12	0	
0	79	-0.4137467	-2.45E-07	80	-0.001525902	5	5	0	0	0	0	0	0	0	0	0	0	0	0	0	0	12	0	
0	80	-0.4137467	-2.45E-07	81	-0.001525902	5	5	0	0	0	0	0	0	0	0	0	0	0	0	0	0	12	0	
0	81	-0.4140534	-2.45E-07	82	-0.001525902	5	5	0	0	0	0	0	0	0	0	0	0	0	0	0	0	12	0	
0	82	-0.4143601	-2.45E-07	83	-0.001525902	5	5	0	0	0	0	0	0	0	0	0	0	0	0	0	0	12	0	
0	83	-0.4143601	-2.45E-07	84	-0.001525902	5	5	0	0	0	0	0	0	0	0	0	0	0	0	0	0	12	0	
0	84	-0.4143601	-2.45E-07	85	-0.001525902	5	5	0	0	0	0	0	0	0	0	0	0	0	0	0	0	12	0	
0	85	-0.4146668	-2.45E-07	86	-0.001525902	5	5	0	0	0	0	0	0	0	0	0	0	0	0	0	0	12	0	
0	86	-0.4146668	-2.45E-07	87	-0.001525902	5	5	0	0	0	0	0	0	0	0	0	0	0	0	0	0	12	0	
0	87	-0.4149735	-2.45E-07	88	-0.001525902	5	5	0	0	0	0	0	0	0	0	0	0	0	0	0	0	12	0	
0	88	-0.4149735	-2.45E-07	89	-0.001525902	5	5	0	0	0	0	0	0	0	0	0	0	0	0	0	0	12	0	
0	89	-0.4152802	-2.45E-07	90	-0.001525902	5	5	0	0	0	0	0	0	0	0	0	0	0	0	0	0	12	0	
0	90	-0.4152802	-2.45E-07	91	-0.001525902	5	5	0	0	0	0	0	0	0	0	0	0	0	0	0	0	12	0	
0	91	-0.4155869	-2.45E-07	92	-0.001525902	5	5	0	0	0	0	0	0	0	0	0	0	0	0	0	0	12	0	
0	92	-0.4155869	-2.45E-07	93	-0.001525902	5	5	0	0	0	0	0	0	0	0	0	0	0	0	0	0	12	0	
0	93	-0.4158936	-2.45E-07	94	-0.001525902	5	5	0	0	0	0	0	0	0	0	0	0	0	0	0	0	12	0	
0	94	-0.4158936	-2.45E-07	95	-0.001525902	5	5	0	0	0	0	0	0	0	0	0	0	0	0	0	0	12	0	
0	95	-0.4162003	-2.45E-07	96	-0.001525902	5	5	0	0	0	0	0	0	0	0	0	0	0	0	0	0	12	0	
0	96	-0.4162003	-2.45E-07	97	-0.001525902	5	5	0	0	0	0	0	0	0	0	0	0	0	0	0	0	12	0	
0	97	-0.416507	-2.45E-07	98	-0.001525902	5	5	0	0	0	0	0	0	0	0	0	0	0	0	0	0	12	0	
0	98	-0.416507	-2.45E-07	99	-0.001525902	5	5	0	0	0	0	0	0	0	0	0	0	0	0	0	0	12	0	
0	99	-0.4168137	-2.45E-07	100	-0.001525902	5	5	0	0	0	0	0	0	0	0	0	0	0	0	0	0	12	0	
0	100	-0.4168137	-2.45E-07	101	-0.001525902	5	5	0	0	0	0	0	0	0	0	0	0	0	0	0	0	12	0	
0	101	-0.4171205	-2.45E-07	102	-0.001525902	5	5	0	0	0	0	0	0	0	0	0	0	0	0	0	0	12	0	
0	102	-0.4171205	-2.45E-07	103	-0.001525902	5	5	0	0	0	0	0	0	0	0	0	0	0	0	0	0	12	0	
0	103	-0.4174272	-2.45E-07	104	-0.001525902	5	5	0	0	0	0	0	0	0	0	0	0	0	0	0	0	12	0	
0	104	-0.4174272	-2.45E-07	105	-0.001525902	5	5	0	0	0	0	0	0	0	0	0	0	0	0	0	0	12	0	
0	105	-0.4177338	-2.45E-07	106	-0.001525902	5	5	0	0	0	0	0	0	0	0	0	0	0	0	0	0	12	0	
0	106	-0.4177338	-2.45E-07	107	-0.001525902	5	5	0	0	0	0	0	0	0	0	0	0	0	0	0	0	12	0	
0	107	-0.4180406	-2.45E-07	108	-0.001525902	5	5	0	0	0	0	0	0	0	0	0	0	0	0	0	0	12	0	
0	108	-0.4180406	-2.45E-07	109	-0.001525902	5	5	0	0	0	0	0	0	0	0	0	0	0	0	0	0	12	0	
0	109	-0.4183473	-2.45E-07	110	-0.001525902	5	5	0	0	0	0	0	0	0	0	0	0	0	0	0	0	12	0	
0	110	-0.4183473	-2.45E-07	111	-0.001525902	5	5	0	0	0	0	0	0	0	0	0	0	0	0	0	0	12	0	
0	111	-0.4183473	-2.45E-07	112	-0.001525902	5	5	0	0	0	0	0	0	0	0	0	0	0	0	0	0	12	0	
0	112	-0.418654	-2.45E-07	113	-0.001525902	5	5	0	0	0	0	0	0	0	0	0	0	0	0	0	0	12	0	
0	113	-0.418654	-2.45E-07	114	-0.001525902	5	5	0	0	0	0	0	0	0	0	0	0	0	0	0	0	12	0	
0	114	-0.4189607	-2.45E-07	115	-0.001525902	5	5	0	0	0	0	0	0	0	0	0	0	0	0	0	0	12	0	
0	115	-0.4189607	-2.45E-07	116	-0.001525902	5	5	0	0	0	0	0	0	0	0	0	0	0	0	0	0	12	0	
0	116	-0.4192674	-2.45E-07	117	-0.001525902	5	5	0	0	0	0	0	0	0	0	0	0	0	0	0	0	12	0	
0	117	-0.4192674	-2.45E-07	118	-0.001525902	5	261	0	0	0	0	0	0	0	0	0	0	0	0	0	0	12	0	
0	118	-0.4195741	-2.45E-07	119	-0.001525902	5	5	0	0	0	0	0	0	0	0	0	0	0	0	0	0	12	0	
0	119	-0.4195741	-2.45E-07	120	-0.001525902	5	261	0	0	0	0	0	0	0	0	0	0	0	0	0	0	12	0	
0	120	-0.4195741	-2.45E-07	121	-0.001525902	5	261	0	0	0	0	0	0	0	0	0	0	0	0	0	0	12	0	
0	121	-0.4198808	-2.45E-07	122	-0.001525902	5	261	0	0	0	0	0	0	0	0	0	0	0	0	0	0	12	0	
0	122	-0.4198808	-2.45E-07	123	-0.001525902	5	5	0	0	0	0	0	0	0	0	0	0	0	0	0	0	12	0	
0	123	-0.4201875	-2.45E-07	124	-0.001525902	5	5	0	0	0	0	0	0	0	0	0	0	0	0	0	0	12	0	
0	124	-0.4201875	-2.45E-07	125	-0.001525902	5	261	0	0	0	0	0	0	0	0	0	0	0	0	0	0	12	0	
0	125	-0.4204942	-2.45E-07	126	-0.001525902	5	261	0	0	0	0	0	0	0	0	0	0	0	0	0	0	12	0	
0	126	-0.4204942	-2.45E-07	127	-0.001525902	5	5	0	0	0	0	0	0	0	0	0	0	0	0	0	0	12	0	
0	127	-0.4204942	-2.45E-07	128	-0.001525902	5	5	0	0	0	0	0	0	0	0	0	0	0	0	0	0	12	0	
0	128	-0.4208009	-2.45E-07	129	-0.001525902	5	5	0	0	0	0	0	0	0	0	0	0	0	0	0	0	12	0	
0	129	-0.4211076	-2.45E-07	130	-0.001525902	5	5	0	0	0	0	0	0	0	0	0	0	0	0	0	0	12	0	
0	130	-0.4211076	-2.45E-07	131	-0.001525902	5	5	0	0	0	0	0	0	0	0	0	0	0	0	0	0	12	0	
0	131	-0.4211076	-2.45E-07	132	-0.001525902	5	5	0	0	0	0	0	0	0	0	0	0	0	0	0	0	12	0	
0	132	-0.4214143	-2.45E-07	133	-0.001525902	5	5	0	0	0	0	0	0	0	0	0	0	0	0	0	0	12	0	
0	133	-0.4214143	-2.45E-07	134	-0.001525902	5	5	0	0	0	0	0	0	0	0	0	0	0	0	0	0	12	0	
0	134	-0.421721	-2.45E-07	135	-0.001525902	5	5	0	0	0	0	0	0	0	0	0	0	0	0	0	0	12	0	
0	135	-0.421721	-2.45E-07	136	-0.001525902	5	5	0	0	0	0	0	0	0	0	0	0	0	0	0	0	12	0	
0	136	-0.4220277	-1.84E-07	137	-0.001525902	5	5	0	0	0	0	0	0	0	0	0	0	0	0	0	0	12	0	
0	137	-0.4220277	-2.45E-07	138	-0.001525902	5	5	0	0	0	0	0	0	0	0	0	0	0	0	0	0	12	0	
0	138	-0.4220277	-2.45E-07	139	-0.001525902	5	5	0	0	0	0	0	0	0	0	0	0	0	0	0	0	12	0	
0	139	-0.4223345	-2.45E-07	140	-0.001525902	5	5	0	0	0	0	0	0	0	0	0	0	0	0	0	0	12	0	
0	140	-0.4223345	-2.45E-07	141	-0.001525902	5	5	0	0	0	0	0	0	0	0	0	0	0	0	0	0	12	0	
0	141	-0.4223345	-2.45E-07	142	-0.001525902	5	5	0	0	0	0	0	0	0	0	0	0	0	0	0	0	12	0	
0	142	-0.4226412	-2.45E-07	143	-0.001525902	5	5	0	0	0	0	0	0	0	0	0	0	0	0	0	0	12	0	
0	143	-0.4226412	-2.45E-07	144	-0.001525902	5	261	0	0	0	0	0	0	0	0	0	0	0	0	0	0	12	0	
0	144	-0.4226412	-2.45E-07	145	-0.001525902	5	5	0	0	0	0	0	0	0	0	0	0	0	0	0	0	12	0	
0	145	-0.4229479	-2.45E-07	146	-0.001525902	5	261	0	0	0	0	0	0	0	0	0	0	0	0	0	0	12	0	
0	146	-0.4229479	-2.45E-07	147	-0.001525902	5	261	0	0	0	0	0	0	0	0	0	0	0	0	0	0	12	0	
0	147	-0.4232546	-2.45E-07	148	-0.001525902	5	261	0	0	0	0	0	0	0	0	0	0	0	0	0	0	12	0	
0	148	-0.4232546	-2.45E-07	149	-0.001525902	5	5	0	0	0	0	0	0	0	0	0	0	0	0	0	0	12	0	
0	149	-0.4232546	-2.45E-07	150	-0.001525902	5	5	0	0	0	0	0	0	0	0	0	0	0	0	0	0	12	0	
0	150	-0.4235613	-2.45E-07	151	-0.001525902	5	5	0	0	0	0	0	0	0	0	0	0	0	0	0	0	12	0	
0	151	-0.4235613	-2.45E-07	152	-0.001525902	5	5	0	0	0	0	0	0	0	0	0	0	0	0	0	0	12	0	
0	152	-0.4235613	-2.45E-07	153	-0.001525902	5	5	0	0	0	0	0	0	0	0	0	0	0	0	0	0	12	0	
0	153	-0.423868	-2.45E-07	154	-0.001525902	5	5	0	0	0	0	0	0	0	0	0	0	0	0	0	0	12	0	
0	154	-0.423868	-2.45E-07	155	-0.001525902	5	5	0	0	0	0	0	0	0	0	0	0	0	0	0	0	12	0	
0	155	-0.4241747	-2.45E-07	156	-0.001525902	5	5	0	0	0	0	0	0	0	0	0	0	0	0	0	0	12	0	
0	156	-0.4241747	-2.45E-07	157	-0.001525902	5	5	0	0	0	0	0	0	0	0	0	0	0	0	0	0	12	0	
0	157	-0.4241747	-2.45E-07	158	-0.001525902	5	5	0	0	0	0	0	0	0	0	0	0	0	0	0	0	12	0	
0	158	-0.4244814	-2.45E-07	159	-0.001525902	5	5	0	0	0	0	0	0	0	0	0	0	0	0	0	0	12	0	
0	159	-0.4244814	-2.45E-07	160	-0.001525902	5	5	0	0	0	0	0	0	0	0	0	0	0	0	0	0	12	0	
0	160	-0.4244814	-2.45E-07	161	-0.001525902	5	5	0	0	0	0	0	0	0	0	0	0	0	0	0	0	12	0	
0	161	-0.4247881	-2.45E-07	162	-0.001525902	5	5	0	0	0	0	0	0	0	0	0	0	0	0	0	0	12	0	
0	162	-0.4247881	-2.45E-07	163	-0.001525902	5	5	0	0	0	0	0	0	0	0	0	0	0	0	0	0	12	0	
0	163	-0.4250948	-2.45E-07	164	-0.001525902	5	5	0	0	0	0	0	0	0	0	0	0	0	0	0	0	12	0	
0	164	-0.4250948	-2.45E-07	165	-0.001525902	5	5	0	0	0	0	0	0	0	0	0	0	0	0	0	0	12	0	
0	165	-0.4250948	-2.45E-07	166	-0.001525902	5	5	0	0	0	0	0	0	0	0	0	0	0	0	0	0	12	0	
0	166	-0.4254015	-2.45E-07	167	-0.001525902	5	5	0	0	0	0	0	0	0	0	0	0	0	0	0	0	12	0	
0	167	-0.4254015	-2.45E-07	168	-0.001525902	5	5	0	0	0	0	0	0	0	0	0	0	0	0	0	0	12	0	
0	168	-0.4257082	-2.45E-07	169	-0.001525902	5	261	0	0	0	0	0	0	0	0	0	0	0	0	0	0	12	0	
0	169	-0.4257082	-2.45E-07	170	-0.001525902	5	5	0	0	0	0	0	0	0	0	0	0	0	0	0	0	12	0	
0	170	-0.4257082	-2.45E-07	171	-0.001525902	5	261	0	0	0	0	0	0	0	0	0	0	0	0	0	0	12	0	
0	171	-0.4257082	-2.45E-07	172	-0.001525902	5	5	0	0	0	0	0	0	0	0	0	0	0	0	0	0	12	0	
0	172	-0.4260149	-1.84E-07	173	-0.001525902	5	261	0	0	0	0	0	0	0	0	0	0	0	0	0	0	12	0	
0	173	-0.4260149	-2.45E-07	174	-0.001525902	5	261	0	0	0	0	0	0	0	0	0	0	0	0	0	0	12	0	
0	174	-0.4260149	-2.45E-07	175	-0.001525902	5	261	0	0	0	0	0	0	0	0	0	0	0	0	0	0	12	0	
0	175	-0.4263216	-2.45E-07	176	-0.001525902	5	261	0	0	0	0	0	0	0	0	0	0	0	0	0	0	12	0	
0	176	-0.4263216	-2.45E-07	177	-0.001525902	5	5	0	0	0	0	0	0	0	0	0	0	0	0	0	0	12	0	
0	177	-0.4263216	-2.45E-07	178	-0.001525902	5	5	0	0	0	0	0	0	0	0	0	0	0	0	0	0	12	0	
0	178	-0.4266284	-2.45E-07	179	-0.001525902	5	5	0	0	0	0	0	0	0	0	0	0	0	0	0	0	12	0	
0	179	-0.426935	-2.45E-07	180	-0.001525902	5	5	0	0	0	0	0	0	0	0	0	0	0	0	0	0	12	0	
0	180	-0.426935	-2.45E-07	181	-0.001525902	5	5	0	0	0	0	0	0	0	0	0	0	0	0	0	0	12	0	
0	181	-0.426935	-2.45E-07	182	-0.001525902	5	5	0	0	0	0	0	0	0	0	0	0	0	0	0	0	12	0	
0	182	-0.426935	-2.45E-07	183	-0.001525902	5	5	0	0	0	0	0	0	0	0	0	0	0	0	0	0	12	0	
0	183	-0.4272417	-2.45E-07	184	-0.001525902	5	5	0	0	0	0	0	0	0	0	0	0	0	0	0	0	12	0	
0	184	-0.4272417	-2.45E-07	185	-0.001525902	5	5	0	0	0	0	0	0	0	0	0	0	0	0	0	0	12	0	
0	185	-0.4272417	-2.45E-07	186	-0.001525902	5	5	0	0	0	0	0	0	0	0	0	0	0	0	0	0	12	0	
0	186	-0.4275485	-2.45E-07	187	-0.001525902	5	5	0	0	0	0	0	0	0	0	0	0	0	0	0	0	12	0	
0	187	-0.4275485	-2.45E-07	188	-0.001525902	5	5	0	0	0	0	0	0	0	0	0	0	0	0	0	0	12	0	
0	188	-0.4278552	-2.45E-07	189	-0.001525902	5	5	0	0	0	0	0	0	0	0	0	0	0	0	0	0	12	0	
0	189	-0.4275485	-2.45E-07	190	-0.001525902	5	5	0	0	0	0	0	0	0	0	0	0	0	0	0	0	12	0	
0	190	-0.4278552	-2.45E-07	191	-0.001525902	5	5	0	0	0	0	0	0	0	0	0	0	0	0	0	0	12	0	
0	191	-0.4278552	-2.45E-07	192	-0.001525902	5	5	0	0	0	0	0	0	0	0	0	0	0	0	0	0	12	0	
0	192	-0.4278552	-2.45E-07	193	-0.001525902	5	5	0	0	0	0	0	0	0	0	0	0	0	0	0	0	12	0	
0	193	-0.4281619	-2.45E-07	194	-0.001525902	5	5	0	0	0	0	0	0	0	0	0	0	0	0	0	0	12	0	
0	194	-0.4281619	-2.45E-07	195	-0.001525902	5	5	0	0	0	0	0	0	0	0	0	0	0	0	0	0	12	0	
0	195	-0.4281619	-2.45E-07	196	-0.001525902	5	5	0	0	0	0	0	0	0	0	0	0	0	0	0	0	12	0	
0	196	-0.4284686	-2.45E-07	197	-0.001525902	5	5	0	0	0	0	0	0	0	0	0	0	0	0	0	0	12	0	
0	197	-0.4284686	-2.45E-07	198	-0.001525902	5	261	0	0	0	0	0	0	0	0	0	0	0	0	0	0	12	0	
0	198	-0.4284686	-2.45E-07	199	-0.001525902	5	261	0	0	0	0	0	0	0	0	0	0	0	0	0	0	12	0	
0	199	-0.4287753	-2.45E-07	200	-0.001525902	5	5	0	0	0	0	0	0	0	0	0	0	0	0	0	0	12	0	
0	200	-0.4287753	-2.45E-07	201	-0.001525902	5	5	0	0	0	0	0	0	0	0	0	0	0	0	0	0	12	0	
0	201	-0.4287753	-2.45E-07	202	-0.001525902	5	261	0	0	0	0	0	0	0	0	0	0	0	0	0	0	12	0	
0	202	-0.4287753	-2.45E-07	203	-0.001525902	5	261	0	0	0	0	0	0	0	0	0	0	0	0	0	0	12	0	
0	203	-0.429082	-2.45E-07	204	-0.001525902	5	261	0	0	0	0	0	0	0	0	0	0	0	0	0	0	12	0	
0	204	-0.429082	-2.45E-07	205	-0.001525902	5	261	0	0	0	0	0	0	0	0	0	0	0	0	0	0	12	0	
0	205	-0.429082	-2.45E-07	206	-0.001525902	5	261	0	0	0	0	0	0	0	0	0	0	0	0	0	0	12	0	
0	206	-0.429082	-2.45E-07	207	-0.001525902	5	5	0	0	0	0	0	0	0	0	0	0	0	0	0	0	12	0	
0	207	-0.4293887	-2.45E-07	208	-0.001525902	5	5	0	0	0	0	0	0	0	0	0	0	0	0	0	0	12	0	
0	208	-0.4293887	-2.45E-07	209	-0.001525902	5	5	0	0	0	0	0	0	0	0	0	0	0	0	0	0	12	0	
0	209	-0.4293887	-2.45E-07	210	-0.001525902	5	5	0	0	0	0	0	0	0	0	0	0	0	0	0	0	12	0	
0	210	-0.4296954	-2.45E-07	211	-0.001525902	5	5	0	0	0	0	0	0	0	0	0	0	0	0	0	0	12	0	
0	211	-0.4296954	-2.45E-07	212	-0.001525902	5	5	0	0	0	0	0	0	0	0	0	0	0	0	0	0	12	0	
0	212	-0.4296954	-2.45E-07	213	-0.001525902	5	5	0	0	0	0	0	0	0	0	0	0	0	0	0	0	12	0	
0	213	-0.4296954	-2.45E-07	214	-0.001525902	5	5	0	0	0	0	0	0	0	0	0	0	0	0	0	0	12	0	
0	214	-0.4300021	-2.45E-07	215	-0.001525902	5	5	0	0	0	0	0	0	0	0	0	0	0	0	0	0	12	0	
0	215	-0.4300021	-2.45E-07	216	-0.001525902	5	5	0	0	0	0	0	0	0	0	0	0	0	0	0	0	12	0	
0	216	-0.4300021	-2.45E-07	217	-0.001525902	5	5	0	0	0	0	0	0	0	0	0	0	0	0	0	0	12	0	
0	217	-0.4300021	-2.45E-07	218	-0.001525902	5	5	0	0	0	0	0	0	0	0	0	0	0	0	0	0	12	0	
0	218	-0.4303088	-2.45E-07	219	-0.001525902	5	5	0	0	0	0	0	0	0	0	0	0	0	0	0	0	12	0	
0	219	-0.4303088	-2.45E-07	220	-0.001525902	5	5	0	0	0	0	0	0	0	0	0	0	0	0	0	0	12	0	
0	220	-0.4303088	-2.45E-07	221	-0.001525902	5	5	0	0	0	0	0	0	0	0	0	0	0	0	0	0	12	0	
0	221	-0.4303088	-2.45E-07	222	-0.001525902	5	5	0	0	0	0	0	0	0	0	0	0	0	0	0	0	12	0	
0	222	-0.4306155	-2.45E-07	223	-0.001525902	5	5	0	0	0	0	0	0	0	0	0	0	0	0	0	0	12	0	
0	223	-0.4306155	-2.45E-07	224	-0.001525902	5	5	0	0	0	0	0	0	0	0	0	0	0	0	0	0	12	0	
0	224	-0.4306155	-2.45E-07	225	-0.001525902	5	5	0	0	0	0	0	0	0	0	0	0	0	0	0	0	12	0	
0	225	-0.4309222	-2.45E-07	226	-0.001525902	5	5	0	0	0	0	0	0	0	0	0	0	0	0	0	0	12	0	
0	226	-0.4309222	-2.45E-07	227	-0.001525902	5	5	0	0	0	0	0	0	0	0	0	0	0	0	0	0	12	0	
0	227	-0.4309222	-2.45E-07	228	-0.001525902	5	5	0	0	0	0	0	0	0	0	0	0	0	0	0	0	12	0	
0	228	-0.4309222	-2.45E-07	229	-0.001525902	5	5	0	0	0	0	0	0	0	0	0	0	0	0	0	0	12	0	
0	229	-0.4312289	-2.45E-07	230	-0.001525902	5	5	0	0	0	0	0	0	0	0	0	0	0	0	0	0	12	0	
0	230	-0.4312289	-2.45E-07	231	-0.001525902	5	5	0	0	0	0	0	0	0	0	0	0	0	0	0	0	12	0	
0	231	-0.4312289	-2.45E-07	232	-0.001525902	5	5	0	0	0	0	0	0	0	0	0	0	0	0	0	0	12	0	
0	232	-0.4312289	-2.45E-07	233	-0.001525902	5	261	0	0	0	0	0	0	0	0	0	0	0	0	0	0	12	0	
0	233	-0.4315356	-2.45E-07	234	-0.001525902	5	261	0	0	0	0	0	0	0	0	0	0	0	0	0	0	12	0	
0	234	-0.4315356	-2.45E-07	235	-0.001525902	5	5	0	0	0	0	0	0	0	0	0	0	0	0	0	0	12	0	
0	235	-0.4315356	-2.45E-07	236	-0.001525902	5	261	0	0	0	0	0	0	0	0	0	0	0	0	0	0	12	0	
0	236	-0.4318424	-2.45E-07	237	-0.001525902	5	261	0	0	0	0	0	0	0	0	0	0	0	0	0	0	12	0	
0	237	-0.4318424	-2.45E-07	238	-0.001525902	5	261	0	0	0	0	0	0	0	0	0	0	0	0	0	0	12	0	
0	238	-0.4318424	-2.45E-07	239	-0.001525902	5	5	0	0	0	0	0	0	0	0	0	0	0	0	0	0	12	0	
0	239	-0.4318424	-2.45E-07	240	-0.001525902	5	261	0	0	0	0	0	0	0	0	0	0	0	0	0	0	12	0	
0	240	-0.4321491	-2.45E-07	241	-0.001525902	5	261	0	0	0	0	0	0	0	0	0	0	0	0	0	0	12	0	
0	241	-0.4321491	-1.84E-07	242	-0.001525902	5	5	0	0	0	0	0	0	0	0	0	0	0	0	0	0	12	0	
0	242	-0.4321491	-2.45E-07	243	-0.001525902	5	5	0	0	0	0	0	0	0	0	0	0	0	0	0	0	12	0	
0	243	-0.4321491	-2.45E-07	244	-0.001525902	5	5	0	0	0	0	0	0	0	0	0	0	0	0	0	0	12	0	
0	244	-0.4324558	-2.45E-07	245	-0.001525902	5	5	0	0	0	0	0	0	0	0	0	0	0	0	0	0	12	0	
0	245	-0.4324558	-2.45E-07	246	-0.001525902	5	5	0	0	0	0	0	0	0	0	0	0	0	0	0	0	12	0	
0	246	-0.4324558	-2.45E-07	247	-0.001525902	5	5	0	0	0	0	0	0	0	0	0	0	0	0	0	0	12	0	
0	247	-0.4327625	-2.45E-07	248	-0.001525902	5	5	0	0	0	0	0	0	0	0	0	0	0	0	0	0	12	0	
0	248	-0.4327625	-2.45E-07	249	-0.001525902	5	5	0	0	0	0	0	0	0	0	0	0	0	0	0	0	12	0	
0	249	-0.4327625	-2.45E-07	250	-0.001525902	5	5	0	0	0	0	0	0	0	0	0	0	0	0	0	0	12	0	
0	250	-0.4330692	-2.45E-07	251	-0.001525902	5	5	0	0	0	0	0	0	0	0	0	0	0	0	0	0	12	0	
0	251	-0.4330692	-2.45E-07	252	-0.001525902	5	5	0	0	0	0	0	0	0	0	0	0	0	0	0	0	12	0	
0	252	-0.4330692	-2.45E-07	253	-0.001525902	5	5	0	0	0	0	0	0	0	0	0	0	0	0	0	0	12	0	
0	253	-0.4330692	-2.45E-07	254	-0.001525902	5	5	0	0	0	0	0	0	0	0	0	0	0	0	0	0	12	0	
0	254	-0.4330692	-2.45E-07	255	-0.001525902	5	5	0	0	0	0	0	0	0	0	0	0	0	0	0	0	12	0	
0	255	-0.4333759	-2.45E-07	256	-0.001525902	5	5	0	0	0	0	0	0	0	0	0	0	0	0	0	0	12	0	
0	256	-0.4333759	-2.45E-07	257	-0.001525902	5	5	0	0	0	0	0	0	0	0	0	0	0	0	0	0	12	0	
0	257	-0.4333759	-2.45E-07	258	-0.001525902	5	5	0	0	0	0	0	0	0	0	0	0	0	0	0	0	12	0	
0	258	-0.4333759	-2.45E-07	259	-0.001525902	5	5	0	0	0	0	0	0	0	0	0	0	0	0	0	0	12	0	
0	259	-0.4336826	-2.45E-07	260	-0.001525902	5	5	0	0	0	0	0	0	0	0	0	0	0	0	0	0	12	0	
0	260	-0.4336826	-2.45E-07	261	-0.001525902	5	5	0	0	0	0	0	0	0	0	0	0	0	0	0	0	12	0	
0	261	-0.4336826	-2.45E-07	262	-0.001525902	5	5	0	0	0	0	0	0	0	0	0	0	0	0	0	0	12	0	
0	262	-0.4336826	-2.45E-07	263	-0.001525902	5	5	0	0	0	0	0	0	0	0	0	0	0	0	0	0	12	0	
0	263	-0.4339893	-2.45E-07	264	-0.001525902	5	5	0	0	0	0	0	0	0	0	0	0	0	0	0	0	12	0	
0	264	-0.4339893	-2.45E-07	265	-0.001525902	5	5	0	0	0	0	0	0	0	0	0	0	0	0	0	0	12	0	
0	265	-0.4339893	-2.45E-07	266	-0.001525902	5	5	0	0	0	0	0	0	0	0	0	0	0	0	0	0	12	0	
0	266	-0.4339893	-2.45E-07	267	-0.001525902	5	261	0	0	0	0	0	0	0	0	0	0	0	0	0	0	12	0	
0	267	-0.434296	-2.45E-07	268	-0.001525902	5	5	0	0	0	0	0	0	0	0	0	0	0	0	0	0	12	0	
0	268	-0.434296	-2.45E-07	269	-0.001525902	5	5	0	0	0	0	0	0	0	0	0	0	0	0	0	0	12	0	
0	269	-0.434296	-2.45E-07	270	-0.001525902	5	5	0	0	0	0	0	0	0	0	0	0	0	0	0	0	12	0	
0	270	-0.4346027	-2.45E-07	271	-0.001525902	5	261	0	0	0	0	0	0	0	0	0	0	0	0	0	0	12	0	
0	271	-0.4346027	-2.45E-07	272	-0.001525902	5	261	0	0	0	0	0	0	0	0	0	0	0	0	0	0	12	0	
0	272	-0.4346027	-2.45E-07	273	-0.001525902	5	261	0	0	0	0	0	0	0	0	0	0	0	0	0	0	12	0	
0	273	-0.4346027	-1.84E-07	274	-0.001525902	5	261	0	0	0	0	0	0	0	0	0	0	0	0	0	0	12	0	
0	274	-0.4349094	-2.45E-07	275	-0.001525902	5	5	0	0	0	0	0	0	0	0	0	0	0	0	0	0	12	0	
0	275	-0.4349094	-2.45E-07	276	-0.001525902	5	5	0	0	0	0	0	0	0	0	0	0	0	0	0	0	12	0	
0	276	-0.4349094	-2.45E-07	277	-0.001525902	5	5	0	0	0	0	0	0	0	0	0	0	0	0	0	0	12	0	
0	277	-0.4349094	-2.45E-07	278	-0.001525902	5	5	0	0	0	0	0	0	0	0	0	0	0	0	0	0	12	0	
0	278	-0.4349094	-2.45E-07	279	-0.001525902	5	5	0	0	0	0	0	0	0	0	0	0	0	0	0	0	12	0	
0	279	-0.4352161	-2.45E-07	280	-0.001525902	5	5	0	0	0	0	0	0	0	0	0	0	0	0	0	0	12	0	
0	280	-0.4352161	-2.45E-07	281	-0.001525902	5	5	0	0	0	0	0	0	0	0	0	0	0	0	0	0	12	0	
0	281	-0.4352161	-2.45E-07	282	-0.001525902	5	5	0	0	0	0	0	0	0	0	0	0	0	0	0	0	12	0	
0	282	-0.4352161	-2.45E-07	283	-0.001525902	5	5	0	0	0	0	0	0	0	0	0	0	0	0	0	0	12	0	
0	283	-0.4355228	-2.45E-07	284	-0.001525902	5	5	0	0	0	0	0	0	0	0	0	0	0	0	0	0	12	0	
0	284	-0.4355228	-2.45E-07	285	-0.001525902	5	5	0	0	0	0	0	0	0	0	0	0	0	0	0	0	12	0	
0	285	-0.4355228	-2.45E-07	286	-0.001525902	5	5	0	0	0	0	0	0	0	0	0	0	0	0	0	0	12	0	
0	286	-0.4358295	-2.45E-07	287	-0.001525902	5	5	0	0	0	0	0	0	0	0	0	0	0	0	0	0	12	0	
0	287	-0.4355228	-2.45E-07	288	-0.001525902	5	5	0	0	0	0	0	0	0	0	0	0	0	0	0	0	12	0	
0	288	-0.4358295	-2.45E-07	289	-0.001525902	5	5	0	0	0	0	0	0	0	0	0	0	0	0	0	0	12	0	
0	289	-0.4358295	-2.45E-07	290	-0.001525902	5	5	0	0	0	0	0	0	0	0	0	0	0	0	0	0	12	0	
0	290	-0.4358295	-2.45E-07	291	-0.001525902	5	5	0	0	0	0	0	0	0	0	0	0	0	0	0	0	12	0	
0	291	-0.4358295	-2.45E-07	292	-0.001525902	5	5	0	0	0	0	0	0	0	0	0	0	0	0	0	0	12	0	
0	292	-0.4361362	-2.45E-07	293	-0.001525902	5	5	0	0	0	0	0	0	0	0	0	0	0	0	0	0	12	0	
0	293	-0.4361362	-2.45E-07	294	-0.001525902	5	5	0	0	0	0	0	0	0	0	0	0	0	0	0	0	12	0	
0	294	-0.4361362	-2.45E-07	295	-0.001525902	5	5	0	0	0	0	0	0	0	0	0	0	0	0	0	0	12	0	
0	295	-0.4364429	-2.45E-07	296	-0.001525902	5	5	0	0	0	0	0	0	0	0	0	0	0	0	0	0	12	0	
0	296	-0.4364429	-2.45E-07	297	-0.001525902	5	5	0	0	0	0	0	0	0	0	0	0	0	0	0	0	12	0	
0	297	-0.4364429	-2.45E-07	298	-0.001525902	5	5	0	0	0	0	0	0	0	0	0	0	0	0	0	0	12	0	
0	298	-0.4364429	-2.45E-07	299	-0.001525902	5	5	0	0	0	0	0	0	0	0	0	0	0	0	0	0	12	0	
0	299	-0.4364429	-2.45E-07	300	-0.001525902	5	5	0	0	0	0	0	0	0	0	0	0	0	0	0	0	12	0	
0	300	-0.4364429	-2.45E-07	301	-0.001525902	5	5	0	0	0	0	0	0	0	0	0	0	0	0	0	0	12	0	
0	301	-0.4367497	-2.45E-07	302	-0.001525902	5	5	0	0	0	0	0	0	0	0	0	0	0	0	0	0	12	0	
0	302	-0.4367497	-2.45E-07	303	-0.001525902	5	5	0	0	0	0	0	0	0	0	0	0	0	0	0	0	12	0	
0	303	-0.4367497	-2.45E-07	304	-0.001525902	5	261	0	0	0	0	0	0	0	0	0	0	0	0	0	0	12	0	
0	304	-0.4370564	-2.45E-07	305	-0.001525902	5	261	0	0	0	0	0	0	0	0	0	0	0	0	0	0	12	0	
0	305	-0.4370564	-2.45E-07	306	-0.001525902	5	261	0	0	0	0	0	0	0	0	0	0	0	0	0	0	12	0	
0	306	-0.4370564	-2.45E-07	307	-0.001525902	5	5	0	0	0	0	0	0	0	0	0	0	0	0	0	0	12	0	
0	307	-0.4370564	-2.45E-07	308	-0.001525902	5	261	0	0	0	0	0	0	0	0	0	0	0	0	0	0	12	0	
0	308	-0.4370564	-2.45E-07	309	-0.001525902	5	261	0	0	0	0	0	0	0	0	0	0	0	0	0	0	12	0	
0	309	-0.4370564	-2.45E-07	310	-0.001525902	5	5	0	0	0	0	0	0	0	0	0	0	0	0	0	0	12	0	
0	310	-0.4370564	-2.45E-07	311	-0.001525902	5	261	0	0	0	0	0	0	0	0	0	0	0	0	0	0	12	0	
0	311	-0.4373631	-2.45E-07	312	-0.001525902	5	5	0	0	0	0	0	0	0	0	0	0	0	0	0	0	12	0	
0	312	-0.4373631	-2.45E-07	313	-0.001525902	5	5	0	0	0	0	0	0	0	0	0	0	0	0	0	0	12	0	
0	313	-0.4373631	-2.45E-07	314	-0.001525902	5	5	0	0	0	0	0	0	0	0	0	0	0	0	0	0	12	0	
0	314	-0.4376698	-2.45E-07	315	-0.001525902	5	5	0	0	0	0	0	0	0	0	0	0	0	0	0	0	12	0	
0	315	-0.4376698	-2.45E-07	316	-0.001525902	5	261	0	0	0	0	0	0	0	0	0	0	0	0	0	0	12	0	
0	316	-0.4376698	-2.45E-07	317	-0.001525902	5	5	0	0	0	0	0	0	0	0	0	0	0	0	0	0	12	0	
0	317	-0.4376698	-2.45E-07	318	-0.001525902	5	5	0	0	0	0	0	0	0	0	0	0	0	0	0	0	12	0	
0	318	-0.4376698	-2.45E-07	319	-0.001525902	5	5	0	0	0	0	0	0	0	0	0	0	0	0	0	0	12	0	
0	319	-0.4379765	-2.45E-07	320	-0.001525902	5	5	0	0	0	0	0	0	0	0	0	0	0	0	0	0	12	0	
0	320	-0.4379765	-2.45E-07	321	-0.001525902	5	5	0	0	0	0	0	0	0	0	0	0	0	0	0	0	12	0	
0	321	-0.4379765	-2.45E-07	322	-0.001525902	5	5	0	0	0	0	0	0	0	0	0	0	0	0	0	0	12	0	
0	322	-0.4379765	-2.45E-07	323	-0.001525902	5	5	0	0	0	0	0	0	0	0	0	0	0	0	0	0	12	0	
0	323	-0.4382832	-2.45E-07	324	-0.001525902	5	5	0	0	0	0	0	0	0	0	0	0	0	0	0	0	12	0	
0	324	-0.4382832	-2.45E-07	325	-0.001525902	5	5	0	0	0	0	0	0	0	0	0	0	0	0	0	0	12	0	
0	325	-0.4382832	-2.45E-07	326	-0.001525902	5	5	0	0	0	0	0	0	0	0	0	0	0	0	0	0	12	0	
0	326	-0.4382832	-2.45E-07	327	-0.001525902	5	5	0	0	0	0	0	0	0	0	0	0	0	0	0	0	12	0	
0	327	-0.4385899	-2.45E-07	328	-0.001525902	5	5	0	0	0	0	0	0	0	0	0	0	0	0	0	0	12	0	
0	328	-0.4385899	-2.45E-07	329	-0.001525902	5	5	0	0	0	0	0	0	0	0	0	0	0	0	0	0	12	0	
0	329	-0.4385899	-2.45E-07	330	-0.001525902	5	5	0	0	0	0	0	0	0	0	0	0	0	0	0	0	12	0	
0	330	-0.4385899	-2.45E-07	331	-0.001525902	5	5	0	0	0	0	0	0	0	0	0	0	0	0	0	0	12	0	
0	331	-0.4385899	-2.45E-07	332	-0.001525902	5	5	0	0	0	0	0	0	0	0	0	0	0	0	0	0	12	0	
0	332	-0.4388966	-2.45E-07	333	-0.001525902	5	5	0	0	0	0	0	0	0	0	0	0	0	0	0	0	12	0	
0	333	-0.4388966	-2.45E-07	334	-0.001525902	5	5	0	0	0	0	0	0	0	0	0	0	0	0	0	0	12	0	
0	334	-0.4388966	-2.45E-07	335	-0.001525902	5	5	0	0	0	0	0	0	0	0	0	0	0	0	0	0	12	0	
0	335	-0.4388966	-2.45E-07	336	-0.001525902	5	5	0	0	0	0	0	0	0	0	0	0	0	0	0	0	12	0	
0	336	-0.4388966	-2.45E-07	337	-0.001525902	5	5	0	0	0	0	0	0	0	0	0	0	0	0	0	0	12	0	
0	337	-0.4388966	-2.45E-07	338	-0.001525902	5	5	0	0	0	0	0	0	0	0	0	0	0	0	0	0	12	0	
0	338	-0.4392033	-2.45E-07	339	-0.001525902	5	5	0	0	0	0	0	0	0	0	0	0	0	0	0	0	12	0	
0	339	-0.4392033	-2.45E-07	340	-0.001525902	5	261	0	0	0	0	0	0	0	0	0	0	0	0	0	0	12	0	
0	340	-0.4392033	-2.45E-07	341	-0.001525902	5	5	0	0	0	0	0	0	0	0	0	0	0	0	0	0	12	0	
0	341	-0.4392033	-2.45E-07	342	-0.001525902	5	5	0	0	0	0	0	0	0	0	0	0	0	0	0	0	12	0	
0	342	-0.4392033	-2.45E-07	343	-0.001525902	5	261	0	0	0	0	0	0	0	0	0	0	0	0	0	0	12	0	
0	343	-0.43951	-2.45E-07	344	-0.001525902	5	261	0	0	0	0	0	0	0	0	0	0	0	0	0	0	12	0	
0	344	-0.43951	-2.45E-07	345	-0.001525902	5	261	0	0	0	0	0	0	0	0	0	0	0	0	0	0	12	0	
0	345	-0.43951	-2.45E-07	346	-0.001525902	5	5	0	0	0	0	0	0	0	0	0	0	0	0	0	0	12	0	
0	346	-0.43951	-2.45E-07	347	-0.001525902	5	5	0	0	0	0	0	0	0	0	0	0	0	0	0	0	12	0	
0	347	-0.4398167	-2.45E-07	348	-0.001525902	5	5	0	0	0	0	0	0	0	0	0	0	0	0	0	0	12	0	
0	348	-0.4398167	-2.45E-07	349	-0.001525902	5	5	0	0	0	0	0	0	0	0	0	0	0	0	0	0	12	0	
0	349	-0.4398167	-2.45E-07	350	-0.001525902	5	5	0	0	0	0	0	0	0	0	0	0	0	0	0	0	12	0	
0	350	-0.4398167	-2.45E-07	351	-0.001525902	5	5	0	0	0	0	0	0	0	0	0	0	0	0	0	0	12	0	
0	351	-0.4401234	-2.45E-07	352	-0.001525902	5	5	0	0	0	0	0	0	0	0	0	0	0	0	0	0	12	0	
0	352	-0.4401234	-2.45E-07	353	-0.001525902	5	5	0	0	0	0	0	0	0	0	0	0	0	0	0	0	12	0	
0	353	-0.4401234	-2.45E-07	354	-0.001525902	5	5	0	0	0	0	0	0	0	0	0	0	0	0	0	0	12	0	
0	354	-0.4401234	-2.45E-07	355	-0.001525902	5	5	0	0	0	0	0	0	0	0	0	0	0	0	0	0	12	0	
0	355	-0.4401234	-2.45E-07	356	-0.001525902	5	5	0	0	0	0	0	0	0	0	0	0	0	0	0	0	12	0	
0	356	-0.4404301	-2.45E-07	357	-0.001525902	5	5	0	0	0	0	0	0	0	0	0	0	0	0	0	0	12	0	
0	357	-0.4404301	-2.45E-07	358	-0.001525902	5	5	0	0	0	0	0	0	0	0	0	0	0	0	0	0	12	0	
0	358	-0.4404301	-2.45E-07	359	-0.001525902	5	5	0	0	0	0	0	0	0	0	0	0	0	0	0	0	12	0	
0	359	-0.4404301	-2.45E-07	360	-0.001525902	5	5	0	0	0	0	0	0	0	0	0	0	0	0	0	0	12	0	
0	360	-0.4404301	-2.45E-07	361	-0.001525902	5	5	0	0	0	0	0	0	0	0	0	0	0	0	0	0	12	0	
0	361	-0.4407368	-2.45E-07	362	-0.001525902	5	5	0	0	0	0	0	0	0	0	0	0	0	0	0	0	12	0	
0	362	-0.4407368	-2.45E-07	363	-0.001525902	5	5	0	0	0	0	0	0	0	0	0	0	0	0	0	0	12	0	
0	363	-0.4407368	-2.45E-07	364	-0.001525902	5	5	0	0	0	0	0	0	0	0	0	0	0	0	0	0	12	0	
0	364	-0.4407368	-2.45E-07	365	-0.001525902	5	5	0	0	0	0	0	0	0	0	0	0	0	0	0	0	12	0	
0	365	-0.4407368	-2.45E-07	366	-0.001525902	5	5	0	0	0	0	0	0	0	0	0	0	0	0	0	0	12	0	
0	366	-0.4407368	-2.45E-07	367	-0.001525902	5	5	0	0	0	0	0	0	0	0	0	0	0	0	0	0	12	0	
0	367	-0.4407368	-1.84E-07	368	-0.001525902	5	5	0	0	0	0	0	0	0	0	0	0	0	0	0	0	12	0	
0	368	-0.4407368	-2.45E-07	369	-0.001525902	5	5	0	0	0	0	0	0	0	0	0	0	0	0	0	0	12	0	
0	369	-0.4410436	-2.45E-07	370	-0.001525902	5	261	0	0	0	0	0	0	0	0	0	0	0	0	0	0	12	0	
0	370	-0.4410436	-2.45E-07	371	-0.001525902	5	261	0	0	0	0	0	0	0	0	0	0	0	0	0	0	12	0	
0	371	-0.4410436	-2.45E-07	372	-0.001525902	5	5	0	0	0	0	0	0	0	0	0	0	0	0	0	0	12	0	
0	372	-0.4410436	-2.45E-07	373	-0.001525902	5	261	0	0	0	0	0	0	0	0	0	0	0	0	0	0	12	0	
0	373	-0.4413503	-2.45E-07	374	-0.001525902	5	261	0	0	0	0	0	0	0	0	0	0	0	0	0	0	12	0	
0	374	-0.4413503	-2.45E-07	375	-0.001525902	5	261	0	0	0	0	0	0	0	0	0	0	0	0	0	0	12	0	
0	375	-0.4413503	-2.45E-07	376	-0.001525902	5	5	0	0	0	0	0	0	0	0	0	0	0	0	0	0	12	0	
0	376	-0.4413503	-2.45E-07	377	-0.001525902	5	5	0	0	0	0	0	0	0	0	0	0	0	0	0	0	12	0	
0	377	-0.4413503	-2.45E-07	378	-0.001525902	5	5	0	0	0	0	0	0	0	0	0	0	0	0	0	0	12	0	
0	378	-0.4416569	-2.45E-07	379	-0.001525902	5	5	0	0	0	0	0	0	0	0	0	0	0	0	0	0	12	0	
0	379	-0.4416569	-2.45E-07	380	-0.001525902	5	5	0	0	0	0	0	0	0	0	0	0	0	0	0	0	12	0	
0	380	-0.4416569	-2.45E-07	381	-0.001525902	5	5	0	0	0	0	0	0	0	0	0	0	0	0	0	0	12	0	
0	381	-0.4416569	-2.45E-07	382	-0.001525902	5	5	0	0	0	0	0	0	0	0	0	0	0	0	0	0	12	0	
0	382	-0.4416569	-2.45E-07	383	-0.001525902	5	5	0	0	0	0	0	0	0	0	0	0	0	0	0	0	12	0	
0	383	-0.4419637	-2.45E-07	384	-0.001525902	5	5	0	0	0	0	0	0	0	0	0	0	0	0	0	0	12	0	
0	384	-0.4419637	-2.45E-07	385	-0.001525902	5	5	0	0	0	0	0	0	0	0	0	0	0	0	0	0	12	0	
0	385	-0.4419637	-2.45E-07	386	-0.001525902	5	5	0	0	0	0	0	0	0	0	0	0	0	0	0	0	12	0	
0	386	-0.4419637	-2.45E-07	387	-0.001525902	5	5	0	0	0	0	0	0	0	0	0	0	0	0	0	0	12	0	
0	387	-0.4422704	-2.45E-07	388	-0.001525902	5	5	0	0	0	0	0	0	0	0	0	0	0	0	0	0	12	0	
0	388	-0.4422704	-2.45E-07	389	-0.001525902	5	5	0	0	0	0	0	0	0	0	0	0	0	0	0	0	12	0	
0	389	-0.4422704	-2.45E-07	390	-0.001525902	5	5	0	0	0	0	0	0	0	0	0	0	0	0	0	0	12	0	
0	390	-0.4422704	-2.45E-07	391	-0.001525902	5	5	0	0	0	0	0	0	0	0	0	0	0	0	0	0	12	0	
0	391	-0.4422704	-2.45E-07	392	-0.001525902	5	5	0	0	0	0	0	0	0	0	0	0	0	0	0	0	12	0	
0	392	-0.4422704	-2.45E-07	393	-0.001525902	5	5	0	0	0	0	0	0	0	0	0	0	0	0	0	0	12	0	
0	393	-0.4425771	-2.45E-07	394	-0.001525902	5	5	0	0	0	0	0	0	0	0	0	0	0	0	0	0	12	0	
0	394	-0.4425771	-2.45E-07	395	-0.001525902	5	5	0	0	0	0	0	0	0	0	0	0	0	0	0	0	12	0	
0	395	-0.4425771	-2.45E-07	396	-0.001525902	5	5	0	0	0	0	0	0	0	0	0	0	0	0	0	0	12	0	
0	396	-0.4425771	-2.45E-07	397	-0.001525902	5	5	0	0	0	0	0	0	0	0	0	0	0	0	0	0	12	0	
0	397	-0.4425771	-2.45E-07	398	-0.001525902	5	5	0	0	0	0	0	0	0	0	0	0	0	0	0	0	12	0	
0	398	-0.4428838	-2.45E-07	399	-0.001525902	5	5	0	0	0	0	0	0	0	0	0	0	0	0	0	0	12	0	
0	399	-0.4428838	-2.45E-07	400	-0.001525902	5	5	0	0	0	0	0	0	0	0	0	0	0	0	0	0	12	0	
0	400	-0.4428838	-2.45E-07	401	-0.001525902	5	5	0	0	0	0	0	0	0	0	0	0	0	0	0	0	12	0	
0	401	-0.4428838	-2.45E-07	402	-0.001525902	5	261	0	0	0	0	0	0	0	0	0	0	0	0	0	0	12	0	
0	402	-0.4428838	-2.45E-07	403	-0.001525902	5	261	0	0	0	0	0	0	0	0	0	0	0	0	0	0	12	0	
0	403	-0.4428838	-2.45E-07	404	-0.001525902	5	261	0	0	0	0	0	0	0	0	0	0	0	0	0	0	12	0	
0	404	-0.4431905	-2.45E-07	405	-0.001525902	5	261	0	0	0	0	0	0	0	0	0	0	0	0	0	0	12	0	
0	405	-0.4431905	-2.45E-07	406	-0.001525902	5	5	0	0	0	0	0	0	0	0	0	0	0	0	0	0	12	0	
0	406	-0.4431905	-2.45E-07	407	-0.001525902	5	261	0	0	0	0	0	0	0	0	0	0	0	0	0	0	12	0	
0	407	-0.4431905	-2.45E-07	408	-0.001525902	5	261	0	0	0	0	0	0	0	0	0	0	0	0	0	0	12	0	
0	408	-0.4431905	-2.45E-07	409	-0.001525902	5	5	0	0	0	0	0	0	0	0	0	0	0	0	0	0	12	0	
0	409	-0.4434972	-2.45E-07	410	-0.001525902	5	261	0	0	0	0	0	0	0	0	0	0	0	0	0	0	12	0	
0	410	-0.4434972	-2.45E-07	411	-0.001525902	5	5	0	0	0	0	0	0	0	0	0	0	0	0	0	0	12	0	
0	411	-0.4434972	-2.45E-07	412	-0.001525902	5	5	0	0	0	0	0	0	0	0	0	0	0	0	0	0	12	0	
0	412	-0.4434972	-2.45E-07	413	-0.001525902	5	5	0	0	0	0	0	0	0	0	0	0	0	0	0	0	12	0	
0	413	-0.4434972	-2.45E-07	414	-0.001525902	5	5	0	0	0	0	0	0	0	0	0	0	0	0	0	0	12	0	
0	414	-0.4434972	-2.45E-07	415	-0.001525902	5	5	0	0	0	0	0	0	0	0	0	0	0	0	0	0	12	0	
0	415	-0.4438039	-2.45E-07	416	-0.001525902	5	5	0	0	0	0	0	0	0	0	0	0	0	0	0	0	12	0	
0	416	-0.4438039	-2.45E-07	417	-0.001525902	5	5	0	0	0	0	0	0	0	0	0	0	0	0	0	0	12	0	
0	417	-0.4438039	-2.45E-07	418	-0.001525902	5	5	0	0	0	0	0	0	0	0	0	0	0	0	0	0	12	0	
0	418	-0.4438039	-2.45E-07	419	-0.001525902	5	5	0	0	0	0	0	0	0	0	0	0	0	0	0	0	12	0	
0	419	-0.4438039	-2.45E-07	420	-0.001525902	5	5	0	0	0	0	0	0	0	0	0	0	0	0	0	0	12	0	
0	420	-0.4441106	-2.45E-07	421	-0.001525902	5	5	0	0	0	0	0	0	0	0	0	0	0	0	0	0	12	0	
0	421	-0.4441106	-2.45E-07	422	-0.001525902	5	5	0	0	0	0	0	0	0	0	0	0	0	0	0	0	12	0	
0	422	-0.4441106	-2.45E-07	423	-0.001525902	5	5	0	0	0	0	0	0	0	0	0	0	0	0	0	0	12	0	
0	423	-0.4441106	-2.45E-07	424	-0.001525902	5	5	0	0	0	0	0	0	0	0	0	0	0	0	0	0	12	0	
0	424	-0.4441106	-2.45E-07	425	-0.001525902	5	5	0	0	0	0	0	0	0	0	0	0	0	0	0	0	12	0	
0	425	-0.4444173	-2.45E-07	426	-0.001525902	5	5	0	0	0	0	0	0	0	0	0	0	0	0	0	0	12	0	
0	426	-0.4444173	-2.45E-07	427	-0.001525902	5	5	0	0	0	0	0	0	0	0	0	0	0	0	0	0	12	0	
0	427	-0.4444173	-2.45E-07	428	-0.001525902	5	5	0	0	0	0	0	0	0	0	0	0	0	0	0	0	12	0	
0	428	-0.4444173	-2.45E-07	429	-0.001525902	5	5	0	0	0	0	0	0	0	0	0	0	0	0	0	0	12	0	
0	429	-0.4444173	-2.45E-07	430	-0.001525902	5	5	0	0	0	0	0	0	0	0	0	0	0	0	0	0	12	0	
0	430	-0.444724	-2.45E-07	431	-0.001525902	5	5	0	0	0	0	0	0	0	0	0	0	0	0	0	0	12	0	
0	431	-0.444724	-2.45E-07	432	-0.001525902	5	5	0	0	0	0	0	0	0	0	0	0	0	0	0	0	12	0	
0	432	-0.444724	-2.45E-07	433	-0.001525902	5	5	0	0	0	0	0	0	0	0	0	0	0	0	0	0	12	0	
0	433	-0.444724	-2.45E-07	434	-0.001525902	5	5	0	0	0	0	0	0	0	0	0	0	0	0	0	0	12	0	
0	434	-0.444724	-2.45E-07	435	-0.001525902	5	5	0	0	0	0	0	0	0	0	0	0	0	0	0	0	12	0	
0	435	-0.444724	-1.84E-07	436	-0.001525902	5	5	0	0	0	0	0	0	0	0	0	0	0	0	0	0	12	0	
0	436	-0.4450307	-2.45E-07	437	-0.001525902	5	5	0	0	0	0	0	0	0	0	0	0	0	0	0	0	12	0	
0	437	-0.4450307	-2.45E-07	438	-0.001525902	5	261	0	0	0	0	0	0	0	0	0	0	0	0	0	0	12	0	
0	438	-0.4450307	-2.45E-07	439	-0.001525902	5	5	0	0	0	0	0	0	0	0	0	0	0	0	0	0	12	0	
0	439	-0.4450307	-2.45E-07	440	-0.001525902	5	5	0	0	0	0	0	0	0	0	0	0	0	0	0	0	12	0	
0	440	-0.4450307	-2.45E-07	441	-0.001525902	5	261	0	0	0	0	0	0	0	0	0	0	0	0	0	0	12	0	
0	441	-0.4450307	-2.45E-07	442	-0.001525902	5	5	0	0	0	0	0	0	0	0	0	0	0	0	0	0	12	0	
0	442	-0.4453374	-2.45E-07	443	-0.001525902	5	261	0	0	0	0	0	0	0	0	0	0	0	0	0	0	12	0	
0	443	-0.4453374	-2.45E-07	444	-0.001525902	5	5	0	0	0	0	0	0	0	0	0	0	0	0	0	0	12	0	
0	444	-0.4453374	-2.45E-07	445	-0.001525902	5	5	0	0	0	0	0	0	0	0	0	0	0	0	0	0	12	0	
0	445	-0.4453374	-2.45E-07	446	-0.001525902	5	5	0	0	0	0	0	0	0	0	0	0	0	0	0	0	12	0	
0	446	-0.4453374	-2.45E-07	447	-0.001525902	5	5	0	0	0	0	0	0	0	0	0	0	0	0	0	0	12	0	
0	447	-0.4453374	-2.45E-07	448	-0.001525902	5	5	0	0	0	0	0	0	0	0	0	0	0	0	0	0	12	0	
0	448	-0.4456441	-2.45E-07	449	-0.001525902	5	5	0	0	0	0	0	0	0	0	0	0	0	0	0	0	12	0	
0	449	-0.4456441	-2.45E-07	450	-0.001525902	5	5	0	0	0	0	0	0	0	0	0	0	0	0	0	0	12	0	
0	450	-0.4456441	-2.45E-07	451	-0.001525902	5	5	0	0	0	0	0	0	0	0	0	0	0	0	0	0	12	0	
0	451	-0.4456441	-2.45E-07	452	-0.001525902	5	5	0	0	0	0	0	0	0	0	0	0	0	0	0	0	12	0	
0	452	-0.4459508	-2.45E-07	453	-0.001525902	5	5	0	0	0	0	0	0	0	0	0	0	0	0	0	0	12	0	
0	453	-0.4456441	-2.45E-07	454	-0.001525902	5	5	0	0	0	0	0	0	0	0	0	0	0	0	0	0	12	0	
0	454	-0.4459508	-2.45E-07	455	-0.001525902	5	5	0	0	0	0	0	0	0	0	0	0	0	0	0	0	12	0	
0	455	-0.4459508	-2.45E-07	456	-0.001525902	5	5	0	0	0	0	0	0	0	0	0	0	0	0	0	0	12	0	
0	456	-0.4459508	-2.45E-07	457	-0.001525902	5	5	0	0	0	0	0	0	0	0	0	0	0	0	0	0	12	0	
0	457	-0.4459508	-2.45E-07	458	-0.001525902	5	5	0	0	0	0	0	0	0	0	0	0	0	0	0	0	12	0	
0	458	-0.4459508	-2.45E-07	459	-0.001525902	5	5	0	0	0	0	0	0	0	0	0	0	0	0	0	0	12	0	
0	459	-0.4462576	-2.45E-07	460	-0.001525902	5	5	0	0	0	0	0	0	0	0	0	0	0	0	0	0	12	0	
0	460	-0.4462576	-2.45E-07	461	-0.001525902	5	5	0	0	0	0	0	0	0	0	0	0	0	0	0	0	12	0	
0	461	-0.4462576	-2.45E-07	462	-0.001525902	5	5	0	0	0	0	0	0	0	0	0	0	0	0	0	0	12	0	
0	462	-0.4462576	-2.45E-07	463	-0.001525902	5	5	0	0	0	0	0	0	0	0	0	0	0	0	0	0	12	0	
0	463	-0.4462576	-2.45E-07	464	-0.001525902	5	5	0	0	0	0	0	0	0	0	0	0	0	0	0	0	12	0	
0	464	-0.4462576	-2.45E-07	465	-0.001525902	5	261	0	0	0	0	0	0	0	0	0	0	0	0	0	0	12	0	
0	465	-0.4462576	-2.45E-07	466	-0.001525902	5	261	0	0	0	0	0	0	0	0	0	0	0	0	0	0	12	0	
0	466	-0.4462576	-2.45E-07	467	-0.001525902	5	5	0	0	0	0	0	0	0	0	0	0	0	0	0	0	12	0	
0	467	-0.4465643	-2.45E-07	468	-0.001525902	5	5	0	0	0	0	0	0	0	0	0	0	0	0	0	0	12	0	
0	468	-0.4465643	-2.45E-07	469	-0.001525902	5	5	0	0	0	0	0	0	0	0	0	0	0	0	0	0	12	0	
0	469	-0.4465643	-2.45E-07	470	-0.001525902	5	5	0	0	0	0	0	0	0	0	0	0	0	0	0	0	12	0	
0	470	-0.4465643	-2.45E-07	471	-0.001525902	5	5	0	0	0	0	0	0	0	0	0	0	0	0	0	0	12	0	
0	471	-0.4465643	-2.45E-07	472	-0.001525902	5	5	0	0	0	0	0	0	0	0	0	0	0	0	0	0	12	0	
0	472	-0.4465643	-2.45E-07	473	-0.001525902	5	5	0	0	0	0	0	0	0	0	0	0	0	0	0	0	12	0	
0	473	-0.4465643	-2.45E-07	474	-0.001525902	5	5	0	0	0	0	0	0	0	0	0	0	0	0	0	0	12	0	
0	474	-0.446871	-2.45E-07	475	-0.001525902	5	5	0	0	0	0	0	0	0	0	0	0	0	0	0	0	12	0	
0	475	-0.446871	-2.45E-07	476	-0.001525902	5	5	0	0	0	0	0	0	0	0	0	0	0	0	0	0	12	0	
0	476	-0.446871	-2.45E-07	477	-0.001525902	5	5	0	0	0	0	0	0	0	0	0	0	0	0	0	0	12	0	
0	477	-0.446871	-2.45E-07	478	-0.001525902	5	5	0	0	0	0	0	0	0	0	0	0	0	0	0	0	12	0	
0	478	-0.446871	-2.45E-07	479	-0.001525902	5	5	0	0	0	0	0	0	0	0	0	0	0	0	0	0	12	0	
0	479	-0.446871	-2.45E-07	480	-0.001525902	5	5	0	0	0	0	0	0	0	0	0	0	0	0	0	0	12	0	
0	480	-0.446871	-2.45E-07	481	-0.001525902	5	5	0	0	0	0	0	0	0	0	0	0	0	0	0	0	12	0	
0	481	-0.4471777	-2.45E-07	482	-0.001525902	5	5	0	0	0	0	0	0	0	0	0	0	0	0	0	0	12	0	
0	482	-0.4471777	-2.45E-07	483	-0.001525902	5	5	0	0	0	0	0	0	0	0	0	0	0	0	0	0	12	0	
0	483	-0.4471777	-2.45E-07	484	-0.001525902	5	5	0	0	0	0	0	0	0	0	0	0	0	0	0	0	12	0	
0	484	-0.4471777	-2.45E-07	485	-0.001525902	5	5	0	0	0	0	0	0	0	0	0	0	0	0	0	0	12	0	
0	485	-0.4471777	-2.45E-07	486	-0.001525902	5	5	0	0	0	0	0	0	0	0	0	0	0	0	0	0	12	0	
0	486	-0.4474844	-2.45E-07	487	-0.001525902	5	261	0	0	0	0	0	0	0	0	0	0	0	0	0	0	12	0	
0	487	-0.4474844	-2.45E-07	488	-0.001525902	5	5	0	0	0	0	0	0	0	0	0	0	0	0	0	0	12	0	
0	488	-0.4474844	-2.45E-07	489	-0.001525902	5	261	0	0	0	0	0	0	0	0	0	0	0	0	0	0	12	0	
0	489	-0.4474844	-2.45E-07	490	-0.001525902	5	5	0	0	0	0	0	0	0	0	0	0	0	0	0	0	12	0	
0	490	-0.4474844	-2.45E-07	491	-0.001525902	5	5	0	0	0	0	0	0	0	0	0	0	0	0	0	0	12	0	
0	491	-0.4474844	-2.45E-07	492	-0.001525902	5	5	0	0	0	0	0	0	0	0	0	0	0	0	0	0	12	0	
0	492	-0.4474844	-2.45E-07	493	-0.001525902	5	261	0	0	0	0	0	0	0	0	0	0	0	0	0	0	12	0	
0	493	-0.4477911	-2.45E-07	494	-0.001525902	5	261	0	0	0	0	0	0	0	0	0	0	0	0	0	0	12	0	
0	494	-0.4477911	-2.45E-07	495	-0.001525902	5	5	0	0	0	0	0	0	0	0	0	0	0	0	0	0	12	0	
0	495	-0.4477911	-2.45E-07	496	-0.001525902	5	5	0	0	0	0	0	0	0	0	0	0	0	0	0	0	12	0	
0	496	-0.4477911	-2.45E-07	497	-0.001525902	5	5	0	0	0	0	0	0	0	0	0	0	0	0	0	0	12	0	
0	497	-0.4477911	-2.45E-07	498	-0.001525902	5	5	0	0	0	0	0	0	0	0	0	0	0	0	0	0	12	0	
0	498	-0.4480978	-2.45E-07	499	-0.001525902	5	5	0	0	0	0	0	0	0	0	0	0	0	0	0	0	12	0	
0	499	-0.4477911	-2.45E-07	500	-0.001525902	5	5	0	0	0	0	0	0	0	0	0	0	0	0	0	0	12	0	
0	500	-0.4480978	-2.45E-07	501	-0.001525902	5	5	0	0	0	0	0	0	0	0	0	0	0	0	0	0	12	0	
0	501	-0.4480978	-2.45E-07	502	-0.001525902	5	5	0	0	0	0	0	0	0	0	0	0	0	0	0	0	12	0	
0	502	-0.4480978	-2.45E-07	503	-0.001525902	5	5	0	0	0	0	0	0	0	0	0	0	0	0	0	0	12	0	
0	503	-0.4480978	-2.45E-07	504	-0.001525902	5	5	0	0	0	0	0	0	0	0	0	0	0	0	0	0	12	0	
0	504	-0.4480978	-2.45E-07	505	-0.001525902	5	5	0	0	0	0	0	0	0	0	0	0	0	0	0	0	12	0	
0	505	-0.4484045	-2.45E-07	506	-0.001525902	5	5	0	0	0	0	0	0	0	0	0	0	0	0	0	0	12	0	
0	506	-0.4484045	-2.45E-07	507	-0.001525902	5	5	0	0	0	0	0	0	0	0	0	0	0	0	0	0	12	0	
0	507	-0.4484045	-2.45E-07	508	-0.001525902	5	5	0	0	0	0	0	0	0	0	0	0	0	0	0	0	12	0	
0	508	-0.4484045	-2.45E-07	509	-0.001525902	5	5	0	0	0	0	0	0	0	0	0	0	0	0	0	0	12	0	
0	509	-0.4484045	-2.45E-07	510	-0.001525902	5	5	0	0	0	0	0	0	0	0	0	0	0	0	0	0	12	0	
0	510	-0.4484045	-1.84E-07	511	-0.001525902	5	5	0	0	0	0	0	0	0	0	0	0	0	0	0	0	12	0	
0	511	-0.4487112	-2.45E-07	512	-0.001525902	5	5	0	0	0	0	0	0	0	0	0	0	0	0	0	0	12	0	
0	512	-0.4487112	-2.45E-07	513	-0.001525902	5	5	0	0	0	0	0	0	0	0	0	0	0	0	0	0	12	0	
0	513	-0.4487112	-2.45E-07	514	-0.001525902	5	5	0	0	0	0	0	0	0	0	0	0	0	0	0	0	12	0	
0	514	-0.4487112	-2.45E-07	515	-0.001525902	5	5	0	0	0	0	0	0	0	0	0	0	0	0	0	0	12	0	
0	515	-0.4487112	-2.45E-07	516	-0.001525902	5	5	0	0	0	0	0	0	0	0	0	0	0	0	0	0	12	0	
0	516	-0.4487112	-2.45E-07	517	-0.001525902	5	261	0	0	0	0	0	0	0	0	0	0	0	0	0	0	12	0	
0	517	-0.4487112	-2.45E-07	518	-0.001525902	5	261	0	0	0	0	0	0	0	0	0	0	0	0	0	0	12	0	
0	518	-0.4487112	-2.45E-07	519	-0.001525902	5	5	0	0	0	0	0	0	0	0	0	0	0	0	0	0	12	0	
0	519	-0.4490179	-2.45E-07	520	-0.001525902	5	261	0	0	0	0	0	0	0	0	0	0	0	0	0	0	12	0	
0	520	-0.4490179	-2.45E-07	521	-0.001525902	5	5	0	0	0	0	0	0	0	0	0	0	0	0	0	0	12	0	
0	521	-0.4490179	-2.45E-07	522	-0.001525902	5	5	0	0	0	0	0	0	0	0	0	0	0	0	0	0	12	0	
0	522	-0.4490179	-1.84E-07	523	-0.001525902	5	5	0	0	0	0	0	0	0	0	0	0	0	0	0	0	12	0	
0	523	-0.4490179	-2.45E-07	524	-0.001525902	5	5	0	0	0	0	0	0	0	0	0	0	0	0	0	0	12	0	
0	524	-0.4490179	-2.45E-07	525	-0.001525902	5	5	0	0	0	0	0	0	0	0	0	0	0	0	0	0	12	0	
0	525	-0.4493246	-2.45E-07	526	-0.001525902	5	5	0	0	0	0	0	0	0	0	0	0	0	0	0	0	12	0	
0	526	-0.4493246	-2.45E-07	527	-0.001525902	5	5	0	0	0	0	0	0	0	0	0	0	0	0	0	0	12	0	
0	527	-0.4493246	-2.45E-07	528	-0.001525902	5	5	0	0	0	0	0	0	0	0	0	0	0	0	0	0	12	0	
0	528	-0.4493246	-2.45E-07	529	-0.001525902	5	5	0	0	0	0	0	0	0	0	0	0	0	0	0	0	12	0	
0	529	-0.4493246	-2.45E-07	530	-0.001525902	5	5	0	0	0	0	0	0	0	0	0	0	0	0	0	0	12	0	
0	530	-0.4493246	-2.45E-07	531	-0.001525902	5	5	0	0	0	0	0	0	0	0	0	0	0	0	0	0	12	0	
0	531	-0.4493246	-2.45E-07	532	-0.001525902	5	5	0	0	0	0	0	0	0	0	0	0	0	0	0	0	12	0	
0	532	-0.4496313	-2.45E-07	533	-0.001525902	5	5	0	0	0	0	0	0	0	0	0	0	0	0	0	0	12	0	
0	533	-0.4496313	-2.45E-07	534	-0.001525902	5	5	0	0	0	0	0	0	0	0	0	0	0	0	0	0	12	0	
0	534	-0.4496313	-2.45E-07	535	-0.001525902	5	5	0	0	0	0	0	0	0	0	0	0	0	0	0	0	12	0	
0	535	-0.4496313	-2.45E-07	536	-0.001525902	5	5	0	0	0	0	0	0	0	0	0	0	0	0	0	0	12	0	
0	536	-0.4496313	-2.45E-07	537	-0.001525902	5	5	0	0	0	0	0	0	0	0	0	0	0	0	0	0	12	0	
0	537	-0.4496313	-2.45E-07	538	-0.001525902	5	5	0	0	0	0	0	0	0	0	0	0	0	0	0	0	12	0	
0	538	-0.449938	-2.45E-07	539	-0.001525902	5	5	0	0	0	0	0	0	0	0	0	0	0	0	0	0	12	0	
0	539	-0.449938	-2.45E-07	540	-0.001525902	5	5	0	0	0	0	0	0	0	0	0	0	0	0	0	0	12	0	
0	540	-0.449938	-2.45E-07	541	-0.001525902	5	5	0	0	0	0	0	0	0	0	0	0	0	0	0	0	12	0	
0	541	-0.449938	-2.45E-07	542	-0.001525902	5	261	0	0	0	0	0	0	0	0	0	0	0	0	0	0	12	0	
0	542	-0.449938	-2.45E-07	543	-0.001525902	5	5	0	0	0	0	0	0	0	0	0	0	0	0	0	0	12	0	
0	543	-0.449938	-2.45E-07	544	-0.001525902	5	261	0	0	0	0	0	0	0	0	0	0	0	0	0	0	12	0	
0	544	-0.449938	-2.45E-07	545	-0.001525902	5	261	0	0	0	0	0	0	0	0	0	0	0	0	0	0	12	0	
0	545	-0.449938	-2.45E-07	546	-0.001525902	5	261	0	0	0	0	0	0	0	0	0	0	0	0	0	0	12	0	
0	546	-0.4502447	-2.45E-07	547	-0.001525902	5	5	0	0	0	0	0	0	0	0	0	0	0	0	0	0	12	0	
0	547	-0.4502447	-1.84E-07	548	-0.001525902	5	5	0	0	0	0	0	0	0	0	0	0	0	0	0	0	12	0	
0	548	-0.4502447	-2.45E-07	549	-0.001525902	5	5	0	0	0	0	0	0	0	0	0	0	0	0	0	0	12	0	
0	549	-0.4502447	-1.84E-07	550	-0.001525902	5	5	0	0	0	0	0	0	0	0	0	0	0	0	0	0	12	0	
0	550	-0.4502447	-2.45E-07	551	-0.001525902	5	5	0	0	0	0	0	0	0	0	0	0	0	0	0	0	12	0	
0	551	-0.4505515	-2.45E-07	552	-0.001525902	5	5	0	0	0	0	0	0	0	0	0	0	0	0	0	0	12	0	
0	552	-0.4502447	-2.45E-07	553	-0.001525902	5	5	0	0	0	0	0	0	0	0	0	0	0	0	0	0	12	0	
0	553	-0.4505515	-2.45E-07	554	-0.001525902	5	5	0	0	0	0	0	0	0	0	0	0	0	0	0	0	12	0	
0	554	-0.4505515	-2.45E-07	555	-0.001525902	5	5	0	0	0	0	0	0	0	0	0	0	0	0	0	0	12	0	
0	555	-0.4505515	-2.45E-07	556	-0.001525902	5	5	0	0	0	0	0	0	0	0	0	0	0	0	0	0	12	0	
0	556	-0.4505515	-2.45E-07	557	-0.001525902	5	5	0	0	0	0	0	0	0	0	0	0	0	0	0	0	12	0	
0	557	-0.4505515	-2.45E-07	558	-0.001525902	5	5	0	0	0	0	0	0	0	0	0	0	0	0	0	0	12	0	
0	558	-0.4508581	-2.45E-07	559	-0.001525902	5	5	0	0	0	0	0	0	0	0	0	0	0	0	0	0	12	0	
0	559	-0.4505515	-2.45E-07	560	-0.001525902	5	5	0	0	0	0	0	0	0	0	0	0	0	0	0	0	12	0	
0	560	-0.4508581	-2.45E-07	561	-0.001525902	5	5	0	0	0	0	0	0	0	0	0	0	0	0	0	0	12	0	
0	561	-0.4508581	-2.45E-07	562	-0.001525902	5	5	0	0	0	0	0	0	0	0	0	0	0	0	0	0	12	0	
0	562	-0.4508581	-2.45E-07	563	-0.001525902	5	5	0	0	0	0	0	0	0	0	0	0	0	0	0	0	12	0	
0	563	-0.4508581	-2.45E-07	564	-0.001525902	5	5	0	0	0	0	0	0	0	0	0	0	0	0	0	0	12	0	
0	564	-0.4508581	-1.84E-07	565	-0.001525902	5	5	0	0	0	0	0	0	0	0	0	0	0	0	0	0	12	0	
0	565	-0.4508581	-2.45E-07	566	-0.001525902	5	5	0	0	0	0	0	0	0	0	0	0	0	0	0	0	12	0	
0	566	-0.4511648	-2.45E-07	567	-0.001525902	5	5	0	0	0	0	0	0	0	0	0	0	0	0	0	0	12	0	
0	567	-0.4511648	-2.45E-07	568	-0.001525902	5	5	0	0	0	0	0	0	0	0	0	0	0	0	0	0	12	0	
0	568	-0.4511648	-2.45E-07	569	-0.001525902	5	5	0	0	0	0	0	0	0	0	0	0	0	0	0	0	12	0	
0	569	-0.4511648	-2.45E-07	570	-0.001525902	5	261	0	0	0	0	0	0	0	0	0	0	0	0	0	0	12	0	
0	570	-0.4511648	-2.45E-07	571	-0.001525902	5	5	0	0	0	0	0	0	0	0	0	0	0	0	0	0	12	0	
0	571	-0.4514716	-2.45E-07	572	-0.001525902	5	261	0	0	0	0	0	0	0	0	0	0	0	0	0	0	12	0	
0	572	-0.4514716	-2.45E-07	573	-0.001525902	5	261	0	0	0	0	0	0	0	0	0	0	0	0	0	0	12	0	
0	573	-0.4514716	-2.45E-07	574	-0.001525902	5	5	0	0	0	0	0	0	0	0	0	0	0	0	0	0	12	0	
0	574	-0.4514716	-2.45E-07	575	-0.001525902	5	5	0	0	0	0	0	0	0	0	0	0	0	0	0	0	12	0	
0	575	-0.4514716	-2.45E-07	576	-0.001525902	5	5	0	0	0	0	0	0	0	0	0	0	0	0	0	0	12	0	
0	576	-0.4514716	-2.45E-07	577	-0.001525902	5	5	0	0	0	0	0	0	0	0	0	0	0	0	0	0	12	0	
0	577	-0.4514716	-1.84E-07	578	-0.001525902	5	5	0	0	0	0	0	0	0	0	0	0	0	0	0	0	12	0	
0	578	-0.4514716	-2.45E-07	579	-0.001525902	5	5	0	0	0	0	0	0	0	0	0	0	0	0	0	0	12	0	
0	579	-0.4517783	-2.45E-07	580	-0.001525902	5	5	0	0	0	0	0	0	0	0	0	0	0	0	0	0	12	0	
0	580	-0.4517783	-2.45E-07	581	-0.001525902	5	5	0	0	0	0	0	0	0	0	0	0	0	0	0	0	12	0	
0	581	-0.4517783	-2.45E-07	582	-0.001525902	5	5	0	0	0	0	0	0	0	0	0	0	0	0	0	0	12	0	
0	582	-0.4517783	-2.45E-07	583	-0.001525902	5	5	0	0	0	0	0	0	0	0	0	0	0	0	0	0	12	0	
0	583	-0.4517783	-2.45E-07	584	-0.001525902	5	5	0	0	0	0	0	0	0	0	0	0	0	0	0	0	12	0	
0	584	-0.4517783	-2.45E-07	585	-0.001525902	5	5	0	0	0	0	0	0	0	0	0	0	0	0	0	0	12	0	
0	585	-0.4517783	-2.45E-07	586	-0.001525902	5	5	0	0	0	0	0	0	0	0	0	0	0	0	0	0	12	0	
0	586	-0.452085	-2.45E-07	587	-0.001525902	5	5	0	0	0	0	0	0	0	0	0	0	0	0	0	0	12	0	
0	587	-0.452085	-2.45E-07	588	-0.001525902	5	5	0	0	0	0	0	0	0	0	0	0	0	0	0	0	12	0	
0	588	-0.452085	-2.45E-07	589	-0.001525902	5	5	0	0	0	0	0	0	0	0	0	0	0	0	0	0	12	0	
0	589	-0.452085	-2.45E-07	590	-0.001525902	5	5	0	0	0	0	0	0	0	0	0	0	0	0	0	0	12	0	
0	590	-0.452085	-2.45E-07	591	-0.001525902	5	5	0	0	0	0	0	0	0	0	0	0	0	0	0	0	12	0	
0	591	-0.452085	-2.45E-07	592	-0.001525902	5	5	0	0	0	0	0	0	0	0	0	0	0	0	0	0	12	0	
0	592	-0.452085	-2.45E-07	593	-0.001525902	5	5	0	0	0	0	0	0	0	0	0	0	0	0	0	0	12	0	
0	593	-0.452085	-2.45E-07	594	-0.001525902	5	261	0	0	0	0	0	0	0	0	0	0	0	0	0	0	12	0	
0	594	-0.4523917	-2.45E-07	595	-0.001525902	5	261	0	0	0	0	0	0	0	0	0	0	0	0	0	0	12	0	
0	595	-0.4523917	-2.45E-07	596	-0.001525902	5	261	0	0	0	0	0	0	0	0	0	0	0	0	0	0	12	0	
0	596	-0.4523917	-2.45E-07	597	-0.001525902	5	261	0	0	0	0	0	0	0	0	0	0	0	0	0	0	12	0	
0	597	-0.4523917	-2.45E-07	598	-0.001525902	5	5	0	0	0	0	0	0	0	0	0	0	0	0	0	0	12	0	
0	598	-0.4523917	-2.45E-07	599	-0.001525902	5	5	0	0	0	0	0	0	0	0	0	0	0	0	0	0	12	0	
0	599	-0.4523917	-2.45E-07	600	-0.001525902	5	5	0	0	0	0	0	0	0	0	0	0	0	0	0	0	12	0	
																								
1	600	-0.4523919	2.11E-07	601.997	-0.001831083	5	101	0	100000	-0.003175691	0.008644617	-2.03E-05	0.00018901	47.00039	11.74174	0	0	0	0	0	0	21	0.01	
1	601	-0.4523919	2.11E-07	602.343	-0.001831083	5	101	0	79432.82	-0.005159282	0.00911308	-7.12E-05	0.000210899	46.20483	8.874914	0	0	0	0	0	0	21	0.01	
1	602	-0.4523919	2.11E-07	602.775	-0.001525902	5	101	0	63095.73	-0.003264963	-0.01046562	-0.000102847	-0.000212437	45.93819	6.870911	0	0	0	0	0	0	21	0.01	
1	603	-0.4523919	2.11E-07	603.235	-0.001831083	5	101	0	50118.72	-0.006723129	-0.008302158	-0.000165807	-0.000163321	45.61291	5.14219	0	0	0	0	0	0	21	0.01	
1	604	-0.4523919	2.11E-07	603.634	-0.001525902	5	101	0	39810.72	0.000637031	0.01087909	3.43E-05	0.000236931	45.35418	3.882585	0	0	0	0	0	0	21	0.01	
1	605	-0.4523919	2.11E-07	604.015	-0.001831083	5	101	0	31622.78	-0.001885242	-0.01077649	-5.72E-05	-0.000234094	45.29923	3.011936	0	0	0	0	0	0	21	0.01	
1	606	-0.4523919	2.11E-07	604.38	-0.001525902	5	101	0	25118.87	-0.007708993	0.007595833	-0.000161347	0.000175824	45.29403	2.280447	0	0	0	0	0	0	21	0.01	
1	607	-0.4523919	2.11E-07	604.734	-0.001525902	5	101	0	19952.62	0.000330205	-0.01053847	-6.72E-07	-0.000232816	45.26081	1.548942	0	0	0	0	0	0	21	0.01	
1	608	-0.4523919	2.11E-07	605.018	-0.001831083	5	101	0	15848.93	-0.007335733	0.007804978	-0.000158165	0.000175008	45.39915	0.8867602	0	0	0	0	0	0	21	0.01	
1	609	-0.4523919	2.11E-07	605.294	-0.001831083	5	101	0	12589.25	0.005840858	-0.009039996	0.000127797	-0.000200377	45.28535	0.2672251	0	0	0	0	0	0	21	0.01	
1	610	-0.4523919	2.11E-07	605.561	-0.001831083	5	101	0	10000	0.000160294	0.0108392	2.45E-06	0.000238774	45.39725	-0.205506	0	0	0	0	0	0	21	0.01	
1	611	-0.4523919	2.11E-07	605.828	-0.001220722	5	101	0	7943.282	-0.005637756	-0.009312266	-0.00012128	-0.000206225	45.49743	-0.5809574	0	0	0	0	0	0	21	0.01	
1	612	-0.4523919	2.11E-07	606.113	-0.001831083	5	101	0	6309.573	-0.008828535	-0.006363681	-0.000190346	-0.000145078	45.45641	-1.21371	0	0	0	0	0	0	21	0.01	
1	613	-0.4523919	2.11E-07	606.383	-0.001831083	5	101	0	5011.873	0.009623561	0.00517585	0.000205844	0.000121514	45.67744	-1.81989	0	0	0	0	0	0	21	0.01	
1	614	-0.4523919	2.11E-07	606.651	-0.001831083	5	101	0	3981.072	-0.007465348	0.008002333	-0.000170896	0.000166193	45.85493	-2.232673	0	0	0	0	0	0	21	0.01	
1	615	-0.4523919	2.11E-07	606.935	-0.001525902	5	101	0	3162.278	-0.01094313	-0.00059985	-0.0002358	-2.79E-05	46.06336	-2.912992	0	0	0	0	0	0	21	0.01	
1	616	-0.4523919	2.11E-07	607.268	-0.001525902	5	101	0	2511.886	-0.009888095	0.003320612	-0.000218231	5.53E-05	46.19985	-3.512026	0	0	0	0	0	0	21	0.01	
1	617	-0.4523919	2.11E-07	607.531	-0.001831083	5	101	0	1995.262	0.01024447	-0.002079065	0.000222422	-2.27E-05	46.52802	-4.603695	0	0	0	0	0	0	21	0.01	
1	618	-0.4523919	2.11E-07	607.807	-0.001831083	5	101	0	1584.893	-0.008104958	0.006609655	-0.000187087	0.00011832	46.90479	-5.665108	0	0	0	0	0	0	21	0.01	
1	619	-0.4523919	2.11E-07	608.087	-0.001831083	5	101	0	1258.925	0.01044329	5.30E-05	0.000216161	3.26E-05	47.27504	-6.881674	0	0	0	0	0	0	21	0.01	
1	620	-0.4523919	2.11E-07	608.379	-0.001525902	5	101	0	1000	-0.007371429	-0.006705854	-0.000126128	-0.000161804	47.86966	-8.242929	0	0	0	0	0	0	21	0.01	
1	621	-0.4523919	2.11E-07	608.681	-0.001831083	5	101	0	794.3282	0.005412048	-0.00836027	0.000141041	-0.000143851	48.43961	-9.87074	0	0	0	0	0	0	21	0.01	
1	622	-0.4523919	2.11E-07	608.961	-0.001525902	5	101	0	630.9573	-0.008949501	-0.004392277	-0.000151322	-0.000125842	49.2322	-11.91633	0	0	0	0	0	0	21	0.01	
1	623	-0.4523919	2.11E-07	609.288	-0.001831083	5	101	0	501.1872	0.008361896	-0.005427219	0.000183151	-5.67E-05	50.03408	-14.14186	0	0	0	0	0	0	21	0.01	
1	624	-0.4523919	2.11E-07	609.585	-0.001831083	5	101	0	398.1072	0.008228606	0.005608294	0.000112875	0.000147077	51.01943	-16.79267	0	0	0	0	0	0	21	0.01	
1	625	-0.4523919	2.11E-07	609.863	-0.001525902	5	101	0	316.2278	-0.009589545	0.002761843	-0.000176892	-1.67E-05	52.26827	-20.55415	0	0	0	0	0	0	21	0.01	
1	626	-0.4523919	2.11E-07	610.242	-0.002136263	5	101	0	251.1886	0.006621875	-0.007425825	0.000154972	-6.93E-05	53.4656	-24.00608	0	0	0	0	0	0	21	0.01	
1	627	-0.4523919	2.11E-07	610.535	-0.001831083	5	101	0	199.5262	-0.002176207	0.009745697	-0.000103812	0.000121377	55.22785	-29.30606	0	0	0	0	0	0	21	0.01	
1	628	-0.4523919	2.11E-07	610.84	-0.001831083	5	165	0	158.4893	-0.009636415	-0.002500165	-0.000101374	-0.000106025	57.71761	-35.70276	0	0	0	0	0	0	21	0.01	
1	629	-0.4523919	2.11E-07	611.232	-0.001831083	5	165	0	125.8925	0.00430045	-0.008980229	0.000119364	-6.68E-05	59.49694	-41.94297	0	0	0	0	0	0	21	0.01	
1	630	-0.4523919	2.11E-07	611.584	-0.001525902	5	165	0	100	-0.008308972	0.005513773	-0.000123168	-1.18E-05	62.59676	-50.76373	0	0	0	0	0	0	21	0.01	
1	631	-0.4523919	2.11E-07	612.005	-0.001525902	5	165	0	79.43282	0.009684537	0.002425522	6.12E-05	9.22E-05	66.65614	-60.81892	0	0	0	0	0	0	21	0.01	
1	632	-0.4523919	2.11E-07	612.362	-0.001525902	5	165	0	63.09573	0.009841526	-0.0016677	7.98E-05	5.77E-05	71.03822	-72.28722	0	0	0	0	0	0	21	0.01	
1	633	-0.4523919	2.11E-07	612.742	-0.001831083	5	165	0	50.11872	0.005692792	0.008223098	-2.06E-05	8.28E-05	77.46447	-88.01907	0	0	0	0	0	0	21	0.01	
1	634	-0.4523919	2.11E-07	613.163	-0.001831083	5	165	0	39.81072	0.006120479	-0.007870801	7.40E-05	-1.34E-06	84.64499	-104.8674	0	0	0	0	0	0	21	0.01	
1	635	-0.4523919	2.11E-07	613.512	-0.001525902	5	165	0	31.62278	-3.93E-05	-0.009989222	5.07E-05	-3.90E-05	94.84727	-124.0958	0	0	0	0	0	0	21	0.01	
1	636	-0.4523919	2.11E-07	613.893	-0.001525902	5	165	0	25.11886	-0.000642317	0.009947643	-4.65E-05	2.89E-05	105.7511	-148.2527	0	0	0	0	0	0	21	0.01	
1	637	-0.4523919	2.11E-07	614.314	-0.001831083	5	165	0	19.95262	-0.007270963	-0.006796257	6.77E-06	-4.59E-05	122.0715	-176.4975	0	0	0	0	0	0	21	0.01	
1	638	-0.4523919	2.11E-07	614.785	-0.001525902	5	165	0	15.84893	0.005140078	0.008584367	-1.67E-05	3.63E-05	141.1149	-206.3908	0	0	0	0	0	0	21	0.01	
1	639	-0.4523919	2.11E-07	615.307	-0.001525902	5	165	0	12.58925	0.009358535	-0.003548763	2.79E-05	1.97E-05	163.5926	-243.2494	0	0	0	0	0	0	21	0.01	
1	640	-0.4523919	2.11E-07	615.903	-0.001525902	5	229	0	10	0.007038727	0.00708942	-5.54E-06	2.86E-05	193.0341	-283.5568	0	0	0	0	0	0	21	0.01	
1	641	-0.4523919	2.11E-07	616.591	-0.001525902	5	229	0	7.943282	0.006786925	-0.007329241	2.47E-05	3.49E-06	228.3298	-329.2162	0	0	0	0	0	0	21	0.01	
1	642	-0.4523919	2.11E-07	617.401	-0.001525902	5	229	0	6.309574	0.000318609	0.009986072	-1.70E-05	1.30E-05	271.7918	-379.5428	0	0	0	0	0	0	21	0.01	
1	643	-0.4523919	2.11E-07	619.696	-0.001525902	6	102	0	5.011872	0.009347375	-0.003530093	1.55E-05	9.92E-06	324.3907	-434.5644	0	0	0	0	0	0	21	0.01	
1	644	-0.4523919	2.11E-07	620.842	-0.001525902	6	102	0	3.981072	0.004444688	-0.008949441	1.56E-05	-3.26E-06	389.0834	-493.8187	0	0	0	0	0	0	21	0.01	
1	645	-0.4523919	2.11E-07	622.226	-0.001831083	6	166	0	3.162278	-0.009816225	-0.001857601	-6.74E-06	-1.20E-05	465.5107	-555.0747	0	0	0	0	0	0	21	0.01	
1	646	-0.4523919	2.11E-07	623.903	-0.001831083	6	166	0	2.511886	0.008627401	0.005040983	2.45E-06	1.18E-05	555.8895	-616.6097	0	0	0	0	0	0	21	0.01	
1	647	-0.4523919	2.11E-07	625.945	-0.001525902	6	166	0	1.995262	-0.009889774	-0.001415885	-6.25E-06	-8.55E-06	659.2031	-674.8079	0	0	0	0	0	0	21	0.01	
1	648	-0.4523919	2.11E-07	628.457	-0.001525902	6	166	0	1.584893	0.006887108	-0.007241417	9.36E-06	-5.50E-07	778.5953	-727.9018	0	0	0	0	0	0	21	0.01	
1	649	-0.4523919	2.11E-07	631.558	-0.001831083	6	166	0	1.258925	0.005802691	0.008133332	-7.06E-07	8.34E-06	909.5237	-772.514	0	0	0	0	0	0	21	0.01	
1	650	-0.4523919	2.11E-07	635.47	-0.001525902	6	166	0	1	-0.009631931	0.002654177	-7.02E-06	-2.86E-06	1044.277	-803.7571	0	0	0	0	0	0	21	0.01	
1	651	-0.4523919	2.11E-07	640.304	-0.001525902	6	166	0	0.7943282	-0.002796271	-0.009593971	2.17E-06	-6.55E-06	1192.78	-822.0311	0	0	0	0	0	0	21	0.01	
1	652	-0.4523919	2.11E-07	646.298	-0.001831083	6	166	0	0.6309574	0.008104765	-0.005840146	6.31E-06	-4.59E-07	1344.844	-827.831	0	0	0	0	0	0	21	0.01	
1	653	-0.4523919	2.11E-07	653.76	-0.001831083	6	166	0	0.5011872	0.009336567	0.003563325	3.80E-06	4.46E-06	1495.97	-819.0992	0	0	0	0	0	0	21	0.01	
1	654	-0.4523919	2.11E-07	663.067	-0.001831083	6	166	0	0.3981072	0.004025108	0.009144393	-2.02E-07	5.47E-06	1642.137	-796.3231	0	0	0	0	0	0	21	0.01	
1	655	-0.4523919	2.11E-07	674.697	-0.001525902	6	166	0	0.3162278	-0.002195771	0.009746705	-3.03E-06	4.18E-06	1779.471	-762.3295	0	0	0	0	0	0	21	0.01	
1	656	-0.4523919	2.11E-07	689.238	-0.001831083	6	166	0	0.2511886	-0.006615733	0.007490311	-4.34E-06	2.29E-06	1904.483	-720.1034	0	0	0	0	0	0	21	0.01	
1	657	-0.4523919	2.11E-07	707.463	-0.001831083	6	166	0	0.1995262	-0.009021844	0.004294741	-4.66E-06	5.78E-07	2019.339	-671.0187	0	0	0	0	0	0	21	0.01	
1	658	-0.4523919	2.11E-07	730.316	-0.001831083	6	166	0	0.1584893	-0.009919713	0.001196103	-4.46E-06	-7.43E-07	2119.302	-620.7662	0	0	0	0	0	0	21	0.01	
1	659	-0.4523919	2.11E-07	759	-0.001525902	6	166	0	0.1258925	-0.009891072	-0.001412471	-4.05E-06	-1.68E-06	2209.406	-566.7348	0	0	0	0	0	0	21	0.01	
1	660	-0.4523919	2.11E-07	795.424	-0.001831083	6	166	0	0.1	-0.008484272	-0.005280926	-3.03E-06	-3.00E-06	2286.185	-516.5329	0	0	0	0	0	0	21	0.01	
1	661	-0.4523919	2.11E-07	841.088	-0.001831083	6	166	0	0.07943282	-0.006203654	-0.007831769	-1.92E-06	-3.71E-06	2350.102	-458.0269	0	0	0	0	0	0	21	0.01	
1	662	-0.4523919	2.11E-07	898.379	-0.001831083	6	166	0	0.06309573	-0.003830629	-0.009233238	-9.09E-07	-3.99E-06	2410.084	-411.3426	0	0	0	0	0	0	21	0.01	
1	663	-0.4523919	2.11E-07	970.314	-0.001525902	6	166	0	0.05011872	-0.001696678	-0.009847401	-8.81E-08	-4.02E-06	2458.319	-368.2785	0	0	0	0	0	0	21	0.01	
1	664	-0.4523919	2.11E-07	1060.677	-0.001831083	6	166	0	0.03981072	9.87E-05	-0.009993799	5.48E-07	-3.91E-06	2508.81	-326.1715	0	0	0	0	0	0	21	0.01	
1	665	-0.4523919	2.11E-07	1174.243	-0.001525902	6	166	0	0.03162277	0.001565135	-0.009872255	1.04E-06	-3.74E-06	2555.972	-290.4617	0	0	0	0	0	0	21	0.01	
1	666	-0.4523919	2.11E-07	1317.024	-0.001831083	6	166	0	0.02511887	0.002740956	-0.009611419	1.41E-06	-3.56E-06	2599.946	-257.4988	0	0	0	0	0	0	21	0.01	
1	667	-0.4523919	2.11E-07	1496.581	-0.001525902	6	166	0	0.01995262	0.003679169	-0.009290698	1.69E-06	-3.38E-06	2633.384	-229.2618	0	0	0	0	0	0	21	0.01	
1	668	-0.4523919	2.11E-07	1722.444	-0.001525902	6	166	0	0.01584893	0.004440278	-0.008954103	1.88E-06	-3.21E-06	2677.807	-188.1793	0	0	0	0	0	0	21	0.01	
1	669	-0.4523919	2.11E-07	2006.593	-0.001831083	6	166	0	0.01258925	0.005055096	-0.008619747	2.07E-06	-3.04E-06	2709.046	-184.0117	0	0	0	0	0	0	21	0.01	
1	670	-0.4523919	2.11E-07	2364.622	-0.001831083	6	166	0	0.01	0.005693961	-0.008205459	2.24E-06	-2.86E-06	2746.903	-159.402	0	0	0	0	0	0	21	0.01	
																								
2	671	-1.301048	-0.000200991	2365.622	-0.001525902	6	518	-1.452392	0	0	0	0	0	0	0	0	0	0	0	0	0	54	0	
2	672	-1.449494	-0.002009908	2366.622	-0.001525902	5	517	-1.451892	0	0	0	0	0	0	0	0	0	0	0	0	0	54	0	
2	673	-1.448881	-0.002192338	2367.622	-0.001525902	4	4	-1.451392	0	0	0	0	0	0	0	0	0	0	0	0	0	54	0	
2	674	-1.448574	-0.002103393	2368.622	-0.001525902	4	4	-1.450892	0	0	0	0	0	0	0	0	0	0	0	0	0	54	0	
2	675	-1.44796	-0.002037144	2369.622	-0.001525902	4	4	-1.450392	0	0	0	0	0	0	0	0	0	0	0	0	0	54	0	
2	676	-1.447654	-0.001983777	2370.622	-0.001525902	4	4	-1.449892	0	0	0	0	0	0	0	0	0	0	0	0	0	54	0	
2	677	-1.44704	-0.001938998	2371.622	-0.001525902	4	4	-1.449392	0	0	0	0	0	0	0	0	0	0	0	0	0	54	0	
2	678	-1.446427	-0.001899126	2372.622	-0.001525902	4	4	-1.448892	0	0	0	0	0	0	0	0	0	0	0	0	0	54	0	
2	679	-1.445814	-0.001864162	2373.622	-0.001525902	4	4	-1.448392	0	0	0	0	0	0	0	0	0	0	0	0	0	54	0	
2	680	-1.445507	-0.001832878	2374.622	-0.001525902	4	4	-1.447892	0	0	0	0	0	0	0	0	0	0	0	0	0	54	0	
2	681	-1.4452	-0.001804047	2375.622	-0.001525902	4	4	-1.447392	0	0	0	0	0	0	0	0	0	0	0	0	0	54	0	
2	682	-1.444587	-0.001777671	2376.622	-0.001525902	4	4	-1.446892	0	0	0	0	0	0	0	0	0	0	0	0	0	54	0	
2	683	-1.443973	-0.001754361	2377.622	-0.001525902	4	4	-1.446392	0	0	0	0	0	0	0	0	0	0	0	0	0	54	0	
2	684	-1.443667	-0.001731665	2378.622	-0.001525902	4	4	-1.445892	0	0	0	0	0	0	0	0	0	0	0	0	0	54	0	
2	685	-1.443053	-0.001710809	2379.622	-0.001525902	4	4	-1.445392	0	0	0	0	0	0	0	0	0	0	0	0	0	54	0	
2	686	-1.442746	-0.00169118	2380.622	-0.001525902	4	4	-1.444892	0	0	0	0	0	0	0	0	0	0	0	0	0	54	0	
2	687	-1.442133	-0.001672777	2381.622	-0.001525902	4	4	-1.444392	0	0	0	0	0	0	0	0	0	0	0	0	0	54	0	
2	688	-1.44152	-0.001656215	2382.622	-0.001525902	4	4	-1.443892	0	0	0	0	0	0	0	0	0	0	0	0	0	54	0	
2	689	-1.441213	-0.001639039	2383.622	-0.001525902	4	4	-1.443392	0	0	0	0	0	0	0	0	0	0	0	0	0	54	0	
2	690	-1.4406	-0.001622477	2384.622	-0.001525902	4	4	-1.442892	0	0	0	0	0	0	0	0	0	0	0	0	0	54	0	
2	691	-1.439986	-0.001608369	2385.622	-0.001525902	4	4	-1.442392	0	0	0	0	0	0	0	0	0	0	0	0	0	54	0	
2	692	-1.439679	-0.001593647	2386.622	-0.001525902	4	4	-1.441892	0	0	0	0	0	0	0	0	0	0	0	0	0	54	0	
2	693	-1.439066	-0.001579538	2387.622	-0.001525902	4	4	-1.441392	0	0	0	0	0	0	0	0	0	0	0	0	0	54	0	
2	694	-1.438453	-0.001566657	2388.622	-0.001525902	4	4	-1.440892	0	0	0	0	0	0	0	0	0	0	0	0	0	54	0	
2	695	-1.438146	-0.001553775	2389.622	-0.001525902	4	4	-1.440392	0	0	0	0	0	0	0	0	0	0	0	0	0	54	0	
2	696	-1.437532	-0.00154212	2390.622	-0.001525902	4	4	-1.439892	0	0	0	0	0	0	0	0	0	0	0	0	0	54	0	
2	697	-1.437226	-0.001529852	2391.622	-0.001525902	4	4	-1.439392	0	0	0	0	0	0	0	0	0	0	0	0	0	54	0	
2	698	-1.436612	-0.00151697	2392.622	-0.001525902	4	4	-1.438892	0	0	0	0	0	0	0	0	0	0	0	0	0	54	0	
2	699	-1.436306	-0.001505316	2393.622	-0.001525902	4	4	-1.438392	0	0	0	0	0	0	0	0	0	0	0	0	0	54	0	
2	700	-1.435692	-0.001494274	2394.622	-0.001525902	4	4	-1.437892	0	0	0	0	0	0	0	0	0	0	0	0	0	54	0	
2	701	-1.435079	-0.001483846	2395.622	-0.001525902	4	4	-1.437392	0	0	0	0	0	0	0	0	0	0	0	0	0	54	0	
2	702	-1.434772	-0.001472805	2396.622	-0.001525902	4	4	-1.436892	0	0	0	0	0	0	0	0	0	0	0	0	0	54	0	
2	703	-1.434159	-0.001461763	2397.622	-0.001525902	4	4	-1.436392	0	0	0	0	0	0	0	0	0	0	0	0	0	54	0	
2	704	-1.433545	-0.001451949	2398.622	-0.001525902	4	4	-1.435892	0	0	0	0	0	0	0	0	0	0	0	0	0	54	0	
2	705	-1.433239	-0.001442134	2399.622	-0.001525902	4	4	-1.435392	0	0	0	0	0	0	0	0	0	0	0	0	0	54	0	
2	706	-1.432625	-0.001432933	2400.622	-0.001525902	4	4	-1.434892	0	0	0	0	0	0	0	0	0	0	0	0	0	54	0	
2	707	-1.432318	-0.001423118	2401.622	-0.001525902	4	4	-1.434392	0	0	0	0	0	0	0	0	0	0	0	0	0	54	0	
2	708	-1.431705	-0.001415144	2402.622	-0.001525902	4	4	-1.433892	0	0	0	0	0	0	0	0	0	0	0	0	0	54	0	
2	709	-1.431092	-0.001405943	2403.622	-0.001525902	4	4	-1.433392	0	0	0	0	0	0	0	0	0	0	0	0	0	54	0	
2	710	-1.430785	-0.001392631	2404.622	-0.001525902	5	5	-1.432892	0	0	0	0	0	0	0	0	0	0	0	0	0	54	0	
2	711	-1.430171	-0.001383	2405.622	-0.001525902	5	5	-1.432392	0	0	0	0	0	0	0	0	0	0	0	0	0	54	0	
2	712	-1.429558	-0.00137478	2406.622	-0.001525902	5	5	-1.431892	0	0	0	0	0	0	0	0	0	0	0	0	0	54	0	
2	713	-1.429251	-0.001368953	2407.622	-0.001525902	5	5	-1.431392	0	0	0	0	0	0	0	0	0	0	0	0	0	54	0	
2	714	-1.428638	-0.001361163	2408.622	-0.001525902	5	5	-1.430892	0	0	0	0	0	0	0	0	0	0	0	0	0	54	0	
2	715	-1.428331	-0.001352452	2409.622	-0.001525902	5	5	-1.430392	0	0	0	0	0	0	0	0	0	0	0	0	0	54	0	
2	716	-1.427718	-0.00134276	2410.622	-0.001525902	5	5	-1.429892	0	0	0	0	0	0	0	0	0	0	0	0	0	54	0	
2	717	-1.427104	-0.001334234	2411.622	-0.001525902	5	5	-1.429392	0	0	0	0	0	0	0	0	0	0	0	0	0	54	0	
2	718	-1.426798	-0.00132583	2412.622	-0.001525902	5	5	-1.428892	0	0	0	0	0	0	0	0	0	0	0	0	0	54	0	
2	719	-1.426184	-0.001322027	2413.622	-0.001525902	5	5	-1.428392	0	0	0	0	0	0	0	0	0	0	0	0	0	54	0	
2	720	-1.425878	-0.001313991	2414.622	-0.001525902	5	5	-1.427892	0	0	0	0	0	0	0	0	0	0	0	0	0	54	0	
2	721	-1.425264	-0.001305097	2415.622	-0.001525902	5	5	-1.427392	0	0	0	0	0	0	0	0	0	0	0	0	0	54	0	
2	722	-1.424651	-0.001297797	2416.622	-0.001525902	5	5	-1.426892	0	0	0	0	0	0	0	0	0	0	0	0	0	54	0	
2	723	-1.424344	-0.001290497	2417.622	-0.001525902	5	5	-1.426392	0	0	0	0	0	0	0	0	0	0	0	0	0	54	0	
2	724	-1.423731	-0.0012824	2418.622	-0.001525902	5	5	-1.425892	0	0	0	0	0	0	0	0	0	0	0	0	0	54	0	
2	725	-1.423117	-0.001274978	2419.622	-0.001525902	5	5	-1.425392	0	0	0	0	0	0	0	0	0	0	0	0	0	54	0	
2	726	-1.422811	-0.001268108	2420.622	-0.001525902	5	5	-1.424892	0	0	0	0	0	0	0	0	0	0	0	0	0	54	0	
2	727	-1.422197	-0.001261606	2421.622	-0.001525902	5	5	-1.424392	0	0	0	0	0	0	0	0	0	0	0	0	0	54	0	
2	728	-1.421584	-0.00125541	2422.622	-0.001525902	5	5	-1.423892	0	0	0	0	0	0	0	0	0	0	0	0	0	54	0	
2	729	-1.421277	-0.001248479	2423.622	-0.001525902	5	5	-1.423392	0	0	0	0	0	0	0	0	0	0	0	0	0	54	0	
2	730	-1.420664	-0.001252405	2424.622	-0.001525902	5	5	-1.422892	0	0	0	0	0	0	0	0	0	0	0	0	0	54	0	
2	731	-1.420357	-0.001247743	2425.622	-0.001525902	5	5	-1.422392	0	0	0	0	0	0	0	0	0	0	0	0	0	54	0	
2	732	-1.419743	-0.001240995	2426.622	-0.001525902	5	5	-1.421892	0	0	0	0	0	0	0	0	0	0	0	0	0	54	0	
2	733	-1.419437	-0.001234064	2427.622	-0.001525902	5	5	-1.421392	0	0	0	0	0	0	0	0	0	0	0	0	0	54	0	
2	734	-1.418823	-0.001226887	2428.622	-0.001525902	5	5	-1.420892	0	0	0	0	0	0	0	0	0	0	0	0	0	54	0	
2	735	-1.41821	-0.001220078	2429.622	-0.001525902	5	5	-1.420392	0	0	0	0	0	0	0	0	0	0	0	0	0	54	0	
2	736	-1.417903	-0.001213207	2430.622	-0.001525902	5	5	-1.419892	0	0	0	0	0	0	0	0	0	0	0	0	0	54	0	
2	737	-1.41729	-0.001206889	2431.622	-0.001525902	5	5	-1.419392	0	0	0	0	0	0	0	0	0	0	0	0	0	54	0	
2	738	-1.416676	-0.00120051	2432.622	-0.001525902	5	5	-1.418892	0	0	0	0	0	0	0	0	0	0	0	0	0	54	0	
2	739	-1.41637	-0.001194192	2433.622	-0.001525902	5	5	-1.418392	0	0	0	0	0	0	0	0	0	0	0	0	0	54	0	
2	740	-1.415756	-0.001187076	2434.622	-0.001525902	5	5	-1.417892	0	0	0	0	0	0	0	0	0	0	0	0	0	54	0	
2	741	-1.415143	-0.001179838	2435.622	-0.001525902	5	5	-1.417392	0	0	0	0	0	0	0	0	0	0	0	0	0	54	0	
2	742	-1.414836	-0.0011726	2436.622	-0.001525902	5	5	-1.416892	0	0	0	0	0	0	0	0	0	0	0	0	0	54	0	
2	743	-1.414223	-0.001165668	2437.622	-0.001525902	5	5	-1.416392	0	0	0	0	0	0	0	0	0	0	0	0	0	54	0	
2	744	-1.413609	-0.00115892	2438.622	-0.001525902	5	5	-1.415892	0	0	0	0	0	0	0	0	0	0	0	0	0	54	0	
2	745	-1.413303	-0.00115248	2439.622	-0.001525902	5	5	-1.415392	0	0	0	0	0	0	0	0	0	0	0	0	0	54	0	
2	746	-1.412689	-0.001149597	2440.622	-0.001525902	5	5	-1.414892	0	0	0	0	0	0	0	0	0	0	0	0	0	54	0	
2	747	-1.412382	-0.001144873	2441.622	-0.001525902	5	5	-1.414392	0	0	0	0	0	0	0	0	0	0	0	0	0	54	0	
2	748	-1.411769	-0.001139046	2442.622	-0.001525902	5	5	-1.413892	0	0	0	0	0	0	0	0	0	0	0	0	0	54	0	
2	749	-1.411156	-0.001130765	2443.622	-0.001525902	5	5	-1.413392	0	0	0	0	0	0	0	0	0	0	0	0	0	54	0	
2	750	-1.410849	-0.001124385	2444.622	-0.001525902	5	5	-1.412892	0	0	0	0	0	0	0	0	0	0	0	0	0	54	0	
2	751	-1.410236	-0.001119049	2445.622	-0.001525902	5	5	-1.412392	0	0	0	0	0	0	0	0	0	0	0	0	0	54	0	
2	752	-1.409622	-0.001113957	2446.622	-0.001525902	5	5	-1.411892	0	0	0	0	0	0	0	0	0	0	0	0	0	54	0	
2	753	-1.409315	-0.001108007	2447.622	-0.001525902	5	5	-1.411392	0	0	0	0	0	0	0	0	0	0	0	0	0	54	0	
2	754	-1.408702	-0.001102855	2448.622	-0.001525902	5	5	-1.410892	0	0	0	0	0	0	0	0	0	0	0	0	0	54	0	
2	755	-1.408395	-0.00109899	2449.622	-0.001525902	5	5	-1.410392	0	0	0	0	0	0	0	0	0	0	0	0	0	54	0	
2	756	-1.407782	-0.001093592	2450.622	-0.001525902	5	5	-1.409892	0	0	0	0	0	0	0	0	0	0	0	0	0	54	0	
2	757	-1.407169	-0.001086661	2451.622	-0.001525902	5	5	-1.409392	0	0	0	0	0	0	0	0	0	0	0	0	0	54	0	
2	758	-1.406862	-0.001080465	2452.622	-0.001525902	5	5	-1.408892	0	0	0	0	0	0	0	0	0	0	0	0	0	54	0	
2	759	-1.406248	-0.001075435	2453.622	-0.001525902	5	5	-1.408392	0	0	0	0	0	0	0	0	0	0	0	0	0	54	0	
2	760	-1.405942	-0.001070528	2454.622	-0.001525902	5	5	-1.407892	0	0	0	0	0	0	0	0	0	0	0	0	0	54	0	
2	761	-1.405328	-0.001064884	2455.622	-0.001525902	5	5	-1.407392	0	0	0	0	0	0	0	0	0	0	0	0	0	54	0	
2	762	-1.405022	-0.001061265	2456.622	-0.001525902	5	5	-1.406892	0	0	0	0	0	0	0	0	0	0	0	0	0	54	0	
2	763	-1.404408	-0.001054947	2457.622	-0.001525902	5	5	-1.406392	0	0	0	0	0	0	0	0	0	0	0	0	0	54	0	
2	764	-1.403795	-0.001048997	2458.622	-0.001525902	5	5	-1.405892	0	0	0	0	0	0	0	0	0	0	0	0	0	54	0	
2	765	-1.403181	-0.001057462	2459.622	-0.001525902	5	5	-1.405392	0	0	0	0	0	0	0	0	0	0	0	0	0	54	0	
2	766	-1.402875	-0.00105372	2460.622	-0.001525902	5	5	-1.404892	0	0	0	0	0	0	0	0	0	0	0	0	0	54	0	
2	767	-1.402261	-0.001048138	2461.622	-0.001525902	5	5	-1.404392	0	0	0	0	0	0	0	0	0	0	0	0	0	54	0	
2	768	-1.401648	-0.001042433	2462.622	-0.001525902	5	5	-1.403892	0	0	0	0	0	0	0	0	0	0	0	0	0	54	0	
2	769	-1.401341	-0.001039121	2463.622	-0.001525902	5	5	-1.403392	0	0	0	0	0	0	0	0	0	0	0	0	0	54	0	
2	770	-1.400728	-0.001033846	2464.622	-0.001525902	5	5	-1.402892	0	0	0	0	0	0	0	0	0	0	0	0	0	54	0	
2	771	-1.400421	-0.001027527	2465.622	-0.001525902	5	5	-1.402392	0	0	0	0	0	0	0	0	0	0	0	0	0	54	0	
2	772	-1.399808	-0.001021577	2466.622	-0.001525902	5	5	-1.401892	0	0	0	0	0	0	0	0	0	0	0	0	0	54	0	
2	773	-1.399194	-0.001015443	2467.622	-0.001525902	5	5	-1.401392	0	0	0	0	0	0	0	0	0	0	0	0	0	54	0	
2	774	-1.398887	-0.001010843	2468.622	-0.001525902	5	5	-1.400892	0	0	0	0	0	0	0	0	0	0	0	0	0	54	0	
2	775	-1.398274	-0.001005322	2469.622	-0.001525902	5	5	-1.400392	0	0	0	0	0	0	0	0	0	0	0	0	0	54	0	
2	776	-1.397967	-0.000999801	2470.622	-0.001525902	5	5	-1.399892	0	0	0	0	0	0	0	0	0	0	0	0	0	54	0	
2	777	-1.397354	-0.000996489	2471.622	-0.001525902	5	5	-1.399392	0	0	0	0	0	0	0	0	0	0	0	0	0	54	0	
2	778	-1.396741	-0.000991643	2472.622	-0.001525902	5	5	-1.398892	0	0	0	0	0	0	0	0	0	0	0	0	0	54	0	
2	779	-1.396434	-0.000986613	2473.622	-0.001525902	5	5	-1.398392	0	0	0	0	0	0	0	0	0	0	0	0	0	54	0	
2	780	-1.39582	-0.000981092	2474.622	-0.001525902	5	5	-1.397892	0	0	0	0	0	0	0	0	0	0	0	0	0	54	0	
2	781	-1.395207	-0.000976492	2475.622	-0.001525902	5	5	-1.397392	0	0	0	0	0	0	0	0	0	0	0	0	0	54	0	
2	782	-1.3949	-0.000972566	2476.622	-0.001525902	5	5	-1.396892	0	0	0	0	0	0	0	0	0	0	0	0	0	54	0	
2	783	-1.394287	-0.000967965	2477.622	-0.001525902	5	5	-1.396392	0	0	0	0	0	0	0	0	0	0	0	0	0	54	0	
2	784	-1.39398	-0.000965082	2478.622	-0.001525902	5	5	-1.395892	0	0	0	0	0	0	0	0	0	0	0	0	0	54	0	
2	785	-1.393367	-0.000959929	2479.622	-0.001525902	5	5	-1.395392	0	0	0	0	0	0	0	0	0	0	0	0	0	54	0	
2	786	-1.392753	-0.000955758	2480.622	-0.001525902	5	5	-1.394892	0	0	0	0	0	0	0	0	0	0	0	0	0	54	0	
2	787	-1.392447	-0.000951403	2481.622	-0.001525902	5	5	-1.394392	0	0	0	0	0	0	0	0	0	0	0	0	0	54	0	
2	788	-1.391833	-0.000946864	2482.622	-0.001525902	5	5	-1.393892	0	0	0	0	0	0	0	0	0	0	0	0	0	54	0	
2	789	-1.391526	-0.000942263	2483.622	-0.001525902	5	5	-1.393392	0	0	0	0	0	0	0	0	0	0	0	0	0	54	0	
2	790	-1.390913	-0.000938031	2484.622	-0.001525902	5	5	-1.392892	0	0	0	0	0	0	0	0	0	0	0	0	0	54	0	
2	791	-1.3903	-0.000933307	2485.622	-0.001525902	5	5	-1.392392	0	0	0	0	0	0	0	0	0	0	0	0	0	54	0	
2	792	-1.389993	-0.000928707	2486.622	-0.001525902	5	5	-1.391892	0	0	0	0	0	0	0	0	0	0	0	0	0	54	0	
2	793	-1.38938	-0.000924168	2487.622	-0.001525902	5	5	-1.391392	0	0	0	0	0	0	0	0	0	0	0	0	0	54	0	
2	794	-1.388766	-0.000920794	2488.622	-0.001525902	5	5	-1.390892	0	0	0	0	0	0	0	0	0	0	0	0	0	54	0	
2	795	-1.388459	-0.000917543	2489.622	-0.001525902	5	5	-1.390392	0	0	0	0	0	0	0	0	0	0	0	0	0	54	0	
2	796	-1.387846	-0.000912819	2490.622	-0.001525902	5	5	-1.389892	0	0	0	0	0	0	0	0	0	0	0	0	0	54	0	
2	797	-1.387233	-0.000908035	2491.622	-0.001525902	5	5	-1.389392	0	0	0	0	0	0	0	0	0	0	0	0	0	54	0	
2	798	-1.386926	-0.000902821	2492.622	-0.001525902	5	5	-1.388892	0	0	0	0	0	0	0	0	0	0	0	0	0	54	0	
2	799	-1.386312	-0.000899018	2493.622	-0.001525902	5	5	-1.388392	0	0	0	0	0	0	0	0	0	0	0	0	0	54	0	
2	800	-1.386006	-0.000905397	2494.622	-0.001525902	5	5	-1.387892	0	0	0	0	0	0	0	0	0	0	0	0	0	54	0	
2	801	-1.385392	-0.000901287	2495.622	-0.001525902	5	5	-1.387392	0	0	0	0	0	0	0	0	0	0	0	0	0	54	0	
2	802	-1.384779	-0.000897545	2496.622	-0.001525902	5	5	-1.386892	0	0	0	0	0	0	0	0	0	0	0	0	0	54	0	
2	803	-1.384472	-0.000892945	2497.622	-0.001525902	5	5	-1.386392	0	0	0	0	0	0	0	0	0	0	0	0	0	54	0	
2	804	-1.383859	-0.000888467	2498.622	-0.001525902	5	5	-1.385892	0	0	0	0	0	0	0	0	0	0	0	0	0	54	0	
2	805	-1.383245	-0.000884602	2499.622	-0.001525902	5	5	-1.385392	0	0	0	0	0	0	0	0	0	0	0	0	0	54	0	
2	806	-1.382939	-0.000880431	2500.622	-0.001525902	5	5	-1.384892	0	0	0	0	0	0	0	0	0	0	0	0	0	54	0	
2	807	-1.382325	-0.000876321	2501.622	-0.001525902	5	5	-1.384392	0	0	0	0	0	0	0	0	0	0	0	0	0	54	0	
2	808	-1.382019	-0.000872518	2502.622	-0.001525902	5	5	-1.383892	0	0	0	0	0	0	0	0	0	0	0	0	0	54	0	
2	809	-1.381405	-0.000868286	2503.622	-0.001525902	5	5	-1.383392	0	0	0	0	0	0	0	0	0	0	0	0	0	54	0	
2	810	-1.381099	-0.000864298	2504.622	-0.001525902	5	5	-1.382892	0	0	0	0	0	0	0	0	0	0	0	0	0	54	0	
2	811	-1.380485	-0.000859207	2505.622	-0.001525902	5	5	-1.382392	0	0	0	0	0	0	0	0	0	0	0	0	0	54	0	
2	812	-1.379872	-0.000854484	2506.622	-0.001525902	5	5	-1.381892	0	0	0	0	0	0	0	0	0	0	0	0	0	54	0	
2	813	-1.379258	-0.000850558	2507.622	-0.001525902	5	5	-1.381392	0	0	0	0	0	0	0	0	0	0	0	0	0	54	0	
2	814	-1.378952	-0.000845651	2508.622	-0.001525902	5	5	-1.380892	0	0	0	0	0	0	0	0	0	0	0	0	0	54	0	
2	815	-1.378338	-0.000841234	2509.622	-0.001525902	5	5	-1.380392	0	0	0	0	0	0	0	0	0	0	0	0	0	54	0	
2	816	-1.378031	-0.000838842	2510.622	-0.001525902	5	5	-1.379892	0	0	0	0	0	0	0	0	0	0	0	0	0	54	0	
2	817	-1.377418	-0.000837063	2511.622	-0.001525902	5	5	-1.379392	0	0	0	0	0	0	0	0	0	0	0	0	0	54	0	
2	818	-1.376805	-0.000834364	2512.622	-0.001525902	5	5	-1.378892	0	0	0	0	0	0	0	0	0	0	0	0	0	54	0	
2	819	-1.376498	-0.000832769	2513.622	-0.001525902	5	5	-1.378392	0	0	0	0	0	0	0	0	0	0	0	0	0	54	0	
2	820	-1.375884	-0.000830438	2514.622	-0.001525902	5	5	-1.377892	0	0	0	0	0	0	0	0	0	0	0	0	0	54	0	
2	821	-1.375271	-0.000827003	2515.622	-0.001525902	5	5	-1.377392	0	0	0	0	0	0	0	0	0	0	0	0	0	54	0	
2	822	-1.374964	-0.000824059	2516.622	-0.001525902	5	5	-1.376892	0	0	0	0	0	0	0	0	0	0	0	0	0	54	0	
2	823	-1.374351	-0.000821789	2517.622	-0.001525902	5	5	-1.376392	0	0	0	0	0	0	0	0	0	0	0	0	0	54	0	
2	824	-1.374044	-0.00082093	2518.622	-0.001525902	5	5	-1.375892	0	0	0	0	0	0	0	0	0	0	0	0	0	54	0	
2	825	-1.373431	-0.000818415	2519.622	-0.001525902	5	5	-1.375392	0	0	0	0	0	0	0	0	0	0	0	0	0	54	0	
2	826	-1.373124	-0.000815532	2520.622	-0.001525902	5	5	-1.374892	0	0	0	0	0	0	0	0	0	0	0	0	0	54	0	
2	827	-1.372204	-0.000813692	2521.622	-0.001525902	5	5	-1.374392	0	0	0	0	0	0	0	0	0	0	0	0	0	54	0	
2	828	-1.371897	-0.000811054	2522.622	-0.001525902	5	5	-1.373892	0	0	0	0	0	0	0	0	0	0	0	0	0	54	0	
2	829	-1.371591	-0.000809091	2523.622	-0.001525902	5	5	-1.373392	0	0	0	0	0	0	0	0	0	0	0	0	0	54	0	
2	830	-1.370977	-0.000807251	2524.622	-0.001525902	5	5	-1.372892	0	0	0	0	0	0	0	0	0	0	0	0	0	54	0	
2	831	-1.370364	-0.000804675	2525.622	-0.001525902	5	5	-1.372392	0	0	0	0	0	0	0	0	0	0	0	0	0	54	0	
2	832	-1.370057	-0.000801669	2526.622	-0.001525902	5	5	-1.371892	0	0	0	0	0	0	0	0	0	0	0	0	0	54	0	
2	833	-1.369444	-0.000798847	2527.622	-0.001525902	5	5	-1.371392	0	0	0	0	0	0	0	0	0	0	0	0	0	54	0	
2	834	-1.36883	-0.000795228	2528.622	-0.001525902	5	5	-1.370892	0	0	0	0	0	0	0	0	0	0	0	0	0	54	0	
2	835	-1.368523	-0.000791486	2529.622	-0.001525902	5	5	-1.370392	0	0	0	0	0	0	0	0	0	0	0	0	0	54	0	
2	836	-1.36791	-0.000788235	2530.622	-0.001525902	5	5	-1.369892	0	0	0	0	0	0	0	0	0	0	0	0	0	54	0	
2	837	-1.367297	-0.000785046	2531.622	-0.001525902	5	5	-1.369392	0	0	0	0	0	0	0	0	0	0	0	0	0	54	0	
2	838	-1.36699	-0.000781242	2532.622	-0.001525902	5	5	-1.368892	0	0	0	0	0	0	0	0	0	0	0	0	0	54	0	
2	839	-1.366377	-0.00077701	2533.622	-0.001525902	5	5	-1.368392	0	0	0	0	0	0	0	0	0	0	0	0	0	54	0	
2	840	-1.36607	-0.000773023	2534.622	-0.001525902	5	5	-1.367892	0	0	0	0	0	0	0	0	0	0	0	0	0	54	0	
2	841	-1.365456	-0.000769404	2535.622	-0.001525902	5	5	-1.367392	0	0	0	0	0	0	0	0	0	0	0	0	0	54	0	
2	842	-1.364843	-0.000766091	2536.622	-0.001525902	5	5	-1.366892	0	0	0	0	0	0	0	0	0	0	0	0	0	54	0	
2	843	-1.364536	-0.000761859	2537.622	-0.001525902	5	5	-1.366392	0	0	0	0	0	0	0	0	0	0	0	0	0	54	0	
2	844	-1.363923	-0.000756461	2538.622	-0.001525902	5	5	-1.365892	0	0	0	0	0	0	0	0	0	0	0	0	0	54	0	
2	845	-1.36331	-0.000752351	2539.622	-0.001525902	5	5	-1.365392	0	0	0	0	0	0	0	0	0	0	0	0	0	54	0	
2	846	-1.363003	-0.0007491	2540.622	-0.001525902	5	5	-1.364892	0	0	0	0	0	0	0	0	0	0	0	0	0	54	0	
2	847	-1.362389	-0.000744867	2541.622	-0.001525902	5	5	-1.364392	0	0	0	0	0	0	0	0	0	0	0	0	0	54	0	
2	848	-1.362083	-0.000739898	2542.622	-0.001525902	5	5	-1.363892	0	0	0	0	0	0	0	0	0	0	0	0	0	54	0	
2	849	-1.361469	-0.00073542	2543.622	-0.001525902	5	5	-1.363392	0	0	0	0	0	0	0	0	0	0	0	0	0	54	0	
2	850	-1.360856	-0.00073082	2544.622	-0.001525902	5	5	-1.362892	0	0	0	0	0	0	0	0	0	0	0	0	0	54	0	
2	851	-1.360549	-0.000726894	2545.622	-0.001525902	5	5	-1.362392	0	0	0	0	0	0	0	0	0	0	0	0	0	54	0	
2	852	-1.359936	-0.000729102	2546.622	-0.001525902	5	5	-1.361892	0	0	0	0	0	0	0	0	0	0	0	0	0	54	0	
2	853	-1.359322	-0.00072536	2547.622	-0.001525902	5	5	-1.361392	0	0	0	0	0	0	0	0	0	0	0	0	0	54	0	
2	854	-1.359016	-0.000722355	2548.622	-0.001525902	5	5	-1.360892	0	0	0	0	0	0	0	0	0	0	0	0	0	54	0	
2	855	-1.358402	-0.000719042	2549.622	-0.001525902	5	5	-1.360392	0	0	0	0	0	0	0	0	0	0	0	0	0	54	0	
2	856	-1.358096	-0.000714932	2550.622	-0.001525902	5	5	-1.359892	0	0	0	0	0	0	0	0	0	0	0	0	0	54	0	
2	857	-1.357482	-0.000710945	2551.622	-0.001525902	5	5	-1.359392	0	0	0	0	0	0	0	0	0	0	0	0	0	54	0	
2	858	-1.357175	-0.000707756	2552.622	-0.001525902	5	5	-1.358892	0	0	0	0	0	0	0	0	0	0	0	0	0	54	0	
2	859	-1.356562	-0.000705363	2553.622	-0.001525902	5	5	-1.358392	0	0	0	0	0	0	0	0	0	0	0	0	0	54	0	
2	860	-1.355949	-0.000702112	2554.622	-0.001525902	5	5	-1.357892	0	0	0	0	0	0	0	0	0	0	0	0	0	54	0	
2	861	-1.355642	-0.000698616	2555.622	-0.001525902	5	5	-1.357392	0	0	0	0	0	0	0	0	0	0	0	0	0	54	0	
2	862	-1.355028	-0.000695365	2556.622	-0.001525902	5	5	-1.356892	0	0	0	0	0	0	0	0	0	0	0	0	0	54	0	
2	863	-1.354415	-0.000691561	2557.622	-0.001525902	5	5	-1.356392	0	0	0	0	0	0	0	0	0	0	0	0	0	54	0	
2	864	-1.354108	-0.000688249	2558.622	-0.001525902	5	5	-1.355892	0	0	0	0	0	0	0	0	0	0	0	0	0	54	0	
2	865	-1.353495	-0.000685305	2559.622	-0.001525902	5	5	-1.355392	0	0	0	0	0	0	0	0	0	0	0	0	0	54	0	
2	866	-1.353188	-0.000682606	2560.622	-0.001525902	5	5	-1.354892	0	0	0	0	0	0	0	0	0	0	0	0	0	54	0	
2	867	-1.352575	-0.000679539	2561.622	-0.001525902	5	5	-1.354392	0	0	0	0	0	0	0	0	0	0	0	0	0	54	0	
2	868	-1.351961	-0.000677146	2562.622	-0.001525902	5	5	-1.353892	0	0	0	0	0	0	0	0	0	0	0	0	0	54	0	
2	869	-1.351348	-0.000673711	2563.622	-0.001525902	5	5	-1.353392	0	0	0	0	0	0	0	0	0	0	0	0	0	54	0	
2	870	-1.351041	-0.000670276	2564.622	-0.001525902	5	5	-1.352892	0	0	0	0	0	0	0	0	0	0	0	0	0	54	0	
2	871	-1.350428	-0.000667945	2565.622	-0.001525902	5	5	-1.352392	0	0	0	0	0	0	0	0	0	0	0	0	0	54	0	
2	872	-1.350121	-0.000665123	2566.622	-0.001525902	5	5	-1.351892	0	0	0	0	0	0	0	0	0	0	0	0	0	54	0	
2	873	-1.349508	-0.000661627	2567.622	-0.001525902	5	5	-1.351392	0	0	0	0	0	0	0	0	0	0	0	0	0	54	0	
2	874	-1.348894	-0.000657946	2568.622	-0.001525902	5	5	-1.350892	0	0	0	0	0	0	0	0	0	0	0	0	0	54	0	
2	875	-1.348588	-0.000656352	2569.622	-0.001525902	5	5	-1.350392	0	0	0	0	0	0	0	0	0	0	0	0	0	54	0	
2	876	-1.347974	-0.000653898	2570.622	-0.001525902	5	5	-1.349892	0	0	0	0	0	0	0	0	0	0	0	0	0	54	0	
2	877	-1.347667	-0.000651628	2571.622	-0.001525902	5	5	-1.349392	0	0	0	0	0	0	0	0	0	0	0	0	0	54	0	
2	878	-1.347054	-0.000649175	2572.622	-0.001525902	5	5	-1.348892	0	0	0	0	0	0	0	0	0	0	0	0	0	54	0	
2	879	-1.346441	-0.000646169	2573.622	-0.001525902	5	5	-1.348392	0	0	0	0	0	0	0	0	0	0	0	0	0	54	0	
2	880	-1.346134	-0.000642979	2574.622	-0.001525902	5	5	-1.347892	0	0	0	0	0	0	0	0	0	0	0	0	0	54	0	
2	881	-1.34552	-0.000640157	2575.622	-0.001525902	5	5	-1.347392	0	0	0	0	0	0	0	0	0	0	0	0	0	54	0	
2	882	-1.344907	-0.000636416	2576.622	-0.001525902	5	5	-1.346892	0	0	0	0	0	0	0	0	0	0	0	0	0	54	0	
2	883	-1.3446	-0.000632735	2577.622	-0.001525902	5	5	-1.346392	0	0	0	0	0	0	0	0	0	0	0	0	0	54	0	
2	884	-1.343987	-0.000630343	2578.622	-0.001525902	5	5	-1.345892	0	0	0	0	0	0	0	0	0	0	0	0	0	54	0	
2	885	-1.343374	-0.000628748	2579.622	-0.001525902	5	5	-1.345392	0	0	0	0	0	0	0	0	0	0	0	0	0	54	0	
2	886	-1.343067	-0.000625252	2580.622	-0.001525902	5	5	-1.344892	0	0	0	0	0	0	0	0	0	0	0	0	0	54	0	
2	887	-1.342453	-0.000622368	2581.622	-0.001525902	5	5	-1.344392	0	0	0	0	0	0	0	0	0	0	0	0	0	54	0	
2	888	-1.342147	-0.000619731	2582.622	-0.001525902	5	5	-1.343892	0	0	0	0	0	0	0	0	0	0	0	0	0	54	0	
2	889	-1.341533	-0.000616541	2583.622	-0.001525902	5	5	-1.343392	0	0	0	0	0	0	0	0	0	0	0	0	0	54	0	
2	890	-1.341227	-0.00061421	2584.622	-0.001525902	5	5	-1.342892	0	0	0	0	0	0	0	0	0	0	0	0	0	54	0	
2	891	-1.340613	-0.000611756	2585.622	-0.001525902	5	5	-1.342392	0	0	0	0	0	0	0	0	0	0	0	0	0	54	0	
2	892	-1.34	-0.000609057	2586.622	-0.001525902	5	5	-1.341892	0	0	0	0	0	0	0	0	0	0	0	0	0	54	0	
2	893	-1.339386	-0.000610468	2587.622	-0.001525902	5	5	-1.341392	0	0	0	0	0	0	0	0	0	0	0	0	0	54	0	
2	894	-1.33908	-0.000607524	2588.622	-0.001525902	5	5	-1.340892	0	0	0	0	0	0	0	0	0	0	0	0	0	54	0	
2	895	-1.338466	-0.000604273	2589.622	-0.001525902	5	5	-1.340392	0	0	0	0	0	0	0	0	0	0	0	0	0	54	0	
2	896	-1.33816	-0.000601022	2590.622	-0.001525902	5	5	-1.339892	0	0	0	0	0	0	0	0	0	0	0	0	0	54	0	
2	897	-1.337546	-0.000597832	2591.622	-0.001525902	5	5	-1.339392	0	0	0	0	0	0	0	0	0	0	0	0	0	54	0	
2	898	-1.336933	-0.000595685	2592.622	-0.001525902	5	5	-1.338892	0	0	0	0	0	0	0	0	0	0	0	0	0	54	0	
2	899	-1.336626	-0.00059317	2593.622	-0.001525902	5	5	-1.338392	0	0	0	0	0	0	0	0	0	0	0	0	0	54	0	
2	900	-1.336013	-0.000590287	2594.622	-0.001525902	5	5	-1.337892	0	0	0	0	0	0	0	0	0	0	0	0	0	54	0	
2	901	-1.335706	-0.000588263	2595.622	-0.001525902	5	5	-1.337392	0	0	0	0	0	0	0	0	0	0	0	0	0	54	0	
2	902	-1.335093	-0.000585686	2596.622	-0.001525902	5	5	-1.336892	0	0	0	0	0	0	0	0	0	0	0	0	0	54	0	
2	903	-1.334479	-0.000583049	2597.622	-0.001525902	5	5	-1.336392	0	0	0	0	0	0	0	0	0	0	0	0	0	54	0	
2	904	-1.334172	-0.00058035	2598.622	-0.001525902	5	5	-1.335892	0	0	0	0	0	0	0	0	0	0	0	0	0	54	0	
2	905	-1.333559	-0.000577467	2599.622	-0.001525902	5	5	-1.335392	0	0	0	0	0	0	0	0	0	0	0	0	0	54	0	
2	906	-1.333252	-0.000574584	2600.622	-0.001525902	5	5	-1.334892	0	0	0	0	0	0	0	0	0	0	0	0	0	54	0	
2	907	-1.332639	-0.000571578	2601.622	-0.001525902	5	5	-1.334392	0	0	0	0	0	0	0	0	0	0	0	0	0	54	0	
2	908	-1.332025	-0.000568511	2602.622	-0.001525902	5	5	-1.333892	0	0	0	0	0	0	0	0	0	0	0	0	0	54	0	
2	909	-1.331719	-0.000565382	2603.622	-0.001525902	5	5	-1.333392	0	0	0	0	0	0	0	0	0	0	0	0	0	54	0	
2	910	-1.331105	-0.000562683	2604.622	-0.001525902	5	5	-1.332892	0	0	0	0	0	0	0	0	0	0	0	0	0	54	0	
2	911	-1.330492	-0.000560352	2605.622	-0.001525902	5	5	-1.332392	0	0	0	0	0	0	0	0	0	0	0	0	0	54	0	
2	912	-1.330185	-0.000557101	2606.622	-0.001525902	5	5	-1.331892	0	0	0	0	0	0	0	0	0	0	0	0	0	54	0	
2	913	-1.329572	-0.000555138	2607.622	-0.001525902	5	5	-1.331392	0	0	0	0	0	0	0	0	0	0	0	0	0	54	0	
2	914	-1.328958	-0.00055293	2608.622	-0.001525902	5	5	-1.330892	0	0	0	0	0	0	0	0	0	0	0	0	0	54	0	
2	915	-1.328652	-0.000550722	2609.622	-0.001525902	5	5	-1.330392	0	0	0	0	0	0	0	0	0	0	0	0	0	54	0	
2	916	-1.328038	-0.000548759	2610.622	-0.001525902	5	5	-1.329892	0	0	0	0	0	0	0	0	0	0	0	0	0	54	0	
2	917	-1.327732	-0.000546551	2611.622	-0.001525902	5	5	-1.329392	0	0	0	0	0	0	0	0	0	0	0	0	0	54	0	
2	918	-1.327118	-0.000543422	2612.622	-0.001525902	5	5	-1.328892	0	0	0	0	0	0	0	0	0	0	0	0	0	54	0	
2	919	-1.326505	-0.000540846	2613.622	-0.001525902	5	5	-1.328392	0	0	0	0	0	0	0	0	0	0	0	0	0	54	0	
2	920	-1.326198	-0.000538515	2614.622	-0.001525902	5	5	-1.327892	0	0	0	0	0	0	0	0	0	0	0	0	0	54	0	
2	921	-1.325585	-0.000536552	2615.622	-0.001525902	5	5	-1.327392	0	0	0	0	0	0	0	0	0	0	0	0	0	54	0	
2	922	-1.324971	-0.000533914	2616.622	-0.001525902	5	5	-1.326892	0	0	0	0	0	0	0	0	0	0	0	0	0	54	0	
2	923	-1.324664	-0.000531767	2617.622	-0.001525902	5	5	-1.326392	0	0	0	0	0	0	0	0	0	0	0	0	0	54	0	
2	924	-1.324051	-0.00052962	2618.622	-0.001525902	5	5	-1.325892	0	0	0	0	0	0	0	0	0	0	0	0	0	54	0	
2	925	-1.323438	-0.000527228	2619.622	-0.001525902	5	5	-1.325392	0	0	0	0	0	0	0	0	0	0	0	0	0	54	0	
2	926	-1.323131	-0.000525756	2620.622	-0.001525902	5	5	-1.324892	0	0	0	0	0	0	0	0	0	0	0	0	0	54	0	
2	927	-1.322518	-0.000523241	2621.622	-0.001525902	5	5	-1.324392	0	0	0	0	0	0	0	0	0	0	0	0	0	54	0	
2	928	-1.322211	-0.00052183	2622.622	-0.001525902	5	5	-1.323892	0	0	0	0	0	0	0	0	0	0	0	0	0	54	0	
2	929	-1.321597	-0.000521585	2623.622	-0.001525902	5	5	-1.323392	0	0	0	0	0	0	0	0	0	0	0	0	0	54	0	
2	930	-1.320984	-0.000520174	2624.622	-0.001525902	5	5	-1.322892	0	0	0	0	0	0	0	0	0	0	0	0	0	54	0	
2	931	-1.320677	-0.000517843	2625.622	-0.001525902	5	5	-1.322392	0	0	0	0	0	0	0	0	0	0	0	0	0	54	0	
2	932	-1.320064	-0.000515389	2626.622	-0.001525902	5	5	-1.321892	0	0	0	0	0	0	0	0	0	0	0	0	0	54	0	
2	933	-1.31945	-0.000513181	2627.622	-0.001525902	5	5	-1.321392	0	0	0	0	0	0	0	0	0	0	0	0	0	54	0	
2	934	-1.319144	-0.000510727	2628.622	-0.001525902	5	5	-1.320892	0	0	0	0	0	0	0	0	0	0	0	0	0	54	0	
2	935	-1.31853	-0.000508703	2629.622	-0.001525902	5	5	-1.320392	0	0	0	0	0	0	0	0	0	0	0	0	0	54	0	
2	936	-1.318224	-0.000506065	2630.622	-0.001525902	5	5	-1.319892	0	0	0	0	0	0	0	0	0	0	0	0	0	54	0	
2	937	-1.31761	-0.000503673	2631.622	-0.001525902	5	5	-1.319392	0	0	0	0	0	0	0	0	0	0	0	0	0	54	0	
2	938	-1.317304	-0.00050079	2632.622	-0.001525902	5	5	-1.318892	0	0	0	0	0	0	0	0	0	0	0	0	0	54	0	
2	939	-1.31669	-0.000498214	2633.622	-0.001525902	5	5	-1.318392	0	0	0	0	0	0	0	0	0	0	0	0	0	54	0	
2	940	-1.316077	-0.000495944	2634.622	-0.001525902	5	5	-1.317892	0	0	0	0	0	0	0	0	0	0	0	0	0	54	0	
2	941	-1.315463	-0.000493675	2635.622	-0.001525902	5	5	-1.317392	0	0	0	0	0	0	0	0	0	0	0	0	0	54	0	
2	942	-1.315157	-0.000491466	2636.622	-0.001525902	5	5	-1.316892	0	0	0	0	0	0	0	0	0	0	0	0	0	54	0	
2	943	-1.314543	-0.000489135	2637.622	-0.001525902	5	5	-1.316392	0	0	0	0	0	0	0	0	0	0	0	0	0	54	0	
2	944	-1.314237	-0.000486988	2638.622	-0.001525902	5	5	-1.315892	0	0	0	0	0	0	0	0	0	0	0	0	0	54	0	
2	945	-1.313623	-0.000484596	2639.622	-0.001525902	5	5	-1.315392	0	0	0	0	0	0	0	0	0	0	0	0	0	54	0	
2	946	-1.313316	-0.000481836	2640.622	-0.001525902	5	5	-1.314892	0	0	0	0	0	0	0	0	0	0	0	0	0	54	0	
2	947	-1.312703	-0.000479321	2641.622	-0.001525902	5	5	-1.314392	0	0	0	0	0	0	0	0	0	0	0	0	0	54	0	
2	948	-1.31209	-0.000477235	2642.622	-0.001525902	5	5	-1.313892	0	0	0	0	0	0	0	0	0	0	0	0	0	54	0	
2	949	-1.311476	-0.000475149	2643.622	-0.001525902	5	5	-1.313392	0	0	0	0	0	0	0	0	0	0	0	0	0	54	0	
2	950	-1.311169	-0.000474352	2644.622	-0.001525902	5	5	-1.312892	0	0	0	0	0	0	0	0	0	0	0	0	0	54	0	
2	951	-1.310556	-0.000472757	2645.622	-0.001525902	5	5	-1.312392	0	0	0	0	0	0	0	0	0	0	0	0	0	54	0	
2	952	-1.310249	-0.000470672	2646.622	-0.001525902	5	5	-1.311892	0	0	0	0	0	0	0	0	0	0	0	0	0	54	0	
2	953	-1.309636	-0.000468525	2647.622	-0.001525902	5	5	-1.311392	0	0	0	0	0	0	0	0	0	0	0	0	0	54	0	
2	954	-1.309022	-0.000466991	2648.622	-0.001525902	5	5	-1.310892	0	0	0	0	0	0	0	0	0	0	0	0	0	54	0	
2	955	-1.308716	-0.00046558	2649.622	-0.001525902	5	5	-1.310392	0	0	0	0	0	0	0	0	0	0	0	0	0	54	0	
2	956	-1.308102	-0.000463924	2650.622	-0.001525902	5	5	-1.309892	0	0	0	0	0	0	0	0	0	0	0	0	0	54	0	
2	957	-1.307796	-0.0004619	2651.622	-0.001525902	5	5	-1.309392	0	0	0	0	0	0	0	0	0	0	0	0	0	54	0	
2	958	-1.307182	-0.000459875	2652.622	-0.001525902	5	5	-1.308892	0	0	0	0	0	0	0	0	0	0	0	0	0	54	0	
2	959	-1.306569	-0.000458833	2653.622	-0.001525902	5	5	-1.308392	0	0	0	0	0	0	0	0	0	0	0	0	0	54	0	
2	960	-1.306262	-0.000456686	2654.622	-0.001525902	5	5	-1.307892	0	0	0	0	0	0	0	0	0	0	0	0	0	54	0	
2	961	-1.305649	-0.000454845	2655.622	-0.001525902	5	5	-1.307392	0	0	0	0	0	0	0	0	0	0	0	0	0	54	0	
2	962	-1.305035	-0.000452944	2656.622	-0.001525902	5	5	-1.306892	0	0	0	0	0	0	0	0	0	0	0	0	0	54	0	
2	963	-1.304729	-0.00045049	2657.622	-0.001525902	5	5	-1.306392	0	0	0	0	0	0	0	0	0	0	0	0	0	54	0	
2	964	-1.304115	-0.000448957	2658.622	-0.001525902	5	5	-1.305892	0	0	0	0	0	0	0	0	0	0	0	0	0	54	0	
2	965	-1.303502	-0.000446994	2659.622	-0.001525902	5	5	-1.305392	0	0	0	0	0	0	0	0	0	0	0	0	0	54	0	
2	966	-1.303195	-0.000444663	2660.622	-0.001525902	5	5	-1.304892	0	0	0	0	0	0	0	0	0	0	0	0	0	54	0	
2	967	-1.302582	-0.000442516	2661.622	-0.001525902	5	5	-1.304392	0	0	0	0	0	0	0	0	0	0	0	0	0	54	0	
2	968	-1.302275	-0.000440001	2662.622	-0.001525902	5	5	-1.303892	0	0	0	0	0	0	0	0	0	0	0	0	0	54	0	
2	969	-1.301661	-0.000437854	2663.622	-0.001525902	5	5	-1.303392	0	0	0	0	0	0	0	0	0	0	0	0	0	54	0	
2	970	-1.301048	-0.000435646	2664.622	-0.001525902	5	5	-1.302892	0	0	0	0	0	0	0	0	0	0	0	0	0	54	0	
2	971	-1.300741	-0.000433315	2665.622	-0.001525902	5	5	-1.302392	0	0	0	0	0	0	0	0	0	0	0	0	0	54	0	
2	972	-1.300128	-0.000431229	2666.622	-0.001525902	5	5	-1.301892	0	0	0	0	0	0	0	0	0	0	0	0	0	54	0	
2	973	-1.299821	-0.000429757	2667.622	-0.001525902	5	5	-1.301392	0	0	0	0	0	0	0	0	0	0	0	0	0	54	0	
2	974	-1.299208	-0.000428039	2668.622	-0.001525902	5	5	-1.300892	0	0	0	0	0	0	0	0	0	0	0	0	0	54	0	
2	975	-1.298594	-0.000426076	2669.622	-0.001525902	5	5	-1.300392	0	0	0	0	0	0	0	0	0	0	0	0	0	54	0	
2	976	-1.298288	-0.00042393	2670.622	-0.001525902	5	5	-1.299892	0	0	0	0	0	0	0	0	0	0	0	0	0	54	0	
2	977	-1.297674	-0.000422519	2671.622	-0.001525902	5	5	-1.299392	0	0	0	0	0	0	0	0	0	0	0	0	0	54	0	
2	978	-1.297061	-0.00042031	2672.622	-0.001525902	5	5	-1.298892	0	0	0	0	0	0	0	0	0	0	0	0	0	54	0	
2	979	-1.296754	-0.000418777	2673.622	-0.001525902	5	5	-1.298392	0	0	0	0	0	0	0	0	0	0	0	0	0	54	0	
2	980	-1.296141	-0.000416875	2674.622	-0.001525902	5	5	-1.297892	0	0	0	0	0	0	0	0	0	0	0	0	0	54	0	
2	981	-1.295527	-0.000414912	2675.622	-0.001525902	5	5	-1.297392	0	0	0	0	0	0	0	0	0	0	0	0	0	54	0	
2	982	-1.295221	-0.000412949	2676.622	-0.001525902	5	5	-1.296892	0	0	0	0	0	0	0	0	0	0	0	0	0	54	0	
2	983	-1.294607	-0.000410986	2677.622	-0.001525902	5	5	-1.296392	0	0	0	0	0	0	0	0	0	0	0	0	0	54	0	
2	984	-1.294301	-0.000408656	2678.622	-0.001525902	5	5	-1.295892	0	0	0	0	0	0	0	0	0	0	0	0	0	54	0	
2	985	-1.293687	-0.000406877	2679.622	-0.001525902	5	5	-1.295392	0	0	0	0	0	0	0	0	0	0	0	0	0	54	0	
2	986	-1.293074	-0.000404791	2680.622	-0.001525902	5	5	-1.294892	0	0	0	0	0	0	0	0	0	0	0	0	0	54	0	
2	987	-1.292767	-0.000402828	2681.622	-0.001525902	5	5	-1.294392	0	0	0	0	0	0	0	0	0	0	0	0	0	54	0	
2	988	-1.292154	-0.000400927	2682.622	-0.001525902	5	5	-1.293892	0	0	0	0	0	0	0	0	0	0	0	0	0	54	0	
2	989	-1.29154	-0.000399761	2683.622	-0.001525902	5	5	-1.293392	0	0	0	0	0	0	0	0	0	0	0	0	0	54	0	
2	990	-1.291234	-0.000397859	2684.622	-0.001525902	5	5	-1.292892	0	0	0	0	0	0	0	0	0	0	0	0	0	54	0	
2	991	-1.29062	-0.000395958	2685.622	-0.001525902	5	5	-1.292392	0	0	0	0	0	0	0	0	0	0	0	0	0	54	0	
2	992	-1.290313	-0.000394118	2686.622	-0.001525902	5	5	-1.291892	0	0	0	0	0	0	0	0	0	0	0	0	0	54	0	
2	993	-1.2897	-0.000392768	2687.622	-0.001525902	5	5	-1.291392	0	0	0	0	0	0	0	0	0	0	0	0	0	54	0	
2	994	-1.289087	-0.000390989	2688.622	-0.001525902	5	5	-1.290892	0	0	0	0	0	0	0	0	0	0	0	0	0	54	0	
2	995	-1.28878	-0.000389578	2689.622	-0.001525902	5	5	-1.290392	0	0	0	0	0	0	0	0	0	0	0	0	0	54	0	
2	996	-1.288166	-0.000388352	2690.622	-0.001525902	5	5	-1.289892	0	0	0	0	0	0	0	0	0	0	0	0	0	54	0	
2	997	-1.287553	-0.000387063	2691.622	-0.001525902	5	5	-1.289392	0	0	0	0	0	0	0	0	0	0	0	0	0	54	0	
2	998	-1.287246	-0.000385898	2692.622	-0.001525902	5	5	-1.288892	0	0	0	0	0	0	0	0	0	0	0	0	0	54	0	
2	999	-1.286633	-0.000384058	2693.622	-0.001525902	5	5	-1.288392	0	0	0	0	0	0	0	0	0	0	0	0	0	54	0	
2	1000	-1.28602	-0.000382892	2694.622	-0.001525902	5	5	-1.287892	0	0	0	0	0	0	0	0	0	0	0	0	0	54	0	
2	1001	-1.285713	-0.000381604	2695.622	-0.001525902	5	5	-1.287392	0	0	0	0	0	0	0	0	0	0	0	0	0	54	0	
2	1002	-1.285099	-0.000380439	2696.622	-0.001525902	5	5	-1.286892	0	0	0	0	0	0	0	0	0	0	0	0	0	54	0	
2	1003	-1.284793	-0.000378905	2697.622	-0.001525902	5	5	-1.286392	0	0	0	0	0	0	0	0	0	0	0	0	0	54	0	
2	1004	-1.284179	-0.000377065	2698.622	-0.001525902	5	5	-1.285892	0	0	0	0	0	0	0	0	0	0	0	0	0	54	0	
2	1005	-1.283873	-0.000375654	2699.622	-0.001525902	5	5	-1.285392	0	0	0	0	0	0	0	0	0	0	0	0	0	54	0	
2	1006	-1.283259	-0.000374304	2700.622	-0.001525902	5	5	-1.284892	0	0	0	0	0	0	0	0	0	0	0	0	0	54	0	
2	1007	-1.282646	-0.000372955	2701.622	-0.001525902	5	5	-1.284392	0	0	0	0	0	0	0	0	0	0	0	0	0	54	0	
2	1008	-1.282032	-0.000374059	2702.622	-0.001525902	5	5	-1.283892	0	0	0	0	0	0	0	0	0	0	0	0	0	54	0	
2	1009	-1.281726	-0.00037271	2703.622	-0.001525902	5	5	-1.283392	0	0	0	0	0	0	0	0	0	0	0	0	0	54	0	
2	1010	-1.281112	-0.000371667	2704.622	-0.001525902	5	5	-1.282892	0	0	0	0	0	0	0	0	0	0	0	0	0	54	0	
2	1011	-1.280805	-0.000370133	2705.622	-0.001525902	5	5	-1.282392	0	0	0	0	0	0	0	0	0	0	0	0	0	54	0	
2	1012	-1.280192	-0.000368784	2706.622	-0.001525902	5	5	-1.281892	0	0	0	0	0	0	0	0	0	0	0	0	0	54	0	
2	1013	-1.279579	-0.000367618	2707.622	-0.001525902	5	5	-1.281392	0	0	0	0	0	0	0	0	0	0	0	0	0	54	0	
2	1014	-1.279272	-0.000366391	2708.622	-0.001525902	5	5	-1.280892	0	0	0	0	0	0	0	0	0	0	0	0	0	54	0	
2	1015	-1.278659	-0.000365349	2709.622	-0.001525902	5	5	-1.280392	0	0	0	0	0	0	0	0	0	0	0	0	0	54	0	
2	1016	-1.278352	-0.000363631	2710.622	-0.001525902	5	5	-1.279892	0	0	0	0	0	0	0	0	0	0	0	0	0	54	0	
2	1017	-1.277738	-0.000362036	2711.622	-0.001525902	5	5	-1.279392	0	0	0	0	0	0	0	0	0	0	0	0	0	54	0	
2	1018	-1.277125	-0.000360135	2712.622	-0.001525902	5	5	-1.278892	0	0	0	0	0	0	0	0	0	0	0	0	0	54	0	
2	1019	-1.276818	-0.000358233	2713.622	-0.001525902	5	5	-1.278392	0	0	0	0	0	0	0	0	0	0	0	0	0	54	0	
2	1020	-1.276205	-0.000356393	2714.622	-0.001525902	5	5	-1.277892	0	0	0	0	0	0	0	0	0	0	0	0	0	54	0	
2	1021	-1.275591	-0.000354982	2715.622	-0.001525902	5	5	-1.277392	0	0	0	0	0	0	0	0	0	0	0	0	0	54	0	
2	1022	-1.275285	-0.000354123	2716.622	-0.001525902	5	5	-1.276892	0	0	0	0	0	0	0	0	0	0	0	0	0	54	0	
2	1023	-1.274671	-0.000353448	2717.622	-0.001525902	5	5	-1.276392	0	0	0	0	0	0	0	0	0	0	0	0	0	54	0	
2	1024	-1.274365	-0.00035259	2718.622	-0.001525902	5	5	-1.275892	0	0	0	0	0	0	0	0	0	0	0	0	0	54	0	
2	1025	-1.273751	-0.000351179	2719.622	-0.001525902	5	5	-1.275392	0	0	0	0	0	0	0	0	0	0	0	0	0	54	0	
2	1026	-1.273138	-0.000349523	2720.622	-0.001525902	5	5	-1.274892	0	0	0	0	0	0	0	0	0	0	0	0	0	54	0	
2	1027	-1.272831	-0.000347805	2721.622	-0.001525902	5	5	-1.274392	0	0	0	0	0	0	0	0	0	0	0	0	0	54	0	
2	1028	-1.272218	-0.000347008	2722.622	-0.001525902	5	5	-1.273892	0	0	0	0	0	0	0	0	0	0	0	0	0	54	0	
2	1029	-1.271604	-0.000345413	2723.622	-0.001525902	5	5	-1.273392	0	0	0	0	0	0	0	0	0	0	0	0	0	54	0	
2	1030	-1.271298	-0.000344431	2724.622	-0.001525902	5	5	-1.272892	0	0	0	0	0	0	0	0	0	0	0	0	0	54	0	
2	1031	-1.270684	-0.000343388	2725.622	-0.001525902	5	5	-1.272392	0	0	0	0	0	0	0	0	0	0	0	0	0	54	0	
2	1032	-1.270071	-0.000342039	2726.622	-0.001525902	5	5	-1.271892	0	0	0	0	0	0	0	0	0	0	0	0	0	54	0	
2	1033	-1.269764	-0.000341119	2727.622	-0.001525902	5	5	-1.271392	0	0	0	0	0	0	0	0	0	0	0	0	0	54	0	
2	1034	-1.269151	-0.000339831	2728.622	-0.001525902	5	5	-1.270892	0	0	0	0	0	0	0	0	0	0	0	0	0	54	0	
2	1035	-1.268844	-0.000338542	2729.622	-0.001525902	5	5	-1.270392	0	0	0	0	0	0	0	0	0	0	0	0	0	54	0	
2	1036	-1.268231	-0.000336825	2730.622	-0.001525902	5	5	-1.269892	0	0	0	0	0	0	0	0	0	0	0	0	0	54	0	
2	1037	-1.267617	-0.000335353	2731.622	-0.001525902	5	5	-1.269392	0	0	0	0	0	0	0	0	0	0	0	0	0	54	0	
2	1038	-1.26731	-0.000334065	2732.622	-0.001525902	5	5	-1.268892	0	0	0	0	0	0	0	0	0	0	0	0	0	54	0	
2	1039	-1.266697	-0.000333451	2733.622	-0.001525902	5	5	-1.268392	0	0	0	0	0	0	0	0	0	0	0	0	0	54	0	
2	1040	-1.266084	-0.000331979	2734.622	-0.001525902	5	5	-1.267892	0	0	0	0	0	0	0	0	0	0	0	0	0	54	0	
2	1041	-1.265777	-0.000330568	2735.622	-0.001525902	5	5	-1.267392	0	0	0	0	0	0	0	0	0	0	0	0	0	54	0	
2	1042	-1.265163	-0.000329219	2736.622	-0.001525902	5	5	-1.266892	0	0	0	0	0	0	0	0	0	0	0	0	0	54	0	
2	1043	-1.264857	-0.000327808	2737.622	-0.001525902	5	5	-1.266392	0	0	0	0	0	0	0	0	0	0	0	0	0	54	0	
2	1044	-1.264243	-0.000326336	2738.622	-0.001525902	5	5	-1.265892	0	0	0	0	0	0	0	0	0	0	0	0	0	54	0	
2	1045	-1.26363	-0.000324679	2739.622	-0.001525902	5	5	-1.265392	0	0	0	0	0	0	0	0	0	0	0	0	0	54	0	
2	1046	-1.263323	-0.000322962	2740.622	-0.001525902	5	5	-1.264892	0	0	0	0	0	0	0	0	0	0	0	0	0	54	0	
2	1047	-1.26271	-0.000322471	2741.622	-0.001525902	5	5	-1.264392	0	0	0	0	0	0	0	0	0	0	0	0	0	54	0	
2	1048	-1.262403	-0.000321183	2742.622	-0.001525902	5	5	-1.263892	0	0	0	0	0	0	0	0	0	0	0	0	0	54	0	
2	1049	-1.26179	-0.000319895	2743.622	-0.001525902	5	5	-1.263392	0	0	0	0	0	0	0	0	0	0	0	0	0	54	0	
2	1050	-1.261176	-0.000318975	2744.622	-0.001525902	5	5	-1.262892	0	0	0	0	0	0	0	0	0	0	0	0	0	54	0	
2	1051	-1.26087	-0.000318975	2745.622	-0.001525902	5	5	-1.262392	0	0	0	0	0	0	0	0	0	0	0	0	0	54	0	
2	1052	-1.260256	-0.000317748	2746.622	-0.001525902	5	5	-1.261892	0	0	0	0	0	0	0	0	0	0	0	0	0	54	0	
2	1053	-1.259949	-0.000316766	2747.622	-0.001525902	5	5	-1.261392	0	0	0	0	0	0	0	0	0	0	0	0	0	54	0	
2	1054	-1.259336	-0.000315417	2748.622	-0.001525902	5	5	-1.260892	0	0	0	0	0	0	0	0	0	0	0	0	0	54	0	
2	1055	-1.258723	-0.000313822	2749.622	-0.001525902	5	5	-1.260392	0	0	0	0	0	0	0	0	0	0	0	0	0	54	0	
2	1056	-1.258416	-0.00031235	2750.622	-0.001525902	5	5	-1.259892	0	0	0	0	0	0	0	0	0	0	0	0	0	54	0	
2	1057	-1.257802	-0.000310878	2751.622	-0.001525902	5	5	-1.259392	0	0	0	0	0	0	0	0	0	0	0	0	0	54	0	
2	1058	-1.257189	-0.000309467	2752.622	-0.001525902	5	5	-1.258892	0	0	0	0	0	0	0	0	0	0	0	0	0	54	0	
2	1059	-1.256882	-0.000307626	2753.622	-0.001525902	5	5	-1.258392	0	0	0	0	0	0	0	0	0	0	0	0	0	54	0	
2	1060	-1.256269	-0.00030597	2754.622	-0.001525902	5	5	-1.257892	0	0	0	0	0	0	0	0	0	0	0	0	0	54	0	
2	1061	-1.255656	-0.000304743	2755.622	-0.001525902	5	5	-1.257392	0	0	0	0	0	0	0	0	0	0	0	0	0	54	0	
2	1062	-1.255349	-0.000303762	2756.622	-0.001525902	5	5	-1.256892	0	0	0	0	0	0	0	0	0	0	0	0	0	54	0	
2	1063	-1.254735	-0.000302596	2757.622	-0.001525902	5	5	-1.256392	0	0	0	0	0	0	0	0	0	0	0	0	0	54	0	
2	1064	-1.254122	-0.000301738	2758.622	-0.001525902	5	5	-1.255892	0	0	0	0	0	0	0	0	0	0	0	0	0	54	0	
2	1065	-1.253815	-0.000300572	2759.622	-0.001525902	5	5	-1.255392	0	0	0	0	0	0	0	0	0	0	0	0	0	54	0	
2	1066	-1.253202	-0.000298916	2760.622	-0.001525902	5	5	-1.254892	0	0	0	0	0	0	0	0	0	0	0	0	0	54	0	
2	1067	-1.252589	-0.000297566	2761.622	-0.001525902	5	5	-1.254392	0	0	0	0	0	0	0	0	0	0	0	0	0	54	0	
2	1068	-1.252282	-0.000296278	2762.622	-0.001525902	5	5	-1.253892	0	0	0	0	0	0	0	0	0	0	0	0	0	54	0	
2	1069	-1.251668	-0.000295051	2763.622	-0.001525902	5	5	-1.253392	0	0	0	0	0	0	0	0	0	0	0	0	0	54	0	
2	1070	-1.251362	-0.000294377	2764.622	-0.001525902	5	5	-1.252892	0	0	0	0	0	0	0	0	0	0	0	0	0	54	0	
2	1071	-1.250748	-0.000293211	2765.622	-0.001525902	5	5	-1.252392	0	0	0	0	0	0	0	0	0	0	0	0	0	54	0	
2	1072	-1.250135	-0.00029223	2766.622	-0.001525902	5	5	-1.251892	0	0	0	0	0	0	0	0	0	0	0	0	0	54	0	
2	1073	-1.249828	-0.000291064	2767.622	-0.001525902	5	5	-1.251392	0	0	0	0	0	0	0	0	0	0	0	0	0	54	0	
2	1074	-1.249215	-0.000289776	2768.622	-0.001525902	5	5	-1.250892	0	0	0	0	0	0	0	0	0	0	0	0	0	54	0	
2	1075	-1.248908	-0.000288304	2769.622	-0.001525902	5	5	-1.250392	0	0	0	0	0	0	0	0	0	0	0	0	0	54	0	
2	1076	-1.248295	-0.0002872	2770.622	-0.001525902	5	5	-1.249892	0	0	0	0	0	0	0	0	0	0	0	0	0	54	0	
2	1077	-1.247681	-0.000285912	2771.622	-0.001525902	5	5	-1.249392	0	0	0	0	0	0	0	0	0	0	0	0	0	54	0	
2	1078	-1.247068	-0.000284501	2772.622	-0.001525902	5	5	-1.248892	0	0	0	0	0	0	0	0	0	0	0	0	0	54	0	
2	1079	-1.246761	-0.000283213	2773.622	-0.001525902	5	5	-1.248392	0	0	0	0	0	0	0	0	0	0	0	0	0	54	0	
2	1080	-1.246148	-0.000281863	2774.622	-0.001525902	5	5	-1.247892	0	0	0	0	0	0	0	0	0	0	0	0	0	54	0	
2	1081	-1.245841	-0.000280698	2775.622	-0.001525902	5	5	-1.247392	0	0	0	0	0	0	0	0	0	0	0	0	0	54	0	
2	1082	-1.245228	-0.000279409	2776.622	-0.001525902	5	5	-1.246892	0	0	0	0	0	0	0	0	0	0	0	0	0	54	0	
2	1083	-1.244614	-0.00027806	2777.622	-0.001525902	5	5	-1.246392	0	0	0	0	0	0	0	0	0	0	0	0	0	54	0	
2	1084	-1.244307	-0.000276956	2778.622	-0.001525902	5	5	-1.245892	0	0	0	0	0	0	0	0	0	0	0	0	0	54	0	
2	1085	-1.243694	-0.000275852	2779.622	-0.001525902	5	5	-1.245392	0	0	0	0	0	0	0	0	0	0	0	0	0	54	0	
2	1086	-1.243081	-0.000274809	2780.622	-0.001525902	5	5	-1.244892	0	0	0	0	0	0	0	0	0	0	0	0	0	54	0	
2	1087	-1.242774	-0.000273827	2781.622	-0.001525902	5	5	-1.244392	0	0	0	0	0	0	0	0	0	0	0	0	0	54	0	
2	1088	-1.242161	-0.000272907	2782.622	-0.001525902	5	5	-1.243892	0	0	0	0	0	0	0	0	0	0	0	0	0	54	0	
2	1089	-1.241854	-0.000272907	2783.622	-0.001525902	5	5	-1.243392	0	0	0	0	0	0	0	0	0	0	0	0	0	54	0	
2	1090	-1.24124	-0.000271864	2784.622	-0.001525902	5	5	-1.242892	0	0	0	0	0	0	0	0	0	0	0	0	0	54	0	
2	1091	-1.240627	-0.000270822	2785.622	-0.001525902	5	5	-1.242392	0	0	0	0	0	0	0	0	0	0	0	0	0	54	0	
2	1092	-1.24032	-0.000269902	2786.622	-0.001525902	5	5	-1.241892	0	0	0	0	0	0	0	0	0	0	0	0	0	54	0	
2	1093	-1.239707	-0.000268797	2787.622	-0.001525902	5	5	-1.241392	0	0	0	0	0	0	0	0	0	0	0	0	0	54	0	
2	1094	-1.239093	-0.000268245	2788.622	-0.001525902	5	5	-1.240892	0	0	0	0	0	0	0	0	0	0	0	0	0	54	0	
2	1095	-1.238787	-0.000268061	2789.622	-0.001525902	5	5	-1.240392	0	0	0	0	0	0	0	0	0	0	0	0	0	54	0	
2	1096	-1.238173	-0.000267448	2790.622	-0.001525902	5	5	-1.239892	0	0	0	0	0	0	0	0	0	0	0	0	0	54	0	
2	1097	-1.23756	-0.000266528	2791.622	-0.001525902	5	5	-1.239392	0	0	0	0	0	0	0	0	0	0	0	0	0	54	0	
2	1098	-1.237253	-0.000265546	2792.622	-0.001525902	5	5	-1.238892	0	0	0	0	0	0	0	0	0	0	0	0	0	54	0	
2	1099	-1.23664	-0.000264565	2793.622	-0.001525902	5	5	-1.238392	0	0	0	0	0	0	0	0	0	0	0	0	0	54	0	
2	1100	-1.236333	-0.000263645	2794.622	-0.001525902	5	5	-1.237892	0	0	0	0	0	0	0	0	0	0	0	0	0	54	0	
2	1101	-1.23572	-0.000263522	2795.622	-0.001525902	5	5	-1.237392	0	0	0	0	0	0	0	0	0	0	0	0	0	54	0	
2	1102	-1.235413	-0.000263031	2796.622	-0.001525902	5	5	-1.236892	0	0	0	0	0	0	0	0	0	0	0	0	0	54	0	
2	1103	-1.2348	-0.000262173	2797.622	-0.001525902	5	5	-1.236392	0	0	0	0	0	0	0	0	0	0	0	0	0	54	0	
2	1104	-1.234186	-0.000261252	2798.622	-0.001525902	5	5	-1.235892	0	0	0	0	0	0	0	0	0	0	0	0	0	54	0	
2	1105	-1.233879	-0.00026021	2799.622	-0.001525902	5	5	-1.235392	0	0	0	0	0	0	0	0	0	0	0	0	0	54	0	
2	1106	-1.233266	-0.000260516	2800.622	-0.001525902	5	5	-1.234892	0	0	0	0	0	0	0	0	0	0	0	0	0	54	0	
2	1107	-1.232653	-0.000259658	2801.622	-0.001525902	5	5	-1.234392	0	0	0	0	0	0	0	0	0	0	0	0	0	54	0	
2	1108	-1.232346	-0.000258737	2802.622	-0.001525902	5	5	-1.233892	0	0	0	0	0	0	0	0	0	0	0	0	0	54	0	
2	1109	-1.231732	-0.000257756	2803.622	-0.001525902	5	5	-1.233392	0	0	0	0	0	0	0	0	0	0	0	0	0	54	0	
2	1110	-1.231119	-0.000256713	2804.622	-0.001525902	5	5	-1.232892	0	0	0	0	0	0	0	0	0	0	0	0	0	54	0	
2	1111	-1.230812	-0.000256406	2805.622	-0.001525902	5	5	-1.232392	0	0	0	0	0	0	0	0	0	0	0	0	0	54	0	
2	1112	-1.230199	-0.000255364	2806.622	-0.001525902	5	5	-1.231892	0	0	0	0	0	0	0	0	0	0	0	0	0	54	0	
2	1113	-1.229892	-0.00025426	2807.622	-0.001525902	5	5	-1.231392	0	0	0	0	0	0	0	0	0	0	0	0	0	54	0	
2	1114	-1.229279	-0.000253217	2808.622	-0.001525902	5	5	-1.230892	0	0	0	0	0	0	0	0	0	0	0	0	0	54	0	
2	1115	-1.228665	-0.000252051	2809.622	-0.001525902	5	5	-1.230392	0	0	0	0	0	0	0	0	0	0	0	0	0	54	0	
2	1116	-1.228359	-0.000250824	2810.622	-0.001525902	5	5	-1.229892	0	0	0	0	0	0	0	0	0	0	0	0	0	54	0	
2	1117	-1.227745	-0.000249843	2811.622	-0.001525902	5	5	-1.229392	0	0	0	0	0	0	0	0	0	0	0	0	0	54	0	
2	1118	-1.227439	-0.0002488	2812.622	-0.001525902	5	5	-1.228892	0	0	0	0	0	0	0	0	0	0	0	0	0	54	0	
2	1119	-1.226825	-0.000247696	2813.622	-0.001525902	5	5	-1.228392	0	0	0	0	0	0	0	0	0	0	0	0	0	54	0	
2	1120	-1.226212	-0.000246837	2814.622	-0.001525902	5	5	-1.227892	0	0	0	0	0	0	0	0	0	0	0	0	0	54	0	
2	1121	-1.225905	-0.000245978	2815.622	-0.001525902	5	5	-1.227392	0	0	0	0	0	0	0	0	0	0	0	0	0	54	0	
2	1122	-1.225292	-0.000245058	2816.622	-0.001525902	5	5	-1.226892	0	0	0	0	0	0	0	0	0	0	0	0	0	54	0	
2	1123	-1.224678	-0.000244016	2817.622	-0.001525902	5	5	-1.226392	0	0	0	0	0	0	0	0	0	0	0	0	0	54	0	
2	1124	-1.224372	-0.00024285	2818.622	-0.001525902	5	5	-1.225892	0	0	0	0	0	0	0	0	0	0	0	0	0	54	0	
2	1125	-1.223758	-0.000242298	2819.622	-0.001525902	5	5	-1.225392	0	0	0	0	0	0	0	0	0	0	0	0	0	54	0	
2	1126	-1.223145	-0.000242666	2820.622	-0.001525902	5	5	-1.224892	0	0	0	0	0	0	0	0	0	0	0	0	0	54	0	
2	1127	-1.222838	-0.000241807	2821.622	-0.001525902	5	5	-1.224392	0	0	0	0	0	0	0	0	0	0	0	0	0	54	0	
2	1128	-1.222225	-0.000241255	2822.622	-0.001525902	5	5	-1.223892	0	0	0	0	0	0	0	0	0	0	0	0	0	54	0	
2	1129	-1.221918	-0.000240642	2823.622	-0.001525902	5	5	-1.223392	0	0	0	0	0	0	0	0	0	0	0	0	0	54	0	
2	1130	-1.221304	-0.000239967	2824.622	-0.001525902	5	5	-1.222892	0	0	0	0	0	0	0	0	0	0	0	0	0	54	0	
2	1131	-1.220691	-0.00023917	2825.622	-0.001525902	5	5	-1.222392	0	0	0	0	0	0	0	0	0	0	0	0	0	54	0	
2	1132	-1.220384	-0.000238618	2826.622	-0.001525902	5	5	-1.221892	0	0	0	0	0	0	0	0	0	0	0	0	0	54	0	
2	1133	-1.219771	-0.00023782	2827.622	-0.001525902	5	5	-1.221392	0	0	0	0	0	0	0	0	0	0	0	0	0	54	0	
2	1134	-1.219158	-0.000237023	2828.622	-0.001525902	5	5	-1.220892	0	0	0	0	0	0	0	0	0	0	0	0	0	54	0	
2	1135	-1.218851	-0.000236532	2829.622	-0.001525902	5	5	-1.220392	0	0	0	0	0	0	0	0	0	0	0	0	0	54	0	
2	1136	-1.218237	-0.000236103	2830.622	-0.001525902	5	5	-1.219892	0	0	0	0	0	0	0	0	0	0	0	0	0	54	0	
2	1137	-1.217624	-0.000235489	2831.622	-0.001525902	5	5	-1.219392	0	0	0	0	0	0	0	0	0	0	0	0	0	54	0	
2	1138	-1.217317	-0.000234876	2832.622	-0.001525902	5	5	-1.218892	0	0	0	0	0	0	0	0	0	0	0	0	0	54	0	
2	1139	-1.216704	-0.000234201	2833.622	-0.001525902	5	5	-1.218392	0	0	0	0	0	0	0	0	0	0	0	0	0	54	0	
2	1140	-1.21609	-0.000233281	2834.622	-0.001525902	5	5	-1.217892	0	0	0	0	0	0	0	0	0	0	0	0	0	54	0	
2	1141	-1.215784	-0.000232729	2835.622	-0.001525902	5	5	-1.217392	0	0	0	0	0	0	0	0	0	0	0	0	0	54	0	
2	1142	-1.21517	-0.000231993	2836.622	-0.001525902	5	5	-1.216892	0	0	0	0	0	0	0	0	0	0	0	0	0	54	0	
2	1143	-1.214864	-0.000231379	2837.622	-0.001525902	5	5	-1.216392	0	0	0	0	0	0	0	0	0	0	0	0	0	54	0	
2	1144	-1.21425	-0.000230398	2838.622	-0.001525902	5	5	-1.215892	0	0	0	0	0	0	0	0	0	0	0	0	0	54	0	
2	1145	-1.213637	-0.000229846	2839.622	-0.001525902	5	5	-1.215392	0	0	0	0	0	0	0	0	0	0	0	0	0	54	0	
2	1146	-1.21333	-0.0002296	2840.622	-0.001525902	5	5	-1.214892	0	0	0	0	0	0	0	0	0	0	0	0	0	54	0	
2	1147	-1.212717	-0.00022868	2841.622	-0.001525902	5	5	-1.214392	0	0	0	0	0	0	0	0	0	0	0	0	0	54	0	
2	1148	-1.212103	-0.000227637	2842.622	-0.001525902	5	5	-1.213892	0	0	0	0	0	0	0	0	0	0	0	0	0	54	0	
2	1149	-1.211797	-0.000226901	2843.622	-0.001525902	5	5	-1.213392	0	0	0	0	0	0	0	0	0	0	0	0	0	54	0	
2	1150	-1.211183	-0.000226227	2844.622	-0.001525902	5	5	-1.212892	0	0	0	0	0	0	0	0	0	0	0	0	0	54	0	
2	1151	-1.210876	-0.000225368	2845.622	-0.001525902	5	5	-1.212392	0	0	0	0	0	0	0	0	0	0	0	0	0	54	0	
2	1152	-1.210263	-0.000224693	2846.622	-0.001525902	5	5	-1.211892	0	0	0	0	0	0	0	0	0	0	0	0	0	54	0	
2	1153	-1.20965	-0.00022365	2847.622	-0.001525902	5	5	-1.211392	0	0	0	0	0	0	0	0	0	0	0	0	0	54	0	
2	1154	-1.209343	-0.000222853	2848.622	-0.001525902	5	5	-1.210892	0	0	0	0	0	0	0	0	0	0	0	0	0	54	0	
2	1155	-1.20873	-0.000222055	2849.622	-0.001525902	5	5	-1.210392	0	0	0	0	0	0	0	0	0	0	0	0	0	54	0	
2	1156	-1.208423	-0.000221197	2850.622	-0.001525902	5	5	-1.209892	0	0	0	0	0	0	0	0	0	0	0	0	0	54	0	
2	1157	-1.207809	-0.000220399	2851.622	-0.001525902	5	5	-1.209392	0	0	0	0	0	0	0	0	0	0	0	0	0	54	0	
2	1158	-1.207196	-0.00021997	2852.622	-0.001525902	5	5	-1.208892	0	0	0	0	0	0	0	0	0	0	0	0	0	54	0	
2	1159	-1.206889	-0.000219479	2853.622	-0.001525902	5	5	-1.208392	0	0	0	0	0	0	0	0	0	0	0	0	0	54	0	
2	1160	-1.206276	-0.00021862	2854.622	-0.001525902	5	5	-1.207892	0	0	0	0	0	0	0	0	0	0	0	0	0	54	0	
2	1161	-1.205969	-0.000217884	2855.622	-0.001525902	5	5	-1.207392	0	0	0	0	0	0	0	0	0	0	0	0	0	54	0	
2	1162	-1.205356	-0.000217025	2856.622	-0.001525902	5	5	-1.206892	0	0	0	0	0	0	0	0	0	0	0	0	0	54	0	
2	1163	-1.204742	-0.000216535	2857.622	-0.001525902	5	5	-1.206392	0	0	0	0	0	0	0	0	0	0	0	0	0	54	0	
2	1164	-1.204129	-0.000215921	2858.622	-0.001525902	5	5	-1.205892	0	0	0	0	0	0	0	0	0	0	0	0	0	54	0	
2	1165	-1.203822	-0.000215185	2859.622	-0.001525902	5	5	-1.205392	0	0	0	0	0	0	0	0	0	0	0	0	0	54	0	
2	1166	-1.203209	-0.000214326	2860.622	-0.001525902	5	5	-1.204892	0	0	0	0	0	0	0	0	0	0	0	0	0	54	0	
2	1167	-1.202902	-0.000213406	2861.622	-0.001525902	5	5	-1.204392	0	0	0	0	0	0	0	0	0	0	0	0	0	54	0	
2	1168	-1.202289	-0.000212609	2862.622	-0.001525902	5	5	-1.203892	0	0	0	0	0	0	0	0	0	0	0	0	0	54	0	
2	1169	-1.201675	-0.000212241	2863.622	-0.001525902	5	5	-1.203392	0	0	0	0	0	0	0	0	0	0	0	0	0	54	0	
2	1170	-1.201369	-0.000211566	2864.622	-0.001525902	5	5	-1.202892	0	0	0	0	0	0	0	0	0	0	0	0	0	54	0	
2	1171	-1.200755	-0.000212363	2865.622	-0.001525902	5	5	-1.202392	0	0	0	0	0	0	0	0	0	0	0	0	0	54	0	
2	1172	-1.200448	-0.000213038	2866.622	-0.001525902	5	5	-1.201892	0	0	0	0	0	0	0	0	0	0	0	0	0	54	0	
2	1173	-1.199835	-0.000211995	2867.622	-0.001525902	5	5	-1.201392	0	0	0	0	0	0	0	0	0	0	0	0	0	54	0	
2	1174	-1.199222	-0.000211198	2868.622	-0.001525902	5	5	-1.200892	0	0	0	0	0	0	0	0	0	0	0	0	0	54	0	
2	1175	-1.198915	-0.000209971	2869.622	-0.001525902	5	5	-1.200392	0	0	0	0	0	0	0	0	0	0	0	0	0	54	0	
2	1176	-1.198302	-0.00020899	2870.622	-0.001525902	5	5	-1.199892	0	0	0	0	0	0	0	0	0	0	0	0	0	54	0	
2	1177	-1.197688	-0.000208254	2871.622	-0.001525902	5	5	-1.199392	0	0	0	0	0	0	0	0	0	0	0	0	0	54	0	
2	1178	-1.197381	-0.000207395	2872.622	-0.001525902	5	5	-1.198892	0	0	0	0	0	0	0	0	0	0	0	0	0	54	0	
2	1179	-1.196768	-0.000206781	2873.622	-0.001525902	5	5	-1.198392	0	0	0	0	0	0	0	0	0	0	0	0	0	54	0	
2	1180	-1.196155	-0.000205923	2874.622	-0.001525902	5	5	-1.197892	0	0	0	0	0	0	0	0	0	0	0	0	0	54	0	
2	1181	-1.195848	-0.000205432	2875.622	-0.001525902	5	5	-1.197392	0	0	0	0	0	0	0	0	0	0	0	0	0	54	0	
2	1182	-1.195234	-0.000204757	2876.622	-0.001525902	5	5	-1.196892	0	0	0	0	0	0	0	0	0	0	0	0	0	54	0	
2	1183	-1.194928	-0.000204205	2877.622	-0.001525902	5	5	-1.196392	0	0	0	0	0	0	0	0	0	0	0	0	0	54	0	
2	1184	-1.194314	-0.000203469	2878.622	-0.001525902	5	5	-1.195892	0	0	0	0	0	0	0	0	0	0	0	0	0	54	0	
2	1185	-1.193701	-0.000202794	2879.622	-0.001525902	5	5	-1.195392	0	0	0	0	0	0	0	0	0	0	0	0	0	54	0	
2	1186	-1.193394	-0.00020261	2880.622	-0.001525902	5	5	-1.194892	0	0	0	0	0	0	0	0	0	0	0	0	0	54	0	
2	1187	-1.192781	-0.000201935	2881.622	-0.001525902	5	5	-1.194392	0	0	0	0	0	0	0	0	0	0	0	0	0	54	0	
2	1188	-1.192167	-0.000201138	2882.622	-0.001525902	5	5	-1.193892	0	0	0	0	0	0	0	0	0	0	0	0	0	54	0	
2	1189	-1.191861	-0.000200279	2883.622	-0.001525902	5	5	-1.193392	0	0	0	0	0	0	0	0	0	0	0	0	0	54	0	
2	1190	-1.191247	-0.000199727	2884.622	-0.001525902	5	5	-1.192892	0	0	0	0	0	0	0	0	0	0	0	0	0	54	0	
2	1191	-1.19094	-0.000198991	2885.622	-0.001525902	5	5	-1.192392	0	0	0	0	0	0	0	0	0	0	0	0	0	54	0	
2	1192	-1.190327	-0.000198132	2886.622	-0.001525902	5	5	-1.191892	0	0	0	0	0	0	0	0	0	0	0	0	0	54	0	
2	1193	-1.189714	-0.000197396	2887.622	-0.001525902	5	5	-1.191392	0	0	0	0	0	0	0	0	0	0	0	0	0	54	0	
2	1194	-1.189407	-0.00019666	2888.622	-0.001525902	5	5	-1.190892	0	0	0	0	0	0	0	0	0	0	0	0	0	54	0	
2	1195	-1.188794	-0.000195863	2889.622	-0.001525902	5	5	-1.190392	0	0	0	0	0	0	0	0	0	0	0	0	0	54	0	
2	1196	-1.188487	-0.000195004	2890.622	-0.001525902	5	5	-1.189892	0	0	0	0	0	0	0	0	0	0	0	0	0	54	0	
2	1197	-1.187873	-0.000194268	2891.622	-0.001525902	5	5	-1.189392	0	0	0	0	0	0	0	0	0	0	0	0	0	54	0	
2	1198	-1.18726	-0.000194268	2892.622	-0.001525902	5	5	-1.188892	0	0	0	0	0	0	0	0	0	0	0	0	0	54	0	
2	1199	-1.186953	-0.00019347	2893.622	-0.001525902	5	5	-1.188392	0	0	0	0	0	0	0	0	0	0	0	0	0	54	0	
2	1200	-1.18634	-0.000193041	2894.622	-0.001525902	5	5	-1.187892	0	0	0	0	0	0	0	0	0	0	0	0	0	54	0	
2	1201	-1.185727	-0.000192366	2895.622	-0.001525902	5	5	-1.187392	0	0	0	0	0	0	0	0	0	0	0	0	0	54	0	
2	1202	-1.18542	-0.00019163	2896.622	-0.001525902	5	5	-1.186892	0	0	0	0	0	0	0	0	0	0	0	0	0	54	0	
2	1203	-1.184806	-0.000190833	2897.622	-0.001525902	5	5	-1.186392	0	0	0	0	0	0	0	0	0	0	0	0	0	54	0	
2	1204	-1.184193	-0.000190097	2898.622	-0.001525902	5	5	-1.185892	0	0	0	0	0	0	0	0	0	0	0	0	0	54	0	
2	1205	-1.183886	-0.000189545	2899.622	-0.001525902	5	5	-1.185392	0	0	0	0	0	0	0	0	0	0	0	0	0	54	0	
2	1206	-1.183273	-0.000188931	2900.622	-0.001525902	5	5	-1.184892	0	0	0	0	0	0	0	0	0	0	0	0	0	54	0	
2	1207	-1.18266	-0.000188318	2901.622	-0.001525902	5	5	-1.184392	0	0	0	0	0	0	0	0	0	0	0	0	0	54	0	
2	1208	-1.182353	-0.000187766	2902.622	-0.001525902	5	5	-1.183892	0	0	0	0	0	0	0	0	0	0	0	0	0	54	0	
2	1209	-1.181739	-0.000187152	2903.622	-0.001525902	5	5	-1.183392	0	0	0	0	0	0	0	0	0	0	0	0	0	54	0	
2	1210	-1.181433	-0.000186784	2904.622	-0.001525902	5	5	-1.182892	0	0	0	0	0	0	0	0	0	0	0	0	0	54	0	
2	1211	-1.180819	-0.000186232	2905.622	-0.001525902	5	5	-1.182392	0	0	0	0	0	0	0	0	0	0	0	0	0	54	0	
2	1212	-1.180206	-0.000185803	2906.622	-0.001525902	5	5	-1.181892	0	0	0	0	0	0	0	0	0	0	0	0	0	54	0	
2	1213	-1.179899	-0.000185312	2907.622	-0.001525902	5	5	-1.181392	0	0	0	0	0	0	0	0	0	0	0	0	0	54	0	
2	1214	-1.179286	-0.000184576	2908.622	-0.001525902	5	5	-1.180892	0	0	0	0	0	0	0	0	0	0	0	0	0	54	0	
2	1215	-1.178979	-0.000184269	2909.622	-0.001525902	5	5	-1.180392	0	0	0	0	0	0	0	0	0	0	0	0	0	54	0	
2	1216	-1.178366	-0.000183656	2910.622	-0.001525902	5	5	-1.179892	0	0	0	0	0	0	0	0	0	0	0	0	0	54	0	
2	1217	-1.178059	-0.000183104	2911.622	-0.001525902	5	5	-1.179392	0	0	0	0	0	0	0	0	0	0	0	0	0	54	0	
2	1218	-1.177445	-0.000182613	2912.622	-0.001525902	5	5	-1.178892	0	0	0	0	0	0	0	0	0	0	0	0	0	54	0	
2	1219	-1.177139	-0.000182122	2913.622	-0.001525902	5	5	-1.178392	0	0	0	0	0	0	0	0	0	0	0	0	0	54	0	
2	1220	-1.176525	-0.000181509	2914.622	-0.001525902	5	5	-1.177892	0	0	0	0	0	0	0	0	0	0	0	0	0	54	0	
2	1221	-1.175912	-0.000180957	2915.622	-0.001525902	5	5	-1.177392	0	0	0	0	0	0	0	0	0	0	0	0	0	54	0	
2	1222	-1.175605	-0.000181079	2916.622	-0.001525902	5	5	-1.176892	0	0	0	0	0	0	0	0	0	0	0	0	0	54	0	
2	1223	-1.174992	-0.000180589	2917.622	-0.001525902	5	5	-1.176392	0	0	0	0	0	0	0	0	0	0	0	0	0	54	0	
2	1224	-1.174378	-0.000180037	2918.622	-0.001525902	5	5	-1.175892	0	0	0	0	0	0	0	0	0	0	0	0	0	54	0	
2	1225	-1.174072	-0.000179485	2919.622	-0.001525902	5	5	-1.175392	0	0	0	0	0	0	0	0	0	0	0	0	0	54	0	
2	1226	-1.173458	-0.000178687	2920.622	-0.001525902	5	5	-1.174892	0	0	0	0	0	0	0	0	0	0	0	0	0	54	0	
2	1227	-1.173152	-0.000178196	2921.622	-0.001525902	5	5	-1.174392	0	0	0	0	0	0	0	0	0	0	0	0	0	54	0	
2	1228	-1.172538	-0.000177767	2922.622	-0.001525902	5	5	-1.173892	0	0	0	0	0	0	0	0	0	0	0	0	0	54	0	
2	1229	-1.171925	-0.000177276	2923.622	-0.001525902	5	5	-1.173392	0	0	0	0	0	0	0	0	0	0	0	0	0	54	0	
2	1230	-1.171618	-0.000176847	2924.622	-0.001525902	5	5	-1.172892	0	0	0	0	0	0	0	0	0	0	0	0	0	54	0	
2	1231	-1.171005	-0.00017654	2925.622	-0.001525902	5	5	-1.172392	0	0	0	0	0	0	0	0	0	0	0	0	0	54	0	
2	1232	-1.170391	-0.000176601	2926.622	-0.001525902	5	5	-1.171892	0	0	0	0	0	0	0	0	0	0	0	0	0	54	0	
2	1233	-1.170084	-0.000176111	2927.622	-0.001525902	5	5	-1.171392	0	0	0	0	0	0	0	0	0	0	0	0	0	54	0	
2	1234	-1.169471	-0.000175865	2928.622	-0.001525902	5	5	-1.170892	0	0	0	0	0	0	0	0	0	0	0	0	0	54	0	
2	1235	-1.168858	-0.000175375	2929.622	-0.001525902	5	5	-1.170392	0	0	0	0	0	0	0	0	0	0	0	0	0	54	0	
2	1236	-1.168551	-0.000174945	2930.622	-0.001525902	5	5	-1.169892	0	0	0	0	0	0	0	0	0	0	0	0	0	54	0	
2	1237	-1.167938	-0.000174455	2931.622	-0.001525902	5	5	-1.169392	0	0	0	0	0	0	0	0	0	0	0	0	0	54	0	
2	1238	-1.167631	-0.000173964	2932.622	-0.001525902	5	5	-1.168892	0	0	0	0	0	0	0	0	0	0	0	0	0	54	0	
2	1239	-1.167017	-0.000173473	2933.622	-0.001525902	5	5	-1.168392	0	0	0	0	0	0	0	0	0	0	0	0	0	54	0	
2	1240	-1.166404	-0.000173105	2934.622	-0.001525902	5	5	-1.167892	0	0	0	0	0	0	0	0	0	0	0	0	0	54	0	
2	1241	-1.166097	-0.000172553	2935.622	-0.001525902	5	5	-1.167392	0	0	0	0	0	0	0	0	0	0	0	0	0	54	0	
2	1242	-1.165484	-0.000172124	2936.622	-0.001525902	5	5	-1.166892	0	0	0	0	0	0	0	0	0	0	0	0	0	54	0	
2	1243	-1.165177	-0.000171326	2937.622	-0.001525902	5	5	-1.166392	0	0	0	0	0	0	0	0	0	0	0	0	0	54	0	
2	1244	-1.164564	-0.000171633	2938.622	-0.001525902	5	5	-1.165892	0	0	0	0	0	0	0	0	0	0	0	0	0	54	0	
2	1245	-1.16395	-0.000171572	2939.622	-0.001525902	5	5	-1.165392	0	0	0	0	0	0	0	0	0	0	0	0	0	54	0	
2	1246	-1.163644	-0.000171142	2940.622	-0.001525902	5	5	-1.164892	0	0	0	0	0	0	0	0	0	0	0	0	0	54	0	
2	1247	-1.16303	-0.000170774	2941.622	-0.001525902	5	5	-1.164392	0	0	0	0	0	0	0	0	0	0	0	0	0	54	0	
2	1248	-1.162417	-0.000170467	2942.622	-0.001525902	5	5	-1.163892	0	0	0	0	0	0	0	0	0	0	0	0	0	54	0	
2	1249	-1.16211	-0.000170038	2943.622	-0.001525902	5	5	-1.163392	0	0	0	0	0	0	0	0	0	0	0	0	0	54	0	
2	1250	-1.161497	-0.000169547	2944.622	-0.001525902	5	5	-1.162892	0	0	0	0	0	0	0	0	0	0	0	0	0	54	0	
2	1251	-1.160883	-0.000169241	2945.622	-0.001525902	5	5	-1.162392	0	0	0	0	0	0	0	0	0	0	0	0	0	54	0	
2	1252	-1.160577	-0.00016875	2946.622	-0.001525902	5	5	-1.161892	0	0	0	0	0	0	0	0	0	0	0	0	0	54	0	
2	1253	-1.159963	-0.000168198	2947.622	-0.001525902	5	5	-1.161392	0	0	0	0	0	0	0	0	0	0	0	0	0	54	0	
2	1254	-1.159657	-0.000167707	2948.622	-0.001525902	5	5	-1.160892	0	0	0	0	0	0	0	0	0	0	0	0	0	54	0	
2	1255	-1.159043	-0.000167278	2949.622	-0.001525902	5	5	-1.160392	0	0	0	0	0	0	0	0	0	0	0	0	0	54	0	
2	1256	-1.15843	-0.000167032	2950.622	-0.001525902	5	5	-1.159892	0	0	0	0	0	0	0	0	0	0	0	0	0	54	0	
2	1257	-1.158123	-0.000166971	2951.622	-0.001525902	5	5	-1.159392	0	0	0	0	0	0	0	0	0	0	0	0	0	54	0	
2	1258	-1.15751	-0.00016648	2952.622	-0.001525902	5	5	-1.158892	0	0	0	0	0	0	0	0	0	0	0	0	0	54	0	
2	1259	-1.157203	-0.000165867	2953.622	-0.001525902	5	5	-1.158392	0	0	0	0	0	0	0	0	0	0	0	0	0	54	0	
2	1260	-1.156589	-0.000165437	2954.622	-0.001525902	5	5	-1.157892	0	0	0	0	0	0	0	0	0	0	0	0	0	54	0	
2	1261	-1.155976	-0.000164885	2955.622	-0.001525902	5	5	-1.157392	0	0	0	0	0	0	0	0	0	0	0	0	0	54	0	
2	1262	-1.155669	-0.000164517	2956.622	-0.001525902	5	5	-1.156892	0	0	0	0	0	0	0	0	0	0	0	0	0	54	0	
2	1263	-1.155056	-0.000164088	2957.622	-0.001525902	5	5	-1.156392	0	0	0	0	0	0	0	0	0	0	0	0	0	54	0	
2	1264	-1.154443	-0.000163658	2958.622	-0.001525902	5	5	-1.155892	0	0	0	0	0	0	0	0	0	0	0	0	0	54	0	
2	1265	-1.154136	-0.000163229	2959.622	-0.001525902	5	5	-1.155392	0	0	0	0	0	0	0	0	0	0	0	0	0	54	0	
2	1266	-1.153522	-0.0001628	2960.622	-0.001525902	5	5	-1.154892	0	0	0	0	0	0	0	0	0	0	0	0	0	54	0	
2	1267	-1.153216	-0.000162554	2961.622	-0.001525902	5	5	-1.154392	0	0	0	0	0	0	0	0	0	0	0	0	0	54	0	
2	1268	-1.152602	-0.000162002	2962.622	-0.001525902	5	5	-1.153892	0	0	0	0	0	0	0	0	0	0	0	0	0	54	0	
2	1269	-1.151989	-0.000161941	2963.622	-0.001525902	5	5	-1.153392	0	0	0	0	0	0	0	0	0	0	0	0	0	54	0	
2	1270	-1.151682	-0.000161573	2964.622	-0.001525902	5	5	-1.152892	0	0	0	0	0	0	0	0	0	0	0	0	0	54	0	
2	1271	-1.151069	-0.000161082	2965.622	-0.001525902	5	5	-1.152392	0	0	0	0	0	0	0	0	0	0	0	0	0	54	0	
2	1272	-1.150455	-0.000160591	2966.622	-0.001525902	5	5	-1.151892	0	0	0	0	0	0	0	0	0	0	0	0	0	54	0	
2	1273	-1.150149	-0.000160101	2967.622	-0.001525902	5	5	-1.151392	0	0	0	0	0	0	0	0	0	0	0	0	0	54	0	
2	1274	-1.149535	-0.000159733	2968.622	-0.001525902	5	5	-1.150892	0	0	0	0	0	0	0	0	0	0	0	0	0	54	0	
2	1275	-1.148922	-0.000159365	2969.622	-0.001525902	5	5	-1.150392	0	0	0	0	0	0	0	0	0	0	0	0	0	54	0	
2	1276	-1.148615	-0.000158813	2970.622	-0.001525902	5	5	-1.149892	0	0	0	0	0	0	0	0	0	0	0	0	0	54	0	
2	1277	-1.148002	-0.000158506	2971.622	-0.001525902	5	5	-1.149392	0	0	0	0	0	0	0	0	0	0	0	0	0	54	0	
2	1278	-1.147695	-0.000158015	2972.622	-0.001525902	5	5	-1.148892	0	0	0	0	0	0	0	0	0	0	0	0	0	54	0	
2	1279	-1.147081	-0.000157831	2973.622	-0.001525902	5	5	-1.148392	0	0	0	0	0	0	0	0	0	0	0	0	0	54	0	
2	1280	-1.146468	-0.000157402	2974.622	-0.001525902	5	5	-1.147892	0	0	0	0	0	0	0	0	0	0	0	0	0	54	0	
2	1281	-1.146161	-0.000156972	2975.622	-0.001525902	5	5	-1.147392	0	0	0	0	0	0	0	0	0	0	0	0	0	54	0	
2	1282	-1.145548	-0.000156543	2976.622	-0.001525902	5	5	-1.146892	0	0	0	0	0	0	0	0	0	0	0	0	0	54	0	
2	1283	-1.145241	-0.000156114	2977.622	-0.001525902	5	5	-1.146392	0	0	0	0	0	0	0	0	0	0	0	0	0	54	0	
2	1284	-1.144628	-0.000155807	2978.622	-0.001525902	5	5	-1.145892	0	0	0	0	0	0	0	0	0	0	0	0	0	54	0	
2	1285	-1.144014	-0.000155439	2979.622	-0.001525902	5	5	-1.145392	0	0	0	0	0	0	0	0	0	0	0	0	0	54	0	
2	1286	-1.143708	-0.000155071	2980.622	-0.001525902	5	5	-1.144892	0	0	0	0	0	0	0	0	0	0	0	0	0	54	0	
2	1287	-1.143094	-0.000154703	2981.622	-0.001525902	5	5	-1.144392	0	0	0	0	0	0	0	0	0	0	0	0	0	54	0	
2	1288	-1.142481	-0.000154273	2982.622	-0.001525902	5	5	-1.143892	0	0	0	0	0	0	0	0	0	0	0	0	0	54	0	
2	1289	-1.142174	-0.000153967	2983.622	-0.001525902	5	5	-1.143392	0	0	0	0	0	0	0	0	0	0	0	0	0	54	0	
2	1290	-1.141561	-0.000153721	2984.622	-0.001525902	5	5	-1.142892	0	0	0	0	0	0	0	0	0	0	0	0	0	54	0	
2	1291	-1.140947	-0.00015323	2985.622	-0.001525902	5	5	-1.142392	0	0	0	0	0	0	0	0	0	0	0	0	0	54	0	
2	1292	-1.140641	-0.000152678	2986.622	-0.001525902	5	5	-1.141892	0	0	0	0	0	0	0	0	0	0	0	0	0	54	0	
2	1293	-1.140027	-0.000152249	2987.622	-0.001525902	5	5	-1.141392	0	0	0	0	0	0	0	0	0	0	0	0	0	54	0	
2	1294	-1.139721	-0.000151881	2988.622	-0.001525902	5	5	-1.140892	0	0	0	0	0	0	0	0	0	0	0	0	0	54	0	
2	1295	-1.139107	-0.000151636	2989.622	-0.001525902	5	5	-1.140392	0	0	0	0	0	0	0	0	0	0	0	0	0	54	0	
2	1296	-1.138494	-0.00015139	2990.622	-0.001525902	5	5	-1.139892	0	0	0	0	0	0	0	0	0	0	0	0	0	54	0	
2	1297	-1.138187	-0.000151022	2991.622	-0.001525902	5	5	-1.139392	0	0	0	0	0	0	0	0	0	0	0	0	0	54	0	
2	1298	-1.137574	-0.000150777	2992.622	-0.001525902	5	5	-1.138892	0	0	0	0	0	0	0	0	0	0	0	0	0	54	0	
2	1299	-1.13696	-0.000150409	2993.622	-0.001525902	5	5	-1.138392	0	0	0	0	0	0	0	0	0	0	0	0	0	54	0	
2	1300	-1.136654	-0.000149979	2994.622	-0.001525902	5	5	-1.137892	0	0	0	0	0	0	0	0	0	0	0	0	0	54	0	
2	1301	-1.13604	-0.000149734	2995.622	-0.001525902	5	5	-1.137392	0	0	0	0	0	0	0	0	0	0	0	0	0	54	0	
2	1302	-1.135733	-0.000149182	2996.622	-0.001525902	5	5	-1.136892	0	0	0	0	0	0	0	0	0	0	0	0	0	54	0	
2	1303	-1.13512	-0.000149305	2997.622	-0.001525902	5	5	-1.136392	0	0	0	0	0	0	0	0	0	0	0	0	0	54	0	
2	1304	-1.134507	-0.000149121	2998.622	-0.001525902	5	5	-1.135892	0	0	0	0	0	0	0	0	0	0	0	0	0	54	0	
2	1305	-1.133893	-0.000148937	2999.622	-0.001525902	5	5	-1.135392	0	0	0	0	0	0	0	0	0	0	0	0	0	54	0	
2	1306	-1.133586	-0.000148753	3000.622	-0.001525902	5	5	-1.134892	0	0	0	0	0	0	0	0	0	0	0	0	0	54	0	
2	1307	-1.132973	-0.000148507	3001.622	-0.001525902	5	5	-1.134392	0	0	0	0	0	0	0	0	0	0	0	0	0	54	0	
2	1308	-1.132666	-0.000147894	3002.622	-0.001525902	5	5	-1.133892	0	0	0	0	0	0	0	0	0	0	0	0	0	54	0	
2	1309	-1.132053	-0.000147526	3003.622	-0.001525902	5	5	-1.133392	0	0	0	0	0	0	0	0	0	0	0	0	0	54	0	
2	1310	-1.131746	-0.000147158	3004.622	-0.001525902	5	5	-1.132892	0	0	0	0	0	0	0	0	0	0	0	0	0	54	0	
2	1311	-1.131133	-0.000146912	3005.622	-0.001525902	5	5	-1.132392	0	0	0	0	0	0	0	0	0	0	0	0	0	54	0	
2	1312	-1.130519	-0.00014679	3006.622	-0.001525902	5	5	-1.131892	0	0	0	0	0	0	0	0	0	0	0	0	0	54	0	
2	1313	-1.130213	-0.000146483	3007.622	-0.001525902	5	5	-1.131392	0	0	0	0	0	0	0	0	0	0	0	0	0	54	0	
2	1314	-1.129599	-0.000146176	3008.622	-0.001525902	5	5	-1.130892	0	0	0	0	0	0	0	0	0	0	0	0	0	54	0	
2	1315	-1.128986	-0.000145931	3009.622	-0.001525902	5	5	-1.130392	0	0	0	0	0	0	0	0	0	0	0	0	0	54	0	
2	1316	-1.128372	-0.000145747	3010.622	-0.001525902	5	5	-1.129892	0	0	0	0	0	0	0	0	0	0	0	0	0	54	0	
2	1317	-1.128066	-0.00014544	3011.622	-0.001525902	5	5	-1.129392	0	0	0	0	0	0	0	0	0	0	0	0	0	54	0	
2	1318	-1.127452	-0.000145072	3012.622	-0.001525902	5	5	-1.128892	0	0	0	0	0	0	0	0	0	0	0	0	0	54	0	
2	1319	-1.127146	-0.000145133	3013.622	-0.001525902	5	5	-1.128392	0	0	0	0	0	0	0	0	0	0	0	0	0	54	0	
2	1320	-1.126532	-0.000144765	3014.622	-0.001525902	5	5	-1.127892	0	0	0	0	0	0	0	0	0	0	0	0	0	54	0	
2	1321	-1.125919	-0.00014452	3015.622	-0.001525902	5	5	-1.127392	0	0	0	0	0	0	0	0	0	0	0	0	0	54	0	
2	1322	-1.125612	-0.000144397	3016.622	-0.001525902	5	5	-1.126892	0	0	0	0	0	0	0	0	0	0	0	0	0	54	0	
2	1323	-1.124999	-0.000144091	3017.622	-0.001525902	5	5	-1.126392	0	0	0	0	0	0	0	0	0	0	0	0	0	54	0	
2	1324	-1.124385	-0.000143907	3018.622	-0.001525902	5	5	-1.125892	0	0	0	0	0	0	0	0	0	0	0	0	0	54	0	
2	1325	-1.124079	-0.0001436	3019.622	-0.001525902	5	5	-1.125392	0	0	0	0	0	0	0	0	0	0	0	0	0	54	0	
2	1326	-1.123465	-0.000143845	3020.622	-0.001525902	5	5	-1.124892	0	0	0	0	0	0	0	0	0	0	0	0	0	54	0	
2	1327	-1.123158	-0.000143661	3021.622	-0.001525902	5	5	-1.124392	0	0	0	0	0	0	0	0	0	0	0	0	0	54	0	
2	1328	-1.122545	-0.000143232	3022.622	-0.001525902	5	5	-1.123892	0	0	0	0	0	0	0	0	0	0	0	0	0	54	0	
2	1329	-1.121932	-0.00014268	3023.622	-0.001525902	5	5	-1.123392	0	0	0	0	0	0	0	0	0	0	0	0	0	54	0	
2	1330	-1.121625	-0.00014225	3024.622	-0.001525902	5	5	-1.122892	0	0	0	0	0	0	0	0	0	0	0	0	0	54	0	
2	1331	-1.121011	-0.000141944	3025.622	-0.001525902	5	5	-1.122392	0	0	0	0	0	0	0	0	0	0	0	0	0	54	0	
2	1332	-1.120705	-0.000141637	3026.622	-0.001525902	5	5	-1.121892	0	0	0	0	0	0	0	0	0	0	0	0	0	54	0	
2	1333	-1.120091	-0.000141514	3027.622	-0.001525902	5	5	-1.121392	0	0	0	0	0	0	0	0	0	0	0	0	0	54	0	
2	1334	-1.119478	-0.000141269	3028.622	-0.001525902	5	5	-1.120892	0	0	0	0	0	0	0	0	0	0	0	0	0	54	0	
2	1335	-1.119171	-0.000140901	3029.622	-0.001525902	5	5	-1.120392	0	0	0	0	0	0	0	0	0	0	0	0	0	54	0	
2	1336	-1.118558	-0.000140533	3030.622	-0.001525902	5	5	-1.119892	0	0	0	0	0	0	0	0	0	0	0	0	0	54	0	
2	1337	-1.117944	-0.000140036	3031.622	-0.001525902	6	6	-1.119392	0	0	0	0	0	0	0	0	0	0	0	0	0	54	0	
2	1338	-1.117638	-0.00013968	3032.622	-0.001525902	6	6	-1.118892	0	0	0	0	0	0	0	0	0	0	0	0	0	54	0	
2	1339	-1.117024	-0.000139288	3033.622	-0.001525902	6	6	-1.118392	0	0	0	0	0	0	0	0	0	0	0	0	0	54	0	
2	1340	-1.116718	-0.000138938	3034.622	-0.001525902	6	6	-1.117892	0	0	0	0	0	0	0	0	0	0	0	0	0	54	0	
2	1341	-1.116104	-0.000138545	3035.622	-0.001525902	6	6	-1.117392	0	0	0	0	0	0	0	0	0	0	0	0	0	54	0	
2	1342	-1.115491	-0.000138239	3036.622	-0.001525902	6	6	-1.116892	0	0	0	0	0	0	0	0	0	0	0	0	0	54	0	
2	1343	-1.115184	-0.000137815	3037.622	-0.001525902	6	6	-1.116392	0	0	0	0	0	0	0	0	0	0	0	0	0	54	0	
2	1344	-1.114571	-0.00013746	3038.622	-0.001525902	6	6	-1.115892	0	0	0	0	0	0	0	0	0	0	0	0	0	54	0	
2	1345	-1.113957	-0.000137092	3039.622	-0.001525902	6	6	-1.115392	0	0	0	0	0	0	0	0	0	0	0	0	0	54	0	
2	1346	-1.113651	-0.000136767	3040.622	-0.001525902	6	6	-1.114892	0	0	0	0	0	0	0	0	0	0	0	0	0	54	0	
2	1347	-1.113037	-0.000136521	3041.622	-0.001525902	6	6	-1.114392	0	0	0	0	0	0	0	0	0	0	0	0	0	54	0	
2	1348	-1.112424	-0.000136276	3042.622	-0.001525902	6	6	-1.113892	0	0	0	0	0	0	0	0	0	0	0	0	0	54	0	
2	1349	-1.112117	-0.000136147	3043.622	-0.001525902	6	6	-1.113392	0	0	0	0	0	0	0	0	0	0	0	0	0	54	0	
2	1350	-1.111504	-0.000135877	3044.622	-0.001525902	6	6	-1.112892	0	0	0	0	0	0	0	0	0	0	0	0	0	54	0	
2	1351	-1.111197	-0.000135509	3045.622	-0.001525902	6	6	-1.112392	0	0	0	0	0	0	0	0	0	0	0	0	0	54	0	
2	1352	-1.110583	-0.000135153	3046.622	-0.001525902	6	6	-1.111892	0	0	0	0	0	0	0	0	0	0	0	0	0	54	0	
2	1353	-1.110277	-0.000134902	3047.622	-0.001525902	6	6	-1.111392	0	0	0	0	0	0	0	0	0	0	0	0	0	54	0	
2	1354	-1.109663	-0.000134632	3048.622	-0.001525902	6	6	-1.110892	0	0	0	0	0	0	0	0	0	0	0	0	0	54	0	
2	1355	-1.10905	-0.000134393	3049.622	-0.001525902	6	6	-1.110392	0	0	0	0	0	0	0	0	0	0	0	0	0	54	0	
2	1356	-1.108743	-0.000134141	3050.622	-0.001525902	6	6	-1.109892	0	0	0	0	0	0	0	0	0	0	0	0	0	54	0	
2	1357	-1.10813	-0.000133877	3051.622	-0.001525902	6	6	-1.109392	0	0	0	0	0	0	0	0	0	0	0	0	0	54	0	
2	1358	-1.107516	-0.000133552	3052.622	-0.001525902	6	6	-1.108892	0	0	0	0	0	0	0	0	0	0	0	0	0	54	0	
2	1359	-1.106903	-0.000133258	3053.622	-0.001525902	6	6	-1.108392	0	0	0	0	0	0	0	0	0	0	0	0	0	54	0	
2	1360	-1.106596	-0.000132945	3054.622	-0.001525902	6	6	-1.107892	0	0	0	0	0	0	0	0	0	0	0	0	0	54	0	
2	1361	-1.105983	-0.000132571	3055.622	-0.001525902	6	6	-1.107392	0	0	0	0	0	0	0	0	0	0	0	0	0	54	0	
2	1362	-1.105676	-0.000132387	3056.622	-0.001525902	6	6	-1.106892	0	0	0	0	0	0	0	0	0	0	0	0	0	54	0	
2	1363	-1.105063	-0.000132092	3057.622	-0.001525902	6	6	-1.106392	0	0	0	0	0	0	0	0	0	0	0	0	0	54	0	
2	1364	-1.104449	-0.000131792	3058.622	-0.001525902	6	6	-1.105892	0	0	0	0	0	0	0	0	0	0	0	0	0	54	0	
2	1365	-1.104143	-0.000131546	3059.622	-0.001525902	6	6	-1.105392	0	0	0	0	0	0	0	0	0	0	0	0	0	54	0	
2	1366	-1.103529	-0.000131424	3060.622	-0.001525902	6	6	-1.104892	0	0	0	0	0	0	0	0	0	0	0	0	0	54	0	
2	1367	-1.103222	-0.000131142	3061.622	-0.001525902	6	6	-1.104392	0	0	0	0	0	0	0	0	0	0	0	0	0	54	0	
2	1368	-1.102609	-0.000130847	3062.622	-0.001525902	6	6	-1.103892	0	0	0	0	0	0	0	0	0	0	0	0	0	54	0	
2	1369	-1.101996	-0.00013051	3063.622	-0.001525902	6	6	-1.103392	0	0	0	0	0	0	0	0	0	0	0	0	0	54	0	
2	1370	-1.101689	-0.000130142	3064.622	-0.001525902	6	6	-1.102892	0	0	0	0	0	0	0	0	0	0	0	0	0	54	0	
2	1371	-1.101076	-0.000129706	3065.622	-0.001525902	6	6	-1.102392	0	0	0	0	0	0	0	0	0	0	0	0	0	54	0	
2	1372	-1.100462	-0.000129406	3066.622	-0.001525902	6	6	-1.101892	0	0	0	0	0	0	0	0	0	0	0	0	0	54	0	
2	1373	-1.100155	-0.000129203	3067.622	-0.001525902	6	6	-1.101392	0	0	0	0	0	0	0	0	0	0	0	0	0	54	0	
2	1374	-1.099542	-0.000128768	3068.622	-0.001525902	6	6	-1.100892	0	0	0	0	0	0	0	0	0	0	0	0	0	54	0	
2	1375	-1.098929	-0.000128522	3069.622	-0.001525902	6	6	-1.100392	0	0	0	0	0	0	0	0	0	0	0	0	0	54	0	
2	1376	-1.098622	-0.00012824	3070.622	-0.001525902	6	6	-1.099892	0	0	0	0	0	0	0	0	0	0	0	0	0	54	0	
2	1377	-1.098009	-0.000127946	3071.622	-0.001525902	6	6	-1.099392	0	0	0	0	0	0	0	0	0	0	0	0	0	54	0	
2	1378	-1.097702	-0.000127749	3072.622	-0.001525902	6	6	-1.098892	0	0	0	0	0	0	0	0	0	0	0	0	0	54	0	
2	1379	-1.097088	-0.000127449	3073.622	-0.001525902	6	6	-1.098392	0	0	0	0	0	0	0	0	0	0	0	0	0	54	0	
2	1380	-1.096475	-0.00012716	3074.622	-0.001525902	6	6	-1.097892	0	0	0	0	0	0	0	0	0	0	0	0	0	54	0	
2	1381	-1.096168	-0.000126884	3075.622	-0.001525902	6	6	-1.097392	0	0	0	0	0	0	0	0	0	0	0	0	0	54	0	
2	1382	-1.095555	-0.000126615	3076.622	-0.001525902	6	6	-1.096892	0	0	0	0	0	0	0	0	0	0	0	0	0	54	0	
2	1383	-1.094941	-0.000126357	3077.622	-0.001525902	6	6	-1.096392	0	0	0	0	0	0	0	0	0	0	0	0	0	54	0	
2	1384	-1.094635	-0.000126093	3078.622	-0.001525902	6	6	-1.095892	0	0	0	0	0	0	0	0	0	0	0	0	0	54	0	
2	1385	-1.094021	-0.000125842	3079.622	-0.001525902	6	6	-1.095392	0	0	0	0	0	0	0	0	0	0	0	0	0	54	0	
2	1386	-1.093408	-0.00012559	3080.622	-0.001525902	6	6	-1.094892	0	0	0	0	0	0	0	0	0	0	0	0	0	54	0	
2	1387	-1.093101	-0.000125388	3081.622	-0.001525902	6	6	-1.094392	0	0	0	0	0	0	0	0	0	0	0	0	0	54	0	
2	1388	-1.092488	-0.000125185	3082.622	-0.001525902	6	6	-1.093892	0	0	0	0	0	0	0	0	0	0	0	0	0	54	0	
2	1389	-1.092181	-0.000124897	3083.622	-0.001525902	6	6	-1.093392	0	0	0	0	0	0	0	0	0	0	0	0	0	54	0	
2	1390	-1.091568	-0.000124541	3084.622	-0.001525902	6	6	-1.092892	0	0	0	0	0	0	0	0	0	0	0	0	0	54	0	
2	1391	-1.090954	-0.000124185	3085.622	-0.001525902	6	6	-1.092392	0	0	0	0	0	0	0	0	0	0	0	0	0	54	0	
2	1392	-1.090648	-0.000123848	3086.622	-0.001525902	6	6	-1.091892	0	0	0	0	0	0	0	0	0	0	0	0	0	54	0	
2	1393	-1.090034	-0.000123523	3087.622	-0.001525902	6	6	-1.091392	0	0	0	0	0	0	0	0	0	0	0	0	0	54	0	
2	1394	-1.089727	-0.000123229	3088.622	-0.001525902	6	6	-1.090892	0	0	0	0	0	0	0	0	0	0	0	0	0	54	0	
2	1395	-1.089114	-0.000123069	3089.622	-0.001525902	6	6	-1.090392	0	0	0	0	0	0	0	0	0	0	0	0	0	54	0	
2	1396	-1.088501	-0.000123014	3090.622	-0.001525902	6	6	-1.089892	0	0	0	0	0	0	0	0	0	0	0	0	0	54	0	
2	1397	-1.088194	-0.000122836	3091.622	-0.001525902	6	6	-1.089392	0	0	0	0	0	0	0	0	0	0	0	0	0	54	0	
2	1398	-1.087581	-0.000122584	3092.622	-0.001525902	6	6	-1.088892	0	0	0	0	0	0	0	0	0	0	0	0	0	54	0	
2	1399	-1.086967	-0.000122345	3093.622	-0.001525902	6	6	-1.088392	0	0	0	0	0	0	0	0	0	0	0	0	0	54	0	
2	1400	-1.08666	-0.000122088	3094.622	-0.001525902	6	6	-1.087892	0	0	0	0	0	0	0	0	0	0	0	0	0	54	0	
2	1401	-1.086047	-0.000121928	3095.622	-0.001525902	6	6	-1.087392	0	0	0	0	0	0	0	0	0	0	0	0	0	54	0	
2	1402	-1.08574	-0.000121407	3096.622	-0.001525902	6	6	-1.086892	0	0	0	0	0	0	0	0	0	0	0	0	0	54	0	
2	1403	-1.085127	-0.000121198	3097.622	-0.001525902	6	6	-1.086392	0	0	0	0	0	0	0	0	0	0	0	0	0	54	0	
2	1404	-1.084513	-0.00012094	3098.622	-0.001525902	6	6	-1.085892	0	0	0	0	0	0	0	0	0	0	0	0	0	54	0	
2	1405	-1.0839	-0.000120628	3099.622	-0.001525902	6	6	-1.085392	0	0	0	0	0	0	0	0	0	0	0	0	0	54	0	
2	1406	-1.083593	-0.00012029	3100.622	-0.001525902	6	6	-1.084892	0	0	0	0	0	0	0	0	0	0	0	0	0	54	0	
2	1407	-1.08298	-0.000120045	3101.622	-0.001525902	6	6	-1.084392	0	0	0	0	0	0	0	0	0	0	0	0	0	54	0	
2	1408	-1.082673	-0.000119873	3102.622	-0.001525902	6	6	-1.083892	0	0	0	0	0	0	0	0	0	0	0	0	0	54	0	
2	1409	-1.08206	-0.000119554	3103.622	-0.001525902	6	6	-1.083392	0	0	0	0	0	0	0	0	0	0	0	0	0	54	0	
2	1410	-1.081446	-0.000119303	3104.622	-0.001525902	6	6	-1.082892	0	0	0	0	0	0	0	0	0	0	0	0	0	54	0	
2	1411	-1.08114	-0.000119039	3105.622	-0.001525902	6	6	-1.082392	0	0	0	0	0	0	0	0	0	0	0	0	0	54	0	
2	1412	-1.080526	-0.000118812	3106.622	-0.001525902	6	6	-1.081892	0	0	0	0	0	0	0	0	0	0	0	0	0	54	0	
2	1413	-1.079913	-0.000118573	3107.622	-0.001525902	6	6	-1.081392	0	0	0	0	0	0	0	0	0	0	0	0	0	54	0	
2	1414	-1.079606	-0.000118444	3108.622	-0.001525902	6	6	-1.080892	0	0	0	0	0	0	0	0	0	0	0	0	0	54	0	
2	1415	-1.078993	-0.000118303	3109.622	-0.001525902	6	6	-1.080392	0	0	0	0	0	0	0	0	0	0	0	0	0	54	0	
2	1416	-1.078686	-0.000118168	3110.622	-0.001525902	6	6	-1.079892	0	0	0	0	0	0	0	0	0	0	0	0	0	54	0	
2	1417	-1.078073	-0.000117947	3111.622	-0.001525902	6	6	-1.079392	0	0	0	0	0	0	0	0	0	0	0	0	0	54	0	
2	1418	-1.077766	-0.000117696	3112.622	-0.001525902	6	6	-1.078892	0	0	0	0	0	0	0	0	0	0	0	0	0	54	0	
2	1419	-1.077152	-0.000117855	3113.622	-0.001525902	6	6	-1.078392	0	0	0	0	0	0	0	0	0	0	0	0	0	54	0	
2	1420	-1.076539	-0.000117732	3114.622	-0.001525902	6	6	-1.077892	0	0	0	0	0	0	0	0	0	0	0	0	0	54	0	
2	1421	-1.076232	-0.000117512	3115.622	-0.001525902	6	6	-1.077392	0	0	0	0	0	0	0	0	0	0	0	0	0	54	0	
2	1422	-1.075619	-0.000117291	3116.622	-0.001525902	6	6	-1.076892	0	0	0	0	0	0	0	0	0	0	0	0	0	54	0	
2	1423	-1.075312	-0.000117094	3117.622	-0.001525902	6	6	-1.076392	0	0	0	0	0	0	0	0	0	0	0	0	0	54	0	
2	1424	-1.074699	-0.000116904	3118.622	-0.001525902	6	6	-1.075892	0	0	0	0	0	0	0	0	0	0	0	0	0	54	0	
2	1425	-1.074085	-0.00011669	3119.622	-0.001525902	6	6	-1.075392	0	0	0	0	0	0	0	0	0	0	0	0	0	54	0	
2	1426	-1.073779	-0.000116444	3120.622	-0.001525902	6	6	-1.074892	0	0	0	0	0	0	0	0	0	0	0	0	0	54	0	
2	1427	-1.073165	-0.000116187	3121.622	-0.001525902	6	6	-1.074392	0	0	0	0	0	0	0	0	0	0	0	0	0	54	0	
2	1428	-1.072552	-0.000115935	3122.622	-0.001525902	6	6	-1.073892	0	0	0	0	0	0	0	0	0	0	0	0	0	54	0	
2	1429	-1.072245	-0.000115726	3123.622	-0.001525902	6	6	-1.073392	0	0	0	0	0	0	0	0	0	0	0	0	0	54	0	
2	1430	-1.071632	-0.000115518	3124.622	-0.001525902	6	6	-1.072892	0	0	0	0	0	0	0	0	0	0	0	0	0	54	0	
2	1431	-1.071018	-0.000115291	3125.622	-0.001525902	6	6	-1.072392	0	0	0	0	0	0	0	0	0	0	0	0	0	54	0	
2	1432	-1.070712	-0.000115064	3126.622	-0.001525902	6	6	-1.071892	0	0	0	0	0	0	0	0	0	0	0	0	0	54	0	
2	1433	-1.070098	-0.000114843	3127.622	-0.001525902	6	6	-1.071392	0	0	0	0	0	0	0	0	0	0	0	0	0	54	0	
2	1434	-1.069485	-0.0001148	3128.622	-0.001525902	6	6	-1.070892	0	0	0	0	0	0	0	0	0	0	0	0	0	54	0	
2	1435	-1.069178	-0.000114444	3129.622	-0.001525902	6	6	-1.070392	0	0	0	0	0	0	0	0	0	0	0	0	0	54	0	
2	1436	-1.068565	-0.000114205	3130.622	-0.001525902	6	6	-1.069892	0	0	0	0	0	0	0	0	0	0	0	0	0	54	0	
2	1437	-1.068258	-0.00011396	3131.622	-0.001525902	6	6	-1.069392	0	0	0	0	0	0	0	0	0	0	0	0	0	54	0	
2	1438	-1.067645	-0.000113708	3132.622	-0.001525902	6	6	-1.068892	0	0	0	0	0	0	0	0	0	0	0	0	0	54	0	
2	1439	-1.067031	-0.000113506	3133.622	-0.001525902	6	6	-1.068392	0	0	0	0	0	0	0	0	0	0	0	0	0	54	0	
2	1440	-1.066724	-0.000113297	3134.622	-0.001525902	6	6	-1.067892	0	0	0	0	0	0	0	0	0	0	0	0	0	54	0	
2	1441	-1.066111	-0.000113083	3135.622	-0.001525902	6	6	-1.067392	0	0	0	0	0	0	0	0	0	0	0	0	0	54	0	
2	1442	-1.065804	-0.000112862	3136.622	-0.001525902	6	6	-1.066892	0	0	0	0	0	0	0	0	0	0	0	0	0	54	0	
2	1443	-1.065191	-0.000112659	3137.622	-0.001525902	6	6	-1.066392	0	0	0	0	0	0	0	0	0	0	0	0	0	54	0	
2	1444	-1.064578	-0.000112463	3138.622	-0.001525902	6	6	-1.065892	0	0	0	0	0	0	0	0	0	0	0	0	0	54	0	
2	1445	-1.064271	-0.000112279	3139.622	-0.001525902	6	6	-1.065392	0	0	0	0	0	0	0	0	0	0	0	0	0	54	0	
2	1446	-1.063657	-0.000112101	3140.622	-0.001525902	6	6	-1.064892	0	0	0	0	0	0	0	0	0	0	0	0	0	54	0	
2	1447	-1.063044	-0.000111936	3141.622	-0.001525902	6	6	-1.064392	0	0	0	0	0	0	0	0	0	0	0	0	0	54	0	
2	1448	-1.062737	-0.00011188	3142.622	-0.001525902	6	6	-1.063892	0	0	0	0	0	0	0	0	0	0	0	0	0	54	0	
2	1449	-1.062124	-0.000111715	3143.622	-0.001525902	6	6	-1.063392	0	0	0	0	0	0	0	0	0	0	0	0	0	54	0	
2	1450	-1.06151	-0.000111512	3144.622	-0.001525902	6	6	-1.062892	0	0	0	0	0	0	0	0	0	0	0	0	0	54	0	
2	1451	-1.061204	-0.000111304	3145.622	-0.001525902	6	6	-1.062392	0	0	0	0	0	0	0	0	0	0	0	0	0	54	0	
2	1452	-1.06059	-0.000111083	3146.622	-0.001525902	6	6	-1.061892	0	0	0	0	0	0	0	0	0	0	0	0	0	54	0	
2	1453	-1.059977	-0.000110856	3147.622	-0.001525902	6	6	-1.061392	0	0	0	0	0	0	0	0	0	0	0	0	0	54	0	
2	1454	-1.05967	-0.000110617	3148.622	-0.001525902	6	6	-1.060892	0	0	0	0	0	0	0	0	0	0	0	0	0	54	0	
2	1455	-1.059057	-0.000110445	3149.622	-0.001525902	6	6	-1.060392	0	0	0	0	0	0	0	0	0	0	0	0	0	54	0	
2	1456	-1.058443	-0.00011023	3150.622	-0.001525902	6	6	-1.059892	0	0	0	0	0	0	0	0	0	0	0	0	0	54	0	
2	1457	-1.058137	-0.000109991	3151.622	-0.001525902	6	6	-1.059392	0	0	0	0	0	0	0	0	0	0	0	0	0	54	0	
2	1458	-1.057523	-0.000109758	3152.622	-0.001525902	6	6	-1.058892	0	0	0	0	0	0	0	0	0	0	0	0	0	54	0	
2	1459	-1.057217	-0.000109605	3153.622	-0.001525902	6	6	-1.058392	0	0	0	0	0	0	0	0	0	0	0	0	0	54	0	
2	1460	-1.056603	-0.000109359	3154.622	-0.001525902	6	6	-1.057892	0	0	0	0	0	0	0	0	0	0	0	0	0	54	0	
2	1461	-1.05599	-0.00010923	3155.622	-0.001525902	6	6	-1.057392	0	0	0	0	0	0	0	0	0	0	0	0	0	54	0	
2	1462	-1.055683	-0.00010901	3156.622	-0.001525902	6	6	-1.056892	0	0	0	0	0	0	0	0	0	0	0	0	0	54	0	
2	1463	-1.05507	-0.00010877	3157.622	-0.001525902	6	6	-1.056392	0	0	0	0	0	0	0	0	0	0	0	0	0	54	0	
2	1464	-1.054763	-0.000108543	3158.622	-0.001525902	6	6	-1.055892	0	0	0	0	0	0	0	0	0	0	0	0	0	54	0	
2	1465	-1.05415	-0.00010828	3159.622	-0.001525902	6	6	-1.055392	0	0	0	0	0	0	0	0	0	0	0	0	0	54	0	
2	1466	-1.053536	-0.0001082	3160.622	-0.001525902	6	6	-1.054892	0	0	0	0	0	0	0	0	0	0	0	0	0	54	0	
2	1467	-1.052923	-0.000108004	3161.622	-0.001525902	6	6	-1.054392	0	0	0	0	0	0	0	0	0	0	0	0	0	54	0	
2	1468	-1.052616	-0.000107697	3162.622	-0.001525902	6	6	-1.053892	0	0	0	0	0	0	0	0	0	0	0	0	0	54	0	
2	1469	-1.052003	-0.000107231	3163.622	-0.001525902	6	6	-1.053392	0	0	0	0	0	0	0	0	0	0	0	0	0	54	0	
2	1470	-1.051696	-0.000106998	3164.622	-0.001525902	6	6	-1.052892	0	0	0	0	0	0	0	0	0	0	0	0	0	54	0	
2	1471	-1.051082	-0.000107513	3165.622	-0.001525902	6	6	-1.052392	0	0	0	0	0	0	0	0	0	0	0	0	0	54	0	
2	1472	-1.050469	-0.000107494	3166.622	-0.001525902	6	6	-1.051892	0	0	0	0	0	0	0	0	0	0	0	0	0	54	0	
2	1473	-1.050162	-0.00010731	3167.622	-0.001525902	6	6	-1.051392	0	0	0	0	0	0	0	0	0	0	0	0	0	54	0	
2	1474	-1.049549	-0.000107133	3168.622	-0.001525902	6	6	-1.050892	0	0	0	0	0	0	0	0	0	0	0	0	0	54	0	
2	1475	-1.049242	-0.000106967	3169.622	-0.001525902	6	6	-1.050392	0	0	0	0	0	0	0	0	0	0	0	0	0	54	0	
2	1476	-1.048629	-0.00010682	3170.622	-0.001525902	6	6	-1.049892	0	0	0	0	0	0	0	0	0	0	0	0	0	54	0	
2	1477	-1.048322	-0.000106666	3171.622	-0.001525902	6	6	-1.049392	0	0	0	0	0	0	0	0	0	0	0	0	0	54	0	
2	1478	-1.047709	-0.000106519	3172.622	-0.001525902	6	6	-1.048892	0	0	0	0	0	0	0	0	0	0	0	0	0	54	0	
2	1479	-1.047095	-0.000106366	3173.622	-0.001525902	6	6	-1.048392	0	0	0	0	0	0	0	0	0	0	0	0	0	54	0	
2	1480	-1.046482	-0.000106194	3174.622	-0.001525902	6	6	-1.047892	0	0	0	0	0	0	0	0	0	0	0	0	0	54	0	
2	1481	-1.046175	-0.000106231	3175.622	-0.001525902	6	6	-1.047392	0	0	0	0	0	0	0	0	0	0	0	0	0	54	0	
2	1482	-1.045562	-0.000106157	3176.622	-0.001525902	6	6	-1.046892	0	0	0	0	0	0	0	0	0	0	0	0	0	54	0	
2	1483	-1.044948	-0.000105943	3177.622	-0.001525902	6	6	-1.046392	0	0	0	0	0	0	0	0	0	0	0	0	0	54	0	
2	1484	-1.044642	-0.000105765	3178.622	-0.001525902	6	6	-1.045892	0	0	0	0	0	0	0	0	0	0	0	0	0	54	0	
2	1485	-1.044028	-0.000105642	3179.622	-0.001525902	6	6	-1.045392	0	0	0	0	0	0	0	0	0	0	0	0	0	54	0	
2	1486	-1.043722	-0.000105452	3180.622	-0.001525902	6	6	-1.044892	0	0	0	0	0	0	0	0	0	0	0	0	0	54	0	
2	1487	-1.043108	-0.000105274	3181.622	-0.001525902	6	6	-1.044392	0	0	0	0	0	0	0	0	0	0	0	0	0	54	0	
2	1488	-1.042495	-0.000105096	3182.622	-0.001525902	6	6	-1.043892	0	0	0	0	0	0	0	0	0	0	0	0	0	54	0	
2	1489	-1.042188	-0.000104924	3183.622	-0.001525902	6	6	-1.043392	0	0	0	0	0	0	0	0	0	0	0	0	0	54	0	
2	1490	-1.041575	-0.000104746	3184.622	-0.001525902	6	6	-1.042892	0	0	0	0	0	0	0	0	0	0	0	0	0	54	0	
2	1491	-1.041268	-0.000104569	3185.622	-0.001525902	6	6	-1.042392	0	0	0	0	0	0	0	0	0	0	0	0	0	54	0	
2	1492	-1.040654	-0.000104378	3186.622	-0.001525902	6	6	-1.041892	0	0	0	0	0	0	0	0	0	0	0	0	0	54	0	
2	1493	-1.040041	-0.000104219	3187.622	-0.001525902	6	6	-1.041392	0	0	0	0	0	0	0	0	0	0	0	0	0	54	0	
2	1494	-1.039734	-0.000104066	3188.622	-0.001525902	6	6	-1.040892	0	0	0	0	0	0	0	0	0	0	0	0	0	54	0	
2	1495	-1.039121	-0.000103875	3189.622	-0.001525902	6	6	-1.040392	0	0	0	0	0	0	0	0	0	0	0	0	0	54	0	
2	1496	-1.038814	-0.000103697	3190.622	-0.001525902	6	6	-1.039892	0	0	0	0	0	0	0	0	0	0	0	0	0	54	0	
2	1497	-1.038201	-0.000103507	3191.622	-0.001525902	6	6	-1.039392	0	0	0	0	0	0	0	0	0	0	0	0	0	54	0	
2	1498	-1.037587	-0.000103317	3192.622	-0.001525902	6	6	-1.038892	0	0	0	0	0	0	0	0	0	0	0	0	0	54	0	
2	1499	-1.037281	-0.000103354	3193.622	-0.001525902	6	6	-1.038392	0	0	0	0	0	0	0	0	0	0	0	0	0	54	0	
2	1500	-1.036667	-0.00010328	3194.622	-0.001525902	6	6	-1.037892	0	0	0	0	0	0	0	0	0	0	0	0	0	54	0	
2	1501	-1.036054	-0.000103078	3195.622	-0.001525902	6	6	-1.037392	0	0	0	0	0	0	0	0	0	0	0	0	0	54	0	
2	1502	-1.035747	-0.000102728	3196.622	-0.001525902	6	6	-1.036892	0	0	0	0	0	0	0	0	0	0	0	0	0	54	0	
2	1503	-1.035134	-0.000102428	3197.622	-0.001525902	6	6	-1.036392	0	0	0	0	0	0	0	0	0	0	0	0	0	54	0	
2	1504	-1.03452	-0.000102201	3198.622	-0.001525902	6	6	-1.035892	0	0	0	0	0	0	0	0	0	0	0	0	0	54	0	
2	1505	-1.034214	-0.000101986	3199.622	-0.001525902	6	6	-1.035392	0	0	0	0	0	0	0	0	0	0	0	0	0	54	0	
2	1506	-1.0336	-0.000101784	3200.622	-0.001525902	6	6	-1.034892	0	0	0	0	0	0	0	0	0	0	0	0	0	54	0	
2	1507	-1.033293	-0.000101661	3201.622	-0.001525902	6	6	-1.034392	0	0	0	0	0	0	0	0	0	0	0	0	0	54	0	
2	1508	-1.03268	-0.000101563	3202.622	-0.001525902	6	6	-1.033892	0	0	0	0	0	0	0	0	0	0	0	0	0	54	0	
2	1509	-1.032067	-0.000101385	3203.622	-0.001525902	6	6	-1.033392	0	0	0	0	0	0	0	0	0	0	0	0	0	54	0	
2	1510	-1.03176	-0.000101201	3204.622	-0.001525902	6	6	-1.032892	0	0	0	0	0	0	0	0	0	0	0	0	0	54	0	
2	1511	-1.031147	-0.000101023	3205.622	-0.001525902	6	6	-1.032392	0	0	0	0	0	0	0	0	0	0	0	0	0	54	0	
2	1512	-1.030533	-0.000100851	3206.622	-0.001525902	6	6	-1.031892	0	0	0	0	0	0	0	0	0	0	0	0	0	54	0	
2	1513	-1.030226	-0.000100686	3207.622	-0.001525902	6	6	-1.031392	0	0	0	0	0	0	0	0	0	0	0	0	0	54	0	
2	1514	-1.029613	-0.000100618	3208.622	-0.001525902	6	6	-1.030892	0	0	0	0	0	0	0	0	0	0	0	0	0	54	0	
2	1515	-1.029306	-0.000100612	3209.622	-0.001525902	6	6	-1.030392	0	0	0	0	0	0	0	0	0	0	0	0	0	54	0	
2	1516	-1.028693	-0.000100416	3210.622	-0.001525902	6	6	-1.029892	0	0	0	0	0	0	0	0	0	0	0	0	0	54	0	
2	1517	-1.02808	-0.000100244	3211.622	-0.001525902	6	6	-1.029392	0	0	0	0	0	0	0	0	0	0	0	0	0	54	0	
2	1518	-1.027773	-0.000100072	3212.622	-0.001525902	6	6	-1.028892	0	0	0	0	0	0	0	0	0	0	0	0	0	54	0	
2	1519	-1.027159	-9.99E-05	3213.622	-0.001525902	6	6	-1.028392	0	0	0	0	0	0	0	0	0	0	0	0	0	54	0	
2	1520	-1.026546	-9.98E-05	3214.622	-0.001525902	6	6	-1.027892	0	0	0	0	0	0	0	0	0	0	0	0	0	54	0	
2	1521	-1.026239	-9.96E-05	3215.622	-0.001525902	6	6	-1.027392	0	0	0	0	0	0	0	0	0	0	0	0	0	54	0	
2	1522	-1.025626	-9.95E-05	3216.622	-0.001525902	6	6	-1.026892	0	0	0	0	0	0	0	0	0	0	0	0	0	54	0	
2	1523	-1.025319	-9.93E-05	3217.622	-0.001525902	6	6	-1.026392	0	0	0	0	0	0	0	0	0	0	0	0	0	54	0	
2	1524	-1.024706	-9.92E-05	3218.622	-0.001525902	6	6	-1.025892	0	0	0	0	0	0	0	0	0	0	0	0	0	54	0	
2	1525	-1.024092	-9.90E-05	3219.622	-0.001525902	6	6	-1.025392	0	0	0	0	0	0	0	0	0	0	0	0	0	54	0	
2	1526	-1.023786	-9.89E-05	3220.622	-0.001525902	6	6	-1.024892	0	0	0	0	0	0	0	0	0	0	0	0	0	54	0	
2	1527	-1.023172	-9.87E-05	3221.622	-0.001525902	6	6	-1.024392	0	0	0	0	0	0	0	0	0	0	0	0	0	54	0	
2	1528	-1.022559	-9.85E-05	3222.622	-0.001525902	6	6	-1.023892	0	0	0	0	0	0	0	0	0	0	0	0	0	54	0	
2	1529	-1.021945	-9.84E-05	3223.622	-0.001525902	6	6	-1.023392	0	0	0	0	0	0	0	0	0	0	0	0	0	54	0	
2	1530	-1.021639	-9.83E-05	3224.622	-0.001525902	6	6	-1.022892	0	0	0	0	0	0	0	0	0	0	0	0	0	54	0	
2	1531	-1.021332	-9.84E-05	3225.622	-0.001525902	6	6	-1.022392	0	0	0	0	0	0	0	0	0	0	0	0	0	54	0	
2	1532	-1.020719	-9.83E-05	3226.622	-0.001525902	6	6	-1.021892	0	0	0	0	0	0	0	0	0	0	0	0	0	54	0	
2	1533	-1.020412	-9.82E-05	3227.622	-0.001525902	6	6	-1.021392	0	0	0	0	0	0	0	0	0	0	0	0	0	54	0	
2	1534	-1.019798	-9.78E-05	3228.622	-0.001525902	6	6	-1.020892	0	0	0	0	0	0	0	0	0	0	0	0	0	54	0	
2	1535	-1.019185	-9.76E-05	3229.622	-0.001525902	6	6	-1.020392	0	0	0	0	0	0	0	0	0	0	0	0	0	54	0	
2	1536	-1.018878	-9.74E-05	3230.622	-0.001525902	6	6	-1.019892	0	0	0	0	0	0	0	0	0	0	0	0	0	54	0	
2	1537	-1.018265	-9.73E-05	3231.622	-0.001525902	6	6	-1.019392	0	0	0	0	0	0	0	0	0	0	0	0	0	54	0	
2	1538	-1.017958	-9.71E-05	3232.622	-0.001525902	6	6	-1.018892	0	0	0	0	0	0	0	0	0	0	0	0	0	54	0	
2	1539	-1.017345	-9.70E-05	3233.622	-0.001525902	6	6	-1.018392	0	0	0	0	0	0	0	0	0	0	0	0	0	54	0	
2	1540	-1.016731	-9.69E-05	3234.622	-0.001525902	6	6	-1.017892	0	0	0	0	0	0	0	0	0	0	0	0	0	54	0	
2	1541	-1.016425	-9.68E-05	3235.622	-0.001525902	6	6	-1.017392	0	0	0	0	0	0	0	0	0	0	0	0	0	54	0	
2	1542	-1.015811	-9.67E-05	3236.622	-0.001525902	6	6	-1.016892	0	0	0	0	0	0	0	0	0	0	0	0	0	54	0	
2	1543	-1.015504	-9.66E-05	3237.622	-0.001525902	6	6	-1.016392	0	0	0	0	0	0	0	0	0	0	0	0	0	54	0	
2	1544	-1.014891	-9.64E-05	3238.622	-0.001525902	6	6	-1.015892	0	0	0	0	0	0	0	0	0	0	0	0	0	54	0	
2	1545	-1.014278	-9.63E-05	3239.622	-0.001525902	6	6	-1.015392	0	0	0	0	0	0	0	0	0	0	0	0	0	54	0	
2	1546	-1.013971	-9.62E-05	3240.622	-0.001525902	6	6	-1.014892	0	0	0	0	0	0	0	0	0	0	0	0	0	54	0	
2	1547	-1.013358	-9.61E-05	3241.622	-0.001525902	6	6	-1.014392	0	0	0	0	0	0	0	0	0	0	0	0	0	54	0	
2	1548	-1.012744	-9.60E-05	3242.622	-0.001525902	6	6	-1.013892	0	0	0	0	0	0	0	0	0	0	0	0	0	54	0	
2	1549	-1.012437	-9.58E-05	3243.622	-0.001525902	6	6	-1.013392	0	0	0	0	0	0	0	0	0	0	0	0	0	54	0	
2	1550	-1.011824	-9.56E-05	3244.622	-0.001525902	6	6	-1.012892	0	0	0	0	0	0	0	0	0	0	0	0	0	54	0	
2	1551	-1.011517	-9.55E-05	3245.622	-0.001525902	6	6	-1.012392	0	0	0	0	0	0	0	0	0	0	0	0	0	54	0	
2	1552	-1.010904	-9.53E-05	3246.622	-0.001525902	6	6	-1.011892	0	0	0	0	0	0	0	0	0	0	0	0	0	54	0	
2	1553	-1.010291	-9.51E-05	3247.622	-0.001525902	6	6	-1.011392	0	0	0	0	0	0	0	0	0	0	0	0	0	54	0	
2	1554	-1.009677	-9.50E-05	3248.622	-0.001525902	6	6	-1.010892	0	0	0	0	0	0	0	0	0	0	0	0	0	54	0	
2	1555	-1.00937	-9.48E-05	3249.622	-0.001525902	6	6	-1.010392	0	0	0	0	0	0	0	0	0	0	0	0	0	54	0	
2	1556	-1.008757	-9.47E-05	3250.622	-0.001525902	6	6	-1.009892	0	0	0	0	0	0	0	0	0	0	0	0	0	54	0	
2	1557	-1.00845	-9.45E-05	3251.622	-0.001525902	6	6	-1.009392	0	0	0	0	0	0	0	0	0	0	0	0	0	54	0	
2	1558	-1.007837	-9.44E-05	3252.622	-0.001525902	6	6	-1.008892	0	0	0	0	0	0	0	0	0	0	0	0	0	54	0	
2	1559	-1.007223	-9.43E-05	3253.622	-0.001525902	6	6	-1.008392	0	0	0	0	0	0	0	0	0	0	0	0	0	54	0	
2	1560	-1.006917	-9.44E-05	3254.622	-0.001525902	6	6	-1.007892	0	0	0	0	0	0	0	0	0	0	0	0	0	54	0	
2	1561	-1.006303	-9.43E-05	3255.622	-0.001525902	6	6	-1.007392	0	0	0	0	0	0	0	0	0	0	0	0	0	54	0	
2	1562	-1.005997	-9.42E-05	3256.622	-0.001525902	6	6	-1.006892	0	0	0	0	0	0	0	0	0	0	0	0	0	54	0	
2	1563	-1.005383	-9.40E-05	3257.622	-0.001525902	6	6	-1.006392	0	0	0	0	0	0	0	0	0	0	0	0	0	54	0	
2	1564	-1.00477	-9.39E-05	3258.622	-0.001525902	6	6	-1.005892	0	0	0	0	0	0	0	0	0	0	0	0	0	54	0	
2	1565	-1.004463	-9.37E-05	3259.622	-0.001525902	6	6	-1.005392	0	0	0	0	0	0	0	0	0	0	0	0	0	54	0	
2	1566	-1.00385	-9.36E-05	3260.622	-0.001525902	6	6	-1.004892	0	0	0	0	0	0	0	0	0	0	0	0	0	54	0	
2	1567	-1.003236	-9.35E-05	3261.622	-0.001525902	6	6	-1.004392	0	0	0	0	0	0	0	0	0	0	0	0	0	54	0	
2	1568	-1.00293	-9.33E-05	3262.622	-0.001525902	6	6	-1.003892	0	0	0	0	0	0	0	0	0	0	0	0	0	54	0	
2	1569	-1.002316	-9.32E-05	3263.622	-0.001525902	6	6	-1.003392	0	0	0	0	0	0	0	0	0	0	0	0	0	54	0	
2	1570	-1.002009	-9.31E-05	3264.622	-0.001525902	6	6	-1.002892	0	0	0	0	0	0	0	0	0	0	0	0	0	54	0	
2	1571	-1.001396	-9.29E-05	3265.622	-0.001525902	6	6	-1.002392	0	0	0	0	0	0	0	0	0	0	0	0	0	54	0	
2	1572	-1.000783	-9.28E-05	3266.622	-0.001525902	6	6	-1.001892	0	0	0	0	0	0	0	0	0	0	0	0	0	54	0	
2	1573	-1.000169	-9.26E-05	3267.622	-0.001525902	6	6	-1.001392	0	0	0	0	0	0	0	0	0	0	0	0	0	54	0	
2	1574	-0.9998625	-9.25E-05	3268.622	-0.001525902	6	6	-1.000892	0	0	0	0	0	0	0	0	0	0	0	0	0	54	0	
2	1575	-0.9992491	-9.24E-05	3269.622	-0.001525902	6	6	-1.000392	0	0	0	0	0	0	0	0	0	0	0	0	0	54	0	
2	1576	-0.9989424	-9.24E-05	3270.622	-0.001525902	6	6	-0.9998918	0	0	0	0	0	0	0	0	0	0	0	0	0	54	0	
2	1577	-0.998329	-9.23E-05	3271.622	-0.001525902	6	6	-0.9993919	0	0	0	0	0	0	0	0	0	0	0	0	0	54	0	
2	1578	-0.9977155	-9.21E-05	3272.622	-0.001525902	6	6	-0.9988918	0	0	0	0	0	0	0	0	0	0	0	0	0	54	0	
2	1579	-0.9974089	-9.20E-05	3273.622	-0.001525902	6	6	-0.9983919	0	0	0	0	0	0	0	0	0	0	0	0	0	54	0	
2	1580	-0.9967954	-9.19E-05	3274.622	-0.001525902	6	6	-0.9978918	0	0	0	0	0	0	0	0	0	0	0	0	0	54	0	
2	1581	-0.9964887	-9.17E-05	3275.622	-0.001525902	6	6	-0.9973918	0	0	0	0	0	0	0	0	0	0	0	0	0	54	0	
2	1582	-0.9958753	-9.16E-05	3276.622	-0.001525902	6	6	-0.9968919	0	0	0	0	0	0	0	0	0	0	0	0	0	54	0	
2	1583	-0.9952619	-9.15E-05	3277.622	-0.001525902	6	6	-0.9963918	0	0	0	0	0	0	0	0	0	0	0	0	0	54	0	
2	1584	-0.9949552	-9.13E-05	3278.622	-0.001525902	6	6	-0.9958919	0	0	0	0	0	0	0	0	0	0	0	0	0	54	0	
2	1585	-0.9943418	-9.12E-05	3279.622	-0.001525902	6	6	-0.9953918	0	0	0	0	0	0	0	0	0	0	0	0	0	54	0	
2	1586	-0.9937283	-9.11E-05	3280.622	-0.001525902	6	6	-0.9948918	0	0	0	0	0	0	0	0	0	0	0	0	0	54	0	
2	1587	-0.9934217	-9.10E-05	3281.622	-0.001525902	6	6	-0.9943919	0	0	0	0	0	0	0	0	0	0	0	0	0	54	0	
2	1588	-0.9928082	-9.08E-05	3282.622	-0.001525902	6	6	-0.9938918	0	0	0	0	0	0	0	0	0	0	0	0	0	54	0	
2	1589	-0.9921948	-9.07E-05	3283.622	-0.001525902	6	6	-0.9933918	0	0	0	0	0	0	0	0	0	0	0	0	0	54	0	
2	1590	-0.9918881	-9.06E-05	3284.622	-0.001525902	6	6	-0.9928918	0	0	0	0	0	0	0	0	0	0	0	0	0	54	0	
2	1591	-0.9912747	-9.04E-05	3285.622	-0.001525902	6	6	-0.9923918	0	0	0	0	0	0	0	0	0	0	0	0	0	54	0	
2	1592	-0.990968	-9.03E-05	3286.622	-0.001525902	6	6	-0.9918919	0	0	0	0	0	0	0	0	0	0	0	0	0	54	0	
2	1593	-0.9903546	-9.02E-05	3287.622	-0.001525902	6	6	-0.9913918	0	0	0	0	0	0	0	0	0	0	0	0	0	54	0	
2	1594	-0.9900479	-9.04E-05	3288.622	-0.001525902	6	6	-0.9908918	0	0	0	0	0	0	0	0	0	0	0	0	0	54	0	
2	1595	-0.9894345	-9.03E-05	3289.622	-0.001525902	6	6	-0.9903919	0	0	0	0	0	0	0	0	0	0	0	0	0	54	0	
2	1596	-0.9888211	-9.01E-05	3290.622	-0.001525902	6	6	-0.9898918	0	0	0	0	0	0	0	0	0	0	0	0	0	54	0	
2	1597	-0.9882076	-8.99E-05	3291.622	-0.001525902	6	6	-0.9893919	0	0	0	0	0	0	0	0	0	0	0	0	0	54	0	
2	1598	-0.987901	-8.98E-05	3292.622	-0.001525902	6	6	-0.9888918	0	0	0	0	0	0	0	0	0	0	0	0	0	54	0	
2	1599	-0.9872875	-8.96E-05	3293.622	-0.001525902	6	6	-0.9883918	0	0	0	0	0	0	0	0	0	0	0	0	0	54	0	
2	1600	-0.9869809	-8.95E-05	3294.622	-0.001525902	6	6	-0.9878919	0	0	0	0	0	0	0	0	0	0	0	0	0	54	0	
2	1601	-0.9863674	-8.94E-05	3295.622	-0.001525902	6	6	-0.9873918	0	0	0	0	0	0	0	0	0	0	0	0	0	54	0	
2	1602	-0.985754	-8.92E-05	3296.622	-0.001525902	6	6	-0.9868919	0	0	0	0	0	0	0	0	0	0	0	0	0	54	0	
2	1603	-0.9854473	-8.91E-05	3297.622	-0.001525902	6	6	-0.9863918	0	0	0	0	0	0	0	0	0	0	0	0	0	54	0	
2	1604	-0.9848339	-8.90E-05	3298.622	-0.001525902	6	6	-0.9858918	0	0	0	0	0	0	0	0	0	0	0	0	0	54	0	
2	1605	-0.9845272	-8.88E-05	3299.622	-0.001525902	6	6	-0.9853919	0	0	0	0	0	0	0	0	0	0	0	0	0	54	0	
2	1606	-0.9839138	-8.86E-05	3300.622	-0.001525902	6	6	-0.9848918	0	0	0	0	0	0	0	0	0	0	0	0	0	54	0	
2	1607	-0.9833003	-8.85E-05	3301.622	-0.001525902	6	6	-0.9843919	0	0	0	0	0	0	0	0	0	0	0	0	0	54	0	
2	1608	-0.9829937	-8.83E-05	3302.622	-0.001525902	6	6	-0.9838918	0	0	0	0	0	0	0	0	0	0	0	0	0	54	0	
2	1609	-0.9823802	-8.82E-05	3303.622	-0.001525902	6	6	-0.9833918	0	0	0	0	0	0	0	0	0	0	0	0	0	54	0	
2	1610	-0.9817668	-8.81E-05	3304.622	-0.001525902	6	6	-0.9828919	0	0	0	0	0	0	0	0	0	0	0	0	0	54	0	
2	1611	-0.9814601	-8.80E-05	3305.622	-0.001525902	6	6	-0.9823918	0	0	0	0	0	0	0	0	0	0	0	0	0	54	0	
2	1612	-0.9808467	-8.80E-05	3306.622	-0.001525902	6	6	-0.9818918	0	0	0	0	0	0	0	0	0	0	0	0	0	54	0	
2	1613	-0.98054	-8.79E-05	3307.622	-0.001525902	6	6	-0.9813918	0	0	0	0	0	0	0	0	0	0	0	0	0	54	0	
2	1614	-0.9799266	-8.78E-05	3308.622	-0.001525902	6	6	-0.9808918	0	0	0	0	0	0	0	0	0	0	0	0	0	54	0	
2	1615	-0.9793132	-8.77E-05	3309.622	-0.001525902	6	6	-0.9803919	0	0	0	0	0	0	0	0	0	0	0	0	0	54	0	
2	1616	-0.9790065	-8.76E-05	3310.622	-0.001525902	6	6	-0.9798918	0	0	0	0	0	0	0	0	0	0	0	0	0	54	0	
2	1617	-0.9783931	-8.75E-05	3311.622	-0.001525902	6	6	-0.9793918	0	0	0	0	0	0	0	0	0	0	0	0	0	54	0	
2	1618	-0.9777796	-8.74E-05	3312.622	-0.001525902	6	6	-0.9788918	0	0	0	0	0	0	0	0	0	0	0	0	0	54	0	
2	1619	-0.977473	-8.72E-05	3313.622	-0.001525902	6	6	-0.9783918	0	0	0	0	0	0	0	0	0	0	0	0	0	54	0	
2	1620	-0.9768595	-8.71E-05	3314.622	-0.001525902	6	6	-0.9778919	0	0	0	0	0	0	0	0	0	0	0	0	0	54	0	
2	1621	-0.9762461	-8.70E-05	3315.622	-0.001525902	6	6	-0.9773918	0	0	0	0	0	0	0	0	0	0	0	0	0	54	0	
2	1622	-0.9759394	-8.69E-05	3316.622	-0.001525902	6	6	-0.9768918	0	0	0	0	0	0	0	0	0	0	0	0	0	54	0	
2	1623	-0.975326	-8.67E-05	3317.622	-0.001525902	6	6	-0.9763919	0	0	0	0	0	0	0	0	0	0	0	0	0	54	0	
2	1624	-0.9747126	-8.66E-05	3318.622	-0.001525902	6	6	-0.9758918	0	0	0	0	0	0	0	0	0	0	0	0	0	54	0	
2	1625	-0.9744059	-8.64E-05	3319.622	-0.001525902	6	6	-0.9753919	0	0	0	0	0	0	0	0	0	0	0	0	0	54	0	
2	1626	-0.9737924	-8.63E-05	3320.622	-0.001525902	6	6	-0.9748918	0	0	0	0	0	0	0	0	0	0	0	0	0	54	0	
2	1627	-0.9734858	-8.62E-05	3321.622	-0.001525902	6	6	-0.9743918	0	0	0	0	0	0	0	0	0	0	0	0	0	54	0	
2	1628	-0.9728723	-8.61E-05	3322.622	-0.001525902	6	6	-0.9738919	0	0	0	0	0	0	0	0	0	0	0	0	0	54	0	
2	1629	-0.9722589	-8.60E-05	3323.622	-0.001525902	6	6	-0.9733918	0	0	0	0	0	0	0	0	0	0	0	0	0	54	0	
2	1630	-0.9719522	-8.59E-05	3324.622	-0.001525902	6	6	-0.9728919	0	0	0	0	0	0	0	0	0	0	0	0	0	54	0	
2	1631	-0.9713388	-8.57E-05	3325.622	-0.001525902	6	6	-0.9723918	0	0	0	0	0	0	0	0	0	0	0	0	0	54	0	
2	1632	-0.9707254	-8.56E-05	3326.622	-0.001525902	6	6	-0.9718918	0	0	0	0	0	0	0	0	0	0	0	0	0	54	0	
2	1633	-0.9704187	-8.57E-05	3327.622	-0.001525902	6	6	-0.9713919	0	0	0	0	0	0	0	0	0	0	0	0	0	54	0	
2	1634	-0.9698053	-8.56E-05	3328.622	-0.001525902	6	6	-0.9708918	0	0	0	0	0	0	0	0	0	0	0	0	0	54	0	
2	1635	-0.9694986	-8.55E-05	3329.622	-0.001525902	6	6	-0.9703919	0	0	0	0	0	0	0	0	0	0	0	0	0	54	0	
2	1636	-0.9688852	-8.52E-05	3330.622	-0.001525902	6	6	-0.9698918	0	0	0	0	0	0	0	0	0	0	0	0	0	54	0	
2	1637	-0.9685785	-8.50E-05	3331.622	-0.001525902	6	6	-0.9693918	0	0	0	0	0	0	0	0	0	0	0	0	0	54	0	
2	1638	-0.967965	-8.48E-05	3332.622	-0.001525902	6	6	-0.9688919	0	0	0	0	0	0	0	0	0	0	0	0	0	54	0	
2	1639	-0.9673516	-8.47E-05	3333.622	-0.001525902	6	6	-0.9683918	0	0	0	0	0	0	0	0	0	0	0	0	0	54	0	
2	1640	-0.9667382	-8.46E-05	3334.622	-0.001525902	6	6	-0.9678918	0	0	0	0	0	0	0	0	0	0	0	0	0	54	0	
2	1641	-0.9664315	-8.44E-05	3335.622	-0.001525902	6	6	-0.9673918	0	0	0	0	0	0	0	0	0	0	0	0	0	54	0	
2	1642	-0.9658181	-8.43E-05	3336.622	-0.001525902	6	6	-0.9668918	0	0	0	0	0	0	0	0	0	0	0	0	0	54	0	
2	1643	-0.9655114	-8.42E-05	3337.622	-0.001525902	6	6	-0.9663919	0	0	0	0	0	0	0	0	0	0	0	0	0	54	0	
2	1644	-0.964898	-8.41E-05	3338.622	-0.001525902	6	6	-0.9658918	0	0	0	0	0	0	0	0	0	0	0	0	0	54	0	
2	1645	-0.9642845	-8.40E-05	3339.622	-0.001525902	6	6	-0.9653918	0	0	0	0	0	0	0	0	0	0	0	0	0	54	0	
2	1646	-0.9639779	-8.38E-05	3340.622	-0.001525902	6	6	-0.9648919	0	0	0	0	0	0	0	0	0	0	0	0	0	54	0	
2	1647	-0.9633644	-8.37E-05	3341.622	-0.001525902	6	6	-0.9643918	0	0	0	0	0	0	0	0	0	0	0	0	0	54	0	
2	1648	-0.9630578	-8.36E-05	3342.622	-0.001525902	6	6	-0.9638919	0	0	0	0	0	0	0	0	0	0	0	0	0	54	0	
2	1649	-0.9624443	-8.35E-05	3343.622	-0.001525902	6	6	-0.9633918	0	0	0	0	0	0	0	0	0	0	0	0	0	54	0	
2	1650	-0.9618309	-8.35E-05	3344.622	-0.001525902	6	6	-0.9628918	0	0	0	0	0	0	0	0	0	0	0	0	0	54	0	
2	1651	-0.9615242	-8.34E-05	3345.622	-0.001525902	6	6	-0.9623919	0	0	0	0	0	0	0	0	0	0	0	0	0	54	0	
2	1652	-0.9609108	-8.33E-05	3346.622	-0.001525902	6	6	-0.9618918	0	0	0	0	0	0	0	0	0	0	0	0	0	54	0	
2	1653	-0.9602974	-8.31E-05	3347.622	-0.001525902	6	6	-0.9613919	0	0	0	0	0	0	0	0	0	0	0	0	0	54	0	
2	1654	-0.9599907	-8.30E-05	3348.622	-0.001525902	6	6	-0.9608918	0	0	0	0	0	0	0	0	0	0	0	0	0	54	0	
2	1655	-0.9593772	-8.29E-05	3349.622	-0.001525902	6	6	-0.9603918	0	0	0	0	0	0	0	0	0	0	0	0	0	54	0	
2	1656	-0.9590706	-8.28E-05	3350.622	-0.001525902	6	6	-0.9598919	0	0	0	0	0	0	0	0	0	0	0	0	0	54	0	
2	1657	-0.9584571	-8.26E-05	3351.622	-0.001525902	6	6	-0.9593918	0	0	0	0	0	0	0	0	0	0	0	0	0	54	0	
2	1658	-0.9578437	-8.25E-05	3352.622	-0.001525902	6	6	-0.9588919	0	0	0	0	0	0	0	0	0	0	0	0	0	54	0	
2	1659	-0.957537	-8.24E-05	3353.622	-0.001525902	6	6	-0.9583918	0	0	0	0	0	0	0	0	0	0	0	0	0	54	0	
2	1660	-0.9569236	-8.23E-05	3354.622	-0.001525902	6	6	-0.9578918	0	0	0	0	0	0	0	0	0	0	0	0	0	54	0	
2	1661	-0.9563102	-8.22E-05	3355.622	-0.001525902	6	6	-0.9573919	0	0	0	0	0	0	0	0	0	0	0	0	0	54	0	
2	1662	-0.9560035	-8.22E-05	3356.622	-0.001525902	6	6	-0.9568918	0	0	0	0	0	0	0	0	0	0	0	0	0	54	0	
2	1663	-0.9553901	-8.21E-05	3357.622	-0.001525902	6	6	-0.9563918	0	0	0	0	0	0	0	0	0	0	0	0	0	54	0	
2	1664	-0.9547766	-8.20E-05	3358.622	-0.001525902	6	6	-0.9558918	0	0	0	0	0	0	0	0	0	0	0	0	0	54	0	
2	1665	-0.95447	-8.18E-05	3359.622	-0.001525902	6	6	-0.9553918	0	0	0	0	0	0	0	0	0	0	0	0	0	54	0	
2	1666	-0.9538565	-8.17E-05	3360.622	-0.001525902	6	6	-0.9548919	0	0	0	0	0	0	0	0	0	0	0	0	0	54	0	
2	1667	-0.9535499	-8.19E-05	3361.622	-0.001525902	6	6	-0.9543918	0	0	0	0	0	0	0	0	0	0	0	0	0	54	0	
2	1668	-0.9529364	-8.18E-05	3362.622	-0.001525902	6	6	-0.9538918	0	0	0	0	0	0	0	0	0	0	0	0	0	54	0	
2	1669	-0.952323	-8.17E-05	3363.622	-0.001525902	6	6	-0.9533918	0	0	0	0	0	0	0	0	0	0	0	0	0	54	0	
2	1670	-0.9520163	-8.14E-05	3364.622	-0.001525902	6	6	-0.9528918	0	0	0	0	0	0	0	0	0	0	0	0	0	54	0	
2	1671	-0.9514029	-8.12E-05	3365.622	-0.001525902	6	6	-0.9523919	0	0	0	0	0	0	0	0	0	0	0	0	0	54	0	
2	1672	-0.9507895	-8.10E-05	3366.622	-0.001525902	6	6	-0.9518918	0	0	0	0	0	0	0	0	0	0	0	0	0	54	0	
2	1673	-0.9504828	-8.09E-05	3367.622	-0.001525902	6	6	-0.9513918	0	0	0	0	0	0	0	0	0	0	0	0	0	54	0	
2	1674	-0.9498693	-8.07E-05	3368.622	-0.001525902	6	6	-0.9508919	0	0	0	0	0	0	0	0	0	0	0	0	0	54	0	
2	1675	-0.9495627	-8.06E-05	3369.622	-0.001525902	6	6	-0.9503918	0	0	0	0	0	0	0	0	0	0	0	0	0	54	0	
2	1676	-0.9489492	-8.05E-05	3370.622	-0.001525902	6	6	-0.9498919	0	0	0	0	0	0	0	0	0	0	0	0	0	54	0	
2	1677	-0.9483358	-8.04E-05	3371.622	-0.001525902	6	6	-0.9493918	0	0	0	0	0	0	0	0	0	0	0	0	0	54	0	
2	1678	-0.9480291	-8.03E-05	3372.622	-0.001525902	6	6	-0.9488918	0	0	0	0	0	0	0	0	0	0	0	0	0	54	0	
2	1679	-0.9474157	-8.02E-05	3373.622	-0.001525902	6	6	-0.9483919	0	0	0	0	0	0	0	0	0	0	0	0	0	54	0	
2	1680	-0.9468023	-8.01E-05	3374.622	-0.001525902	6	6	-0.9478918	0	0	0	0	0	0	0	0	0	0	0	0	0	54	0	
2	1681	-0.9464956	-8.00E-05	3375.622	-0.001525902	6	6	-0.9473919	0	0	0	0	0	0	0	0	0	0	0	0	0	54	0	
2	1682	-0.9458822	-7.99E-05	3376.622	-0.001525902	6	6	-0.9468918	0	0	0	0	0	0	0	0	0	0	0	0	0	54	0	
2	1683	-0.9452688	-7.98E-05	3377.622	-0.001525902	6	6	-0.9463918	0	0	0	0	0	0	0	0	0	0	0	0	0	54	0	
2	1684	-0.9449621	-7.98E-05	3378.622	-0.001525902	6	6	-0.9458919	0	0	0	0	0	0	0	0	0	0	0	0	0	54	0	
2	1685	-0.9443486	-7.98E-05	3379.622	-0.001525902	6	6	-0.9453918	0	0	0	0	0	0	0	0	0	0	0	0	0	54	0	
2	1686	-0.944042	-7.97E-05	3380.622	-0.001525902	6	6	-0.9448918	0	0	0	0	0	0	0	0	0	0	0	0	0	54	0	
2	1687	-0.9434285	-7.95E-05	3381.622	-0.001525902	6	6	-0.9443918	0	0	0	0	0	0	0	0	0	0	0	0	0	54	0	
2	1688	-0.9431219	-7.94E-05	3382.622	-0.001525902	6	6	-0.9438918	0	0	0	0	0	0	0	0	0	0	0	0	0	54	0	
2	1689	-0.9425084	-7.94E-05	3383.622	-0.001525902	6	6	-0.9433919	0	0	0	0	0	0	0	0	0	0	0	0	0	54	0	
2	1690	-0.941895	-7.93E-05	3384.622	-0.001525902	6	6	-0.9428918	0	0	0	0	0	0	0	0	0	0	0	0	0	54	0	
2	1691	-0.9412816	-7.92E-05	3385.622	-0.001525902	6	6	-0.9423918	0	0	0	0	0	0	0	0	0	0	0	0	0	54	0	
2	1692	-0.9409749	-7.91E-05	3386.622	-0.001525902	6	6	-0.9418918	0	0	0	0	0	0	0	0	0	0	0	0	0	54	0	
2	1693	-0.9403614	-7.90E-05	3387.622	-0.001525902	6	6	-0.9413918	0	0	0	0	0	0	0	0	0	0	0	0	0	54	0	
2	1694	-0.939748	-7.89E-05	3388.622	-0.001525902	6	6	-0.9408919	0	0	0	0	0	0	0	0	0	0	0	0	0	54	0	
2	1695	-0.9394413	-7.88E-05	3389.622	-0.001525902	6	6	-0.9403918	0	0	0	0	0	0	0	0	0	0	0	0	0	54	0	
2	1696	-0.9388279	-7.86E-05	3390.622	-0.001525902	6	6	-0.9398918	0	0	0	0	0	0	0	0	0	0	0	0	0	54	0	
2	1697	-0.9385212	-7.85E-05	3391.622	-0.001525902	6	6	-0.9393919	0	0	0	0	0	0	0	0	0	0	0	0	0	54	0	
2	1698	-0.9379078	-7.84E-05	3392.622	-0.001525902	6	6	-0.9388918	0	0	0	0	0	0	0	0	0	0	0	0	0	54	0	
2	1699	-0.9372944	-7.83E-05	3393.622	-0.001525902	6	6	-0.9383919	0	0	0	0	0	0	0	0	0	0	0	0	0	54	0	
2	1700	-0.9369877	-7.82E-05	3394.622	-0.001525902	6	6	-0.9378918	0	0	0	0	0	0	0	0	0	0	0	0	0	54	0	
2	1701	-0.9363743	-7.81E-05	3395.622	-0.001525902	6	6	-0.9373918	0	0	0	0	0	0	0	0	0	0	0	0	0	54	0	
2	1702	-0.9360676	-7.81E-05	3396.622	-0.001525902	6	6	-0.9368919	0	0	0	0	0	0	0	0	0	0	0	0	0	54	0	
2	1703	-0.9354542	-7.82E-05	3397.622	-0.001525902	6	6	-0.9363918	0	0	0	0	0	0	0	0	0	0	0	0	0	54	0	
2	1704	-0.9348407	-7.81E-05	3398.622	-0.001525902	6	6	-0.9358919	0	0	0	0	0	0	0	0	0	0	0	0	0	54	0	
2	1705	-0.9342273	-7.79E-05	3399.622	-0.001525902	6	6	-0.9353918	0	0	0	0	0	0	0	0	0	0	0	0	0	54	0	
2	1706	-0.9339206	-7.77E-05	3400.622	-0.001525902	6	6	-0.9348918	0	0	0	0	0	0	0	0	0	0	0	0	0	54	0	
2	1707	-0.9333072	-7.75E-05	3401.622	-0.001525902	6	6	-0.9343919	0	0	0	0	0	0	0	0	0	0	0	0	0	54	0	
2	1708	-0.9330005	-7.74E-05	3402.622	-0.001525902	6	6	-0.9338918	0	0	0	0	0	0	0	0	0	0	0	0	0	54	0	
2	1709	-0.9323871	-7.73E-05	3403.622	-0.001525902	6	6	-0.9333918	0	0	0	0	0	0	0	0	0	0	0	0	0	54	0	
2	1710	-0.9317737	-7.72E-05	3404.622	-0.001525902	6	6	-0.9328918	0	0	0	0	0	0	0	0	0	0	0	0	0	54	0	
2	1711	-0.931467	-7.71E-05	3405.622	-0.001525902	6	6	-0.9323918	0	0	0	0	0	0	0	0	0	0	0	0	0	54	0	
2	1712	-0.9308535	-7.70E-05	3406.622	-0.001525902	6	6	-0.9318919	0	0	0	0	0	0	0	0	0	0	0	0	0	54	0	
2	1713	-0.9305469	-7.69E-05	3407.622	-0.001525902	6	6	-0.9313918	0	0	0	0	0	0	0	0	0	0	0	0	0	54	0	
2	1714	-0.9299334	-7.68E-05	3408.622	-0.001525902	6	6	-0.9308918	0	0	0	0	0	0	0	0	0	0	0	0	0	54	0	
2	1715	-0.92932	-7.67E-05	3409.622	-0.001525902	6	6	-0.9303918	0	0	0	0	0	0	0	0	0	0	0	0	0	54	0	
2	1716	-0.9290133	-7.66E-05	3410.622	-0.001525902	6	6	-0.9298918	0	0	0	0	0	0	0	0	0	0	0	0	0	54	0	
2	1717	-0.9283999	-7.65E-05	3411.622	-0.001525902	6	6	-0.9293919	0	0	0	0	0	0	0	0	0	0	0	0	0	54	0	
2	1718	-0.9277865	-7.64E-05	3412.622	-0.001525902	6	6	-0.9288918	0	0	0	0	0	0	0	0	0	0	0	0	0	54	0	
2	1719	-0.9274798	-7.63E-05	3413.622	-0.001525902	6	6	-0.9283918	0	0	0	0	0	0	0	0	0	0	0	0	0	54	0	
2	1720	-0.9268664	-7.64E-05	3414.622	-0.001525902	6	6	-0.9278919	0	0	0	0	0	0	0	0	0	0	0	0	0	54	0	
2	1721	-0.926253	-7.63E-05	3415.622	-0.001525902	6	6	-0.9273918	0	0	0	0	0	0	0	0	0	0	0	0	0	54	0	
2	1722	-0.9259463	-7.62E-05	3416.622	-0.001525902	6	6	-0.9268919	0	0	0	0	0	0	0	0	0	0	0	0	0	54	0	
2	1723	-0.9253328	-7.60E-05	3417.622	-0.001525902	6	6	-0.9263918	0	0	0	0	0	0	0	0	0	0	0	0	0	54	0	
2	1724	-0.9250261	-7.59E-05	3418.622	-0.001525902	6	6	-0.9258918	0	0	0	0	0	0	0	0	0	0	0	0	0	54	0	
2	1725	-0.9244127	-7.58E-05	3419.622	-0.001525902	6	6	-0.9253919	0	0	0	0	0	0	0	0	0	0	0	0	0	54	0	
2	1726	-0.9237993	-7.58E-05	3420.622	-0.001525902	6	6	-0.9248918	0	0	0	0	0	0	0	0	0	0	0	0	0	54	0	
2	1727	-0.9234926	-7.57E-05	3421.622	-0.001525902	6	6	-0.9243919	0	0	0	0	0	0	0	0	0	0	0	0	0	54	0	
2	1728	-0.9228792	-7.55E-05	3422.622	-0.001525902	6	6	-0.9238918	0	0	0	0	0	0	0	0	0	0	0	0	0	54	0	
2	1729	-0.9225725	-7.55E-05	3423.622	-0.001525902	6	6	-0.9233918	0	0	0	0	0	0	0	0	0	0	0	0	0	54	0	
2	1730	-0.9219591	-7.54E-05	3424.622	-0.001525902	6	6	-0.9228919	0	0	0	0	0	0	0	0	0	0	0	0	0	54	0	
2	1731	-0.9213457	-7.53E-05	3425.622	-0.001525902	6	6	-0.9223918	0	0	0	0	0	0	0	0	0	0	0	0	0	54	0	
2	1732	-0.9207323	-7.52E-05	3426.622	-0.001525902	6	6	-0.9218918	0	0	0	0	0	0	0	0	0	0	0	0	0	54	0	
2	1733	-0.9204255	-7.51E-05	3427.622	-0.001525902	6	6	-0.9213918	0	0	0	0	0	0	0	0	0	0	0	0	0	54	0	
2	1734	-0.9198121	-7.51E-05	3428.622	-0.001525902	6	6	-0.9208918	0	0	0	0	0	0	0	0	0	0	0	0	0	54	0	
2	1735	-0.9195054	-7.50E-05	3429.622	-0.001525902	6	6	-0.9203919	0	0	0	0	0	0	0	0	0	0	0	0	0	54	0	
2	1736	-0.918892	-7.49E-05	3430.622	-0.001525902	6	6	-0.9198918	0	0	0	0	0	0	0	0	0	0	0	0	0	54	0	
2	1737	-0.9182786	-7.51E-05	3431.622	-0.001525902	6	6	-0.9193918	0	0	0	0	0	0	0	0	0	0	0	0	0	54	0	
2	1738	-0.9179719	-7.51E-05	3432.622	-0.001525902	6	6	-0.9188918	0	0	0	0	0	0	0	0	0	0	0	0	0	54	0	
2	1739	-0.9173585	-7.50E-05	3433.622	-0.001525902	6	6	-0.9183918	0	0	0	0	0	0	0	0	0	0	0	0	0	54	0	
2	1740	-0.9167451	-7.48E-05	3434.622	-0.001525902	6	6	-0.9178919	0	0	0	0	0	0	0	0	0	0	0	0	0	54	0	
2	1741	-0.9164383	-7.47E-05	3435.622	-0.001525902	6	6	-0.9173918	0	0	0	0	0	0	0	0	0	0	0	0	0	54	0	
2	1742	-0.9158249	-7.46E-05	3436.622	-0.001525902	6	6	-0.9168918	0	0	0	0	0	0	0	0	0	0	0	0	0	54	0	
2	1743	-0.9155182	-7.44E-05	3437.622	-0.001525902	6	6	-0.9163918	0	0	0	0	0	0	0	0	0	0	0	0	0	54	0	
2	1744	-0.9149048	-7.43E-05	3438.622	-0.001525902	6	6	-0.9158918	0	0	0	0	0	0	0	0	0	0	0	0	0	54	0	
2	1745	-0.9145981	-7.42E-05	3439.622	-0.001525902	6	6	-0.9153919	0	0	0	0	0	0	0	0	0	0	0	0	0	54	0	
2	1746	-0.9139847	-7.41E-05	3440.622	-0.001525902	6	6	-0.9148918	0	0	0	0	0	0	0	0	0	0	0	0	0	54	0	
2	1747	-0.9133713	-7.40E-05	3441.622	-0.001525902	6	6	-0.9143918	0	0	0	0	0	0	0	0	0	0	0	0	0	54	0	
2	1748	-0.9130646	-7.39E-05	3442.622	-0.001525902	6	6	-0.9138919	0	0	0	0	0	0	0	0	0	0	0	0	0	54	0	
2	1749	-0.9124512	-7.38E-05	3443.622	-0.001525902	6	6	-0.9133918	0	0	0	0	0	0	0	0	0	0	0	0	0	54	0	
2	1750	-0.9118378	-7.37E-05	3444.622	-0.001525902	6	6	-0.9128919	0	0	0	0	0	0	0	0	0	0	0	0	0	54	0	
2	1751	-0.9115311	-7.37E-05	3445.622	-0.001525902	6	6	-0.9123918	0	0	0	0	0	0	0	0	0	0	0	0	0	54	0	
2	1752	-0.9109176	-7.36E-05	3446.622	-0.001525902	6	6	-0.9118918	0	0	0	0	0	0	0	0	0	0	0	0	0	54	0	
2	1753	-0.9103042	-7.35E-05	3447.622	-0.001525902	6	6	-0.9113919	0	0	0	0	0	0	0	0	0	0	0	0	0	54	0	
2	1754	-0.9099975	-7.34E-05	3448.622	-0.001525902	6	6	-0.9108918	0	0	0	0	0	0	0	0	0	0	0	0	0	54	0	
2	1755	-0.9093841	-7.34E-05	3449.622	-0.001525902	6	6	-0.9103918	0	0	0	0	0	0	0	0	0	0	0	0	0	54	0	
2	1756	-0.9090774	-7.33E-05	3450.622	-0.001525902	6	6	-0.9098918	0	0	0	0	0	0	0	0	0	0	0	0	0	54	0	
2	1757	-0.908464	-7.32E-05	3451.622	-0.001525902	6	6	-0.9093918	0	0	0	0	0	0	0	0	0	0	0	0	0	54	0	
2	1758	-0.9078506	-7.30E-05	3452.622	-0.001525902	6	6	-0.9088919	0	0	0	0	0	0	0	0	0	0	0	0	0	54	0	
2	1759	-0.9075439	-7.29E-05	3453.622	-0.001525902	6	6	-0.9083918	0	0	0	0	0	0	0	0	0	0	0	0	0	54	0	
2	1760	-0.9069304	-7.28E-05	3454.622	-0.001525902	6	6	-0.9078918	0	0	0	0	0	0	0	0	0	0	0	0	0	54	0	
2	1761	-0.9063171	-7.27E-05	3455.622	-0.001525902	6	6	-0.9073918	0	0	0	0	0	0	0	0	0	0	0	0	0	54	0	
2	1762	-0.9060103	-7.26E-05	3456.622	-0.001525902	6	6	-0.9068918	0	0	0	0	0	0	0	0	0	0	0	0	0	54	0	
2	1763	-0.9053969	-7.25E-05	3457.622	-0.001525902	6	6	-0.9063919	0	0	0	0	0	0	0	0	0	0	0	0	0	54	0	
2	1764	-0.9050902	-7.25E-05	3458.622	-0.001525902	6	6	-0.9058918	0	0	0	0	0	0	0	0	0	0	0	0	0	54	0	
2	1765	-0.9044768	-7.24E-05	3459.622	-0.001525902	6	6	-0.9053918	0	0	0	0	0	0	0	0	0	0	0	0	0	54	0	
2	1766	-0.9038634	-7.23E-05	3460.622	-0.001525902	6	6	-0.9048918	0	0	0	0	0	0	0	0	0	0	0	0	0	54	0	
2	1767	-0.9035567	-7.23E-05	3461.622	-0.001525902	6	6	-0.9043918	0	0	0	0	0	0	0	0	0	0	0	0	0	54	0	
2	1768	-0.9029433	-7.22E-05	3462.622	-0.001525902	6	6	-0.9038919	0	0	0	0	0	0	0	0	0	0	0	0	0	54	0	
2	1769	-0.9023299	-7.21E-05	3463.622	-0.001525902	6	6	-0.9033918	0	0	0	0	0	0	0	0	0	0	0	0	0	54	0	
2	1770	-0.9020232	-7.20E-05	3464.622	-0.001525902	6	6	-0.9028918	0	0	0	0	0	0	0	0	0	0	0	0	0	54	0	
2	1771	-0.9014097	-7.20E-05	3465.622	-0.001525902	6	6	-0.9023919	0	0	0	0	0	0	0	0	0	0	0	0	0	54	0	
2	1772	-0.9007964	-7.20E-05	3466.622	-0.001525902	6	6	-0.9018918	0	0	0	0	0	0	0	0	0	0	0	0	0	54	0	
2	1773	-0.9004896	-7.21E-05	3467.622	-0.001525902	6	6	-0.9013919	0	0	0	0	0	0	0	0	0	0	0	0	0	54	0	
2	1774	-0.8998762	-7.20E-05	3468.622	-0.001525902	6	6	-0.9008918	0	0	0	0	0	0	0	0	0	0	0	0	0	54	0	
2	1775	-0.8995695	-7.18E-05	3469.622	-0.001525902	6	6	-0.9003918	0	0	0	0	0	0	0	0	0	0	0	0	0	54	0	
2	1776	-0.8989561	-7.16E-05	3470.622	-0.001525902	6	6	-0.8998919	0	0	0	0	0	0	0	0	0	0	0	0	0	54	0	
2	1777	-0.8983427	-7.14E-05	3471.622	-0.001525902	6	6	-0.8993918	0	0	0	0	0	0	0	0	0	0	0	0	0	54	0	
2	1778	-0.898036	-7.14E-05	3472.622	-0.001525902	6	6	-0.8988919	0	0	0	0	0	0	0	0	0	0	0	0	0	54	0	
2	1779	-0.8974226	-7.12E-05	3473.622	-0.001525902	6	6	-0.8983918	0	0	0	0	0	0	0	0	0	0	0	0	0	54	0	
2	1780	-0.8968092	-7.12E-05	3474.622	-0.001525902	6	6	-0.8978918	0	0	0	0	0	0	0	0	0	0	0	0	0	54	0	
2	1781	-0.8965024	-7.11E-05	3475.622	-0.001525902	6	6	-0.8973919	0	0	0	0	0	0	0	0	0	0	0	0	0	54	0	
2	1782	-0.895889	-7.10E-05	3476.622	-0.001525902	6	6	-0.8968918	0	0	0	0	0	0	0	0	0	0	0	0	0	54	0	
2	1783	-0.8952757	-7.09E-05	3477.622	-0.001525902	6	6	-0.8963918	0	0	0	0	0	0	0	0	0	0	0	0	0	54	0	
2	1784	-0.8949689	-7.08E-05	3478.622	-0.001525902	6	6	-0.8958918	0	0	0	0	0	0	0	0	0	0	0	0	0	54	0	
2	1785	-0.8943555	-7.07E-05	3479.622	-0.001525902	6	6	-0.8953918	0	0	0	0	0	0	0	0	0	0	0	0	0	54	0	
2	1786	-0.8937421	-7.07E-05	3480.622	-0.001525902	6	6	-0.8948919	0	0	0	0	0	0	0	0	0	0	0	0	0	54	0	
2	1787	-0.8934354	-7.06E-05	3481.622	-0.001525902	6	6	-0.8943918	0	0	0	0	0	0	0	0	0	0	0	0	0	54	0	
2	1788	-0.892822	-7.05E-05	3482.622	-0.001525902	6	6	-0.8938918	0	0	0	0	0	0	0	0	0	0	0	0	0	54	0	
2	1789	-0.8925153	-7.05E-05	3483.622	-0.001525902	6	6	-0.8933918	0	0	0	0	0	0	0	0	0	0	0	0	0	54	0	
2	1790	-0.8919019	-7.05E-05	3484.622	-0.001525902	6	6	-0.8928918	0	0	0	0	0	0	0	0	0	0	0	0	0	54	0	
2	1791	-0.8912885	-7.06E-05	3485.622	-0.001525902	6	6	-0.8923919	0	0	0	0	0	0	0	0	0	0	0	0	0	54	0	
2	1792	-0.8909817	-7.05E-05	3486.622	-0.001525902	6	6	-0.8918918	0	0	0	0	0	0	0	0	0	0	0	0	0	54	0	
2	1793	-0.8903683	-7.05E-05	3487.622	-0.001525902	6	6	-0.8913918	0	0	0	0	0	0	0	0	0	0	0	0	0	54	0	
2	1794	-0.8897549	-7.04E-05	3488.622	-0.001525902	6	6	-0.8908918	0	0	0	0	0	0	0	0	0	0	0	0	0	54	0	
2	1795	-0.8894482	-7.03E-05	3489.622	-0.001525902	6	6	-0.8903918	0	0	0	0	0	0	0	0	0	0	0	0	0	54	0	
2	1796	-0.8888348	-7.02E-05	3490.622	-0.001525902	6	6	-0.8898919	0	0	0	0	0	0	0	0	0	0	0	0	0	54	0	
2	1797	-0.8885281	-7.02E-05	3491.622	-0.001525902	6	6	-0.8893918	0	0	0	0	0	0	0	0	0	0	0	0	0	54	0	
2	1798	-0.8879147	-7.01E-05	3492.622	-0.001525902	6	6	-0.8888918	0	0	0	0	0	0	0	0	0	0	0	0	0	54	0	
2	1799	-0.8873013	-7.00E-05	3493.622	-0.001525902	6	6	-0.8883919	0	0	0	0	0	0	0	0	0	0	0	0	0	54	0	
2	1800	-0.8869945	-6.99E-05	3494.622	-0.001525902	6	6	-0.8878918	0	0	0	0	0	0	0	0	0	0	0	0	0	54	0	
2	1801	-0.8863811	-6.99E-05	3495.622	-0.001525902	6	6	-0.8873919	0	0	0	0	0	0	0	0	0	0	0	0	0	54	0	
2	1802	-0.8860744	-6.98E-05	3496.622	-0.001525902	6	6	-0.8868918	0	0	0	0	0	0	0	0	0	0	0	0	0	54	0	
2	1803	-0.885461	-6.97E-05	3497.622	-0.001525902	6	6	-0.8863918	0	0	0	0	0	0	0	0	0	0	0	0	0	54	0	
2	1804	-0.8848476	-6.96E-05	3498.622	-0.001525902	6	6	-0.8858919	0	0	0	0	0	0	0	0	0	0	0	0	0	54	0	
2	1805	-0.8845409	-6.95E-05	3499.622	-0.001525902	6	6	-0.8853918	0	0	0	0	0	0	0	0	0	0	0	0	0	54	0	
2	1806	-0.8839275	-6.94E-05	3500.622	-0.001525902	6	6	-0.8848918	0	0	0	0	0	0	0	0	0	0	0	0	0	54	0	
2	1807	-0.8833141	-6.94E-05	3501.622	-0.001525902	6	6	-0.8843918	0	0	0	0	0	0	0	0	0	0	0	0	0	54	0	
2	1808	-0.8830074	-6.93E-05	3502.622	-0.001525902	6	6	-0.8838918	0	0	0	0	0	0	0	0	0	0	0	0	0	54	0	
2	1809	-0.882394	-6.94E-05	3503.622	-0.001525902	6	6	-0.8833919	0	0	0	0	0	0	0	0	0	0	0	0	0	54	0	
2	1810	-0.8817806	-6.95E-05	3504.622	-0.001525902	6	6	-0.8828918	0	0	0	0	0	0	0	0	0	0	0	0	0	54	0	
2	1811	-0.8814738	-6.94E-05	3505.622	-0.001525902	6	6	-0.8823918	0	0	0	0	0	0	0	0	0	0	0	0	0	54	0	
2	1812	-0.8808604	-6.93E-05	3506.622	-0.001525902	6	6	-0.8818918	0	0	0	0	0	0	0	0	0	0	0	0	0	54	0	
2	1813	-0.8805537	-6.91E-05	3507.622	-0.001525902	6	6	-0.8813918	0	0	0	0	0	0	0	0	0	0	0	0	0	54	0	
2	1814	-0.8799403	-6.90E-05	3508.622	-0.001525902	6	6	-0.8808919	0	0	0	0	0	0	0	0	0	0	0	0	0	54	0	
2	1815	-0.8793269	-6.89E-05	3509.622	-0.001525902	6	6	-0.8803918	0	0	0	0	0	0	0	0	0	0	0	0	0	54	0	
2	1816	-0.8790202	-6.88E-05	3510.622	-0.001525902	6	6	-0.8798918	0	0	0	0	0	0	0	0	0	0	0	0	0	54	0	
2	1817	-0.8784068	-6.88E-05	3511.622	-0.001525902	6	6	-0.8793918	0	0	0	0	0	0	0	0	0	0	0	0	0	54	0	
2	1818	-0.8777934	-6.87E-05	3512.622	-0.001525902	6	6	-0.8788918	0	0	0	0	0	0	0	0	0	0	0	0	0	54	0	
2	1819	-0.8774866	-6.86E-05	3513.622	-0.001525902	6	6	-0.8783919	0	0	0	0	0	0	0	0	0	0	0	0	0	54	0	
2	1820	-0.8768733	-6.85E-05	3514.622	-0.001525902	6	6	-0.8778918	0	0	0	0	0	0	0	0	0	0	0	0	0	54	0	
2	1821	-0.8765665	-6.84E-05	3515.622	-0.001525902	6	6	-0.8773918	0	0	0	0	0	0	0	0	0	0	0	0	0	54	0	
2	1822	-0.8759531	-6.84E-05	3516.622	-0.001525902	6	6	-0.8768919	0	0	0	0	0	0	0	0	0	0	0	0	0	54	0	
2	1823	-0.8753397	-6.83E-05	3517.622	-0.001525902	6	6	-0.8763918	0	0	0	0	0	0	0	0	0	0	0	0	0	54	0	
2	1824	-0.875033	-6.82E-05	3518.622	-0.001525902	6	6	-0.8758919	0	0	0	0	0	0	0	0	0	0	0	0	0	54	0	
2	1825	-0.8744196	-6.82E-05	3519.622	-0.001525902	6	6	-0.8753918	0	0	0	0	0	0	0	0	0	0	0	0	0	54	0	
2	1826	-0.8738062	-6.81E-05	3520.622	-0.001525902	6	6	-0.8748918	0	0	0	0	0	0	0	0	0	0	0	0	0	54	0	
2	1827	-0.8734995	-6.81E-05	3521.622	-0.001525902	6	6	-0.8743919	0	0	0	0	0	0	0	0	0	0	0	0	0	54	0	
2	1828	-0.8728861	-6.81E-05	3522.622	-0.001525902	6	6	-0.8738918	0	0	0	0	0	0	0	0	0	0	0	0	0	54	0	
2	1829	-0.8725793	-6.80E-05	3523.622	-0.001525902	6	6	-0.8733918	0	0	0	0	0	0	0	0	0	0	0	0	0	54	0	
2	1830	-0.8719659	-6.80E-05	3524.622	-0.001525902	6	6	-0.8728918	0	0	0	0	0	0	0	0	0	0	0	0	0	54	0	
2	1831	-0.8713526	-6.79E-05	3525.622	-0.001525902	6	6	-0.8723918	0	0	0	0	0	0	0	0	0	0	0	0	0	54	0	
2	1832	-0.8710458	-6.78E-05	3526.622	-0.001525902	6	6	-0.8718919	0	0	0	0	0	0	0	0	0	0	0	0	0	54	0	
2	1833	-0.8704324	-6.77E-05	3527.622	-0.001525902	6	6	-0.8713918	0	0	0	0	0	0	0	0	0	0	0	0	0	54	0	
2	1834	-0.869819	-6.77E-05	3528.622	-0.001525902	6	6	-0.8708918	0	0	0	0	0	0	0	0	0	0	0	0	0	54	0	
2	1835	-0.8695123	-6.76E-05	3529.622	-0.001525902	6	6	-0.8703918	0	0	0	0	0	0	0	0	0	0	0	0	0	54	0	
2	1836	-0.8688989	-6.76E-05	3530.622	-0.001525902	6	6	-0.8698918	0	0	0	0	0	0	0	0	0	0	0	0	0	54	0	
2	1837	-0.8685922	-6.75E-05	3531.622	-0.001525902	6	6	-0.8693919	0	0	0	0	0	0	0	0	0	0	0	0	0	54	0	
2	1838	-0.8679788	-6.75E-05	3532.622	-0.001525902	6	6	-0.8688918	0	0	0	0	0	0	0	0	0	0	0	0	0	54	0	
2	1839	-0.8673654	-6.74E-05	3533.622	-0.001525902	6	6	-0.8683918	0	0	0	0	0	0	0	0	0	0	0	0	0	54	0	
2	1840	-0.8670586	-6.73E-05	3534.622	-0.001525902	6	6	-0.8678918	0	0	0	0	0	0	0	0	0	0	0	0	0	54	0	
2	1841	-0.8664452	-6.72E-05	3535.622	-0.001525902	6	6	-0.8673918	0	0	0	0	0	0	0	0	0	0	0	0	0	54	0	
2	1842	-0.8658319	-6.72E-05	3536.622	-0.001525902	6	6	-0.8668919	0	0	0	0	0	0	0	0	0	0	0	0	0	54	0	
2	1843	-0.8655251	-6.71E-05	3537.622	-0.001525902	6	6	-0.8663918	0	0	0	0	0	0	0	0	0	0	0	0	0	54	0	
2	1844	-0.8649117	-6.70E-05	3538.622	-0.001525902	6	6	-0.8658918	0	0	0	0	0	0	0	0	0	0	0	0	0	54	0	
2	1845	-0.864605	-6.70E-05	3539.622	-0.001525902	6	6	-0.8653919	0	0	0	0	0	0	0	0	0	0	0	0	0	54	0	
2	1846	-0.8639916	-6.72E-05	3540.622	-0.001525902	6	6	-0.8648918	0	0	0	0	0	0	0	0	0	0	0	0	0	54	0	
2	1847	-0.8636849	-6.71E-05	3541.622	-0.001525902	6	6	-0.8643919	0	0	0	0	0	0	0	0	0	0	0	0	0	54	0	
2	1848	-0.8630714	-6.69E-05	3542.622	-0.001525902	6	6	-0.8638918	0	0	0	0	0	0	0	0	0	0	0	0	0	54	0	
2	1849	-0.8627648	-6.68E-05	3543.622	-0.001525902	6	6	-0.8633918	0	0	0	0	0	0	0	0	0	0	0	0	0	54	0	
2	1850	-0.8621513	-6.67E-05	3544.622	-0.001525902	6	6	-0.8628919	0	0	0	0	0	0	0	0	0	0	0	0	0	54	0	
2	1851	-0.8615379	-6.66E-05	3545.622	-0.001525902	6	6	-0.8623918	0	0	0	0	0	0	0	0	0	0	0	0	0	54	0	
2	1852	-0.8612312	-6.65E-05	3546.622	-0.001525902	6	6	-0.8618918	0	0	0	0	0	0	0	0	0	0	0	0	0	54	0	
2	1853	-0.8606178	-6.64E-05	3547.622	-0.001525902	6	6	-0.8613918	0	0	0	0	0	0	0	0	0	0	0	0	0	54	0	
2	1854	-0.8600044	-6.64E-05	3548.622	-0.001525902	6	6	-0.8608918	0	0	0	0	0	0	0	0	0	0	0	0	0	54	0	
2	1855	-0.8596977	-6.64E-05	3549.622	-0.001525902	6	6	-0.8603919	0	0	0	0	0	0	0	0	0	0	0	0	0	54	0	
2	1856	-0.8590843	-6.63E-05	3550.622	-0.001525902	6	6	-0.8598918	0	0	0	0	0	0	0	0	0	0	0	0	0	54	0	
2	1857	-0.8584709	-6.62E-05	3551.622	-0.001525902	6	6	-0.8593918	0	0	0	0	0	0	0	0	0	0	0	0	0	54	0	
2	1858	-0.8581642	-6.61E-05	3552.622	-0.001525902	6	6	-0.8588918	0	0	0	0	0	0	0	0	0	0	0	0	0	54	0	
2	1859	-0.8575507	-6.61E-05	3553.622	-0.001525902	6	6	-0.8583918	0	0	0	0	0	0	0	0	0	0	0	0	0	54	0	
2	1860	-0.8569373	-6.60E-05	3554.622	-0.001525902	6	6	-0.8578919	0	0	0	0	0	0	0	0	0	0	0	0	0	54	0	
2	1861	-0.8566306	-6.59E-05	3555.622	-0.001525902	6	6	-0.8573918	0	0	0	0	0	0	0	0	0	0	0	0	0	54	0	
2	1862	-0.8560172	-6.58E-05	3556.622	-0.001525902	6	6	-0.8568918	0	0	0	0	0	0	0	0	0	0	0	0	0	54	0	
2	1863	-0.8557105	-6.58E-05	3557.622	-0.001525902	6	6	-0.8563918	0	0	0	0	0	0	0	0	0	0	0	0	0	54	0	
2	1864	-0.8550971	-6.57E-05	3558.622	-0.001525902	6	6	-0.8558918	0	0	0	0	0	0	0	0	0	0	0	0	0	54	0	
2	1865	-0.8544837	-6.56E-05	3559.622	-0.001525902	6	6	-0.8553919	0	0	0	0	0	0	0	0	0	0	0	0	0	54	0	
2	1866	-0.854177	-6.55E-05	3560.622	-0.001525902	6	6	-0.8548918	0	0	0	0	0	0	0	0	0	0	0	0	0	54	0	
2	1867	-0.8535635	-6.54E-05	3561.622	-0.001525902	6	6	-0.8543918	0	0	0	0	0	0	0	0	0	0	0	0	0	54	0	
2	1868	-0.8532569	-6.53E-05	3562.622	-0.001525902	6	6	-0.8538918	0	0	0	0	0	0	0	0	0	0	0	0	0	54	0	
2	1869	-0.8526434	-6.54E-05	3563.622	-0.001525902	6	6	-0.8533918	0	0	0	0	0	0	0	0	0	0	0	0	0	54	0	
2	1870	-0.85203	-6.54E-05	3564.622	-0.001525902	6	6	-0.8528919	0	0	0	0	0	0	0	0	0	0	0	0	0	54	0	
2	1871	-0.8517233	-6.54E-05	3565.622	-0.001525902	6	6	-0.8523918	0	0	0	0	0	0	0	0	0	0	0	0	0	54	0	
2	1872	-0.8511099	-6.52E-05	3566.622	-0.001525902	6	6	-0.8518918	0	0	0	0	0	0	0	0	0	0	0	0	0	54	0	
2	1873	-0.8504965	-6.51E-05	3567.622	-0.001525902	6	6	-0.8513919	0	0	0	0	0	0	0	0	0	0	0	0	0	54	0	
2	1874	-0.8501898	-6.49E-05	3568.622	-0.001525902	6	6	-0.8508918	0	0	0	0	0	0	0	0	0	0	0	0	0	54	0	
2	1875	-0.8495764	-6.48E-05	3569.622	-0.001525902	6	6	-0.8503918	0	0	0	0	0	0	0	0	0	0	0	0	0	54	0	
2	1876	-0.8492697	-6.47E-05	3570.622	-0.001525902	6	6	-0.8498918	0	0	0	0	0	0	0	0	0	0	0	0	0	54	0	
2	1877	-0.8486563	-6.46E-05	3571.622	-0.001525902	6	6	-0.8493918	0	0	0	0	0	0	0	0	0	0	0	0	0	54	0	
2	1878	-0.8480428	-6.45E-05	3572.622	-0.001525902	6	6	-0.8488919	0	0	0	0	0	0	0	0	0	0	0	0	0	54	0	
2	1879	-0.8477361	-6.44E-05	3573.622	-0.001525902	6	6	-0.8483918	0	0	0	0	0	0	0	0	0	0	0	0	0	54	0	
2	1880	-0.8471227	-6.43E-05	3574.622	-0.001525902	6	6	-0.8478918	0	0	0	0	0	0	0	0	0	0	0	0	0	54	0	
2	1881	-0.8465093	-6.43E-05	3575.622	-0.001525902	6	6	-0.8473918	0	0	0	0	0	0	0	0	0	0	0	0	0	54	0	
2	1882	-0.8458959	-6.42E-05	3576.622	-0.001525902	6	6	-0.8468918	0	0	0	0	0	0	0	0	0	0	0	0	0	54	0	
2	1883	-0.8455892	-6.41E-05	3577.622	-0.001525902	6	6	-0.8463919	0	0	0	0	0	0	0	0	0	0	0	0	0	54	0	
2	1884	-0.8449758	-6.40E-05	3578.622	-0.001525902	6	6	-0.8458918	0	0	0	0	0	0	0	0	0	0	0	0	0	54	0	
2	1885	-0.8446691	-6.39E-05	3579.622	-0.001525902	6	6	-0.8453918	0	0	0	0	0	0	0	0	0	0	0	0	0	54	0	
2	1886	-0.8440557	-6.38E-05	3580.622	-0.001525902	6	6	-0.8448918	0	0	0	0	0	0	0	0	0	0	0	0	0	54	0	
2	1887	-0.843749	-6.37E-05	3581.622	-0.001525902	6	6	-0.8443918	0	0	0	0	0	0	0	0	0	0	0	0	0	54	0	
2	1888	-0.8431355	-6.36E-05	3582.622	-0.001525902	6	6	-0.8438919	0	0	0	0	0	0	0	0	0	0	0	0	0	54	0	
2	1889	-0.8425221	-6.35E-05	3583.622	-0.001525902	6	6	-0.8433918	0	0	0	0	0	0	0	0	0	0	0	0	0	54	0	
2	1890	-0.8422154	-6.35E-05	3584.622	-0.001525902	6	6	-0.8428918	0	0	0	0	0	0	0	0	0	0	0	0	0	54	0	
2	1891	-0.841602	-6.35E-05	3585.622	-0.001525902	6	6	-0.8423918	0	0	0	0	0	0	0	0	0	0	0	0	0	54	0	
2	1892	-0.8412953	-6.34E-05	3586.622	-0.001525902	6	6	-0.8418918	0	0	0	0	0	0	0	0	0	0	0	0	0	54	0	
2	1893	-0.8406819	-6.33E-05	3587.622	-0.001525902	6	6	-0.8413919	0	0	0	0	0	0	0	0	0	0	0	0	0	54	0	
2	1894	-0.8400685	-6.33E-05	3588.622	-0.001525902	6	6	-0.8408918	0	0	0	0	0	0	0	0	0	0	0	0	0	54	0	
2	1895	-0.8397618	-6.32E-05	3589.622	-0.001525902	6	6	-0.8403918	0	0	0	0	0	0	0	0	0	0	0	0	0	54	0	
2	1896	-0.8391483	-6.31E-05	3590.622	-0.001525902	6	6	-0.8398919	0	0	0	0	0	0	0	0	0	0	0	0	0	54	0	
2	1897	-0.838535	-6.31E-05	3591.622	-0.001525902	6	6	-0.8393918	0	0	0	0	0	0	0	0	0	0	0	0	0	54	0	
2	1898	-0.8382282	-6.30E-05	3592.622	-0.001525902	6	6	-0.8388918	0	0	0	0	0	0	0	0	0	0	0	0	0	54	0	
2	1899	-0.8376148	-6.29E-05	3593.622	-0.001525902	6	6	-0.8383918	0	0	0	0	0	0	0	0	0	0	0	0	0	54	0	
2	1900	-0.8370014	-6.29E-05	3594.622	-0.001525902	6	6	-0.8378918	0	0	0	0	0	0	0	0	0	0	0	0	0	54	0	
2	1901	-0.8366947	-6.28E-05	3595.622	-0.001525902	6	6	-0.8373919	0	0	0	0	0	0	0	0	0	0	0	0	0	54	0	
2	1902	-0.8360813	-6.26E-05	3596.622	-0.001525902	6	6	-0.8368918	0	0	0	0	0	0	0	0	0	0	0	0	0	54	0	
2	1903	-0.8357746	-6.25E-05	3597.622	-0.001525902	6	6	-0.8363918	0	0	0	0	0	0	0	0	0	0	0	0	0	54	0	
2	1904	-0.8351612	-6.25E-05	3598.622	-0.001525902	6	6	-0.8358918	0	0	0	0	0	0	0	0	0	0	0	0	0	54	0	
2	1905	-0.8345478	-6.24E-05	3599.622	-0.001525902	6	6	-0.8353918	0	0	0	0	0	0	0	0	0	0	0	0	0	54	0	
2	1906	-0.8342411	-6.23E-05	3600.622	-0.001525902	6	6	-0.8348919	0	0	0	0	0	0	0	0	0	0	0	0	0	54	0	
2	1907	-0.8336276	-6.23E-05	3601.622	-0.001525902	6	6	-0.8343918	0	0	0	0	0	0	0	0	0	0	0	0	0	54	0	
2	1908	-0.8330142	-6.22E-05	3602.622	-0.001525902	6	6	-0.8338918	0	0	0	0	0	0	0	0	0	0	0	0	0	54	0	
2	1909	-0.8327075	-6.21E-05	3603.622	-0.001525902	6	6	-0.8333918	0	0	0	0	0	0	0	0	0	0	0	0	0	54	0	
2	1910	-0.8320941	-6.23E-05	3604.622	-0.001525902	6	6	-0.8328918	0	0	0	0	0	0	0	0	0	0	0	0	0	54	0	
2	1911	-0.8314807	-6.23E-05	3605.622	-0.001525902	6	6	-0.8323919	0	0	0	0	0	0	0	0	0	0	0	0	0	54	0	
2	1912	-0.831174	-6.22E-05	3606.622	-0.001525902	6	6	-0.8318918	0	0	0	0	0	0	0	0	0	0	0	0	0	54	0	
2	1913	-0.8305606	-6.20E-05	3607.622	-0.001525902	6	6	-0.8313918	0	0	0	0	0	0	0	0	0	0	0	0	0	54	0	
2	1914	-0.8299472	-6.19E-05	3608.622	-0.001525902	6	6	-0.8308918	0	0	0	0	0	0	0	0	0	0	0	0	0	54	0	
2	1915	-0.8296404	-6.18E-05	3609.622	-0.001525902	6	6	-0.8303918	0	0	0	0	0	0	0	0	0	0	0	0	0	54	0	
2	1916	-0.8290271	-6.17E-05	3610.622	-0.001525902	6	6	-0.8298919	0	0	0	0	0	0	0	0	0	0	0	0	0	54	0	
2	1917	-0.8287203	-6.16E-05	3611.622	-0.001525902	6	6	-0.8293918	0	0	0	0	0	0	0	0	0	0	0	0	0	54	0	
2	1918	-0.8281069	-6.15E-05	3612.622	-0.001525902	6	6	-0.8288918	0	0	0	0	0	0	0	0	0	0	0	0	0	54	0	
2	1919	-0.8278002	-6.14E-05	3613.622	-0.001525902	6	6	-0.8283918	0	0	0	0	0	0	0	0	0	0	0	0	0	54	0	
2	1920	-0.8271868	-6.14E-05	3614.622	-0.001525902	6	6	-0.8278918	0	0	0	0	0	0	0	0	0	0	0	0	0	54	0	
2	1921	-0.8265734	-6.13E-05	3615.622	-0.001525902	6	6	-0.8273919	0	0	0	0	0	0	0	0	0	0	0	0	0	54	0	
2	1922	-0.8262667	-6.12E-05	3616.622	-0.001525902	6	6	-0.8268918	0	0	0	0	0	0	0	0	0	0	0	0	0	54	0	
2	1923	-0.8256533	-6.11E-05	3617.622	-0.001525902	6	6	-0.8263918	0	0	0	0	0	0	0	0	0	0	0	0	0	54	0	
2	1924	-0.8250399	-6.11E-05	3618.622	-0.001525902	6	6	-0.8258919	0	0	0	0	0	0	0	0	0	0	0	0	0	54	0	
2	1925	-0.8247332	-6.10E-05	3619.622	-0.001525902	6	6	-0.8253918	0	0	0	0	0	0	0	0	0	0	0	0	0	54	0	
2	1926	-0.8241197	-6.09E-05	3620.622	-0.001525902	6	6	-0.8248918	0	0	0	0	0	0	0	0	0	0	0	0	0	54	0	
2	1927	-0.8235064	-6.08E-05	3621.622	-0.001525902	6	6	-0.8243918	0	0	0	0	0	0	0	0	0	0	0	0	0	54	0	
2	1928	-0.8231996	-6.07E-05	3622.622	-0.001525902	6	6	-0.8238918	0	0	0	0	0	0	0	0	0	0	0	0	0	54	0	
2	1929	-0.8225862	-6.07E-05	3623.622	-0.001525902	6	6	-0.8233919	0	0	0	0	0	0	0	0	0	0	0	0	0	54	0	
2	1930	-0.8219728	-6.07E-05	3624.622	-0.001525902	6	6	-0.8228918	0	0	0	0	0	0	0	0	0	0	0	0	0	54	0	
2	1931	-0.8216661	-6.06E-05	3625.622	-0.001525902	6	6	-0.8223918	0	0	0	0	0	0	0	0	0	0	0	0	0	54	0	
2	1932	-0.8210527	-6.05E-05	3626.622	-0.001525902	6	6	-0.8218918	0	0	0	0	0	0	0	0	0	0	0	0	0	54	0	
2	1933	-0.820746	-6.05E-05	3627.622	-0.001525902	6	6	-0.8213918	0	0	0	0	0	0	0	0	0	0	0	0	0	54	0	
2	1934	-0.8201326	-6.04E-05	3628.622	-0.001525902	6	6	-0.8208919	0	0	0	0	0	0	0	0	0	0	0	0	0	54	0	
2	1935	-0.8195192	-6.03E-05	3629.622	-0.001525902	6	6	-0.8203918	0	0	0	0	0	0	0	0	0	0	0	0	0	54	0	
2	1936	-0.8192124	-6.03E-05	3630.622	-0.001525902	6	6	-0.8198918	0	0	0	0	0	0	0	0	0	0	0	0	0	54	0	
2	1937	-0.818599	-6.02E-05	3631.622	-0.001525902	6	6	-0.8193918	0	0	0	0	0	0	0	0	0	0	0	0	0	54	0	
2	1938	-0.8179857	-6.01E-05	3632.622	-0.001525902	6	6	-0.8188918	0	0	0	0	0	0	0	0	0	0	0	0	0	54	0	
2	1939	-0.8176789	-6.00E-05	3633.622	-0.001525902	6	6	-0.8183919	0	0	0	0	0	0	0	0	0	0	0	0	0	54	0	
2	1940	-0.8170655	-5.99E-05	3634.622	-0.001525902	6	6	-0.8178918	0	0	0	0	0	0	0	0	0	0	0	0	0	54	0	
2	1941	-0.8167588	-5.98E-05	3635.622	-0.001525902	6	6	-0.8173918	0	0	0	0	0	0	0	0	0	0	0	0	0	54	0	
2	1942	-0.8161454	-5.97E-05	3636.622	-0.001525902	6	6	-0.8168918	0	0	0	0	0	0	0	0	0	0	0	0	0	54	0	
2	1943	-0.8158387	-5.96E-05	3637.622	-0.001525902	6	6	-0.8163918	0	0	0	0	0	0	0	0	0	0	0	0	0	54	0	
2	1944	-0.8152253	-5.95E-05	3638.622	-0.001525902	6	6	-0.8158919	0	0	0	0	0	0	0	0	0	0	0	0	0	54	0	
2	1945	-0.8146119	-5.94E-05	3639.622	-0.001525902	6	6	-0.8153918	0	0	0	0	0	0	0	0	0	0	0	0	0	54	0	
2	1946	-0.8139985	-5.94E-05	3640.622	-0.001525902	6	6	-0.8148918	0	0	0	0	0	0	0	0	0	0	0	0	0	54	0	
2	1947	-0.8136917	-5.93E-05	3641.622	-0.001525902	6	6	-0.8143919	0	0	0	0	0	0	0	0	0	0	0	0	0	54	0	
2	1948	-0.813385	-5.92E-05	3642.622	-0.001525902	6	6	-0.8138918	0	0	0	0	0	0	0	0	0	0	0	0	0	54	0	
2	1949	-0.8127716	-5.93E-05	3643.622	-0.001525902	6	6	-0.8133918	0	0	0	0	0	0	0	0	0	0	0	0	0	54	0	
2	1950	-0.8121582	-5.94E-05	3644.622	-0.001525902	6	6	-0.8128918	0	0	0	0	0	0	0	0	0	0	0	0	0	54	0	
2	1951	-0.8115448	-5.93E-05	3645.622	-0.001525902	6	6	-0.8123918	0	0	0	0	0	0	0	0	0	0	0	0	0	54	0	
2	1952	-0.8112381	-5.92E-05	3646.622	-0.001525902	6	6	-0.8118919	0	0	0	0	0	0	0	0	0	0	0	0	0	54	0	
2	1953	-0.8106247	-5.90E-05	3647.622	-0.001525902	6	6	-0.8113918	0	0	0	0	0	0	0	0	0	0	0	0	0	54	0	
2	1954	-0.8100113	-5.88E-05	3648.622	-0.001525902	6	6	-0.8108918	0	0	0	0	0	0	0	0	0	0	0	0	0	54	0	
2	1955	-0.8097045	-5.88E-05	3649.622	-0.001525902	6	6	-0.8103918	0	0	0	0	0	0	0	0	0	0	0	0	0	54	0	
2	1956	-0.8090912	-5.87E-05	3650.622	-0.001525902	6	6	-0.8098918	0	0	0	0	0	0	0	0	0	0	0	0	0	54	0	
2	1957	-0.8084778	-5.86E-05	3651.622	-0.001525902	6	6	-0.8093919	0	0	0	0	0	0	0	0	0	0	0	0	0	54	0	
2	1958	-0.808171	-5.85E-05	3652.622	-0.001525902	6	6	-0.8088918	0	0	0	0	0	0	0	0	0	0	0	0	0	54	0	
2	1959	-0.8075576	-5.84E-05	3653.622	-0.001525902	6	6	-0.8083918	0	0	0	0	0	0	0	0	0	0	0	0	0	54	0	
2	1960	-0.8072509	-5.84E-05	3654.622	-0.001525902	6	6	-0.8078918	0	0	0	0	0	0	0	0	0	0	0	0	0	54	0	
2	1961	-0.8066375	-5.83E-05	3655.622	-0.001525902	6	6	-0.8073918	0	0	0	0	0	0	0	0	0	0	0	0	0	54	0	
2	1962	-0.8060241	-5.82E-05	3656.622	-0.001525902	6	6	-0.8068919	0	0	0	0	0	0	0	0	0	0	0	0	0	54	0	
2	1963	-0.8057174	-5.82E-05	3657.622	-0.001525902	6	6	-0.8063918	0	0	0	0	0	0	0	0	0	0	0	0	0	54	0	
2	1964	-0.805104	-5.81E-05	3658.622	-0.001525902	6	6	-0.8058918	0	0	0	0	0	0	0	0	0	0	0	0	0	54	0	
2	1965	-0.8047972	-5.80E-05	3659.622	-0.001525902	6	6	-0.8053918	0	0	0	0	0	0	0	0	0	0	0	0	0	54	0	
2	1966	-0.8041838	-5.80E-05	3660.622	-0.001525902	6	6	-0.8048918	0	0	0	0	0	0	0	0	0	0	0	0	0	54	0	
2	1967	-0.8038771	-5.79E-05	3661.622	-0.001525902	6	6	-0.8043919	0	0	0	0	0	0	0	0	0	0	0	0	0	54	0	
2	1968	-0.8032637	-5.78E-05	3662.622	-0.001525902	6	6	-0.8038918	0	0	0	0	0	0	0	0	0	0	0	0	0	54	0	
2	1969	-0.8026503	-5.79E-05	3663.622	-0.001525902	6	6	-0.8033918	0	0	0	0	0	0	0	0	0	0	0	0	0	54	0	
2	1970	-0.8023436	-5.78E-05	3664.622	-0.001525902	6	6	-0.8028919	0	0	0	0	0	0	0	0	0	0	0	0	0	54	0	
2	1971	-0.8017302	-5.78E-05	3665.622	-0.001525902	6	6	-0.8023918	0	0	0	0	0	0	0	0	0	0	0	0	0	54	0	
2	1972	-0.8011168	-5.77E-05	3666.622	-0.001525902	6	6	-0.8018918	0	0	0	0	0	0	0	0	0	0	0	0	0	54	0	
2	1973	-0.8008101	-5.77E-05	3667.622	-0.001525902	6	6	-0.8013918	0	0	0	0	0	0	0	0	0	0	0	0	0	54	0	
2	1974	-0.8001966	-5.76E-05	3668.622	-0.001525902	6	6	-0.8008918	0	0	0	0	0	0	0	0	0	0	0	0	0	54	0	
2	1975	-0.7995833	-5.75E-05	3669.622	-0.001525902	6	6	-0.8003919	0	0	0	0	0	0	0	0	0	0	0	0	0	54	0	
2	1976	-0.7989699	-5.75E-05	3670.622	-0.001525902	6	6	-0.7998918	0	0	0	0	0	0	0	0	0	0	0	0	0	54	0	
2	1977	-0.7986631	-5.74E-05	3671.622	-0.001525902	6	6	-0.7993918	0	0	0	0	0	0	0	0	0	0	0	0	0	54	0	
2	1978	-0.7983564	-5.73E-05	3672.622	-0.001525902	6	6	-0.7988918	0	0	0	0	0	0	0	0	0	0	0	0	0	54	0	
2	1979	-0.797743	-5.72E-05	3673.622	-0.001525902	6	6	-0.7983918	0	0	0	0	0	0	0	0	0	0	0	0	0	54	0	
2	1980	-0.7971296	-5.72E-05	3674.622	-0.001525902	6	6	-0.7978919	0	0	0	0	0	0	0	0	0	0	0	0	0	54	0	
2	1981	-0.7965162	-5.71E-05	3675.622	-0.001525902	6	6	-0.7973918	0	0	0	0	0	0	0	0	0	0	0	0	0	54	0	
2	1982	-0.7962095	-5.70E-05	3676.622	-0.001525902	6	6	-0.7968918	0	0	0	0	0	0	0	0	0	0	0	0	0	54	0	
2	1983	-0.7955961	-5.70E-05	3677.622	-0.001525902	6	6	-0.7963918	0	0	0	0	0	0	0	0	0	0	0	0	0	54	0	
2	1984	-0.7952893	-5.69E-05	3678.622	-0.001525902	6	6	-0.7958918	0	0	0	0	0	0	0	0	0	0	0	0	0	54	0	
2	1985	-0.7946759	-5.69E-05	3679.622	-0.001525902	6	6	-0.7953919	0	0	0	0	0	0	0	0	0	0	0	0	0	54	0	
2	1986	-0.7940626	-5.68E-05	3680.622	-0.001525902	6	6	-0.7948918	0	0	0	0	0	0	0	0	0	0	0	0	0	54	0	
2	1987	-0.7937558	-5.67E-05	3681.622	-0.001525902	6	6	-0.7943918	0	0	0	0	0	0	0	0	0	0	0	0	0	54	0	
2	1988	-0.7931424	-5.66E-05	3682.622	-0.001525902	6	6	-0.7938918	0	0	0	0	0	0	0	0	0	0	0	0	0	54	0	
2	1989	-0.792529	-5.66E-05	3683.622	-0.001525902	6	6	-0.7933918	0	0	0	0	0	0	0	0	0	0	0	0	0	54	0	
2	1990	-0.7922223	-5.68E-05	3684.622	-0.001525902	6	6	-0.7928919	0	0	0	0	0	0	0	0	0	0	0	0	0	54	0	
2	1991	-0.7916089	-5.67E-05	3685.622	-0.001525902	6	6	-0.7923918	0	0	0	0	0	0	0	0	0	0	0	0	0	54	0	
2	1992	-0.7913022	-5.66E-05	3686.622	-0.001525902	6	6	-0.7918918	0	0	0	0	0	0	0	0	0	0	0	0	0	54	0	
2	1993	-0.7906888	-5.64E-05	3687.622	-0.001525902	6	6	-0.7913918	0	0	0	0	0	0	0	0	0	0	0	0	0	54	0	
2	1994	-0.7900754	-5.62E-05	3688.622	-0.001525902	6	6	-0.7908918	0	0	0	0	0	0	0	0	0	0	0	0	0	54	0	
2	1995	-0.7897686	-5.61E-05	3689.622	-0.001525902	6	6	-0.7903918	0	0	0	0	0	0	0	0	0	0	0	0	0	54	0	
2	1996	-0.7891552	-5.60E-05	3690.622	-0.001525902	6	6	-0.7898918	0	0	0	0	0	0	0	0	0	0	0	0	0	54	0	
2	1997	-0.7888485	-5.59E-05	3691.622	-0.001525902	6	6	-0.7893918	0	0	0	0	0	0	0	0	0	0	0	0	0	54	0	
2	1998	-0.7882351	-5.59E-05	3692.622	-0.001525902	6	6	-0.7888919	0	0	0	0	0	0	0	0	0	0	0	0	0	54	0	
2	1999	-0.7876217	-5.58E-05	3693.622	-0.001525902	6	6	-0.7883918	0	0	0	0	0	0	0	0	0	0	0	0	0	54	0	
2	2000	-0.787315	-5.57E-05	3694.622	-0.001525902	6	6	-0.7878918	0	0	0	0	0	0	0	0	0	0	0	0	0	54	0	
2	2001	-0.7867016	-5.56E-05	3695.622	-0.001525902	6	6	-0.7873918	0	0	0	0	0	0	0	0	0	0	0	0	0	54	0	
2	2002	-0.7860882	-5.55E-05	3696.622	-0.001525902	6	6	-0.7868918	0	0	0	0	0	0	0	0	0	0	0	0	0	54	0	
2	2003	-0.7854748	-5.55E-05	3697.622	-0.001525902	6	6	-0.7863919	0	0	0	0	0	0	0	0	0	0	0	0	0	54	0	
2	2004	-0.7851681	-5.54E-05	3698.622	-0.001525902	6	6	-0.7858918	0	0	0	0	0	0	0	0	0	0	0	0	0	54	0	
2	2005	-0.7845547	-5.53E-05	3699.622	-0.001525902	6	6	-0.7853918	0	0	0	0	0	0	0	0	0	0	0	0	0	54	0	
2	2006	-0.7842479	-5.52E-05	3700.622	-0.001525902	6	6	-0.7848918	0	0	0	0	0	0	0	0	0	0	0	0	0	54	0	
2	2007	-0.7836345	-5.51E-05	3701.622	-0.001525902	6	6	-0.7843918	0	0	0	0	0	0	0	0	0	0	0	0	0	54	0	
2	2008	-0.7830211	-5.51E-05	3702.622	-0.001525902	6	6	-0.7838919	0	0	0	0	0	0	0	0	0	0	0	0	0	54	0	
2	2009	-0.7827144	-5.50E-05	3703.622	-0.001525902	6	6	-0.7833918	0	0	0	0	0	0	0	0	0	0	0	0	0	54	0	
2	2010	-0.782101	-5.50E-05	3704.622	-0.001525902	6	6	-0.7828918	0	0	0	0	0	0	0	0	0	0	0	0	0	54	0	
2	2011	-0.7814876	-5.50E-05	3705.622	-0.001525902	6	6	-0.7823918	0	0	0	0	0	0	0	0	0	0	0	0	0	54	0	
2	2012	-0.7811809	-5.49E-05	3706.622	-0.001525902	6	6	-0.7818918	0	0	0	0	0	0	0	0	0	0	0	0	0	54	0	
2	2013	-0.7805675	-5.48E-05	3707.622	-0.001525902	6	6	-0.7813919	0	0	0	0	0	0	0	0	0	0	0	0	0	54	0	
2	2014	-0.7802607	-5.48E-05	3708.622	-0.001525902	6	6	-0.7808918	0	0	0	0	0	0	0	0	0	0	0	0	0	54	0	
2	2015	-0.7796474	-5.47E-05	3709.622	-0.001525902	6	6	-0.7803918	0	0	0	0	0	0	0	0	0	0	0	0	0	54	0	
2	2016	-0.779034	-5.46E-05	3710.622	-0.001525902	6	6	-0.7798918	0	0	0	0	0	0	0	0	0	0	0	0	0	54	0	
2	2017	-0.7787272	-5.45E-05	3711.622	-0.001525902	6	6	-0.7793918	0	0	0	0	0	0	0	0	0	0	0	0	0	54	0	
2	2018	-0.7781138	-5.45E-05	3712.622	-0.001525902	6	6	-0.7788918	0	0	0	0	0	0	0	0	0	0	0	0	0	54	0	
2	2019	-0.7778071	-5.44E-05	3713.622	-0.001525902	6	6	-0.7783918	0	0	0	0	0	0	0	0	0	0	0	0	0	54	0	
2	2020	-0.7771937	-5.43E-05	3714.622	-0.001525902	6	6	-0.7778918	0	0	0	0	0	0	0	0	0	0	0	0	0	54	0	
2	2021	-0.7765803	-5.43E-05	3715.622	-0.001525902	6	6	-0.7773919	0	0	0	0	0	0	0	0	0	0	0	0	0	54	0	
2	2022	-0.7762735	-5.42E-05	3716.622	-0.001525902	6	6	-0.7768918	0	0	0	0	0	0	0	0	0	0	0	0	0	54	0	
2	2023	-0.7756602	-5.41E-05	3717.622	-0.001525902	6	6	-0.7763918	0	0	0	0	0	0	0	0	0	0	0	0	0	54	0	
2	2024	-0.7750468	-5.39E-05	3718.622	-0.001525902	6	6	-0.7758918	0	0	0	0	0	0	0	0	0	0	0	0	0	54	0	
2	2025	-0.77474	-5.38E-05	3719.622	-0.001525902	6	6	-0.7753918	0	0	0	0	0	0	0	0	0	0	0	0	0	54	0	
2	2026	-0.7741266	-5.37E-05	3720.622	-0.001525902	6	6	-0.7748919	0	0	0	0	0	0	0	0	0	0	0	0	0	54	0	
2	2027	-0.7738199	-5.36E-05	3721.622	-0.001525902	6	6	-0.7743918	0	0	0	0	0	0	0	0	0	0	0	0	0	54	0	
2	2028	-0.7732065	-5.35E-05	3722.622	-0.001525902	6	6	-0.7738918	0	0	0	0	0	0	0	0	0	0	0	0	0	54	0	
2	2029	-0.7725931	-5.35E-05	3723.622	-0.001525902	6	6	-0.7733918	0	0	0	0	0	0	0	0	0	0	0	0	0	54	0	
2	2030	-0.7722864	-5.35E-05	3724.622	-0.001525902	6	6	-0.7728918	0	0	0	0	0	0	0	0	0	0	0	0	0	54	0	
2	2031	-0.771673	-5.36E-05	3725.622	-0.001525902	6	6	-0.7723919	0	0	0	0	0	0	0	0	0	0	0	0	0	54	0	
2	2032	-0.7713663	-5.36E-05	3726.622	-0.001525902	6	6	-0.7718918	0	0	0	0	0	0	0	0	0	0	0	0	0	54	0	
2	2033	-0.7707528	-5.35E-05	3727.622	-0.001525902	6	6	-0.7713918	0	0	0	0	0	0	0	0	0	0	0	0	0	54	0	
2	2034	-0.7701395	-5.33E-05	3728.622	-0.001525902	6	6	-0.7708918	0	0	0	0	0	0	0	0	0	0	0	0	0	54	0	
2	2035	-0.769526	-5.31E-05	3729.622	-0.001525902	6	6	-0.7703918	0	0	0	0	0	0	0	0	0	0	0	0	0	54	0	
2	2036	-0.7692193	-5.31E-05	3730.622	-0.001525902	6	6	-0.7698919	0	0	0	0	0	0	0	0	0	0	0	0	0	54	0	
2	2037	-0.7686059	-5.30E-05	3731.622	-0.001525902	6	6	-0.7693918	0	0	0	0	0	0	0	0	0	0	0	0	0	54	0	
2	2038	-0.7682992	-5.30E-05	3732.622	-0.001525902	6	6	-0.7688918	0	0	0	0	0	0	0	0	0	0	0	0	0	54	0	
2	2039	-0.7676858	-5.29E-05	3733.622	-0.001525902	6	6	-0.7683918	0	0	0	0	0	0	0	0	0	0	0	0	0	54	0	
2	2040	-0.7670724	-5.29E-05	3734.622	-0.001525902	6	6	-0.7678918	0	0	0	0	0	0	0	0	0	0	0	0	0	54	0	
2	2041	-0.7667657	-5.28E-05	3735.622	-0.001525902	6	6	-0.7673918	0	0	0	0	0	0	0	0	0	0	0	0	0	54	0	
2	2042	-0.7661523	-5.27E-05	3736.622	-0.001525902	6	6	-0.7668918	0	0	0	0	0	0	0	0	0	0	0	0	0	54	0	
2	2043	-0.7655389	-5.27E-05	3737.622	-0.001525902	6	6	-0.7663918	0	0	0	0	0	0	0	0	0	0	0	0	0	54	0	
2	2044	-0.7652321	-5.26E-05	3738.622	-0.001525902	6	6	-0.7658918	0	0	0	0	0	0	0	0	0	0	0	0	0	54	0	
2	2045	-0.7646188	-5.25E-05	3739.622	-0.001525902	6	6	-0.7653918	0	0	0	0	0	0	0	0	0	0	0	0	0	54	0	
2	2046	-0.7640053	-5.24E-05	3740.622	-0.001525902	6	6	-0.7648918	0	0	0	0	0	0	0	0	0	0	0	0	0	54	0	
2	2047	-0.7636986	-5.24E-05	3741.622	-0.001525902	6	6	-0.7643918	0	0	0	0	0	0	0	0	0	0	0	0	0	54	0	
2	2048	-0.7630852	-5.23E-05	3742.622	-0.001525902	6	6	-0.7638918	0	0	0	0	0	0	0	0	0	0	0	0	0	54	0	
2	2049	-0.7627785	-5.22E-05	3743.622	-0.001525902	6	6	-0.7633919	0	0	0	0	0	0	0	0	0	0	0	0	0	54	0	
2	2050	-0.7621651	-5.21E-05	3744.622	-0.001525902	6	6	-0.7628918	0	0	0	0	0	0	0	0	0	0	0	0	0	54	0	
2	2051	-0.7615517	-5.21E-05	3745.622	-0.001525902	6	6	-0.7623918	0	0	0	0	0	0	0	0	0	0	0	0	0	54	0	
2	2052	-0.761245	-5.20E-05	3746.622	-0.001525902	6	6	-0.7618918	0	0	0	0	0	0	0	0	0	0	0	0	0	54	0	
2	2053	-0.7606316	-5.19E-05	3747.622	-0.001525902	6	6	-0.7613918	0	0	0	0	0	0	0	0	0	0	0	0	0	54	0	
2	2054	-0.7600181	-5.19E-05	3748.622	-0.001525902	6	6	-0.7608919	0	0	0	0	0	0	0	0	0	0	0	0	0	54	0	
2	2055	-0.7597114	-5.18E-05	3749.622	-0.001525902	6	6	-0.7603918	0	0	0	0	0	0	0	0	0	0	0	0	0	54	0	
2	2056	-0.759098	-5.17E-05	3750.622	-0.001525902	6	6	-0.7598918	0	0	0	0	0	0	0	0	0	0	0	0	0	54	0	
2	2057	-0.7587913	-5.17E-05	3751.622	-0.001525902	6	6	-0.7593918	0	0	0	0	0	0	0	0	0	0	0	0	0	54	0	
2	2058	-0.7581779	-5.16E-05	3752.622	-0.001525902	6	6	-0.7588918	0	0	0	0	0	0	0	0	0	0	0	0	0	54	0	
2	2059	-0.7575645	-5.15E-05	3753.622	-0.001525902	6	6	-0.7583919	0	0	0	0	0	0	0	0	0	0	0	0	0	54	0	
2	2060	-0.7572578	-5.14E-05	3754.622	-0.001525902	6	6	-0.7578918	0	0	0	0	0	0	0	0	0	0	0	0	0	54	0	
2	2061	-0.7566444	-5.15E-05	3755.622	-0.001525902	6	6	-0.7573918	0	0	0	0	0	0	0	0	0	0	0	0	0	54	0	
2	2062	-0.756031	-5.16E-05	3756.622	-0.001525902	6	6	-0.7568918	0	0	0	0	0	0	0	0	0	0	0	0	0	54	0	
2	2063	-0.7557243	-5.16E-05	3757.622	-0.001525902	6	6	-0.7563918	0	0	0	0	0	0	0	0	0	0	0	0	0	54	0	
2	2064	-0.7551109	-5.16E-05	3758.622	-0.001525902	6	6	-0.7558919	0	0	0	0	0	0	0	0	0	0	0	0	0	54	0	
2	2065	-0.7548041	-5.15E-05	3759.622	-0.001525902	6	6	-0.7553918	0	0	0	0	0	0	0	0	0	0	0	0	0	54	0	
2	2066	-0.7541907	-5.16E-05	3760.622	-0.001525902	6	6	-0.7548918	0	0	0	0	0	0	0	0	0	0	0	0	0	54	0	
2	2067	-0.7535773	-5.16E-05	3761.622	-0.001525902	6	6	-0.7543918	0	0	0	0	0	0	0	0	0	0	0	0	0	54	0	
2	2068	-0.7532706	-5.16E-05	3762.622	-0.001525902	6	6	-0.7538918	0	0	0	0	0	0	0	0	0	0	0	0	0	54	0	
2	2069	-0.7526572	-5.15E-05	3763.622	-0.001525902	6	6	-0.7533918	0	0	0	0	0	0	0	0	0	0	0	0	0	54	0	
2	2070	-0.7520438	-5.14E-05	3764.622	-0.001525902	6	6	-0.7528918	0	0	0	0	0	0	0	0	0	0	0	0	0	54	0	
2	2071	-0.7517371	-5.13E-05	3765.622	-0.001525902	6	6	-0.7523918	0	0	0	0	0	0	0	0	0	0	0	0	0	54	0	
2	2072	-0.7511237	-5.13E-05	3766.622	-0.001525902	6	6	-0.7518919	0	0	0	0	0	0	0	0	0	0	0	0	0	54	0	
2	2073	-0.7508169	-5.14E-05	3767.622	-0.001525902	6	6	-0.7513918	0	0	0	0	0	0	0	0	0	0	0	0	0	54	0	
2	2074	-0.7502035	-5.13E-05	3768.622	-0.001525902	6	6	-0.7508918	0	0	0	0	0	0	0	0	0	0	0	0	0	54	0	
2	2075	-0.7498968	-5.13E-05	3769.622	-0.001525902	6	6	-0.7503918	0	0	0	0	0	0	0	0	0	0	0	0	0	54	0	
2	2076	-0.7492834	-5.10E-05	3770.622	-0.001525902	6	6	-0.7498918	0	0	0	0	0	0	0	0	0	0	0	0	0	54	0	
2	2077	-0.74867	-5.09E-05	3771.622	-0.001525902	6	6	-0.7493919	0	0	0	0	0	0	0	0	0	0	0	0	0	54	0	
2	2078	-0.7483633	-5.07E-05	3772.622	-0.001525902	6	6	-0.7488918	0	0	0	0	0	0	0	0	0	0	0	0	0	54	0	
2	2079	-0.7477499	-5.06E-05	3773.622	-0.001525902	6	6	-0.7483918	0	0	0	0	0	0	0	0	0	0	0	0	0	54	0	
2	2080	-0.7471365	-5.05E-05	3774.622	-0.001525902	6	6	-0.7478918	0	0	0	0	0	0	0	0	0	0	0	0	0	54	0	
2	2081	-0.7468297	-5.04E-05	3775.622	-0.001525902	6	6	-0.7473918	0	0	0	0	0	0	0	0	0	0	0	0	0	54	0	
2	2082	-0.7462164	-5.03E-05	3776.622	-0.001525902	6	6	-0.7468919	0	0	0	0	0	0	0	0	0	0	0	0	0	54	0	
2	2083	-0.745603	-5.02E-05	3777.622	-0.001525902	6	6	-0.7463918	0	0	0	0	0	0	0	0	0	0	0	0	0	54	0	
2	2084	-0.7452962	-5.01E-05	3778.622	-0.001525902	6	6	-0.7458918	0	0	0	0	0	0	0	0	0	0	0	0	0	54	0	
2	2085	-0.7446828	-5.00E-05	3779.622	-0.001525902	6	6	-0.7453918	0	0	0	0	0	0	0	0	0	0	0	0	0	54	0	
2	2086	-0.7440694	-4.99E-05	3780.622	-0.001525902	6	6	-0.7448918	0	0	0	0	0	0	0	0	0	0	0	0	0	54	0	
2	2087	-0.7437627	-4.99E-05	3781.622	-0.001525902	6	6	-0.7443919	0	0	0	0	0	0	0	0	0	0	0	0	0	54	0	
2	2088	-0.7431493	-4.98E-05	3782.622	-0.001525902	6	6	-0.7438918	0	0	0	0	0	0	0	0	0	0	0	0	0	54	0	
2	2089	-0.7428426	-4.97E-05	3783.622	-0.001525902	6	6	-0.7433918	0	0	0	0	0	0	0	0	0	0	0	0	0	54	0	
2	2090	-0.7422292	-4.96E-05	3784.622	-0.001525902	6	6	-0.7428918	0	0	0	0	0	0	0	0	0	0	0	0	0	54	0	
2	2091	-0.7416158	-4.96E-05	3785.622	-0.001525902	6	6	-0.7423918	0	0	0	0	0	0	0	0	0	0	0	0	0	54	0	
2	2092	-0.741309	-4.95E-05	3786.622	-0.001525902	6	6	-0.7418918	0	0	0	0	0	0	0	0	0	0	0	0	0	54	0	
2	2093	-0.7406957	-4.95E-05	3787.622	-0.001525902	6	6	-0.7413918	0	0	0	0	0	0	0	0	0	0	0	0	0	54	0	
2	2094	-0.7400822	-4.94E-05	3788.622	-0.001525902	6	6	-0.7408918	0	0	0	0	0	0	0	0	0	0	0	0	0	54	0	
2	2095	-0.7397755	-4.94E-05	3789.622	-0.001525902	6	6	-0.7403919	0	0	0	0	0	0	0	0	0	0	0	0	0	54	0	
2	2096	-0.7391621	-4.93E-05	3790.622	-0.001525902	6	6	-0.7398918	0	0	0	0	0	0	0	0	0	0	0	0	0	54	0	
2	2097	-0.7385487	-4.92E-05	3791.622	-0.001525902	6	6	-0.7393918	0	0	0	0	0	0	0	0	0	0	0	0	0	54	0	
2	2098	-0.738242	-4.91E-05	3792.622	-0.001525902	6	6	-0.7388918	0	0	0	0	0	0	0	0	0	0	0	0	0	54	0	
2	2099	-0.7376286	-4.90E-05	3793.622	-0.001525902	6	6	-0.7383918	0	0	0	0	0	0	0	0	0	0	0	0	0	54	0	
2	2100	-0.7373219	-4.89E-05	3794.622	-0.001525902	6	6	-0.7378919	0	0	0	0	0	0	0	0	0	0	0	0	0	54	0	
2	2101	-0.7367085	-4.89E-05	3795.622	-0.001525902	6	6	-0.7373918	0	0	0	0	0	0	0	0	0	0	0	0	0	54	0	
2	2102	-0.7360951	-4.88E-05	3796.622	-0.001525902	6	6	-0.7368918	0	0	0	0	0	0	0	0	0	0	0	0	0	54	0	
2	2103	-0.7357883	-4.87E-05	3797.622	-0.001525902	6	6	-0.7363918	0	0	0	0	0	0	0	0	0	0	0	0	0	54	0	
2	2104	-0.7351749	-4.86E-05	3798.622	-0.001525902	6	6	-0.7358918	0	0	0	0	0	0	0	0	0	0	0	0	0	54	0	
2	2105	-0.7345615	-4.85E-05	3799.622	-0.001525902	6	6	-0.7353919	0	0	0	0	0	0	0	0	0	0	0	0	0	54	0	
2	2106	-0.7342548	-4.84E-05	3800.622	-0.001525902	6	6	-0.7348918	0	0	0	0	0	0	0	0	0	0	0	0	0	54	0	
2	2107	-0.7336414	-4.84E-05	3801.622	-0.001525902	6	6	-0.7343918	0	0	0	0	0	0	0	0	0	0	0	0	0	54	0	
2	2108	-0.7333347	-4.83E-05	3802.622	-0.001525902	6	6	-0.7338918	0	0	0	0	0	0	0	0	0	0	0	0	0	54	0	
2	2109	-0.7327213	-4.82E-05	3803.622	-0.001525902	6	6	-0.7333918	0	0	0	0	0	0	0	0	0	0	0	0	0	54	0	
2	2110	-0.7321079	-4.81E-05	3804.622	-0.001525902	6	6	-0.7328919	0	0	0	0	0	0	0	0	0	0	0	0	0	54	0	
2	2111	-0.7318012	-4.80E-05	3805.622	-0.001525902	6	6	-0.7323918	0	0	0	0	0	0	0	0	0	0	0	0	0	54	0	
2	2112	-0.7311878	-4.80E-05	3806.622	-0.001525902	6	6	-0.7318918	0	0	0	0	0	0	0	0	0	0	0	0	0	54	0	
2	2113	-0.7305743	-4.79E-05	3807.622	-0.001525902	6	6	-0.7313918	0	0	0	0	0	0	0	0	0	0	0	0	0	54	0	
2	2114	-0.7302676	-4.80E-05	3808.622	-0.001525902	6	6	-0.7308918	0	0	0	0	0	0	0	0	0	0	0	0	0	54	0	
2	2115	-0.7296542	-4.80E-05	3809.622	-0.001525902	6	6	-0.7303918	0	0	0	0	0	0	0	0	0	0	0	0	0	54	0	
2	2116	-0.7290408	-4.80E-05	3810.622	-0.001525902	6	6	-0.7298918	0	0	0	0	0	0	0	0	0	0	0	0	0	54	0	
2	2117	-0.7287341	-4.78E-05	3811.622	-0.001525902	6	6	-0.7293918	0	0	0	0	0	0	0	0	0	0	0	0	0	54	0	
2	2118	-0.7281207	-4.76E-05	3812.622	-0.001525902	6	6	-0.7288918	0	0	0	0	0	0	0	0	0	0	0	0	0	54	0	
2	2119	-0.727814	-4.74E-05	3813.622	-0.001525902	6	6	-0.7283918	0	0	0	0	0	0	0	0	0	0	0	0	0	54	0	
2	2120	-0.7272006	-4.73E-05	3814.622	-0.001525902	6	6	-0.7278918	0	0	0	0	0	0	0	0	0	0	0	0	0	54	0	
2	2121	-0.7265871	-4.72E-05	3815.622	-0.001525902	6	6	-0.7273918	0	0	0	0	0	0	0	0	0	0	0	0	0	54	0	
2	2122	-0.7262805	-4.71E-05	3816.622	-0.001525902	6	6	-0.7268918	0	0	0	0	0	0	0	0	0	0	0	0	0	54	0	
2	2123	-0.725667	-4.70E-05	3817.622	-0.001525902	6	6	-0.7263919	0	0	0	0	0	0	0	0	0	0	0	0	0	54	0	
2	2124	-0.7253603	-4.69E-05	3818.622	-0.001525902	6	6	-0.7258918	0	0	0	0	0	0	0	0	0	0	0	0	0	54	0	
2	2125	-0.7247469	-4.68E-05	3819.622	-0.001525902	6	6	-0.7253918	0	0	0	0	0	0	0	0	0	0	0	0	0	54	0	
2	2126	-0.7241335	-4.67E-05	3820.622	-0.001525902	6	6	-0.7248918	0	0	0	0	0	0	0	0	0	0	0	0	0	54	0	
2	2127	-0.7238268	-4.67E-05	3821.622	-0.001525902	6	6	-0.7243918	0	0	0	0	0	0	0	0	0	0	0	0	0	54	0	
2	2128	-0.7232134	-4.66E-05	3822.622	-0.001525902	6	6	-0.7238919	0	0	0	0	0	0	0	0	0	0	0	0	0	54	0	
2	2129	-0.7226	-4.65E-05	3823.622	-0.001525902	6	6	-0.7233918	0	0	0	0	0	0	0	0	0	0	0	0	0	54	0	
2	2130	-0.7222933	-4.65E-05	3824.622	-0.001525902	6	6	-0.7228918	0	0	0	0	0	0	0	0	0	0	0	0	0	54	0	
2	2131	-0.7216799	-4.64E-05	3825.622	-0.001525902	6	6	-0.7223918	0	0	0	0	0	0	0	0	0	0	0	0	0	54	0	
2	2132	-0.7213731	-4.63E-05	3826.622	-0.001525902	6	6	-0.7218918	0	0	0	0	0	0	0	0	0	0	0	0	0	54	0	
2	2133	-0.7207597	-4.63E-05	3827.622	-0.001525902	6	6	-0.7213919	0	0	0	0	0	0	0	0	0	0	0	0	0	54	0	
2	2134	-0.7201463	-4.62E-05	3828.622	-0.001525902	6	6	-0.7208918	0	0	0	0	0	0	0	0	0	0	0	0	0	54	0	
2	2135	-0.7198396	-4.61E-05	3829.622	-0.001525902	6	6	-0.7203918	0	0	0	0	0	0	0	0	0	0	0	0	0	54	0	
2	2136	-0.7192262	-4.61E-05	3830.622	-0.001525902	6	6	-0.7198918	0	0	0	0	0	0	0	0	0	0	0	0	0	54	0	
2	2137	-0.7186128	-4.60E-05	3831.622	-0.001525902	6	6	-0.7193918	0	0	0	0	0	0	0	0	0	0	0	0	0	54	0	
2	2138	-0.7179993	-4.60E-05	3832.622	-0.001525902	6	6	-0.7188918	0	0	0	0	0	0	0	0	0	0	0	0	0	54	0	
2	2139	-0.7176927	-4.59E-05	3833.622	-0.001525902	6	6	-0.7183918	0	0	0	0	0	0	0	0	0	0	0	0	0	54	0	
2	2140	-0.7170792	-4.58E-05	3834.622	-0.001525902	6	6	-0.7178918	0	0	0	0	0	0	0	0	0	0	0	0	0	54	0	
2	2141	-0.7167726	-4.57E-05	3835.622	-0.001525902	6	6	-0.7173918	0	0	0	0	0	0	0	0	0	0	0	0	0	54	0	
2	2142	-0.7161591	-4.56E-05	3836.622	-0.001525902	6	6	-0.7168918	0	0	0	0	0	0	0	0	0	0	0	0	0	54	0	
2	2143	-0.7155457	-4.56E-05	3837.622	-0.001525902	6	6	-0.7163918	0	0	0	0	0	0	0	0	0	0	0	0	0	54	0	
2	2144	-0.715239	-4.55E-05	3838.622	-0.001525902	6	6	-0.7158918	0	0	0	0	0	0	0	0	0	0	0	0	0	54	0	
2	2145	-0.7146256	-4.54E-05	3839.622	-0.001525902	6	6	-0.7153918	0	0	0	0	0	0	0	0	0	0	0	0	0	54	0	
2	2146	-0.7143189	-4.53E-05	3840.622	-0.001525902	6	6	-0.7148919	0	0	0	0	0	0	0	0	0	0	0	0	0	54	0	
2	2147	-0.7137055	-4.51E-05	3841.622	-0.001525902	6	6	-0.7143918	0	0	0	0	0	0	0	0	0	0	0	0	0	54	0	
2	2148	-0.7130921	-4.50E-05	3842.622	-0.001525902	6	6	-0.7138918	0	0	0	0	0	0	0	0	0	0	0	0	0	54	0	
2	2149	-0.7127854	-4.49E-05	3843.622	-0.001525902	6	6	-0.7133918	0	0	0	0	0	0	0	0	0	0	0	0	0	54	0	
2	2150	-0.712172	-4.48E-05	3844.622	-0.001525902	6	6	-0.7128918	0	0	0	0	0	0	0	0	0	0	0	0	0	54	0	
2	2151	-0.7115585	-4.47E-05	3845.622	-0.001525902	6	6	-0.7123919	0	0	0	0	0	0	0	0	0	0	0	0	0	54	0	
2	2152	-0.7112519	-4.47E-05	3846.622	-0.001525902	6	6	-0.7118918	0	0	0	0	0	0	0	0	0	0	0	0	0	54	0	
2	2153	-0.7106384	-4.46E-05	3847.622	-0.001525902	6	6	-0.7113918	0	0	0	0	0	0	0	0	0	0	0	0	0	54	0	
2	2154	-0.7103317	-4.45E-05	3848.622	-0.001525902	6	6	-0.7108918	0	0	0	0	0	0	0	0	0	0	0	0	0	54	0	
2	2155	-0.7097183	-4.44E-05	3849.622	-0.001525902	6	6	-0.7103918	0	0	0	0	0	0	0	0	0	0	0	0	0	54	0	
2	2156	-0.7091049	-4.43E-05	3850.622	-0.001525902	6	6	-0.7098919	0	0	0	0	0	0	0	0	0	0	0	0	0	54	0	
2	2157	-0.7087982	-4.43E-05	3851.622	-0.001525902	6	6	-0.7093918	0	0	0	0	0	0	0	0	0	0	0	0	0	54	0	
2	2158	-0.7081848	-4.44E-05	3852.622	-0.001525902	6	6	-0.7088918	0	0	0	0	0	0	0	0	0	0	0	0	0	54	0	
2	2159	-0.7078781	-4.43E-05	3853.622	-0.001525902	6	6	-0.7083918	0	0	0	0	0	0	0	0	0	0	0	0	0	54	0	
2	2160	-0.7072647	-4.42E-05	3854.622	-0.001525902	6	6	-0.7078918	0	0	0	0	0	0	0	0	0	0	0	0	0	54	0	
2	2161	-0.7069579	-4.40E-05	3855.622	-0.001525902	6	6	-0.7073918	0	0	0	0	0	0	0	0	0	0	0	0	0	54	0	
2	2162	-0.7063445	-4.38E-05	3856.622	-0.001525902	6	6	-0.7068918	0	0	0	0	0	0	0	0	0	0	0	0	0	54	0	
2	2163	-0.7057311	-4.37E-05	3857.622	-0.001525902	6	6	-0.7063918	0	0	0	0	0	0	0	0	0	0	0	0	0	54	0	
2	2164	-0.7054244	-4.36E-05	3858.622	-0.001525902	6	6	-0.7058918	0	0	0	0	0	0	0	0	0	0	0	0	0	54	0	
2	2165	-0.704811	-4.36E-05	3859.622	-0.001525902	6	6	-0.7053918	0	0	0	0	0	0	0	0	0	0	0	0	0	54	0	
2	2166	-0.7041976	-4.35E-05	3860.622	-0.001525902	6	6	-0.7048918	0	0	0	0	0	0	0	0	0	0	0	0	0	54	0	
2	2167	-0.7038909	-4.34E-05	3861.622	-0.001525902	6	6	-0.7043918	0	0	0	0	0	0	0	0	0	0	0	0	0	54	0	
2	2168	-0.7032775	-4.33E-05	3862.622	-0.001525902	6	6	-0.7038918	0	0	0	0	0	0	0	0	0	0	0	0	0	54	0	
2	2169	-0.7026641	-4.32E-05	3863.622	-0.001525902	6	6	-0.7033918	0	0	0	0	0	0	0	0	0	0	0	0	0	54	0	
2	2170	-0.7020506	-4.31E-05	3864.622	-0.001525902	6	6	-0.7028918	0	0	0	0	0	0	0	0	0	0	0	0	0	54	0	
2	2171	-0.701744	-4.31E-05	3865.622	-0.001525902	6	6	-0.7023918	0	0	0	0	0	0	0	0	0	0	0	0	0	54	0	
2	2172	-0.7011305	-4.30E-05	3866.622	-0.001525902	6	6	-0.7018918	0	0	0	0	0	0	0	0	0	0	0	0	0	54	0	
2	2173	-0.7008238	-4.30E-05	3867.622	-0.001525902	6	6	-0.7013918	0	0	0	0	0	0	0	0	0	0	0	0	0	54	0	
2	2174	-0.7002104	-4.29E-05	3868.622	-0.001525902	6	6	-0.7008919	0	0	0	0	0	0	0	0	0	0	0	0	0	54	0	
2	2175	-0.699597	-4.28E-05	3869.622	-0.001525902	6	6	-0.7003918	0	0	0	0	0	0	0	0	0	0	0	0	0	54	0	
2	2176	-0.6992903	-4.28E-05	3870.622	-0.001525902	6	6	-0.6998918	0	0	0	0	0	0	0	0	0	0	0	0	0	54	0	
2	2177	-0.6986769	-4.27E-05	3871.622	-0.001525902	6	6	-0.6993918	0	0	0	0	0	0	0	0	0	0	0	0	0	54	0	
2	2178	-0.6980634	-4.26E-05	3872.622	-0.001525902	6	6	-0.6988918	0	0	0	0	0	0	0	0	0	0	0	0	0	54	0	
2	2179	-0.6977568	-4.26E-05	3873.622	-0.001525902	6	6	-0.6983919	0	0	0	0	0	0	0	0	0	0	0	0	0	54	0	
2	2180	-0.6971433	-4.26E-05	3874.622	-0.001525902	6	6	-0.6978918	0	0	0	0	0	0	0	0	0	0	0	0	0	54	0	
2	2181	-0.6968367	-4.25E-05	3875.622	-0.001525902	6	6	-0.6973918	0	0	0	0	0	0	0	0	0	0	0	0	0	54	0	
2	2182	-0.6962232	-4.25E-05	3876.622	-0.001525902	6	6	-0.6968918	0	0	0	0	0	0	0	0	0	0	0	0	0	54	0	
2	2183	-0.6956098	-4.24E-05	3877.622	-0.001525902	6	6	-0.6963918	0	0	0	0	0	0	0	0	0	0	0	0	0	54	0	
2	2184	-0.6953031	-4.23E-05	3878.622	-0.001525902	6	6	-0.6958918	0	0	0	0	0	0	0	0	0	0	0	0	0	54	0	
2	2185	-0.6946897	-4.22E-05	3879.622	-0.001525902	6	6	-0.6953918	0	0	0	0	0	0	0	0	0	0	0	0	0	54	0	
2	2186	-0.694383	-4.22E-05	3880.622	-0.001525902	6	6	-0.6948918	0	0	0	0	0	0	0	0	0	0	0	0	0	54	0	
2	2187	-0.6937696	-4.21E-05	3881.622	-0.001525902	6	6	-0.6943918	0	0	0	0	0	0	0	0	0	0	0	0	0	54	0	
2	2188	-0.6931562	-4.20E-05	3882.622	-0.001525902	6	6	-0.6938918	0	0	0	0	0	0	0	0	0	0	0	0	0	54	0	
2	2189	-0.6928495	-4.19E-05	3883.622	-0.001525902	6	6	-0.6933918	0	0	0	0	0	0	0	0	0	0	0	0	0	54	0	
2	2190	-0.692236	-4.18E-05	3884.622	-0.001525902	6	6	-0.6928918	0	0	0	0	0	0	0	0	0	0	0	0	0	54	0	
2	2191	-0.6916226	-4.17E-05	3885.622	-0.001525902	6	6	-0.6923918	0	0	0	0	0	0	0	0	0	0	0	0	0	54	0	
2	2192	-0.6913159	-4.16E-05	3886.622	-0.001525902	6	6	-0.6918918	0	0	0	0	0	0	0	0	0	0	0	0	0	54	0	
2	2193	-0.6907025	-4.15E-05	3887.622	-0.001525902	6	6	-0.6913918	0	0	0	0	0	0	0	0	0	0	0	0	0	54	0	
2	2194	-0.6903958	-4.14E-05	3888.622	-0.001525902	6	6	-0.6908918	0	0	0	0	0	0	0	0	0	0	0	0	0	54	0	
2	2195	-0.6897824	-4.13E-05	3889.622	-0.001525902	6	6	-0.6903918	0	0	0	0	0	0	0	0	0	0	0	0	0	54	0	
2	2196	-0.6894757	-4.13E-05	3890.622	-0.001525902	6	6	-0.6898918	0	0	0	0	0	0	0	0	0	0	0	0	0	54	0	
2	2197	-0.6888623	-4.12E-05	3891.622	-0.001525902	6	6	-0.6893919	0	0	0	0	0	0	0	0	0	0	0	0	0	54	0	
2	2198	-0.6882489	-4.11E-05	3892.622	-0.001525902	6	6	-0.6888918	0	0	0	0	0	0	0	0	0	0	0	0	0	54	0	
2	2199	-0.6879421	-4.11E-05	3893.622	-0.001525902	6	6	-0.6883918	0	0	0	0	0	0	0	0	0	0	0	0	0	54	0	
2	2200	-0.6873288	-4.10E-05	3894.622	-0.001525902	6	6	-0.6878918	0	0	0	0	0	0	0	0	0	0	0	0	0	54	0	
2	2201	-0.6867153	-4.10E-05	3895.622	-0.001525902	6	6	-0.6873918	0	0	0	0	0	0	0	0	0	0	0	0	0	54	0	
2	2202	-0.6864086	-4.11E-05	3896.622	-0.001525902	6	6	-0.6868919	0	0	0	0	0	0	0	0	0	0	0	0	0	54	0	
2	2203	-0.6857952	-4.11E-05	3897.622	-0.001525902	6	6	-0.6863918	0	0	0	0	0	0	0	0	0	0	0	0	0	54	0	
2	2204	-0.6851818	-4.11E-05	3898.622	-0.001525902	6	6	-0.6858918	0	0	0	0	0	0	0	0	0	0	0	0	0	54	0	
2	2205	-0.6848751	-4.08E-05	3899.622	-0.001525902	6	6	-0.6853918	0	0	0	0	0	0	0	0	0	0	0	0	0	54	0	
2	2206	-0.6842617	-4.07E-05	3900.622	-0.001525902	6	6	-0.6848918	0	0	0	0	0	0	0	0	0	0	0	0	0	54	0	
2	2207	-0.6836482	-4.06E-05	3901.622	-0.001525902	6	6	-0.6843919	0	0	0	0	0	0	0	0	0	0	0	0	0	54	0	
2	2208	-0.6833416	-4.05E-05	3902.622	-0.001525902	6	6	-0.6838918	0	0	0	0	0	0	0	0	0	0	0	0	0	54	0	
2	2209	-0.6827281	-4.04E-05	3903.622	-0.001525902	6	6	-0.6833918	0	0	0	0	0	0	0	0	0	0	0	0	0	54	0	
2	2210	-0.6821147	-4.03E-05	3904.622	-0.001525902	6	6	-0.6828918	0	0	0	0	0	0	0	0	0	0	0	0	0	54	0	
2	2211	-0.681808	-4.02E-05	3905.622	-0.001525902	6	6	-0.6823918	0	0	0	0	0	0	0	0	0	0	0	0	0	54	0	
2	2212	-0.6811946	-4.01E-05	3906.622	-0.001525902	6	6	-0.6818918	0	0	0	0	0	0	0	0	0	0	0	0	0	54	0	
2	2213	-0.6808879	-4.00E-05	3907.622	-0.001525902	6	6	-0.6813918	0	0	0	0	0	0	0	0	0	0	0	0	0	54	0	
2	2214	-0.6802745	-3.99E-05	3908.622	-0.001525902	6	6	-0.6808918	0	0	0	0	0	0	0	0	0	0	0	0	0	54	0	
2	2215	-0.6796611	-3.99E-05	3909.622	-0.001525902	6	6	-0.6803918	0	0	0	0	0	0	0	0	0	0	0	0	0	54	0	
2	2216	-0.6793544	-3.98E-05	3910.622	-0.001525902	6	6	-0.6798918	0	0	0	0	0	0	0	0	0	0	0	0	0	54	0	
2	2217	-0.678741	-3.97E-05	3911.622	-0.001525902	6	6	-0.6793918	0	0	0	0	0	0	0	0	0	0	0	0	0	54	0	
2	2218	-0.6784343	-3.96E-05	3912.622	-0.001525902	6	6	-0.6788918	0	0	0	0	0	0	0	0	0	0	0	0	0	54	0	
2	2219	-0.6778209	-3.96E-05	3913.622	-0.001525902	6	6	-0.6783918	0	0	0	0	0	0	0	0	0	0	0	0	0	54	0	
2	2220	-0.6772074	-3.95E-05	3914.622	-0.001525902	6	6	-0.6778919	0	0	0	0	0	0	0	0	0	0	0	0	0	54	0	
2	2221	-0.676594	-3.94E-05	3915.622	-0.001525902	6	6	-0.6773918	0	0	0	0	0	0	0	0	0	0	0	0	0	54	0	
2	2222	-0.6762873	-3.93E-05	3916.622	-0.001525902	6	6	-0.6768918	0	0	0	0	0	0	0	0	0	0	0	0	0	54	0	
2	2223	-0.6759806	-3.93E-05	3917.622	-0.001525902	6	6	-0.6763918	0	0	0	0	0	0	0	0	0	0	0	0	0	54	0	
2	2224	-0.6753672	-3.92E-05	3918.622	-0.001525902	6	6	-0.6758918	0	0	0	0	0	0	0	0	0	0	0	0	0	54	0	
2	2225	-0.6747538	-3.92E-05	3919.622	-0.001525902	6	6	-0.6753919	0	0	0	0	0	0	0	0	0	0	0	0	0	54	0	
2	2226	-0.6744471	-3.91E-05	3920.622	-0.001525902	6	6	-0.6748918	0	0	0	0	0	0	0	0	0	0	0	0	0	54	0	
2	2227	-0.6738337	-3.90E-05	3921.622	-0.001525902	6	6	-0.6743918	0	0	0	0	0	0	0	0	0	0	0	0	0	54	0	
2	2228	-0.6732202	-3.90E-05	3922.622	-0.001525902	6	6	-0.6738918	0	0	0	0	0	0	0	0	0	0	0	0	0	54	0	
2	2229	-0.6729136	-3.89E-05	3923.622	-0.001525902	6	6	-0.6733918	0	0	0	0	0	0	0	0	0	0	0	0	0	54	0	
2	2230	-0.6723001	-3.88E-05	3924.622	-0.001525902	6	6	-0.6728919	0	0	0	0	0	0	0	0	0	0	0	0	0	54	0	
2	2231	-0.6716867	-3.87E-05	3925.622	-0.001525902	6	6	-0.6723918	0	0	0	0	0	0	0	0	0	0	0	0	0	54	0	
2	2232	-0.67138	-3.86E-05	3926.622	-0.001525902	6	6	-0.6718918	0	0	0	0	0	0	0	0	0	0	0	0	0	54	0	
2	2233	-0.6707666	-3.85E-05	3927.622	-0.001525902	6	6	-0.6713918	0	0	0	0	0	0	0	0	0	0	0	0	0	54	0	
2	2234	-0.6701532	-3.85E-05	3928.622	-0.001525902	6	6	-0.6708918	0	0	0	0	0	0	0	0	0	0	0	0	0	54	0	
2	2235	-0.6698465	-3.84E-05	3929.622	-0.001525902	6	6	-0.6703918	0	0	0	0	0	0	0	0	0	0	0	0	0	54	0	
2	2236	-0.6692331	-3.83E-05	3930.622	-0.001525902	6	6	-0.6698918	0	0	0	0	0	0	0	0	0	0	0	0	0	54	0	
2	2237	-0.6689264	-3.83E-05	3931.622	-0.001525902	6	6	-0.6693918	0	0	0	0	0	0	0	0	0	0	0	0	0	54	0	
2	2238	-0.668313	-3.82E-05	3932.622	-0.001525902	6	6	-0.6688918	0	0	0	0	0	0	0	0	0	0	0	0	0	54	0	
2	2239	-0.6676995	-3.81E-05	3933.622	-0.001525902	6	6	-0.6683918	0	0	0	0	0	0	0	0	0	0	0	0	0	54	0	
2	2240	-0.6673928	-3.80E-05	3934.622	-0.001525902	6	6	-0.6678918	0	0	0	0	0	0	0	0	0	0	0	0	0	54	0	
2	2241	-0.6667794	-3.79E-05	3935.622	-0.001525902	6	6	-0.6673918	0	0	0	0	0	0	0	0	0	0	0	0	0	54	0	
2	2242	-0.666166	-3.78E-05	3936.622	-0.001525902	6	6	-0.6668918	0	0	0	0	0	0	0	0	0	0	0	0	0	54	0	
2	2243	-0.6658593	-3.78E-05	3937.622	-0.001525902	6	6	-0.6663918	0	0	0	0	0	0	0	0	0	0	0	0	0	54	0	
2	2244	-0.6652459	-3.77E-05	3938.622	-0.001525902	6	6	-0.6658918	0	0	0	0	0	0	0	0	0	0	0	0	0	54	0	
2	2245	-0.6649392	-3.76E-05	3939.622	-0.001525902	6	6	-0.6653918	0	0	0	0	0	0	0	0	0	0	0	0	0	54	0	
2	2246	-0.6643258	-3.76E-05	3940.622	-0.001525902	6	6	-0.6648918	0	0	0	0	0	0	0	0	0	0	0	0	0	54	0	
2	2247	-0.6637123	-3.75E-05	3941.622	-0.001525902	6	6	-0.6643918	0	0	0	0	0	0	0	0	0	0	0	0	0	54	0	
2	2248	-0.6634057	-3.74E-05	3942.622	-0.001525902	6	6	-0.6638919	0	0	0	0	0	0	0	0	0	0	0	0	0	54	0	
2	2249	-0.6627922	-3.75E-05	3943.622	-0.001525902	6	6	-0.6633918	0	0	0	0	0	0	0	0	0	0	0	0	0	54	0	
2	2250	-0.6621788	-3.75E-05	3944.622	-0.001525902	6	6	-0.6628918	0	0	0	0	0	0	0	0	0	0	0	0	0	54	0	
2	2251	-0.6618721	-3.74E-05	3945.622	-0.001525902	6	6	-0.6623918	0	0	0	0	0	0	0	0	0	0	0	0	0	54	0	
2	2252	-0.6612587	-3.72E-05	3946.622	-0.001525902	6	6	-0.6618918	0	0	0	0	0	0	0	0	0	0	0	0	0	54	0	
2	2253	-0.660952	-3.71E-05	3947.622	-0.001525902	6	6	-0.6613919	0	0	0	0	0	0	0	0	0	0	0	0	0	54	0	
2	2254	-0.6603386	-3.69E-05	3948.622	-0.001525902	6	6	-0.6608918	0	0	0	0	0	0	0	0	0	0	0	0	0	54	0	
2	2255	-0.6597252	-3.69E-05	3949.622	-0.001525902	6	6	-0.6603918	0	0	0	0	0	0	0	0	0	0	0	0	0	54	0	
2	2256	-0.6594185	-3.68E-05	3950.622	-0.001525902	6	6	-0.6598918	0	0	0	0	0	0	0	0	0	0	0	0	0	54	0	
2	2257	-0.6588051	-3.67E-05	3951.622	-0.001525902	6	6	-0.6593918	0	0	0	0	0	0	0	0	0	0	0	0	0	54	0	
2	2258	-0.6581916	-3.66E-05	3952.622	-0.001525902	6	6	-0.6588918	0	0	0	0	0	0	0	0	0	0	0	0	0	54	0	
2	2259	-0.6578849	-3.66E-05	3953.622	-0.001525902	6	6	-0.6583918	0	0	0	0	0	0	0	0	0	0	0	0	0	54	0	
2	2260	-0.6572715	-3.65E-05	3954.622	-0.001525902	6	6	-0.6578918	0	0	0	0	0	0	0	0	0	0	0	0	0	54	0	
2	2261	-0.6566581	-3.64E-05	3955.622	-0.001525902	6	6	-0.6573918	0	0	0	0	0	0	0	0	0	0	0	0	0	54	0	
2	2262	-0.6563514	-3.63E-05	3956.622	-0.001525902	6	6	-0.6568918	0	0	0	0	0	0	0	0	0	0	0	0	0	54	0	
2	2263	-0.655738	-3.62E-05	3957.622	-0.001525902	6	6	-0.6563918	0	0	0	0	0	0	0	0	0	0	0	0	0	54	0	
2	2264	-0.6554313	-3.62E-05	3958.622	-0.001525902	6	6	-0.6558918	0	0	0	0	0	0	0	0	0	0	0	0	0	54	0	
2	2265	-0.6548179	-3.61E-05	3959.622	-0.001525902	6	6	-0.6553918	0	0	0	0	0	0	0	0	0	0	0	0	0	54	0	
2	2266	-0.6542044	-3.60E-05	3960.622	-0.001525902	6	6	-0.6548918	0	0	0	0	0	0	0	0	0	0	0	0	0	54	0	
2	2267	-0.6538978	-3.59E-05	3961.622	-0.001525902	6	6	-0.6543918	0	0	0	0	0	0	0	0	0	0	0	0	0	54	0	
2	2268	-0.6532843	-3.58E-05	3962.622	-0.001525902	6	6	-0.6538918	0	0	0	0	0	0	0	0	0	0	0	0	0	54	0	
2	2269	-0.6526709	-3.57E-05	3963.622	-0.001525902	6	6	-0.6533918	0	0	0	0	0	0	0	0	0	0	0	0	0	54	0	
2	2270	-0.6523642	-3.57E-05	3964.622	-0.001525902	6	6	-0.6528918	0	0	0	0	0	0	0	0	0	0	0	0	0	54	0	
2	2271	-0.6517508	-3.56E-05	3965.622	-0.001525902	6	6	-0.6523919	0	0	0	0	0	0	0	0	0	0	0	0	0	54	0	
2	2272	-0.6514441	-3.56E-05	3966.622	-0.001525902	6	6	-0.6518918	0	0	0	0	0	0	0	0	0	0	0	0	0	54	0	
2	2273	-0.6508307	-3.55E-05	3967.622	-0.001525902	6	6	-0.6513918	0	0	0	0	0	0	0	0	0	0	0	0	0	54	0	
2	2274	-0.6502173	-3.54E-05	3968.622	-0.001525902	6	6	-0.6508918	0	0	0	0	0	0	0	0	0	0	0	0	0	54	0	
2	2275	-0.6499106	-3.54E-05	3969.622	-0.001525902	6	6	-0.6503918	0	0	0	0	0	0	0	0	0	0	0	0	0	54	0	
2	2276	-0.6492971	-3.53E-05	3970.622	-0.001525902	6	6	-0.6498919	0	0	0	0	0	0	0	0	0	0	0	0	0	54	0	
2	2277	-0.6486837	-3.52E-05	3971.622	-0.001525902	6	6	-0.6493918	0	0	0	0	0	0	0	0	0	0	0	0	0	54	0	
2	2278	-0.648377	-3.52E-05	3972.622	-0.001525902	6	6	-0.6488918	0	0	0	0	0	0	0	0	0	0	0	0	0	54	0	
2	2279	-0.6477636	-3.51E-05	3973.622	-0.001525902	6	6	-0.6483918	0	0	0	0	0	0	0	0	0	0	0	0	0	54	0	
2	2280	-0.6471502	-3.50E-05	3974.622	-0.001525902	6	6	-0.6478918	0	0	0	0	0	0	0	0	0	0	0	0	0	54	0	
2	2281	-0.6468435	-3.49E-05	3975.622	-0.001525902	6	6	-0.6473918	0	0	0	0	0	0	0	0	0	0	0	0	0	54	0	
2	2282	-0.6462301	-3.48E-05	3976.622	-0.001525902	6	6	-0.6468918	0	0	0	0	0	0	0	0	0	0	0	0	0	54	0	
2	2283	-0.6459234	-3.47E-05	3977.622	-0.001525902	6	6	-0.6463918	0	0	0	0	0	0	0	0	0	0	0	0	0	54	0	
2	2284	-0.64531	-3.46E-05	3978.622	-0.001525902	6	6	-0.6458918	0	0	0	0	0	0	0	0	0	0	0	0	0	54	0	
2	2285	-0.6446965	-3.45E-05	3979.622	-0.001525902	6	6	-0.6453918	0	0	0	0	0	0	0	0	0	0	0	0	0	54	0	
2	2286	-0.6443899	-3.44E-05	3980.622	-0.001525902	6	6	-0.6448918	0	0	0	0	0	0	0	0	0	0	0	0	0	54	0	
2	2287	-0.6437764	-3.44E-05	3981.622	-0.001525902	6	6	-0.6443918	0	0	0	0	0	0	0	0	0	0	0	0	0	54	0	
2	2288	-0.643163	-3.43E-05	3982.622	-0.001525902	6	6	-0.6438918	0	0	0	0	0	0	0	0	0	0	0	0	0	54	0	
2	2289	-0.6428563	-3.42E-05	3983.622	-0.001525902	6	6	-0.6433918	0	0	0	0	0	0	0	0	0	0	0	0	0	54	0	
2	2290	-0.6422429	-3.41E-05	3984.622	-0.001525902	6	6	-0.6428918	0	0	0	0	0	0	0	0	0	0	0	0	0	54	0	
2	2291	-0.6419362	-3.41E-05	3985.622	-0.001525902	6	6	-0.6423918	0	0	0	0	0	0	0	0	0	0	0	0	0	54	0	
2	2292	-0.6413228	-3.40E-05	3986.622	-0.001525902	6	6	-0.6418918	0	0	0	0	0	0	0	0	0	0	0	0	0	54	0	
2	2293	-0.6407093	-3.41E-05	3987.622	-0.001525902	6	6	-0.6413918	0	0	0	0	0	0	0	0	0	0	0	0	0	54	0	
2	2294	-0.6404027	-3.40E-05	3988.622	-0.001525902	6	6	-0.6408918	0	0	0	0	0	0	0	0	0	0	0	0	0	54	0	
2	2295	-0.6397892	-3.40E-05	3989.622	-0.001525902	6	6	-0.6403918	0	0	0	0	0	0	0	0	0	0	0	0	0	54	0	
2	2296	-0.6391758	-3.38E-05	3990.622	-0.001525902	6	6	-0.6398918	0	0	0	0	0	0	0	0	0	0	0	0	0	54	0	
2	2297	-0.6388691	-3.36E-05	3991.622	-0.001525902	6	6	-0.6393918	0	0	0	0	0	0	0	0	0	0	0	0	0	54	0	
2	2298	-0.6382557	-3.35E-05	3992.622	-0.001525902	6	6	-0.6388918	0	0	0	0	0	0	0	0	0	0	0	0	0	54	0	
2	2299	-0.637949	-3.34E-05	3993.622	-0.001525902	6	6	-0.6383919	0	0	0	0	0	0	0	0	0	0	0	0	0	54	0	
2	2300	-0.6373356	-3.33E-05	3994.622	-0.001525902	6	6	-0.6378918	0	0	0	0	0	0	0	0	0	0	0	0	0	54	0	
2	2301	-0.6370289	-3.32E-05	3995.622	-0.001525902	6	6	-0.6373918	0	0	0	0	0	0	0	0	0	0	0	0	0	54	0	
2	2302	-0.6364155	-3.31E-05	3996.622	-0.001525902	6	6	-0.6368918	0	0	0	0	0	0	0	0	0	0	0	0	0	54	0	
2	2303	-0.6358021	-3.30E-05	3997.622	-0.001525902	6	6	-0.6363918	0	0	0	0	0	0	0	0	0	0	0	0	0	54	0	
2	2304	-0.6351886	-3.29E-05	3998.622	-0.001525902	6	6	-0.6358918	0	0	0	0	0	0	0	0	0	0	0	0	0	54	0	
2	2305	-0.634882	-3.28E-05	3999.622	-0.001525902	6	6	-0.6353918	0	0	0	0	0	0	0	0	0	0	0	0	0	54	0	
2	2306	-0.6342685	-3.28E-05	4000.622	-0.001525902	6	6	-0.6348918	0	0	0	0	0	0	0	0	0	0	0	0	0	54	0	
2	2307	-0.6339619	-3.27E-05	4001.622	-0.001525902	6	6	-0.6343918	0	0	0	0	0	0	0	0	0	0	0	0	0	54	0	
2	2308	-0.6333484	-3.26E-05	4002.622	-0.001525902	6	6	-0.6338918	0	0	0	0	0	0	0	0	0	0	0	0	0	54	0	
2	2309	-0.632735	-3.26E-05	4003.622	-0.001525902	6	6	-0.6333918	0	0	0	0	0	0	0	0	0	0	0	0	0	54	0	
2	2310	-0.6324283	-3.25E-05	4004.622	-0.001525902	6	6	-0.6328918	0	0	0	0	0	0	0	0	0	0	0	0	0	54	0	
2	2311	-0.6318149	-3.24E-05	4005.622	-0.001525902	6	6	-0.6323918	0	0	0	0	0	0	0	0	0	0	0	0	0	54	0	
2	2312	-0.6312014	-3.24E-05	4006.622	-0.001525902	6	6	-0.6318918	0	0	0	0	0	0	0	0	0	0	0	0	0	54	0	
2	2313	-0.6308948	-3.23E-05	4007.622	-0.001525902	6	6	-0.6313918	0	0	0	0	0	0	0	0	0	0	0	0	0	54	0	
2	2314	-0.6302813	-3.22E-05	4008.622	-0.001525902	6	6	-0.6308918	0	0	0	0	0	0	0	0	0	0	0	0	0	54	0	
2	2315	-0.6299747	-3.21E-05	4009.622	-0.001525902	6	6	-0.6303918	0	0	0	0	0	0	0	0	0	0	0	0	0	54	0	
2	2316	-0.6293612	-3.20E-05	4010.622	-0.001525902	6	6	-0.6298918	0	0	0	0	0	0	0	0	0	0	0	0	0	54	0	
2	2317	-0.6287478	-3.19E-05	4011.622	-0.001525902	6	6	-0.6293918	0	0	0	0	0	0	0	0	0	0	0	0	0	54	0	
2	2318	-0.6281344	-3.18E-05	4012.622	-0.001525902	6	6	-0.6288918	0	0	0	0	0	0	0	0	0	0	0	0	0	54	0	
2	2319	-0.6278277	-3.17E-05	4013.622	-0.001525902	6	6	-0.6283918	0	0	0	0	0	0	0	0	0	0	0	0	0	54	0	
2	2320	-0.6272143	-3.17E-05	4014.622	-0.001525902	6	6	-0.6278918	0	0	0	0	0	0	0	0	0	0	0	0	0	54	0	
2	2321	-0.6269076	-3.16E-05	4015.622	-0.001525902	6	6	-0.6273918	0	0	0	0	0	0	0	0	0	0	0	0	0	54	0	
2	2322	-0.6262942	-3.15E-05	4016.622	-0.001525902	6	6	-0.6268919	0	0	0	0	0	0	0	0	0	0	0	0	0	54	0	
2	2323	-0.6256807	-3.15E-05	4017.622	-0.001525902	6	6	-0.6263918	0	0	0	0	0	0	0	0	0	0	0	0	0	54	0	
2	2324	-0.6253741	-3.14E-05	4018.622	-0.001525902	6	6	-0.6258918	0	0	0	0	0	0	0	0	0	0	0	0	0	54	0	
2	2325	-0.6247606	-3.13E-05	4019.622	-0.001525902	6	6	-0.6253918	0	0	0	0	0	0	0	0	0	0	0	0	0	54	0	
2	2326	-0.624454	-3.12E-05	4020.622	-0.001525902	6	6	-0.6248918	0	0	0	0	0	0	0	0	0	0	0	0	0	54	0	
2	2327	-0.6238405	-3.11E-05	4021.622	-0.001525902	6	6	-0.6243918	0	0	0	0	0	0	0	0	0	0	0	0	0	54	0	
2	2328	-0.6235338	-3.11E-05	4022.622	-0.001525902	6	6	-0.6238918	0	0	0	0	0	0	0	0	0	0	0	0	0	54	0	
2	2329	-0.6229204	-3.10E-05	4023.622	-0.001525902	6	6	-0.6233918	0	0	0	0	0	0	0	0	0	0	0	0	0	54	0	
2	2330	-0.622307	-3.09E-05	4024.622	-0.001525902	6	6	-0.6228918	0	0	0	0	0	0	0	0	0	0	0	0	0	54	0	
2	2331	-0.6216936	-3.08E-05	4025.622	-0.001525902	6	6	-0.6223918	0	0	0	0	0	0	0	0	0	0	0	0	0	54	0	
2	2332	-0.6213869	-3.07E-05	4026.622	-0.001525902	6	6	-0.6218918	0	0	0	0	0	0	0	0	0	0	0	0	0	54	0	
2	2333	-0.6207734	-3.07E-05	4027.622	-0.001525902	6	6	-0.6213918	0	0	0	0	0	0	0	0	0	0	0	0	0	54	0	
2	2334	-0.62016	-3.06E-05	4028.622	-0.001525902	6	6	-0.6208918	0	0	0	0	0	0	0	0	0	0	0	0	0	54	0	
2	2335	-0.6198533	-3.05E-05	4029.622	-0.001525902	6	6	-0.6203918	0	0	0	0	0	0	0	0	0	0	0	0	0	54	0	
2	2336	-0.6192399	-3.04E-05	4030.622	-0.001525902	6	6	-0.6198918	0	0	0	0	0	0	0	0	0	0	0	0	0	54	0	
2	2337	-0.6189332	-3.03E-05	4031.622	-0.001525902	6	6	-0.6193918	0	0	0	0	0	0	0	0	0	0	0	0	0	54	0	
2	2338	-0.6183198	-3.03E-05	4032.622	-0.001525902	6	6	-0.6188918	0	0	0	0	0	0	0	0	0	0	0	0	0	54	0	
2	2339	-0.6177064	-3.02E-05	4033.622	-0.001525902	6	6	-0.6183918	0	0	0	0	0	0	0	0	0	0	0	0	0	54	0	
2	2340	-0.6173997	-3.01E-05	4034.622	-0.001525902	6	6	-0.6178918	0	0	0	0	0	0	0	0	0	0	0	0	0	54	0	
2	2341	-0.6167863	-3.01E-05	4035.622	-0.001525902	6	6	-0.6173918	0	0	0	0	0	0	0	0	0	0	0	0	0	54	0	
2	2342	-0.6161729	-3.00E-05	4036.622	-0.001525902	6	6	-0.6168918	0	0	0	0	0	0	0	0	0	0	0	0	0	54	0	
2	2343	-0.6158662	-3.01E-05	4037.622	-0.001525902	6	6	-0.6163918	0	0	0	0	0	0	0	0	0	0	0	0	0	54	0	
2	2344	-0.6152527	-3.00E-05	4038.622	-0.001525902	6	6	-0.6158918	0	0	0	0	0	0	0	0	0	0	0	0	0	54	0	
2	2345	-0.614946	-3.00E-05	4039.622	-0.001525902	6	6	-0.6153919	0	0	0	0	0	0	0	0	0	0	0	0	0	54	0	
2	2346	-0.6143326	-2.98E-05	4040.622	-0.001525902	6	6	-0.6148918	0	0	0	0	0	0	0	0	0	0	0	0	0	54	0	
2	2347	-0.6137192	-2.96E-05	4041.622	-0.001525902	6	6	-0.6143918	0	0	0	0	0	0	0	0	0	0	0	0	0	54	0	
2	2348	-0.6134125	-2.95E-05	4042.622	-0.001525902	6	6	-0.6138918	0	0	0	0	0	0	0	0	0	0	0	0	0	54	0	
2	2349	-0.6127991	-2.94E-05	4043.622	-0.001525902	6	6	-0.6133918	0	0	0	0	0	0	0	0	0	0	0	0	0	54	0	
2	2350	-0.6124924	-2.93E-05	4044.622	-0.001525902	6	6	-0.6128918	0	0	0	0	0	0	0	0	0	0	0	0	0	54	0	
2	2351	-0.611879	-2.92E-05	4045.622	-0.001525902	6	6	-0.6123918	0	0	0	0	0	0	0	0	0	0	0	0	0	54	0	
2	2352	-0.6112655	-2.91E-05	4046.622	-0.001525902	6	6	-0.6118918	0	0	0	0	0	0	0	0	0	0	0	0	0	54	0	
2	2353	-0.6106521	-2.91E-05	4047.622	-0.001525902	6	6	-0.6113918	0	0	0	0	0	0	0	0	0	0	0	0	0	54	0	
2	2354	-0.6103454	-2.90E-05	4048.622	-0.001525902	6	6	-0.6108918	0	0	0	0	0	0	0	0	0	0	0	0	0	54	0	
2	2355	-0.609732	-2.89E-05	4049.622	-0.001525902	6	6	-0.6103918	0	0	0	0	0	0	0	0	0	0	0	0	0	54	0	
2	2356	-0.6094253	-2.88E-05	4050.622	-0.001525902	6	6	-0.6098918	0	0	0	0	0	0	0	0	0	0	0	0	0	54	0	
2	2357	-0.6088119	-2.88E-05	4051.622	-0.001525902	6	6	-0.6093918	0	0	0	0	0	0	0	0	0	0	0	0	0	54	0	
2	2358	-0.6085052	-2.87E-05	4052.622	-0.001525902	6	6	-0.6088918	0	0	0	0	0	0	0	0	0	0	0	0	0	54	0	
2	2359	-0.6078918	-2.86E-05	4053.622	-0.001525902	6	6	-0.6083918	0	0	0	0	0	0	0	0	0	0	0	0	0	54	0	
2	2360	-0.6072784	-2.85E-05	4054.622	-0.001525902	6	6	-0.6078918	0	0	0	0	0	0	0	0	0	0	0	0	0	54	0	
2	2361	-0.606665	-2.84E-05	4055.622	-0.001525902	6	6	-0.6073918	0	0	0	0	0	0	0	0	0	0	0	0	0	54	0	
2	2362	-0.6063582	-2.83E-05	4056.622	-0.001525902	6	6	-0.6068918	0	0	0	0	0	0	0	0	0	0	0	0	0	54	0	
2	2363	-0.6057448	-2.83E-05	4057.622	-0.001525902	6	6	-0.6063918	0	0	0	0	0	0	0	0	0	0	0	0	0	54	0	
2	2364	-0.6054381	-2.82E-05	4058.622	-0.001525902	6	6	-0.6058918	0	0	0	0	0	0	0	0	0	0	0	0	0	54	0	
2	2365	-0.6048247	-2.81E-05	4059.622	-0.001525902	6	6	-0.6053918	0	0	0	0	0	0	0	0	0	0	0	0	0	54	0	
2	2366	-0.604518	-2.81E-05	4060.622	-0.001525902	6	6	-0.6048918	0	0	0	0	0	0	0	0	0	0	0	0	0	54	0	
2	2367	-0.6039046	-2.80E-05	4061.622	-0.001525902	6	6	-0.6043918	0	0	0	0	0	0	0	0	0	0	0	0	0	54	0	
2	2368	-0.6032912	-2.79E-05	4062.622	-0.001525902	6	6	-0.6038918	0	0	0	0	0	0	0	0	0	0	0	0	0	54	0	
2	2369	-0.6029845	-2.79E-05	4063.622	-0.001525902	6	6	-0.6033918	0	0	0	0	0	0	0	0	0	0	0	0	0	54	0	
2	2370	-0.6023711	-2.78E-05	4064.622	-0.001525902	6	6	-0.6028918	0	0	0	0	0	0	0	0	0	0	0	0	0	54	0	
2	2371	-0.6017576	-2.77E-05	4065.622	-0.001525902	6	6	-0.6023918	0	0	0	0	0	0	0	0	0	0	0	0	0	54	0	
2	2372	-0.601451	-2.76E-05	4066.622	-0.001525902	6	6	-0.6018918	0	0	0	0	0	0	0	0	0	0	0	0	0	54	0	
2	2373	-0.6008375	-2.75E-05	4067.622	-0.001525902	6	6	-0.6013919	0	0	0	0	0	0	0	0	0	0	0	0	0	54	0	
2	2374	-0.6002241	-2.74E-05	4068.622	-0.001525902	6	6	-0.6008918	0	0	0	0	0	0	0	0	0	0	0	0	0	54	0	
2	2375	-0.5999174	-2.73E-05	4069.622	-0.001525902	6	6	-0.6003918	0	0	0	0	0	0	0	0	0	0	0	0	0	54	0	
2	2376	-0.599304	-2.73E-05	4070.622	-0.001525902	6	6	-0.5998918	0	0	0	0	0	0	0	0	0	0	0	0	0	54	0	
2	2377	-0.5989973	-2.72E-05	4071.622	-0.001525902	6	6	-0.5993918	0	0	0	0	0	0	0	0	0	0	0	0	0	54	0	
2	2378	-0.5983839	-2.71E-05	4072.622	-0.001525902	6	6	-0.5988918	0	0	0	0	0	0	0	0	0	0	0	0	0	54	0	
2	2379	-0.5977705	-2.70E-05	4073.622	-0.001525902	6	6	-0.5983918	0	0	0	0	0	0	0	0	0	0	0	0	0	54	0	
2	2380	-0.5974638	-2.69E-05	4074.622	-0.001525902	6	6	-0.5978918	0	0	0	0	0	0	0	0	0	0	0	0	0	54	0	
2	2381	-0.5968503	-2.68E-05	4075.622	-0.001525902	6	6	-0.5973918	0	0	0	0	0	0	0	0	0	0	0	0	0	54	0	
2	2382	-0.5962369	-2.68E-05	4076.622	-0.001525902	6	6	-0.5968918	0	0	0	0	0	0	0	0	0	0	0	0	0	54	0	
2	2383	-0.5959302	-2.67E-05	4077.622	-0.001525902	6	6	-0.5963918	0	0	0	0	0	0	0	0	0	0	0	0	0	54	0	
2	2384	-0.5953168	-2.67E-05	4078.622	-0.001525902	6	6	-0.5958918	0	0	0	0	0	0	0	0	0	0	0	0	0	54	0	
2	2385	-0.5950101	-2.66E-05	4079.622	-0.001525902	6	6	-0.5953918	0	0	0	0	0	0	0	0	0	0	0	0	0	54	0	
2	2386	-0.5943967	-2.65E-05	4080.622	-0.001525902	6	6	-0.5948918	0	0	0	0	0	0	0	0	0	0	0	0	0	54	0	
2	2387	-0.5937833	-2.64E-05	4081.622	-0.001525902	6	6	-0.5943918	0	0	0	0	0	0	0	0	0	0	0	0	0	54	0	
2	2388	-0.5931699	-2.64E-05	4082.622	-0.001525902	6	6	-0.5938918	0	0	0	0	0	0	0	0	0	0	0	0	0	54	0	
2	2389	-0.5928632	-2.63E-05	4083.622	-0.001525902	6	6	-0.5933918	0	0	0	0	0	0	0	0	0	0	0	0	0	54	0	
2	2390	-0.5922498	-2.64E-05	4084.622	-0.001525902	6	6	-0.5928918	0	0	0	0	0	0	0	0	0	0	0	0	0	54	0	
2	2391	-0.5919431	-2.64E-05	4085.622	-0.001525902	6	6	-0.5923918	0	0	0	0	0	0	0	0	0	0	0	0	0	54	0	
2	2392	-0.5913296	-2.64E-05	4086.622	-0.001525902	6	6	-0.5918918	0	0	0	0	0	0	0	0	0	0	0	0	0	54	0	
2	2393	-0.591023	-2.62E-05	4087.622	-0.001525902	6	6	-0.5913918	0	0	0	0	0	0	0	0	0	0	0	0	0	54	0	
2	2394	-0.5904095	-2.60E-05	4088.622	-0.001525902	6	6	-0.5908918	0	0	0	0	0	0	0	0	0	0	0	0	0	54	0	
2	2395	-0.5897961	-2.59E-05	4089.622	-0.001525902	6	6	-0.5903918	0	0	0	0	0	0	0	0	0	0	0	0	0	54	0	
2	2396	-0.5891827	-2.58E-05	4090.622	-0.001525902	6	6	-0.5898919	0	0	0	0	0	0	0	0	0	0	0	0	0	54	0	
2	2397	-0.588876	-2.57E-05	4091.622	-0.001525902	6	6	-0.5893918	0	0	0	0	0	0	0	0	0	0	0	0	0	54	0	
2	2398	-0.5882626	-2.56E-05	4092.622	-0.001525902	6	6	-0.5888918	0	0	0	0	0	0	0	0	0	0	0	0	0	54	0	
2	2399	-0.5879559	-2.56E-05	4093.622	-0.001525902	6	6	-0.5883918	0	0	0	0	0	0	0	0	0	0	0	0	0	54	0	
2	2400	-0.5873424	-2.55E-05	4094.622	-0.001525902	6	6	-0.5878918	0	0	0	0	0	0	0	0	0	0	0	0	0	54	0	
2	2401	-0.586729	-2.54E-05	4095.622	-0.001525902	6	6	-0.5873918	0	0	0	0	0	0	0	0	0	0	0	0	0	54	0	
2	2402	-0.5864223	-2.53E-05	4096.622	-0.001525902	6	6	-0.5868918	0	0	0	0	0	0	0	0	0	0	0	0	0	54	0	
2	2403	-0.5858089	-2.52E-05	4097.622	-0.001525902	6	6	-0.5863918	0	0	0	0	0	0	0	0	0	0	0	0	0	54	0	
2	2404	-0.5855022	-2.51E-05	4098.622	-0.001525902	6	6	-0.5858918	0	0	0	0	0	0	0	0	0	0	0	0	0	54	0	
2	2405	-0.5848888	-2.50E-05	4099.622	-0.001525902	6	6	-0.5853918	0	0	0	0	0	0	0	0	0	0	0	0	0	54	0	
2	2406	-0.5842754	-2.50E-05	4100.622	-0.001525902	6	6	-0.5848918	0	0	0	0	0	0	0	0	0	0	0	0	0	54	0	
2	2407	-0.583662	-2.49E-05	4101.622	-0.001525902	6	6	-0.5843918	0	0	0	0	0	0	0	0	0	0	0	0	0	54	0	
2	2408	-0.5833553	-2.48E-05	4102.622	-0.001525902	6	6	-0.5838918	0	0	0	0	0	0	0	0	0	0	0	0	0	54	0	
2	2409	-0.5827419	-2.47E-05	4103.622	-0.001525902	6	6	-0.5833918	0	0	0	0	0	0	0	0	0	0	0	0	0	54	0	
2	2410	-0.5824352	-2.46E-05	4104.622	-0.001525902	6	6	-0.5828918	0	0	0	0	0	0	0	0	0	0	0	0	0	54	0	
2	2411	-0.5818217	-2.45E-05	4105.622	-0.001525902	6	6	-0.5823918	0	0	0	0	0	0	0	0	0	0	0	0	0	54	0	
2	2412	-0.5815151	-2.45E-05	4106.622	-0.001525902	6	6	-0.5818918	0	0	0	0	0	0	0	0	0	0	0	0	0	54	0	
2	2413	-0.5809016	-2.44E-05	4107.622	-0.001525902	6	6	-0.5813918	0	0	0	0	0	0	0	0	0	0	0	0	0	54	0	
2	2414	-0.5802882	-2.43E-05	4108.622	-0.001525902	6	6	-0.5808918	0	0	0	0	0	0	0	0	0	0	0	0	0	54	0	
2	2415	-0.5796748	-2.43E-05	4109.622	-0.001525902	6	6	-0.5803918	0	0	0	0	0	0	0	0	0	0	0	0	0	54	0	
2	2416	-0.5793681	-2.42E-05	4110.622	-0.001525902	6	6	-0.5798918	0	0	0	0	0	0	0	0	0	0	0	0	0	54	0	
2	2417	-0.5787547	-2.41E-05	4111.622	-0.001525902	6	6	-0.5793918	0	0	0	0	0	0	0	0	0	0	0	0	0	54	0	
2	2418	-0.578448	-2.40E-05	4112.622	-0.001525902	6	6	-0.5788918	0	0	0	0	0	0	0	0	0	0	0	0	0	54	0	
2	2419	-0.5778345	-2.39E-05	4113.622	-0.001525902	6	6	-0.5783918	0	0	0	0	0	0	0	0	0	0	0	0	0	54	0	
2	2420	-0.5772212	-2.38E-05	4114.622	-0.001525902	6	6	-0.5778918	0	0	0	0	0	0	0	0	0	0	0	0	0	54	0	
2	2421	-0.5769144	-2.38E-05	4115.622	-0.001525902	6	6	-0.5773918	0	0	0	0	0	0	0	0	0	0	0	0	0	54	0	
2	2422	-0.576301	-2.37E-05	4116.622	-0.001525902	6	6	-0.5768918	0	0	0	0	0	0	0	0	0	0	0	0	0	54	0	
2	2423	-0.5759943	-2.36E-05	4117.622	-0.001525902	6	6	-0.5763918	0	0	0	0	0	0	0	0	0	0	0	0	0	54	0	
2	2424	-0.5753809	-2.35E-05	4118.622	-0.001525902	6	6	-0.5758918	0	0	0	0	0	0	0	0	0	0	0	0	0	54	0	
2	2425	-0.5747675	-2.35E-05	4119.622	-0.001525902	6	6	-0.5753918	0	0	0	0	0	0	0	0	0	0	0	0	0	54	0	
2	2426	-0.5744608	-2.34E-05	4120.622	-0.001525902	6	6	-0.5748918	0	0	0	0	0	0	0	0	0	0	0	0	0	54	0	
2	2427	-0.5738474	-2.33E-05	4121.622	-0.001525902	6	6	-0.5743918	0	0	0	0	0	0	0	0	0	0	0	0	0	54	0	
2	2428	-0.573234	-2.32E-05	4122.622	-0.001525902	6	6	-0.5738918	0	0	0	0	0	0	0	0	0	0	0	0	0	54	0	
2	2429	-0.5729273	-2.32E-05	4123.622	-0.001525902	6	6	-0.5733918	0	0	0	0	0	0	0	0	0	0	0	0	0	54	0	
2	2430	-0.5723138	-2.31E-05	4124.622	-0.001525902	6	6	-0.5728918	0	0	0	0	0	0	0	0	0	0	0	0	0	54	0	
2	2431	-0.5717005	-2.30E-05	4125.622	-0.001525902	6	6	-0.5723918	0	0	0	0	0	0	0	0	0	0	0	0	0	54	0	
2	2432	-0.5713937	-2.29E-05	4126.622	-0.001525902	6	6	-0.5718918	0	0	0	0	0	0	0	0	0	0	0	0	0	54	0	
2	2433	-0.5707803	-2.29E-05	4127.622	-0.001525902	6	6	-0.5713918	0	0	0	0	0	0	0	0	0	0	0	0	0	54	0	
2	2434	-0.5704736	-2.28E-05	4128.622	-0.001525902	6	6	-0.5708918	0	0	0	0	0	0	0	0	0	0	0	0	0	54	0	
2	2435	-0.5698602	-2.27E-05	4129.622	-0.001525902	6	6	-0.5703918	0	0	0	0	0	0	0	0	0	0	0	0	0	54	0	
2	2436	-0.5692468	-2.26E-05	4130.622	-0.001525902	6	6	-0.5698918	0	0	0	0	0	0	0	0	0	0	0	0	0	54	0	
2	2437	-0.5689401	-2.25E-05	4131.622	-0.001525902	6	6	-0.5693918	0	0	0	0	0	0	0	0	0	0	0	0	0	54	0	
2	2438	-0.5683267	-2.25E-05	4132.622	-0.001525902	6	6	-0.5688918	0	0	0	0	0	0	0	0	0	0	0	0	0	54	0	
2	2439	-0.56802	-2.24E-05	4133.622	-0.001525902	6	6	-0.5683918	0	0	0	0	0	0	0	0	0	0	0	0	0	54	0	
2	2440	-0.5674065	-2.24E-05	4134.622	-0.001525902	6	6	-0.5678918	0	0	0	0	0	0	0	0	0	0	0	0	0	54	0	
2	2441	-0.5667931	-2.24E-05	4135.622	-0.001525902	6	6	-0.5673918	0	0	0	0	0	0	0	0	0	0	0	0	0	54	0	
2	2442	-0.5661798	-2.24E-05	4136.622	-0.001525902	6	6	-0.5668918	0	0	0	0	0	0	0	0	0	0	0	0	0	54	0	
2	2443	-0.565873	-2.22E-05	4137.622	-0.001525902	6	6	-0.5663918	0	0	0	0	0	0	0	0	0	0	0	0	0	54	0	
2	2444	-0.5652596	-2.20E-05	4138.622	-0.001525902	6	6	-0.5658918	0	0	0	0	0	0	0	0	0	0	0	0	0	54	0	
2	2445	-0.5649529	-2.19E-05	4139.622	-0.001525902	6	6	-0.5653918	0	0	0	0	0	0	0	0	0	0	0	0	0	54	0	
2	2446	-0.5643395	-2.18E-05	4140.622	-0.001525902	6	6	-0.5648918	0	0	0	0	0	0	0	0	0	0	0	0	0	54	0	
2	2447	-0.5637261	-2.17E-05	4141.622	-0.001525902	6	6	-0.5643918	0	0	0	0	0	0	0	0	0	0	0	0	0	54	0	
2	2448	-0.5634194	-2.16E-05	4142.622	-0.001525902	6	6	-0.5638918	0	0	0	0	0	0	0	0	0	0	0	0	0	54	0	
2	2449	-0.562806	-2.16E-05	4143.622	-0.001525902	6	6	-0.5633918	0	0	0	0	0	0	0	0	0	0	0	0	0	54	0	
2	2450	-0.5624992	-2.15E-05	4144.622	-0.001525902	6	6	-0.5628918	0	0	0	0	0	0	0	0	0	0	0	0	0	54	0	
2	2451	-0.5618858	-2.14E-05	4145.622	-0.001525902	6	6	-0.5623918	0	0	0	0	0	0	0	0	0	0	0	0	0	54	0	
2	2452	-0.5612724	-2.13E-05	4146.622	-0.001525902	6	6	-0.5618918	0	0	0	0	0	0	0	0	0	0	0	0	0	54	0	
2	2453	-0.5609657	-2.12E-05	4147.622	-0.001525902	6	6	-0.5613918	0	0	0	0	0	0	0	0	0	0	0	0	0	54	0	
2	2454	-0.5603523	-2.11E-05	4148.622	-0.001525902	6	6	-0.5608918	0	0	0	0	0	0	0	0	0	0	0	0	0	54	0	
2	2455	-0.5597389	-2.11E-05	4149.622	-0.001525902	6	6	-0.5603918	0	0	0	0	0	0	0	0	0	0	0	0	0	54	0	
2	2456	-0.5594322	-2.10E-05	4150.622	-0.001525902	6	6	-0.5598918	0	0	0	0	0	0	0	0	0	0	0	0	0	54	0	
2	2457	-0.5588188	-2.09E-05	4151.622	-0.001525902	6	6	-0.5593918	0	0	0	0	0	0	0	0	0	0	0	0	0	54	0	
2	2458	-0.5582054	-2.08E-05	4152.622	-0.001525902	6	6	-0.5588918	0	0	0	0	0	0	0	0	0	0	0	0	0	54	0	
2	2459	-0.5578986	-2.07E-05	4153.622	-0.001525902	6	6	-0.5583918	0	0	0	0	0	0	0	0	0	0	0	0	0	54	0	
2	2460	-0.5572852	-2.06E-05	4154.622	-0.001525902	6	6	-0.5578918	0	0	0	0	0	0	0	0	0	0	0	0	0	54	0	
2	2461	-0.5566719	-2.06E-05	4155.622	-0.001525902	6	6	-0.5573918	0	0	0	0	0	0	0	0	0	0	0	0	0	54	0	
2	2462	-0.5563651	-2.05E-05	4156.622	-0.001525902	6	6	-0.5568918	0	0	0	0	0	0	0	0	0	0	0	0	0	54	0	
2	2463	-0.5557517	-2.04E-05	4157.622	-0.001525902	6	6	-0.5563918	0	0	0	0	0	0	0	0	0	0	0	0	0	54	0	
2	2464	-0.555445	-2.03E-05	4158.622	-0.001525902	6	6	-0.5558918	0	0	0	0	0	0	0	0	0	0	0	0	0	54	0	
2	2465	-0.5548316	-2.02E-05	4159.622	-0.001525902	6	6	-0.5553918	0	0	0	0	0	0	0	0	0	0	0	0	0	54	0	
2	2466	-0.5542182	-2.02E-05	4160.622	-0.001525902	6	6	-0.5548918	0	0	0	0	0	0	0	0	0	0	0	0	0	54	0	
2	2467	-0.5539114	-2.01E-05	4161.622	-0.001525902	6	6	-0.5543918	0	0	0	0	0	0	0	0	0	0	0	0	0	54	0	
2	2468	-0.5532981	-2.00E-05	4162.622	-0.001525902	6	6	-0.5538918	0	0	0	0	0	0	0	0	0	0	0	0	0	54	0	
2	2469	-0.5526847	-1.99E-05	4163.622	-0.001525902	6	6	-0.5533918	0	0	0	0	0	0	0	0	0	0	0	0	0	54	0	
2	2470	-0.5523779	-1.99E-05	4164.622	-0.001525902	6	6	-0.5528918	0	0	0	0	0	0	0	0	0	0	0	0	0	54	0	
2	2471	-0.5520712	-1.98E-05	4165.622	-0.001525902	6	6	-0.5523918	0	0	0	0	0	0	0	0	0	0	0	0	0	54	0	
2	2472	-0.5514578	-1.97E-05	4166.622	-0.001525902	6	6	-0.5518918	0	0	0	0	0	0	0	0	0	0	0	0	0	54	0	
2	2473	-0.5508444	-1.96E-05	4167.622	-0.001525902	6	6	-0.5513918	0	0	0	0	0	0	0	0	0	0	0	0	0	54	0	
2	2474	-0.5505377	-1.95E-05	4168.622	-0.001525902	6	6	-0.5508918	0	0	0	0	0	0	0	0	0	0	0	0	0	54	0	
2	2475	-0.5499243	-1.94E-05	4169.622	-0.001525902	6	6	-0.5503918	0	0	0	0	0	0	0	0	0	0	0	0	0	54	0	
2	2476	-0.5496176	-1.93E-05	4170.622	-0.001525902	6	6	-0.5498918	0	0	0	0	0	0	0	0	0	0	0	0	0	54	0	
2	2477	-0.5490042	-1.92E-05	4171.622	-0.001525902	6	6	-0.5493918	0	0	0	0	0	0	0	0	0	0	0	0	0	54	0	
2	2478	-0.5483907	-1.92E-05	4172.622	-0.001525902	6	6	-0.5488918	0	0	0	0	0	0	0	0	0	0	0	0	0	54	0	
2	2479	-0.5480841	-1.91E-05	4173.622	-0.001525902	6	6	-0.5483918	0	0	0	0	0	0	0	0	0	0	0	0	0	54	0	
2	2480	-0.5474706	-1.90E-05	4174.622	-0.001525902	6	6	-0.5478918	0	0	0	0	0	0	0	0	0	0	0	0	0	54	0	
2	2481	-0.547164	-1.89E-05	4175.622	-0.001525902	6	6	-0.5473918	0	0	0	0	0	0	0	0	0	0	0	0	0	54	0	
2	2482	-0.5465505	-1.88E-05	4176.622	-0.001525902	6	6	-0.5468918	0	0	0	0	0	0	0	0	0	0	0	0	0	54	0	
2	2483	-0.5459371	-1.87E-05	4177.622	-0.001525902	6	6	-0.5463918	0	0	0	0	0	0	0	0	0	0	0	0	0	54	0	
2	2484	-0.5456304	-1.86E-05	4178.622	-0.001525902	6	6	-0.5458918	0	0	0	0	0	0	0	0	0	0	0	0	0	54	0	
2	2485	-0.545017	-1.85E-05	4179.622	-0.001525902	6	6	-0.5453918	0	0	0	0	0	0	0	0	0	0	0	0	0	54	0	
2	2486	-0.5444036	-1.84E-05	4180.622	-0.001525902	6	6	-0.5448918	0	0	0	0	0	0	0	0	0	0	0	0	0	54	0	
2	2487	-0.5440969	-1.84E-05	4181.622	-0.001525902	6	6	-0.5443918	0	0	0	0	0	0	0	0	0	0	0	0	0	54	0	
2	2488	-0.5434834	-1.83E-05	4182.622	-0.001525902	6	6	-0.5438918	0	0	0	0	0	0	0	0	0	0	0	0	0	54	0	
2	2489	-0.5431768	-1.82E-05	4183.622	-0.001525902	6	6	-0.5433918	0	0	0	0	0	0	0	0	0	0	0	0	0	54	0	
2	2490	-0.5425633	-1.81E-05	4184.622	-0.001525902	6	6	-0.5428918	0	0	0	0	0	0	0	0	0	0	0	0	0	54	0	
2	2491	-0.5419499	-1.81E-05	4185.622	-0.001525902	6	6	-0.5423918	0	0	0	0	0	0	0	0	0	0	0	0	0	54	0	
2	2492	-0.5416432	-1.80E-05	4186.622	-0.001525902	6	6	-0.5418918	0	0	0	0	0	0	0	0	0	0	0	0	0	54	0	
2	2493	-0.5410298	-1.80E-05	4187.622	-0.001525902	6	6	-0.5413918	0	0	0	0	0	0	0	0	0	0	0	0	0	54	0	
2	2494	-0.5404164	-1.79E-05	4188.622	-0.001525902	6	6	-0.5408918	0	0	0	0	0	0	0	0	0	0	0	0	0	54	0	
2	2495	-0.5401097	-1.77E-05	4189.622	-0.001525902	6	6	-0.5403918	0	0	0	0	0	0	0	0	0	0	0	0	0	54	0	
2	2496	-0.5394963	-1.76E-05	4190.622	-0.001525902	6	6	-0.5398918	0	0	0	0	0	0	0	0	0	0	0	0	0	54	0	
2	2497	-0.5391896	-1.75E-05	4191.622	-0.001525902	6	6	-0.5393918	0	0	0	0	0	0	0	0	0	0	0	0	0	54	0	
2	2498	-0.5385762	-1.74E-05	4192.622	-0.001525902	6	6	-0.5388918	0	0	0	0	0	0	0	0	0	0	0	0	0	54	0	
2	2499	-0.5379627	-1.73E-05	4193.622	-0.001525902	6	6	-0.5383918	0	0	0	0	0	0	0	0	0	0	0	0	0	54	0	
2	2500	-0.5376561	-1.72E-05	4194.622	-0.001525902	6	6	-0.5378918	0	0	0	0	0	0	0	0	0	0	0	0	0	54	0	
2	2501	-0.5370426	-1.71E-05	4195.622	-0.001525902	6	6	-0.5373918	0	0	0	0	0	0	0	0	0	0	0	0	0	54	0	
2	2502	-0.5364292	-1.70E-05	4196.622	-0.001525902	6	6	-0.5368918	0	0	0	0	0	0	0	0	0	0	0	0	0	54	0	
2	2503	-0.5361225	-1.69E-05	4197.622	-0.001525902	6	6	-0.5363918	0	0	0	0	0	0	0	0	0	0	0	0	0	54	0	
2	2504	-0.5355091	-1.68E-05	4198.622	-0.001525902	6	6	-0.5358918	0	0	0	0	0	0	0	0	0	0	0	0	0	54	0	
2	2505	-0.5348957	-1.67E-05	4199.622	-0.001525902	6	6	-0.5353918	0	0	0	0	0	0	0	0	0	0	0	0	0	54	0	
2	2506	-0.534589	-1.66E-05	4200.622	-0.001525902	6	6	-0.5348918	0	0	0	0	0	0	0	0	0	0	0	0	0	54	0	
2	2507	-0.5339755	-1.65E-05	4201.622	-0.001525902	6	6	-0.5343918	0	0	0	0	0	0	0	0	0	0	0	0	0	54	0	
2	2508	-0.5336689	-1.64E-05	4202.622	-0.001525902	6	6	-0.5338918	0	0	0	0	0	0	0	0	0	0	0	0	0	54	0	
2	2509	-0.5330554	-1.63E-05	4203.622	-0.001525902	6	6	-0.5333918	0	0	0	0	0	0	0	0	0	0	0	0	0	54	0	
2	2510	-0.532442	-1.62E-05	4204.622	-0.001525902	6	6	-0.5328918	0	0	0	0	0	0	0	0	0	0	0	0	0	54	0	
2	2511	-0.5321353	-1.62E-05	4205.622	-0.001525902	6	6	-0.5323918	0	0	0	0	0	0	0	0	0	0	0	0	0	54	0	
2	2512	-0.5315219	-1.61E-05	4206.622	-0.001525902	6	6	-0.5318918	0	0	0	0	0	0	0	0	0	0	0	0	0	54	0	
2	2513	-0.5309085	-1.60E-05	4207.622	-0.001525902	6	6	-0.5313918	0	0	0	0	0	0	0	0	0	0	0	0	0	54	0	
2	2514	-0.5306018	-1.59E-05	4208.622	-0.001525902	6	6	-0.5308918	0	0	0	0	0	0	0	0	0	0	0	0	0	54	0	
2	2515	-0.5299884	-1.58E-05	4209.622	-0.001525902	6	6	-0.5303918	0	0	0	0	0	0	0	0	0	0	0	0	0	54	0	
2	2516	-0.5296817	-1.57E-05	4210.622	-0.001525902	6	6	-0.5298918	0	0	0	0	0	0	0	0	0	0	0	0	0	54	0	
2	2517	-0.5290683	-1.56E-05	4211.622	-0.001525902	6	6	-0.5293918	0	0	0	0	0	0	0	0	0	0	0	0	0	54	0	
2	2518	-0.5284548	-1.55E-05	4212.622	-0.001525902	6	6	-0.5288918	0	0	0	0	0	0	0	0	0	0	0	0	0	54	0	
2	2519	-0.5281481	-1.55E-05	4213.622	-0.001525902	6	6	-0.5283918	0	0	0	0	0	0	0	0	0	0	0	0	0	54	0	
2	2520	-0.5275347	-1.54E-05	4214.622	-0.001525902	6	6	-0.5278918	0	0	0	0	0	0	0	0	0	0	0	0	0	54	0	
2	2521	-0.527228	-1.53E-05	4215.622	-0.001525902	6	6	-0.5273918	0	0	0	0	0	0	0	0	0	0	0	0	0	54	0	
2	2522	-0.5266146	-1.52E-05	4216.622	-0.001525902	6	6	-0.5268918	0	0	0	0	0	0	0	0	0	0	0	0	0	54	0	
2	2523	-0.5260012	-1.51E-05	4217.622	-0.001525902	6	6	-0.5263918	0	0	0	0	0	0	0	0	0	0	0	0	0	54	0	
2	2524	-0.5256945	-1.50E-05	4218.622	-0.001525902	6	6	-0.5258918	0	0	0	0	0	0	0	0	0	0	0	0	0	54	0	
2	2525	-0.5250811	-1.49E-05	4219.622	-0.001525902	6	6	-0.5253918	0	0	0	0	0	0	0	0	0	0	0	0	0	54	0	
2	2526	-0.5244676	-1.48E-05	4220.622	-0.001525902	6	6	-0.5248918	0	0	0	0	0	0	0	0	0	0	0	0	0	54	0	
2	2527	-0.524161	-1.47E-05	4221.622	-0.001525902	6	6	-0.5243918	0	0	0	0	0	0	0	0	0	0	0	0	0	54	0	
2	2528	-0.5235475	-1.46E-05	4222.622	-0.001525902	6	6	-0.5238918	0	0	0	0	0	0	0	0	0	0	0	0	0	54	0	
2	2529	-0.5229341	-1.45E-05	4223.622	-0.001525902	6	6	-0.5233918	0	0	0	0	0	0	0	0	0	0	0	0	0	54	0	
2	2530	-0.5226274	-1.44E-05	4224.622	-0.001525902	6	6	-0.5228918	0	0	0	0	0	0	0	0	0	0	0	0	0	54	0	
2	2531	-0.522014	-1.43E-05	4225.622	-0.001525902	6	6	-0.5223918	0	0	0	0	0	0	0	0	0	0	0	0	0	54	0	
2	2532	-0.5214006	-1.42E-05	4226.622	-0.001525902	6	6	-0.5218918	0	0	0	0	0	0	0	0	0	0	0	0	0	54	0	
2	2533	-0.5210939	-1.41E-05	4227.622	-0.001525902	6	6	-0.5213918	0	0	0	0	0	0	0	0	0	0	0	0	0	54	0	
2	2534	-0.5204805	-1.40E-05	4228.622	-0.001525902	6	6	-0.5208918	0	0	0	0	0	0	0	0	0	0	0	0	0	54	0	
2	2535	-0.5201738	-1.39E-05	4229.622	-0.001525902	6	6	-0.5203918	0	0	0	0	0	0	0	0	0	0	0	0	0	54	0	
2	2536	-0.5195603	-1.38E-05	4230.622	-0.001525902	6	6	-0.5198918	0	0	0	0	0	0	0	0	0	0	0	0	0	54	0	
2	2537	-0.5192537	-1.37E-05	4231.622	-0.001525902	7	7	-0.5193918	0	0	0	0	0	0	0	0	0	0	0	0	0	54	0	
2	2538	-0.5186402	-1.36E-05	4232.622	-0.001525902	7	7	-0.5188918	0	0	0	0	0	0	0	0	0	0	0	0	0	54	0	
2	2539	-0.5180268	-1.35E-05	4233.622	-0.001525902	7	7	-0.5183918	0	0	0	0	0	0	0	0	0	0	0	0	0	54	0	
2	2540	-0.5177201	-1.34E-05	4234.622	-0.001525902	7	7	-0.5178918	0	0	0	0	0	0	0	0	0	0	0	0	0	54	0	
2	2541	-0.5171067	-1.33E-05	4235.622	-0.001525902	7	7	-0.5173918	0	0	0	0	0	0	0	0	0	0	0	0	0	54	0	
2	2542	-0.5164933	-1.32E-05	4236.622	-0.001525902	7	7	-0.5168918	0	0	0	0	0	0	0	0	0	0	0	0	0	54	0	
2	2543	-0.5161866	-1.31E-05	4237.622	-0.001525902	7	7	-0.5163918	0	0	0	0	0	0	0	0	0	0	0	0	0	54	0	
2	2544	-0.5155732	-1.31E-05	4238.622	-0.001525902	7	7	-0.5158918	0	0	0	0	0	0	0	0	0	0	0	0	0	54	0	
2	2545	-0.5149598	-1.30E-05	4239.622	-0.001525902	7	7	-0.5153918	0	0	0	0	0	0	0	0	0	0	0	0	0	54	0	
2	2546	-0.5146531	-1.29E-05	4240.622	-0.001525902	7	7	-0.5148918	0	0	0	0	0	0	0	0	0	0	0	0	0	54	0	
2	2547	-0.5140396	-1.28E-05	4241.622	-0.001525902	7	7	-0.5143918	0	0	0	0	0	0	0	0	0	0	0	0	0	54	0	
2	2548	-0.513733	-1.26E-05	4242.622	-0.001525902	7	7	-0.5138918	0	0	0	0	0	0	0	0	0	0	0	0	0	54	0	
2	2549	-0.5131195	-1.25E-05	4243.622	-0.001525902	7	7	-0.5133918	0	0	0	0	0	0	0	0	0	0	0	0	0	54	0	
2	2550	-0.5125061	-1.24E-05	4244.622	-0.001525902	7	7	-0.5128918	0	0	0	0	0	0	0	0	0	0	0	0	0	54	0	
2	2551	-0.5121994	-1.23E-05	4245.622	-0.001525902	7	7	-0.5123918	0	0	0	0	0	0	0	0	0	0	0	0	0	54	0	
2	2552	-0.511586	-1.22E-05	4246.622	-0.001525902	7	7	-0.5118918	0	0	0	0	0	0	0	0	0	0	0	0	0	54	0	
2	2553	-0.5112793	-1.21E-05	4247.622	-0.001525902	7	7	-0.5113918	0	0	0	0	0	0	0	0	0	0	0	0	0	54	0	
2	2554	-0.5106659	-1.20E-05	4248.622	-0.001525902	7	7	-0.5108918	0	0	0	0	0	0	0	0	0	0	0	0	0	54	0	
2	2555	-0.5100524	-1.19E-05	4249.622	-0.001525902	7	7	-0.5103918	0	0	0	0	0	0	0	0	0	0	0	0	0	54	0	
2	2556	-0.5094391	-1.18E-05	4250.622	-0.001525902	7	7	-0.5098918	0	0	0	0	0	0	0	0	0	0	0	0	0	54	0	
2	2557	-0.5091323	-1.16E-05	4251.622	-0.001525902	7	7	-0.5093918	0	0	0	0	0	0	0	0	0	0	0	0	0	54	0	
2	2558	-0.5085189	-1.15E-05	4252.622	-0.001525902	7	7	-0.5088918	0	0	0	0	0	0	0	0	0	0	0	0	0	54	0	
2	2559	-0.5079055	-1.15E-05	4253.622	-0.001525902	7	7	-0.5083918	0	0	0	0	0	0	0	0	0	0	0	0	0	54	0	
2	2560	-0.5075988	-1.13E-05	4254.622	-0.001525902	7	7	-0.5078918	0	0	0	0	0	0	0	0	0	0	0	0	0	54	0	
2	2561	-0.5069854	-1.12E-05	4255.622	-0.001525902	7	7	-0.5073918	0	0	0	0	0	0	0	0	0	0	0	0	0	54	0	
2	2562	-0.5066787	-1.11E-05	4256.622	-0.001525902	7	7	-0.5068918	0	0	0	0	0	0	0	0	0	0	0	0	0	54	0	
2	2563	-0.5060653	-1.10E-05	4257.622	-0.001525902	7	7	-0.5063918	0	0	0	0	0	0	0	0	0	0	0	0	0	54	0	
2	2564	-0.5054519	-1.09E-05	4258.622	-0.001525902	7	7	-0.5058918	0	0	0	0	0	0	0	0	0	0	0	0	0	54	0	
2	2565	-0.5051452	-1.08E-05	4259.622	-0.001525902	7	7	-0.5053918	0	0	0	0	0	0	0	0	0	0	0	0	0	54	0	
2	2566	-0.5045317	-1.07E-05	4260.622	-0.001525902	7	7	-0.5048918	0	0	0	0	0	0	0	0	0	0	0	0	0	54	0	
2	2567	-0.5039183	-1.06E-05	4261.622	-0.001525902	7	7	-0.5043918	0	0	0	0	0	0	0	0	0	0	0	0	0	54	0	
2	2568	-0.5036116	-1.05E-05	4262.622	-0.001525902	7	7	-0.5038918	0	0	0	0	0	0	0	0	0	0	0	0	0	54	0	
2	2569	-0.5029982	-1.04E-05	4263.622	-0.001525902	7	7	-0.5033918	0	0	0	0	0	0	0	0	0	0	0	0	0	54	0	
2	2570	-0.5026915	-1.03E-05	4264.622	-0.001525902	7	7	-0.5028918	0	0	0	0	0	0	0	0	0	0	0	0	0	54	0	
2	2571	-0.5020781	-1.02E-05	4265.622	-0.001525902	7	7	-0.5023918	0	0	0	0	0	0	0	0	0	0	0	0	0	54	0	
2	2572	-0.5014647	-1.01E-05	4266.622	-0.001525902	7	7	-0.5018918	0	0	0	0	0	0	0	0	0	0	0	0	0	54	0	
2	2573	-0.501158	-9.95E-06	4267.622	-0.001525902	7	7	-0.5013918	0	0	0	0	0	0	0	0	0	0	0	0	0	54	0	
2	2574	-0.5005445	-9.84E-06	4268.622	-0.001525902	7	7	-0.5008918	0	0	0	0	0	0	0	0	0	0	0	0	0	54	0	
2	2575	-0.4999312	-9.74E-06	4269.622	-0.001525902	7	7	-0.5003918	0	0	0	0	0	0	0	0	0	0	0	0	0	54	0	
2	2576	-0.4996245	-9.64E-06	4270.622	-0.001525902	7	7	-0.4998918	0	0	0	0	0	0	0	0	0	0	0	0	0	54	0	
2	2577	-0.499011	-9.53E-06	4271.622	-0.001525902	7	7	-0.4993918	0	0	0	0	0	0	0	0	0	0	0	0	0	54	0	
2	2578	-0.4987043	-9.44E-06	4272.622	-0.001525902	7	7	-0.4988918	0	0	0	0	0	0	0	0	0	0	0	0	0	54	0	
2	2579	-0.4980909	-9.34E-06	4273.622	-0.001525902	7	7	-0.4983918	0	0	0	0	0	0	0	0	0	0	0	0	0	54	0	
2	2580	-0.4974775	-9.23E-06	4274.622	-0.001525902	7	7	-0.4978918	0	0	0	0	0	0	0	0	0	0	0	0	0	54	0	
2	2581	-0.4971708	-9.12E-06	4275.622	-0.001525902	7	7	-0.4973918	0	0	0	0	0	0	0	0	0	0	0	0	0	54	0	
2	2582	-0.4965574	-9.02E-06	4276.622	-0.001525902	7	7	-0.4968918	0	0	0	0	0	0	0	0	0	0	0	0	0	54	0	
2	2583	-0.495944	-8.92E-06	4277.622	-0.001525902	7	7	-0.4963918	0	0	0	0	0	0	0	0	0	0	0	0	0	54	0	
2	2584	-0.4956373	-8.83E-06	4278.622	-0.001525902	7	7	-0.4958918	0	0	0	0	0	0	0	0	0	0	0	0	0	54	0	
2	2585	-0.4950238	-8.72E-06	4279.622	-0.001525902	7	7	-0.4958801	0	0	0	0	0	0	0	0	0	0	0	0	0	54	0	
2	2586	-0.4944105	-8.61E-06	4280.622	-0.001525902	7	7	-0.4948918	0	0	0	0	0	0	0	0	0	0	0	0	0	54	0	
2	2587	-0.4941037	-8.50E-06	4281.622	-0.001525902	7	7	-0.4943918	0	0	0	0	0	0	0	0	0	0	0	0	0	54	0	
2	2588	-0.4934903	-8.39E-06	4282.622	-0.001525902	7	7	-0.4938918	0	0	0	0	0	0	0	0	0	0	0	0	0	54	0	
2	2589	-0.4931836	-8.28E-06	4283.622	-0.001525902	7	7	-0.4933918	0	0	0	0	0	0	0	0	0	0	0	0	0	54	0	
2	2590	-0.4925702	-8.18E-06	4284.622	-0.001525902	7	7	-0.4928918	0	0	0	0	0	0	0	0	0	0	0	0	0	54	0	
2	2591	-0.4919568	-8.09E-06	4285.622	-0.001525902	7	7	-0.4923918	0	0	0	0	0	0	0	0	0	0	0	0	0	54	0	
2	2592	-0.4916501	-7.98E-06	4286.622	-0.001525902	7	7	-0.4918918	0	0	0	0	0	0	0	0	0	0	0	0	0	54	0	
2	2593	-0.4910367	-7.87E-06	4287.622	-0.001525902	7	7	-0.4913918	0	0	0	0	0	0	0	0	0	0	0	0	0	54	0	
2	2594	-0.49073	-7.76E-06	4288.622	-0.001525902	7	7	-0.4908918	0	0	0	0	0	0	0	0	0	0	0	0	0	54	0	
2	2595	-0.4901166	-7.65E-06	4289.622	-0.001525902	7	7	-0.4903918	0	0	0	0	0	0	0	0	0	0	0	0	0	54	0	
2	2596	-0.4895031	-7.54E-06	4290.622	-0.001525902	7	7	-0.4898918	0	0	0	0	0	0	0	0	0	0	0	0	0	54	0	
2	2597	-0.4891964	-7.45E-06	4291.622	-0.001525902	7	7	-0.4893918	0	0	0	0	0	0	0	0	0	0	0	0	0	54	0	
2	2598	-0.488583	-7.34E-06	4292.622	-0.001525902	7	7	-0.4888918	0	0	0	0	0	0	0	0	0	0	0	0	0	54	0	
2	2599	-0.4879696	-7.24E-06	4293.622	-0.001525902	7	7	-0.4883918	0	0	0	0	0	0	0	0	0	0	0	0	0	54	0	
2	2600	-0.4876629	-7.21E-06	4294.622	-0.001525902	7	7	-0.4878918	0	0	0	0	0	0	0	0	0	0	0	0	0	54	0	
2	2601	-0.4870495	-7.07E-06	4295.622	-0.001525902	7	7	-0.4873918	0	0	0	0	0	0	0	0	0	0	0	0	0	54	0	
2	2602	-0.4867428	-6.93E-06	4296.622	-0.001525902	7	7	-0.4868918	0	0	0	0	0	0	0	0	0	0	0	0	0	54	0	
2	2603	-0.4861294	-6.80E-06	4297.622	-0.001525902	7	7	-0.4863918	0	0	0	0	0	0	0	0	0	0	0	0	0	54	0	
2	2604	-0.485516	-6.71E-06	4298.622	-0.001525902	7	7	-0.4858918	0	0	0	0	0	0	0	0	0	0	0	0	0	54	0	
2	2605	-0.4852093	-6.59E-06	4299.622	-0.001525902	7	7	-0.4853918	0	0	0	0	0	0	0	0	0	0	0	0	0	54	0	
2	2606	-0.4845958	-6.47E-06	4300.622	-0.001525902	7	7	-0.4848918	0	0	0	0	0	0	0	0	0	0	0	0	0	54	0	
2	2607	-0.4842891	-6.35E-06	4301.622	-0.001525902	7	7	-0.4843918	0	0	0	0	0	0	0	0	0	0	0	0	0	54	0	
2	2608	-0.4836757	-6.24E-06	4302.622	-0.001525902	7	7	-0.4838918	0	0	0	0	0	0	0	0	0	0	0	0	0	54	0	
2	2609	-0.4830623	-6.12E-06	4303.622	-0.001525902	7	7	-0.4833918	0	0	0	0	0	0	0	0	0	0	0	0	0	54	0	
2	2610	-0.4827556	-6.03E-06	4304.622	-0.001525902	7	7	-0.4828918	0	0	0	0	0	0	0	0	0	0	0	0	0	54	0	
2	2611	-0.4821422	-5.91E-06	4305.622	-0.001525902	7	7	-0.4823918	0	0	0	0	0	0	0	0	0	0	0	0	0	54	0	
2	2612	-0.4815288	-5.79E-06	4306.622	-0.001525902	7	7	-0.4818918	0	0	0	0	0	0	0	0	0	0	0	0	0	54	0	
2	2613	-0.4812221	-5.68E-06	4307.622	-0.001525902	7	7	-0.4813918	0	0	0	0	0	0	0	0	0	0	0	0	0	54	0	
2	2614	-0.4806087	-5.57E-06	4308.622	-0.001525902	7	7	-0.4808918	0	0	0	0	0	0	0	0	0	0	0	0	0	54	0	
2	2615	-0.4799953	-5.46E-06	4309.622	-0.001525902	7	7	-0.4803918	0	0	0	0	0	0	0	0	0	0	0	0	0	54	0	
2	2616	-0.4796886	-5.34E-06	4310.622	-0.001525902	7	7	-0.4798918	0	0	0	0	0	0	0	0	0	0	0	0	0	54	0	
2	2617	-0.4790751	-5.25E-06	4311.622	-0.001525902	7	7	-0.4793918	0	0	0	0	0	0	0	0	0	0	0	0	0	54	0	
2	2618	-0.4787684	-5.14E-06	4312.622	-0.001525902	7	7	-0.4788918	0	0	0	0	0	0	0	0	0	0	0	0	0	54	0	
2	2619	-0.478155	-5.03E-06	4313.622	-0.001525902	7	7	-0.4783918	0	0	0	0	0	0	0	0	0	0	0	0	0	54	0	
2	2620	-0.4775416	-4.91E-06	4314.622	-0.001525902	7	7	-0.4778918	0	0	0	0	0	0	0	0	0	0	0	0	0	54	0	
2	2621	-0.4772349	-4.80E-06	4315.622	-0.001525902	7	7	-0.4773918	0	0	0	0	0	0	0	0	0	0	0	0	0	54	0	
2	2622	-0.4766215	-4.69E-06	4316.622	-0.001525902	7	7	-0.4768918	0	0	0	0	0	0	0	0	0	0	0	0	0	54	0	
2	2623	-0.4760081	-4.59E-06	4317.622	-0.001525902	7	7	-0.4763918	0	0	0	0	0	0	0	0	0	0	0	0	0	54	0	
2	2624	-0.4753947	-4.48E-06	4318.622	-0.001525902	7	7	-0.4758918	0	0	0	0	0	0	0	0	0	0	0	0	0	54	0	
2	2625	-0.4750879	-4.37E-06	4319.622	-0.001525902	7	7	-0.4753918	0	0	0	0	0	0	0	0	0	0	0	0	0	54	0	
2	2626	-0.4744745	-4.26E-06	4320.622	-0.001525902	7	7	-0.4748918	0	0	0	0	0	0	0	0	0	0	0	0	0	54	0	
2	2627	-0.4741678	-4.14E-06	4321.622	-0.001525902	7	7	-0.4743918	0	0	0	0	0	0	0	0	0	0	0	0	0	54	0	
2	2628	-0.4735544	-4.03E-06	4322.622	-0.001525902	7	7	-0.4738918	0	0	0	0	0	0	0	0	0	0	0	0	0	54	0	
2	2629	-0.4732477	-3.93E-06	4323.622	-0.001525902	7	7	-0.4733918	0	0	0	0	0	0	0	0	0	0	0	0	0	54	0	
2	2630	-0.4726343	-3.83E-06	4324.622	-0.001525902	7	7	-0.4728918	0	0	0	0	0	0	0	0	0	0	0	0	0	54	0	
2	2631	-0.4720209	-3.71E-06	4325.622	-0.001525902	7	7	-0.4723918	0	0	0	0	0	0	0	0	0	0	0	0	0	54	0	
2	2632	-0.4717142	-3.60E-06	4326.622	-0.001525902	7	7	-0.4718918	0	0	0	0	0	0	0	0	0	0	0	0	0	54	0	
2	2633	-0.4711008	-3.48E-06	4327.622	-0.001525902	7	7	-0.4713918	0	0	0	0	0	0	0	0	0	0	0	0	0	54	0	
2	2634	-0.4704874	-3.37E-06	4328.622	-0.001525902	7	7	-0.4708918	0	0	0	0	0	0	0	0	0	0	0	0	0	54	0	
2	2635	-0.4701806	-3.26E-06	4329.622	-0.001525902	7	7	-0.4703918	0	0	0	0	0	0	0	0	0	0	0	0	0	54	0	
2	2636	-0.4695672	-3.17E-06	4330.622	-0.001525902	7	7	-0.4698918	0	0	0	0	0	0	0	0	0	0	0	0	0	54	0	
2	2637	-0.4689538	-3.05E-06	4331.622	-0.001525902	7	7	-0.4693918	0	0	0	0	0	0	0	0	0	0	0	0	0	54	0	
2	2638	-0.4686471	-2.94E-06	4332.622	-0.001525902	7	7	-0.4688918	0	0	0	0	0	0	0	0	0	0	0	0	0	54	0	
2	2639	-0.4680337	-2.82E-06	4333.622	-0.001525902	7	7	-0.4683918	0	0	0	0	0	0	0	0	0	0	0	0	0	54	0	
2	2640	-0.4674203	-2.70E-06	4334.622	-0.001525902	7	7	-0.4678918	0	0	0	0	0	0	0	0	0	0	0	0	0	54	0	
2	2641	-0.4671136	-2.61E-06	4335.622	-0.001525902	7	7	-0.4673918	0	0	0	0	0	0	0	0	0	0	0	0	0	54	0	
2	2642	-0.4665002	-2.55E-06	4336.622	-0.001525902	7	7	-0.4668918	0	0	0	0	0	0	0	0	0	0	0	0	0	54	0	
2	2643	-0.4661935	-2.43E-06	4337.622	-0.001525902	7	7	-0.4663918	0	0	0	0	0	0	0	0	0	0	0	0	0	54	0	
2	2644	-0.46558	-2.31E-06	4338.622	-0.001525902	7	7	-0.4658918	0	0	0	0	0	0	0	0	0	0	0	0	0	54	0	
2	2645	-0.4649666	-2.19E-06	4339.622	-0.001525902	7	7	-0.4653918	0	0	0	0	0	0	0	0	0	0	0	0	0	54	0	
2	2646	-0.4646599	-2.08E-06	4340.622	-0.001525902	7	7	-0.4648918	0	0	0	0	0	0	0	0	0	0	0	0	0	54	0	
2	2647	-0.4640465	-1.96E-06	4341.622	-0.001525902	7	7	-0.4643918	0	0	0	0	0	0	0	0	0	0	0	0	0	54	0	
2	2648	-0.4634331	-1.84E-06	4342.622	-0.001525902	7	7	-0.4638918	0	0	0	0	0	0	0	0	0	0	0	0	0	54	0	
2	2649	-0.4631264	-1.75E-06	4343.622	-0.001525902	7	7	-0.4633918	0	0	0	0	0	0	0	0	0	0	0	0	0	54	0	
2	2650	-0.462513	-1.64E-06	4344.622	-0.001525902	7	7	-0.4628918	0	0	0	0	0	0	0	0	0	0	0	0	0	54	0	
2	2651	-0.4618996	-1.52E-06	4345.622	-0.001525902	7	7	-0.4623918	0	0	0	0	0	0	0	0	0	0	0	0	0	54	0	
2	2652	-0.4615929	-1.41E-06	4346.622	-0.001525902	7	7	-0.4618918	0	0	0	0	0	0	0	0	0	0	0	0	0	54	0	
2	2653	-0.4609795	-1.30E-06	4347.622	-0.001525902	7	7	-0.4613918	0	0	0	0	0	0	0	0	0	0	0	0	0	54	0	
2	2654	-0.4606727	-1.19E-06	4348.622	-0.001525902	7	7	-0.4608918	0	0	0	0	0	0	0	0	0	0	0	0	0	54	0	
2	2655	-0.4600593	-1.10E-06	4349.622	-0.001525902	7	7	-0.4603918	0	0	0	0	0	0	0	0	0	0	0	0	0	54	0	
2	2656	-0.4594459	-9.82E-07	4350.622	-0.001525902	8	8	-0.4598918	0	0	0	0	0	0	0	0	0	0	0	0	0	54	0	
2	2657	-0.4591392	-8.71E-07	4351.622	-0.001525902	8	8	-0.4593918	0	0	0	0	0	0	0	0	0	0	0	0	0	54	0	
2	2658	-0.4585258	-7.57E-07	4352.622	-0.001525902	8	8	-0.4588918	0	0	0	0	0	0	0	0	0	0	0	0	0	54	0	
2	2659	-0.4579124	-6.49E-07	4353.622	-0.001525902	8	8	-0.4583918	0	0	0	0	0	0	0	0	0	0	0	0	0	54	0	
2	2660	-0.4576057	-5.37E-07	4354.622	-0.001525902	8	8	-0.4578918	0	0	0	0	0	0	0	0	0	0	0	0	0	54	0	
2	2661	-0.4569923	-4.29E-07	4355.622	-0.001525902	8	8	-0.4573918	0	0	0	0	0	0	0	0	0	0	0	0	0	54	0	
2	2662	-0.4566856	-3.35E-07	4356.622	-0.001525902	8	8	-0.4568918	0	0	0	0	0	0	0	0	0	0	0	0	0	54	0	
2	2663	-0.4560722	-2.22E-07	4357.622	-0.001525902	8	8	-0.4563918	0	0	0	0	0	0	0	0	0	0	0	0	0	54	0	
2	2664	-0.4557655	-1.12E-07	4358.622	-0.001525902	8	8	-0.4558918	0	0	0	0	0	0	0	0	0	0	0	0	0	54	0	
2	2665	-0.455152	2.25E-09	4359.622	-0.001525902	9	9	-0.4553918	0	0	0	0	0	0	0	0	0	0	0	0	0	54	0	
2	2666	-0.4545386	8.18E-08	4360.622	-0.001525902	9	521	-0.4548918	0	0	0	0	0	0	0	0	0	0	0	0	0	54	0	
2	2667	-0.4539252	1.43E-07	4361.622	-0.001525902	9	521	-0.4543918	0	0	0	0	0	0	0	0	0	0	0	0	0	54	0	
2	2668	-0.4536185	1.80E-07	4362.622	-0.001525902	9	521	-0.4538918	0	0	0	0	0	0	0	0	0	0	0	0	0	54	0	
2	2669	-0.4530051	1.99E-07	4363.622	-0.001525902	9	521	-0.4533918	0	0	0	0	0	0	0	0	0	0	0	0	0	54	0	
2	2670	-0.4526984	5.34E-07	4364.622	-0.001525902	8	8	-0.4528918	0	0	0	0	0	0	0	0	0	0	0	0	0	54	0	
2	2671	-0.452085	6.38E-07	4365.622	-0.001525902	8	8	-0.4523918	0	0	0	0	0	0	0	0	0	0	0	0	0	54	0	
2	2672	-0.4514716	7.42E-07	4366.622	-0.001525902	8	8	-0.4518918	0	0	0	0	0	0	0	0	0	0	0	0	0	54	0	
2	2673	-0.4511648	8.49E-07	4367.622	-0.001525902	8	8	-0.4513918	0	0	0	0	0	0	0	0	0	0	0	0	0	54	0	
2	2674	-0.4505515	9.54E-07	4368.622	-0.001525902	8	8	-0.4508918	0	0	0	0	0	0	0	0	0	0	0	0	0	54	0	
2	2675	-0.4502447	1.04E-06	4369.622	-0.001525902	8	8	-0.4503918	0	0	0	0	0	0	0	0	0	0	0	0	0	54	0	
2	2676	-0.4496313	1.16E-06	4370.622	-0.001525902	8	8	-0.4498918	0	0	0	0	0	0	0	0	0	0	0	0	0	54	0	
2	2677	-0.4490179	1.26E-06	4371.622	-0.001525902	8	8	-0.4493918	0	0	0	0	0	0	0	0	0	0	0	0	0	54	0	
2	2678	-0.4487112	1.37E-06	4372.622	-0.001525902	8	8	-0.4488918	0	0	0	0	0	0	0	0	0	0	0	0	0	54	0	
2	2679	-0.4480978	1.48E-06	4373.622	-0.001525902	8	8	-0.4483918	0	0	0	0	0	0	0	0	0	0	0	0	0	54	0	
2	2680	-0.4474844	1.58E-06	4374.622	-0.001525902	8	520	-0.4478918	0	0	0	0	0	0	0	0	0	0	0	0	0	54	0	
2	2681	-0.4471777	1.67E-06	4375.622	-0.001525902	8	520	-0.4473918	0	0	0	0	0	0	0	0	0	0	0	0	0	54	0	
2	2682	-0.4465643	1.78E-06	4376.622	-0.001525902	8	520	-0.4468918	0	0	0	0	0	0	0	0	0	0	0	0	0	54	0	
2	2683	-0.4459508	1.88E-06	4377.622	-0.001525902	8	520	-0.4463918	0	0	0	0	0	0	0	0	0	0	0	0	0	54	0	
2	2684	-0.4456441	1.99E-06	4378.622	-0.001525902	7	7	-0.4458918	0	0	0	0	0	0	0	0	0	0	0	0	0	54	0	
2	2685	-0.4450307	2.10E-06	4379.622	-0.001525902	7	7	-0.4453918	0	0	0	0	0	0	0	0	0	0	0	0	0	54	0	
2	2686	-0.444724	2.20E-06	4380.622	-0.001525902	7	7	-0.4448918	0	0	0	0	0	0	0	0	0	0	0	0	0	54	0	
2	2687	-0.4441106	2.31E-06	4381.622	-0.001525902	7	7	-0.4443918	0	0	0	0	0	0	0	0	0	0	0	0	0	54	0	
2	2688	-0.4434972	2.40E-06	4382.622	-0.001525902	7	7	-0.4438918	0	0	0	0	0	0	0	0	0	0	0	0	0	54	0	
2	2689	-0.4431905	2.50E-06	4383.622	-0.001525902	7	7	-0.4433918	0	0	0	0	0	0	0	0	0	0	0	0	0	54	0	
2	2690	-0.4425771	2.61E-06	4384.622	-0.001525902	7	7	-0.4428918	0	0	0	0	0	0	0	0	0	0	0	0	0	54	0	
2	2691	-0.4419637	2.72E-06	4385.622	-0.001525902	7	7	-0.4423918	0	0	0	0	0	0	0	0	0	0	0	0	0	54	0	
2	2692	-0.4416569	2.83E-06	4386.622	-0.001525902	7	7	-0.4418918	0	0	0	0	0	0	0	0	0	0	0	0	0	54	0	
2	2693	-0.4410436	2.94E-06	4387.622	-0.001525902	7	7	-0.4413918	0	0	0	0	0	0	0	0	0	0	0	0	0	54	0	
2	2694	-0.4407368	3.02E-06	4388.622	-0.001525902	7	7	-0.4408918	0	0	0	0	0	0	0	0	0	0	0	0	0	54	0	
2	2695	-0.4401234	3.10E-06	4389.622	-0.001525902	7	7	-0.4403918	0	0	0	0	0	0	0	0	0	0	0	0	0	54	0	
2	2696	-0.43951	3.22E-06	4390.622	-0.001525902	7	7	-0.4398918	0	0	0	0	0	0	0	0	0	0	0	0	0	54	0	
2	2697	-0.4392033	3.33E-06	4391.622	-0.001525902	7	7	-0.4393918	0	0	0	0	0	0	0	0	0	0	0	0	0	54	0	
2	2698	-0.4385899	3.43E-06	4392.622	-0.001525902	7	7	-0.4388918	0	0	0	0	0	0	0	0	0	0	0	0	0	54	0	
2	2699	-0.4379765	3.53E-06	4393.622	-0.001525902	7	7	-0.4383918	0	0	0	0	0	0	0	0	0	0	0	0	0	54	0	
2	2700	-0.4376698	3.64E-06	4394.622	-0.001525902	7	7	-0.4378918	0	0	0	0	0	0	0	0	0	0	0	0	0	54	0	
2	2701	-0.4370564	3.73E-06	4395.622	-0.001525902	7	7	-0.4373918	0	0	0	0	0	0	0	0	0	0	0	0	0	54	0	
2	2702	-0.4367497	3.84E-06	4396.622	-0.001525902	7	7	-0.4368918	0	0	0	0	0	0	0	0	0	0	0	0	0	54	0	
2	2703	-0.4361362	3.94E-06	4397.622	-0.001525902	7	7	-0.4363918	0	0	0	0	0	0	0	0	0	0	0	0	0	54	0	
2	2704	-0.4355228	4.05E-06	4398.622	-0.001525902	7	7	-0.4358918	0	0	0	0	0	0	0	0	0	0	0	0	0	54	0	
2	2705	-0.4349094	4.15E-06	4399.622	-0.001525902	7	7	-0.4353918	0	0	0	0	0	0	0	0	0	0	0	0	0	54	0	
2	2706	-0.4346027	4.25E-06	4400.622	-0.001525902	7	7	-0.4348918	0	0	0	0	0	0	0	0	0	0	0	0	0	54	0	
2	2707	-0.434296	4.34E-06	4401.622	-0.001525902	7	7	-0.4343918	0	0	0	0	0	0	0	0	0	0	0	0	0	54	0	
2	2708	-0.4336826	4.44E-06	4402.622	-0.001525902	7	7	-0.4338918	0	0	0	0	0	0	0	0	0	0	0	0	0	54	0	
2	2709	-0.4330692	4.55E-06	4403.622	-0.001525902	7	7	-0.4333918	0	0	0	0	0	0	0	0	0	0	0	0	0	54	0	
2	2710	-0.4324558	4.65E-06	4404.622	-0.001525902	7	7	-0.4333801	0	0	0	0	0	0	0	0	0	0	0	0	0	54	0	
2	2711	-0.4321491	4.75E-06	4405.622	-0.001525902	7	7	-0.4323918	0	0	0	0	0	0	0	0	0	0	0	0	0	54	0	
2	2712	-0.4315356	4.85E-06	4406.622	-0.001525902	7	7	-0.4318918	0	0	0	0	0	0	0	0	0	0	0	0	0	54	0	
2	2713	-0.4312289	4.94E-06	4407.622	-0.001525902	7	7	-0.4313918	0	0	0	0	0	0	0	0	0	0	0	0	0	54	0	
2	2714	-0.4306155	5.04E-06	4408.622	-0.001525902	7	7	-0.4308918	0	0	0	0	0	0	0	0	0	0	0	0	0	54	0	
2	2715	-0.4300021	5.14E-06	4409.622	-0.001525902	7	7	-0.4303918	0	0	0	0	0	0	0	0	0	0	0	0	0	54	0	
2	2716	-0.4293887	5.24E-06	4410.622	-0.001525902	7	7	-0.4298918	0	0	0	0	0	0	0	0	0	0	0	0	0	54	0	
2	2717	-0.429082	5.35E-06	4411.622	-0.001525902	7	7	-0.4293918	0	0	0	0	0	0	0	0	0	0	0	0	0	54	0	
2	2718	-0.4284686	5.45E-06	4412.622	-0.001525902	7	7	-0.4288918	0	0	0	0	0	0	0	0	0	0	0	0	0	54	0	
2	2719	-0.4281619	5.53E-06	4413.622	-0.001525902	7	7	-0.4283918	0	0	0	0	0	0	0	0	0	0	0	0	0	54	0	
2	2720	-0.4275485	5.60E-06	4414.622	-0.001525902	7	7	-0.4278918	0	0	0	0	0	0	0	0	0	0	0	0	0	54	0	
2	2721	-0.426935	5.70E-06	4415.622	-0.001525902	7	7	-0.4273918	0	0	0	0	0	0	0	0	0	0	0	0	0	54	0	
2	2722	-0.4266284	5.79E-06	4416.622	-0.001525902	7	7	-0.4268918	0	0	0	0	0	0	0	0	0	0	0	0	0	54	0	
2	2723	-0.4260149	5.88E-06	4417.622	-0.001525902	7	7	-0.4263918	0	0	0	0	0	0	0	0	0	0	0	0	0	54	0	
2	2724	-0.4254015	5.97E-06	4418.622	-0.001525902	7	7	-0.4258918	0	0	0	0	0	0	0	0	0	0	0	0	0	54	0	
2	2725	-0.4250948	6.06E-06	4419.622	-0.001525902	7	7	-0.4253918	0	0	0	0	0	0	0	0	0	0	0	0	0	54	0	
2	2726	-0.4244814	6.14E-06	4420.622	-0.001525902	7	7	-0.4248918	0	0	0	0	0	0	0	0	0	0	0	0	0	54	0	
2	2727	-0.4241747	6.24E-06	4421.622	-0.001525902	7	7	-0.4243918	0	0	0	0	0	0	0	0	0	0	0	0	0	54	0	
2	2728	-0.4235613	6.34E-06	4422.622	-0.001525902	7	7	-0.4238918	0	0	0	0	0	0	0	0	0	0	0	0	0	54	0	
2	2729	-0.4229479	6.44E-06	4423.622	-0.001525902	7	7	-0.4233918	0	0	0	0	0	0	0	0	0	0	0	0	0	54	0	
2	2730	-0.4226412	6.53E-06	4424.622	-0.001525902	7	7	-0.4228918	0	0	0	0	0	0	0	0	0	0	0	0	0	54	0	
2	2731	-0.4220277	6.63E-06	4425.622	-0.001525902	7	7	-0.4223918	0	0	0	0	0	0	0	0	0	0	0	0	0	54	0	
2	2732	-0.421721	6.73E-06	4426.622	-0.001525902	7	7	-0.4218918	0	0	0	0	0	0	0	0	0	0	0	0	0	54	0	
2	2733	-0.4211076	6.82E-06	4427.622	-0.001525902	7	7	-0.4213918	0	0	0	0	0	0	0	0	0	0	0	0	0	54	0	
2	2734	-0.4204942	6.91E-06	4428.622	-0.001525902	7	7	-0.4208918	0	0	0	0	0	0	0	0	0	0	0	0	0	54	0	
2	2735	-0.4201875	7.01E-06	4429.622	-0.001525902	7	7	-0.4203918	0	0	0	0	0	0	0	0	0	0	0	0	0	54	0	
2	2736	-0.4195741	7.10E-06	4430.622	-0.001525902	7	7	-0.4198918	0	0	0	0	0	0	0	0	0	0	0	0	0	54	0	
2	2737	-0.4189607	7.20E-06	4431.622	-0.001525902	7	7	-0.4193918	0	0	0	0	0	0	0	0	0	0	0	0	0	54	0	
2	2738	-0.418654	7.29E-06	4432.622	-0.001525902	7	7	-0.4188918	0	0	0	0	0	0	0	0	0	0	0	0	0	54	0	
2	2739	-0.4180406	7.38E-06	4433.622	-0.001525902	7	7	-0.4183918	0	0	0	0	0	0	0	0	0	0	0	0	0	54	0	
2	2740	-0.4177338	7.48E-06	4434.622	-0.001525902	7	7	-0.4178918	0	0	0	0	0	0	0	0	0	0	0	0	0	54	0	
2	2741	-0.4171205	7.57E-06	4435.622	-0.001525902	7	7	-0.4173918	0	0	0	0	0	0	0	0	0	0	0	0	0	54	0	
2	2742	-0.416507	7.67E-06	4436.622	-0.001525902	7	7	-0.4168918	0	0	0	0	0	0	0	0	0	0	0	0	0	54	0	
2	2743	-0.4162003	7.77E-06	4437.622	-0.001525902	7	7	-0.4163918	0	0	0	0	0	0	0	0	0	0	0	0	0	54	0	
2	2744	-0.4155869	7.86E-06	4438.622	-0.001525902	7	7	-0.4158918	0	0	0	0	0	0	0	0	0	0	0	0	0	54	0	
2	2745	-0.4149735	7.96E-06	4439.622	-0.001525902	7	7	-0.4153918	0	0	0	0	0	0	0	0	0	0	0	0	0	54	0	
2	2746	-0.4146668	8.04E-06	4440.622	-0.001525902	7	7	-0.4148918	0	0	0	0	0	0	0	0	0	0	0	0	0	54	0	
2	2747	-0.4140534	8.14E-06	4441.622	-0.001525902	7	7	-0.4143918	0	0	0	0	0	0	0	0	0	0	0	0	0	54	0	
2	2748	-0.4137467	8.24E-06	4442.622	-0.001525902	7	7	-0.4138918	0	0	0	0	0	0	0	0	0	0	0	0	0	54	0	
2	2749	-0.4131333	8.33E-06	4443.622	-0.001525902	7	7	-0.4133918	0	0	0	0	0	0	0	0	0	0	0	0	0	54	0	
2	2750	-0.4125198	8.44E-06	4444.622	-0.001525902	7	7	-0.4128918	0	0	0	0	0	0	0	0	0	0	0	0	0	54	0	
2	2751	-0.4122131	8.55E-06	4445.622	-0.001525902	7	7	-0.4123918	0	0	0	0	0	0	0	0	0	0	0	0	0	54	0	
2	2752	-0.4115997	8.62E-06	4446.622	-0.001525902	7	7	-0.4118918	0	0	0	0	0	0	0	0	0	0	0	0	0	54	0	
2	2753	-0.4109863	8.70E-06	4447.622	-0.001525902	7	7	-0.4113918	0	0	0	0	0	0	0	0	0	0	0	0	0	54	0	
2	2754	-0.4106796	8.80E-06	4448.622	-0.001525902	7	7	-0.4108918	0	0	0	0	0	0	0	0	0	0	0	0	0	54	0	
2	2755	-0.4100662	8.90E-06	4449.622	-0.001525902	7	7	-0.4103918	0	0	0	0	0	0	0	0	0	0	0	0	0	54	0	
2	2756	-0.4097595	9.00E-06	4450.622	-0.001525902	7	7	-0.4098918	0	0	0	0	0	0	0	0	0	0	0	0	0	54	0	
2	2757	-0.4091461	9.09E-06	4451.622	-0.001525902	7	7	-0.4093918	0	0	0	0	0	0	0	0	0	0	0	0	0	54	0	
2	2758	-0.4085327	9.19E-06	4452.622	-0.001525902	7	7	-0.4088918	0	0	0	0	0	0	0	0	0	0	0	0	0	54	0	
2	2759	-0.408226	9.28E-06	4453.622	-0.001525902	7	7	-0.4083918	0	0	0	0	0	0	0	0	0	0	0	0	0	54	0	
2	2760	-0.4076126	9.38E-06	4454.622	-0.001525902	7	7	-0.4078918	0	0	0	0	0	0	0	0	0	0	0	0	0	54	0	
2	2761	-0.4069991	9.48E-06	4455.622	-0.001525902	7	7	-0.4073918	0	0	0	0	0	0	0	0	0	0	0	0	0	54	0	
2	2762	-0.4066924	9.58E-06	4456.622	-0.001525902	7	7	-0.4068918	0	0	0	0	0	0	0	0	0	0	0	0	0	54	0	
2	2763	-0.406079	9.67E-06	4457.622	-0.001525902	7	7	-0.4063918	0	0	0	0	0	0	0	0	0	0	0	0	0	54	0	
2	2764	-0.4057723	9.77E-06	4458.622	-0.001525902	7	7	-0.4058918	0	0	0	0	0	0	0	0	0	0	0	0	0	54	0	
2	2765	-0.4051589	9.85E-06	4459.622	-0.001525902	7	7	-0.4053918	0	0	0	0	0	0	0	0	0	0	0	0	0	54	0	
2	2766	-0.4045455	9.95E-06	4460.622	-0.001525902	7	7	-0.4048918	0	0	0	0	0	0	0	0	0	0	0	0	0	54	0	
2	2767	-0.4042388	1.00E-05	4461.622	-0.001525902	7	7	-0.4043918	0	0	0	0	0	0	0	0	0	0	0	0	0	54	0	
2	2768	-0.4036254	1.01E-05	4462.622	-0.001525902	7	7	-0.4038918	0	0	0	0	0	0	0	0	0	0	0	0	0	54	0	
2	2769	-0.4030119	1.02E-05	4463.622	-0.001525902	7	7	-0.4033918	0	0	0	0	0	0	0	0	0	0	0	0	0	54	0	
2	2770	-0.4027053	1.03E-05	4464.622	-0.001525902	7	7	-0.4028918	0	0	0	0	0	0	0	0	0	0	0	0	0	54	0	
2	2771	-0.4020918	1.04E-05	4465.622	-0.001525902	7	7	-0.4023918	0	0	0	0	0	0	0	0	0	0	0	0	0	54	0	
2	2772	-0.4017851	1.05E-05	4466.622	-0.001525902	7	7	-0.4018918	0	0	0	0	0	0	0	0	0	0	0	0	0	54	0	
2	2773	-0.4011717	1.06E-05	4467.622	-0.001525902	7	7	-0.4013918	0	0	0	0	0	0	0	0	0	0	0	0	0	54	0	
2	2774	-0.4005583	1.07E-05	4468.622	-0.001525902	7	7	-0.4008918	0	0	0	0	0	0	0	0	0	0	0	0	0	54	0	
2	2775	-0.4002516	1.08E-05	4469.622	-0.001525902	7	7	-0.4003918	0	0	0	0	0	0	0	0	0	0	0	0	0	54	0	
2	2776	-0.3996382	1.09E-05	4470.622	-0.001525902	7	7	-0.3998918	0	0	0	0	0	0	0	0	0	0	0	0	0	54	0	
2	2777	-0.3990248	1.10E-05	4471.622	-0.001525902	7	7	-0.3993918	0	0	0	0	0	0	0	0	0	0	0	0	0	54	0	
2	2778	-0.3987181	1.10E-05	4472.622	-0.001525902	7	7	-0.3988918	0	0	0	0	0	0	0	0	0	0	0	0	0	54	0	
2	2779	-0.3981047	1.11E-05	4473.622	-0.001525902	7	7	-0.3983918	0	0	0	0	0	0	0	0	0	0	0	0	0	54	0	
2	2780	-0.3974912	1.12E-05	4474.622	-0.001525902	7	7	-0.3978918	0	0	0	0	0	0	0	0	0	0	0	0	0	54	0	
2	2781	-0.3971845	1.13E-05	4475.622	-0.001525902	7	7	-0.3973918	0	0	0	0	0	0	0	0	0	0	0	0	0	54	0	
2	2782	-0.3965711	1.14E-05	4476.622	-0.001525902	7	7	-0.3968918	0	0	0	0	0	0	0	0	0	0	0	0	0	54	0	
2	2783	-0.3959577	1.15E-05	4477.622	-0.001525902	7	7	-0.3963918	0	0	0	0	0	0	0	0	0	0	0	0	0	54	0	
2	2784	-0.395651	1.16E-05	4478.622	-0.001525902	7	7	-0.3958918	0	0	0	0	0	0	0	0	0	0	0	0	0	54	0	
2	2785	-0.3953443	1.17E-05	4479.622	-0.001525902	7	7	-0.3953918	0	0	0	0	0	0	0	0	0	0	0	0	0	54	0	
2	2786	-0.3947309	1.18E-05	4480.622	-0.001525902	7	7	-0.3948918	0	0	0	0	0	0	0	0	0	0	0	0	0	54	0	
2	2787	-0.3941175	1.19E-05	4481.622	-0.001525902	7	7	-0.3943918	0	0	0	0	0	0	0	0	0	0	0	0	0	54	0	
2	2788	-0.3938108	1.20E-05	4482.622	-0.001525902	7	7	-0.3938918	0	0	0	0	0	0	0	0	0	0	0	0	0	54	0	
2	2789	-0.3931974	1.21E-05	4483.622	-0.001525902	7	7	-0.3933918	0	0	0	0	0	0	0	0	0	0	0	0	0	54	0	
2	2790	-0.3928907	1.22E-05	4484.622	-0.001525902	7	7	-0.3928918	0	0	0	0	0	0	0	0	0	0	0	0	0	54	0	
2	2791	-0.3922772	1.22E-05	4485.622	-0.001525902	7	7	-0.3923918	0	0	0	0	0	0	0	0	0	0	0	0	0	54	0	
2	2792	-0.3916638	1.23E-05	4486.622	-0.001525902	7	7	-0.3918918	0	0	0	0	0	0	0	0	0	0	0	0	0	54	0	
2	2793	-0.3913571	1.24E-05	4487.622	-0.001525902	7	7	-0.3913918	0	0	0	0	0	0	0	0	0	0	0	0	0	54	0	
2	2794	-0.3907437	1.25E-05	4488.622	-0.001525902	7	7	-0.3908918	0	0	0	0	0	0	0	0	0	0	0	0	0	54	0	
2	2795	-0.390437	1.26E-05	4489.622	-0.001525902	7	7	-0.3903918	0	0	0	0	0	0	0	0	0	0	0	0	0	54	0	
2	2796	-0.3898236	1.27E-05	4490.622	-0.001525902	7	7	-0.3898918	0	0	0	0	0	0	0	0	0	0	0	0	0	54	0	
2	2797	-0.3895169	1.27E-05	4491.622	-0.001525902	7	7	-0.3893918	0	0	0	0	0	0	0	0	0	0	0	0	0	54	0	
2	2798	-0.3889035	1.28E-05	4492.622	-0.001525902	7	7	-0.3888918	0	0	0	0	0	0	0	0	0	0	0	0	0	54	0	
2	2799	-0.38829	1.29E-05	4493.622	-0.001525902	7	7	-0.3883918	0	0	0	0	0	0	0	0	0	0	0	0	0	54	0	
2	2800	-0.3876766	1.30E-05	4494.622	-0.001525902	7	7	-0.3878918	0	0	0	0	0	0	0	0	0	0	0	0	0	54	0	
2	2801	-0.3873699	1.31E-05	4495.622	-0.001525902	7	7	-0.3873918	0	0	0	0	0	0	0	0	0	0	0	0	0	54	0	
2	2802	-0.3867565	1.32E-05	4496.622	-0.001525902	7	7	-0.3868918	0	0	0	0	0	0	0	0	0	0	0	0	0	54	0	
2	2803	-0.3864498	1.33E-05	4497.622	-0.001525902	7	7	-0.3863918	0	0	0	0	0	0	0	0	0	0	0	0	0	54	0	
2	2804	-0.3858364	1.34E-05	4498.622	-0.001525902	7	7	-0.3858918	0	0	0	0	0	0	0	0	0	0	0	0	0	54	0	
2	2805	-0.385223	1.34E-05	4499.622	-0.001525902	7	7	-0.3853918	0	0	0	0	0	0	0	0	0	0	0	0	0	54	0	
2	2806	-0.3849163	1.35E-05	4500.622	-0.001525902	7	7	-0.3848918	0	0	0	0	0	0	0	0	0	0	0	0	0	54	0	
2	2807	-0.3843029	1.36E-05	4501.622	-0.001525902	7	7	-0.3843918	0	0	0	0	0	0	0	0	0	0	0	0	0	54	0	
2	2808	-0.3839962	1.37E-05	4502.622	-0.001525902	7	7	-0.3838918	0	0	0	0	0	0	0	0	0	0	0	0	0	54	0	
2	2809	-0.3833827	1.38E-05	4503.622	-0.001525902	7	7	-0.3833918	0	0	0	0	0	0	0	0	0	0	0	0	0	54	0	
2	2810	-0.3827693	1.39E-05	4504.622	-0.001525902	7	7	-0.3828918	0	0	0	0	0	0	0	0	0	0	0	0	0	54	0	
2	2811	-0.3824626	1.40E-05	4505.622	-0.001525902	7	7	-0.3823918	0	0	0	0	0	0	0	0	0	0	0	0	0	54	0	
2	2812	-0.3818492	1.41E-05	4506.622	-0.001525902	7	7	-0.3818918	0	0	0	0	0	0	0	0	0	0	0	0	0	54	0	
2	2813	-0.3812358	1.42E-05	4507.622	-0.001525902	7	7	-0.3813918	0	0	0	0	0	0	0	0	0	0	0	0	0	54	0	
2	2814	-0.3809291	1.43E-05	4508.622	-0.001525902	7	7	-0.3808918	0	0	0	0	0	0	0	0	0	0	0	0	0	54	0	
2	2815	-0.3803157	1.44E-05	4509.622	-0.001525902	7	7	-0.3803918	0	0	0	0	0	0	0	0	0	0	0	0	0	54	0	
2	2816	-0.3797023	1.44E-05	4510.622	-0.001525902	7	7	-0.3798918	0	0	0	0	0	0	0	0	0	0	0	0	0	54	0	
2	2817	-0.3793956	1.45E-05	4511.622	-0.001525902	7	7	-0.3793918	0	0	0	0	0	0	0	0	0	0	0	0	0	54	0	
2	2818	-0.3787822	1.46E-05	4512.622	-0.001525902	7	7	-0.3788918	0	0	0	0	0	0	0	0	0	0	0	0	0	54	0	
2	2819	-0.3781687	1.47E-05	4513.622	-0.001525902	7	7	-0.3783918	0	0	0	0	0	0	0	0	0	0	0	0	0	54	0	
2	2820	-0.377862	1.48E-05	4514.622	-0.001525902	7	7	-0.3778918	0	0	0	0	0	0	0	0	0	0	0	0	0	54	0	
2	2821	-0.3772486	1.48E-05	4515.622	-0.001525902	7	7	-0.3773918	0	0	0	0	0	0	0	0	0	0	0	0	0	54	0	
2	2822	-0.3769419	1.49E-05	4516.622	-0.001525902	7	7	-0.3768918	0	0	0	0	0	0	0	0	0	0	0	0	0	54	0	
2	2823	-0.3763285	1.50E-05	4517.622	-0.001525902	7	7	-0.3763918	0	0	0	0	0	0	0	0	0	0	0	0	0	54	0	
2	2824	-0.3760218	1.51E-05	4518.622	-0.001525902	7	7	-0.3758918	0	0	0	0	0	0	0	0	0	0	0	0	0	54	0	
2	2825	-0.3754084	1.52E-05	4519.622	-0.001525902	7	7	-0.3753918	0	0	0	0	0	0	0	0	0	0	0	0	0	54	0	
2	2826	-0.374795	1.53E-05	4520.622	-0.001525902	7	7	-0.3748918	0	0	0	0	0	0	0	0	0	0	0	0	0	54	0	
2	2827	-0.3744883	1.53E-05	4521.622	-0.001525902	7	7	-0.3743918	0	0	0	0	0	0	0	0	0	0	0	0	0	54	0	
2	2828	-0.3738748	1.54E-05	4522.622	-0.001525902	7	7	-0.3738918	0	0	0	0	0	0	0	0	0	0	0	0	0	54	0	
2	2829	-0.3732615	1.55E-05	4523.622	-0.001525902	7	7	-0.3733918	0	0	0	0	0	0	0	0	0	0	0	0	0	54	0	
2	2830	-0.3729547	1.56E-05	4524.622	-0.001525902	7	7	-0.3728918	0	0	0	0	0	0	0	0	0	0	0	0	0	54	0	
2	2831	-0.3723413	1.57E-05	4525.622	-0.001525902	7	7	-0.3723918	0	0	0	0	0	0	0	0	0	0	0	0	0	54	0	
2	2832	-0.3717279	1.58E-05	4526.622	-0.001525902	7	7	-0.3718918	0	0	0	0	0	0	0	0	0	0	0	0	0	54	0	
2	2833	-0.3714212	1.58E-05	4527.622	-0.001525902	7	7	-0.3713918	0	0	0	0	0	0	0	0	0	0	0	0	0	54	0	
2	2834	-0.3708078	1.59E-05	4528.622	-0.001525902	7	7	-0.3708918	0	0	0	0	0	0	0	0	0	0	0	0	0	54	0	
2	2835	-0.3701944	1.60E-05	4529.622	-0.001525902	7	7	-0.3708801	0	0	0	0	0	0	0	0	0	0	0	0	0	54	0	
2	2836	-0.3698877	1.61E-05	4530.622	-0.001525902	7	7	-0.3698918	0	0	0	0	0	0	0	0	0	0	0	0	0	54	0	
2	2837	-0.3692743	1.62E-05	4531.622	-0.001525902	7	7	-0.3693918	0	0	0	0	0	0	0	0	0	0	0	0	0	54	0	
2	2838	-0.3686608	1.63E-05	4532.622	-0.001525902	7	7	-0.3688918	0	0	0	0	0	0	0	0	0	0	0	0	0	54	0	
2	2839	-0.3683541	1.64E-05	4533.622	-0.001525902	7	7	-0.3683918	0	0	0	0	0	0	0	0	0	0	0	0	0	54	0	
2	2840	-0.3677407	1.64E-05	4534.622	-0.001525902	7	7	-0.3678918	0	0	0	0	0	0	0	0	0	0	0	0	0	54	0	
2	2841	-0.367434	1.65E-05	4535.622	-0.001525902	7	7	-0.3673918	0	0	0	0	0	0	0	0	0	0	0	0	0	54	0	
2	2842	-0.3668206	1.66E-05	4536.622	-0.001525902	7	7	-0.3668918	0	0	0	0	0	0	0	0	0	0	0	0	0	54	0	
2	2843	-0.3665139	1.67E-05	4537.622	-0.001525902	7	7	-0.3663918	0	0	0	0	0	0	0	0	0	0	0	0	0	54	0	
2	2844	-0.3659005	1.68E-05	4538.622	-0.001525902	7	7	-0.3658918	0	0	0	0	0	0	0	0	0	0	0	0	0	54	0	
2	2845	-0.3652871	1.68E-05	4539.622	-0.001525902	7	7	-0.3653918	0	0	0	0	0	0	0	0	0	0	0	0	0	54	0	
2	2846	-0.3649804	1.69E-05	4540.622	-0.001525902	7	7	-0.3648918	0	0	0	0	0	0	0	0	0	0	0	0	0	54	0	
2	2847	-0.3643669	1.70E-05	4541.622	-0.001525902	7	7	-0.3643918	0	0	0	0	0	0	0	0	0	0	0	0	0	54	0	
2	2848	-0.3640603	1.71E-05	4542.622	-0.001525902	7	7	-0.3638918	0	0	0	0	0	0	0	0	0	0	0	0	0	54	0	
2	2849	-0.3634468	1.72E-05	4543.622	-0.001525902	7	7	-0.3633918	0	0	0	0	0	0	0	0	0	0	0	0	0	54	0	
2	2850	-0.3628334	1.73E-05	4544.622	-0.001525902	7	7	-0.3628918	0	0	0	0	0	0	0	0	0	0	0	0	0	54	0	
2	2851	-0.3625267	1.73E-05	4545.622	-0.001525902	7	7	-0.3623918	0	0	0	0	0	0	0	0	0	0	0	0	0	54	0	
2	2852	-0.3619133	1.74E-05	4546.622	-0.001525902	7	7	-0.3618918	0	0	0	0	0	0	0	0	0	0	0	0	0	54	0	
2	2853	-0.3612999	1.75E-05	4547.622	-0.001525902	7	7	-0.3613918	0	0	0	0	0	0	0	0	0	0	0	0	0	54	0	
2	2854	-0.3609932	1.76E-05	4548.622	-0.001525902	7	7	-0.3608918	0	0	0	0	0	0	0	0	0	0	0	0	0	54	0	
2	2855	-0.3603798	1.77E-05	4549.622	-0.001525902	7	7	-0.3603918	0	0	0	0	0	0	0	0	0	0	0	0	0	54	0	
2	2856	-0.3597664	1.78E-05	4550.622	-0.001525902	7	7	-0.3598918	0	0	0	0	0	0	0	0	0	0	0	0	0	54	0	
2	2857	-0.3594597	1.79E-05	4551.622	-0.001525902	7	7	-0.3593918	0	0	0	0	0	0	0	0	0	0	0	0	0	54	0	
2	2858	-0.3588462	1.80E-05	4552.622	-0.001525902	7	7	-0.3588918	0	0	0	0	0	0	0	0	0	0	0	0	0	54	0	
2	2859	-0.3582328	1.80E-05	4553.622	-0.001525902	7	7	-0.3583918	0	0	0	0	0	0	0	0	0	0	0	0	0	54	0	
2	2860	-0.3579261	1.81E-05	4554.622	-0.001525902	7	7	-0.3578918	0	0	0	0	0	0	0	0	0	0	0	0	0	54	0	
2	2861	-0.3573127	1.82E-05	4555.622	-0.001525902	7	7	-0.3573918	0	0	0	0	0	0	0	0	0	0	0	0	0	54	0	
2	2862	-0.357006	1.83E-05	4556.622	-0.001525902	6	6	-0.3568918	0	0	0	0	0	0	0	0	0	0	0	0	0	54	0	
2	2863	-0.3563926	1.84E-05	4557.622	-0.001525902	6	6	-0.3563918	0	0	0	0	0	0	0	0	0	0	0	0	0	54	0	
2	2864	-0.3557792	1.85E-05	4558.622	-0.001525902	6	6	-0.3558918	0	0	0	0	0	0	0	0	0	0	0	0	0	54	0	
2	2865	-0.3554725	1.85E-05	4559.622	-0.001525902	6	6	-0.3553918	0	0	0	0	0	0	0	0	0	0	0	0	0	54	0	
2	2866	-0.3548591	1.86E-05	4560.622	-0.001525902	6	6	-0.3548918	0	0	0	0	0	0	0	0	0	0	0	0	0	54	0	
2	2867	-0.3542457	1.87E-05	4561.622	-0.001525902	6	6	-0.3543918	0	0	0	0	0	0	0	0	0	0	0	0	0	54	0	
2	2868	-0.3539389	1.88E-05	4562.622	-0.001525902	6	6	-0.3538918	0	0	0	0	0	0	0	0	0	0	0	0	0	54	0	
2	2869	-0.3533255	1.89E-05	4563.622	-0.001525902	6	6	-0.3533918	0	0	0	0	0	0	0	0	0	0	0	0	0	54	0	
2	2870	-0.3527121	1.90E-05	4564.622	-0.001525902	6	6	-0.3528918	0	0	0	0	0	0	0	0	0	0	0	0	0	54	0	
2	2871	-0.3524054	1.91E-05	4565.622	-0.001525902	6	6	-0.3523918	0	0	0	0	0	0	0	0	0	0	0	0	0	54	0	
2	2872	-0.351792	1.92E-05	4566.622	-0.001525902	6	6	-0.3518918	0	0	0	0	0	0	0	0	0	0	0	0	0	54	0	
2	2873	-0.3514853	1.92E-05	4567.622	-0.001525902	6	6	-0.3513918	0	0	0	0	0	0	0	0	0	0	0	0	0	54	0	
2	2874	-0.3508719	1.93E-05	4568.622	-0.001525902	6	6	-0.3508918	0	0	0	0	0	0	0	0	0	0	0	0	0	54	0	
2	2875	-0.3505652	1.94E-05	4569.622	-0.001525902	6	6	-0.3503918	0	0	0	0	0	0	0	0	0	0	0	0	0	54	0	
2	2876	-0.3499518	1.95E-05	4570.622	-0.001525902	6	6	-0.3498918	0	0	0	0	0	0	0	0	0	0	0	0	0	54	0	
2	2877	-0.3493384	1.96E-05	4571.622	-0.001525902	6	6	-0.3493918	0	0	0	0	0	0	0	0	0	0	0	0	0	54	0	
2	2878	-0.3487249	1.97E-05	4572.622	-0.001525902	6	6	-0.3488918	0	0	0	0	0	0	0	0	0	0	0	0	0	54	0	
2	2879	-0.3484182	1.98E-05	4573.622	-0.001525902	6	6	-0.3483918	0	0	0	0	0	0	0	0	0	0	0	0	0	54	0	
2	2880	-0.3478048	1.98E-05	4574.622	-0.001525902	6	6	-0.3478918	0	0	0	0	0	0	0	0	0	0	0	0	0	54	0	
2	2881	-0.3471914	1.99E-05	4575.622	-0.001525902	6	6	-0.3473918	0	0	0	0	0	0	0	0	0	0	0	0	0	54	0	
2	2882	-0.3468847	2.00E-05	4576.622	-0.001525902	6	6	-0.3468918	0	0	0	0	0	0	0	0	0	0	0	0	0	54	0	
2	2883	-0.3462713	2.01E-05	4577.622	-0.001525902	6	6	-0.3463918	0	0	0	0	0	0	0	0	0	0	0	0	0	54	0	
2	2884	-0.3459646	2.01E-05	4578.622	-0.001525902	6	6	-0.3458918	0	0	0	0	0	0	0	0	0	0	0	0	0	54	0	
2	2885	-0.3453512	2.02E-05	4579.622	-0.001525902	6	6	-0.3453918	0	0	0	0	0	0	0	0	0	0	0	0	0	54	0	
2	2886	-0.3447377	2.03E-05	4580.622	-0.001525902	6	6	-0.3448918	0	0	0	0	0	0	0	0	0	0	0	0	0	54	0	
2	2887	-0.344431	2.04E-05	4581.622	-0.001525902	6	6	-0.3443918	0	0	0	0	0	0	0	0	0	0	0	0	0	54	0	
2	2888	-0.3438176	2.05E-05	4582.622	-0.001525902	6	6	-0.3438918	0	0	0	0	0	0	0	0	0	0	0	0	0	54	0	
2	2889	-0.3432042	2.06E-05	4583.622	-0.001525902	6	6	-0.3433918	0	0	0	0	0	0	0	0	0	0	0	0	0	54	0	
2	2890	-0.3428975	2.06E-05	4584.622	-0.001525902	6	6	-0.3428918	0	0	0	0	0	0	0	0	0	0	0	0	0	54	0	
2	2891	-0.3422841	2.07E-05	4585.622	-0.001525902	6	6	-0.3423918	0	0	0	0	0	0	0	0	0	0	0	0	0	54	0	
2	2892	-0.3419774	2.08E-05	4586.622	-0.001525902	6	6	-0.3418918	0	0	0	0	0	0	0	0	0	0	0	0	0	54	0	
2	2893	-0.341364	2.09E-05	4587.622	-0.001525902	6	6	-0.3413918	0	0	0	0	0	0	0	0	0	0	0	0	0	54	0	
2	2894	-0.3407506	2.10E-05	4588.622	-0.001525902	6	6	-0.3408918	0	0	0	0	0	0	0	0	0	0	0	0	0	54	0	
2	2895	-0.3404438	2.10E-05	4589.622	-0.001525902	6	6	-0.3403918	0	0	0	0	0	0	0	0	0	0	0	0	0	54	0	
2	2896	-0.3398305	2.11E-05	4590.622	-0.001525902	6	6	-0.3398918	0	0	0	0	0	0	0	0	0	0	0	0	0	54	0	
2	2897	-0.339217	2.12E-05	4591.622	-0.001525902	6	6	-0.3393918	0	0	0	0	0	0	0	0	0	0	0	0	0	54	0	
2	2898	-0.3389103	2.13E-05	4592.622	-0.001525902	6	6	-0.3388918	0	0	0	0	0	0	0	0	0	0	0	0	0	54	0	
2	2899	-0.3382969	2.14E-05	4593.622	-0.001525902	6	6	-0.3383918	0	0	0	0	0	0	0	0	0	0	0	0	0	54	0	
2	2900	-0.3379902	2.15E-05	4594.622	-0.001525902	6	6	-0.3378918	0	0	0	0	0	0	0	0	0	0	0	0	0	54	0	
2	2901	-0.3373768	2.16E-05	4595.622	-0.001525902	6	6	-0.3373918	0	0	0	0	0	0	0	0	0	0	0	0	0	54	0	
2	2902	-0.3367634	2.16E-05	4596.622	-0.001525902	6	6	-0.3368918	0	0	0	0	0	0	0	0	0	0	0	0	0	54	0	
2	2903	-0.3364567	2.17E-05	4597.622	-0.001525902	6	6	-0.3363918	0	0	0	0	0	0	0	0	0	0	0	0	0	54	0	
2	2904	-0.3358433	2.18E-05	4598.622	-0.001525902	6	6	-0.3358918	0	0	0	0	0	0	0	0	0	0	0	0	0	54	0	
2	2905	-0.3355366	2.19E-05	4599.622	-0.001525902	6	6	-0.3353918	0	0	0	0	0	0	0	0	0	0	0	0	0	54	0	
2	2906	-0.3349231	2.20E-05	4600.622	-0.001525902	6	6	-0.3348918	0	0	0	0	0	0	0	0	0	0	0	0	0	54	0	
2	2907	-0.3343097	2.21E-05	4601.622	-0.001525902	6	6	-0.3343918	0	0	0	0	0	0	0	0	0	0	0	0	0	54	0	
2	2908	-0.334003	2.22E-05	4602.622	-0.001525902	6	6	-0.3338918	0	0	0	0	0	0	0	0	0	0	0	0	0	54	0	
2	2909	-0.3333896	2.23E-05	4603.622	-0.001525902	6	6	-0.3333918	0	0	0	0	0	0	0	0	0	0	0	0	0	54	0	
2	2910	-0.3327762	2.24E-05	4604.622	-0.001525902	6	6	-0.3328918	0	0	0	0	0	0	0	0	0	0	0	0	0	54	0	
2	2911	-0.3324695	2.25E-05	4605.622	-0.001525902	6	6	-0.3323918	0	0	0	0	0	0	0	0	0	0	0	0	0	54	0	
2	2912	-0.3318561	2.26E-05	4606.622	-0.001525902	6	6	-0.3318918	0	0	0	0	0	0	0	0	0	0	0	0	0	54	0	
2	2913	-0.3315494	2.27E-05	4607.622	-0.001525902	6	6	-0.3313918	0	0	0	0	0	0	0	0	0	0	0	0	0	54	0	
2	2914	-0.330936	2.28E-05	4608.622	-0.001525902	6	6	-0.3308918	0	0	0	0	0	0	0	0	0	0	0	0	0	54	0	
2	2915	-0.3306293	2.29E-05	4609.622	-0.001525902	6	6	-0.3303918	0	0	0	0	0	0	0	0	0	0	0	0	0	54	0	
2	2916	-0.3300158	2.29E-05	4610.622	-0.001525902	6	6	-0.3298918	0	0	0	0	0	0	0	0	0	0	0	0	0	54	0	
2	2917	-0.3294024	2.30E-05	4611.622	-0.001525902	6	6	-0.3293918	0	0	0	0	0	0	0	0	0	0	0	0	0	54	0	
2	2918	-0.328789	2.31E-05	4612.622	-0.001525902	6	6	-0.3288918	0	0	0	0	0	0	0	0	0	0	0	0	0	54	0	
2	2919	-0.3284823	2.32E-05	4613.622	-0.001525902	6	6	-0.3283918	0	0	0	0	0	0	0	0	0	0	0	0	0	54	0	
2	2920	-0.3278689	2.33E-05	4614.622	-0.001525902	6	6	-0.3278918	0	0	0	0	0	0	0	0	0	0	0	0	0	54	0	
2	2921	-0.3272555	2.34E-05	4615.622	-0.001525902	6	6	-0.3273918	0	0	0	0	0	0	0	0	0	0	0	0	0	54	0	
2	2922	-0.3269488	2.35E-05	4616.622	-0.001525902	6	6	-0.3268918	0	0	0	0	0	0	0	0	0	0	0	0	0	54	0	
2	2923	-0.3263354	2.36E-05	4617.622	-0.001525902	6	6	-0.3263918	0	0	0	0	0	0	0	0	0	0	0	0	0	54	0	
2	2924	-0.3260287	2.37E-05	4618.622	-0.001525902	6	6	-0.3258918	0	0	0	0	0	0	0	0	0	0	0	0	0	54	0	
2	2925	-0.3254153	2.37E-05	4619.622	-0.001525902	6	6	-0.3253918	0	0	0	0	0	0	0	0	0	0	0	0	0	54	0	
2	2926	-0.3248018	2.38E-05	4620.622	-0.001525902	6	6	-0.3248918	0	0	0	0	0	0	0	0	0	0	0	0	0	54	0	
2	2927	-0.3244951	2.39E-05	4621.622	-0.001525902	6	6	-0.3243918	0	0	0	0	0	0	0	0	0	0	0	0	0	54	0	
2	2928	-0.3238817	2.40E-05	4622.622	-0.001525902	6	6	-0.3238918	0	0	0	0	0	0	0	0	0	0	0	0	0	54	0	
2	2929	-0.3232683	2.41E-05	4623.622	-0.001525902	6	6	-0.3233918	0	0	0	0	0	0	0	0	0	0	0	0	0	54	0	
2	2930	-0.3229616	2.42E-05	4624.622	-0.001525902	6	6	-0.3228918	0	0	0	0	0	0	0	0	0	0	0	0	0	54	0	
2	2931	-0.3223482	2.43E-05	4625.622	-0.001525902	6	6	-0.3223918	0	0	0	0	0	0	0	0	0	0	0	0	0	54	0	
2	2932	-0.3217348	2.44E-05	4626.622	-0.001525902	6	6	-0.3218918	0	0	0	0	0	0	0	0	0	0	0	0	0	54	0	
2	2933	-0.3214281	2.44E-05	4627.622	-0.001525902	6	6	-0.3213918	0	0	0	0	0	0	0	0	0	0	0	0	0	54	0	
2	2934	-0.3208147	2.45E-05	4628.622	-0.001525902	6	6	-0.3208918	0	0	0	0	0	0	0	0	0	0	0	0	0	54	0	
2	2935	-0.3205079	2.46E-05	4629.622	-0.001525902	6	6	-0.3203918	0	0	0	0	0	0	0	0	0	0	0	0	0	54	0	
2	2936	-0.3198946	2.47E-05	4630.622	-0.001525902	6	6	-0.3198918	0	0	0	0	0	0	0	0	0	0	0	0	0	54	0	
2	2937	-0.3192811	2.48E-05	4631.622	-0.001525902	6	6	-0.3193918	0	0	0	0	0	0	0	0	0	0	0	0	0	54	0	
2	2938	-0.3186677	2.49E-05	4632.622	-0.001525902	6	6	-0.3188918	0	0	0	0	0	0	0	0	0	0	0	0	0	54	0	
2	2939	-0.318361	2.49E-05	4633.622	-0.001525902	6	6	-0.3183918	0	0	0	0	0	0	0	0	0	0	0	0	0	54	0	
2	2940	-0.3180543	2.50E-05	4634.622	-0.001525902	6	6	-0.3178918	0	0	0	0	0	0	0	0	0	0	0	0	0	54	0	
2	2941	-0.3174409	2.51E-05	4635.622	-0.001525902	6	6	-0.3173918	0	0	0	0	0	0	0	0	0	0	0	0	0	54	0	
2	2942	-0.3168275	2.52E-05	4636.622	-0.001525902	6	6	-0.3168918	0	0	0	0	0	0	0	0	0	0	0	0	0	54	0	
2	2943	-0.3165208	2.53E-05	4637.622	-0.001525902	6	6	-0.3163918	0	0	0	0	0	0	0	0	0	0	0	0	0	54	0	
2	2944	-0.3159074	2.53E-05	4638.622	-0.001525902	6	6	-0.3158918	0	0	0	0	0	0	0	0	0	0	0	0	0	54	0	
2	2945	-0.3152939	2.54E-05	4639.622	-0.001525902	6	6	-0.3153918	0	0	0	0	0	0	0	0	0	0	0	0	0	54	0	
2	2946	-0.3149872	2.55E-05	4640.622	-0.001525902	6	6	-0.3148918	0	0	0	0	0	0	0	0	0	0	0	0	0	54	0	
2	2947	-0.3143738	2.56E-05	4641.622	-0.001525902	6	6	-0.3143918	0	0	0	0	0	0	0	0	0	0	0	0	0	54	0	
2	2948	-0.3137604	2.57E-05	4642.622	-0.001525902	6	6	-0.3138918	0	0	0	0	0	0	0	0	0	0	0	0	0	54	0	
2	2949	-0.3134537	2.57E-05	4643.622	-0.001525902	6	6	-0.3133918	0	0	0	0	0	0	0	0	0	0	0	0	0	54	0	
2	2950	-0.3128403	2.58E-05	4644.622	-0.001525902	6	6	-0.3128918	0	0	0	0	0	0	0	0	0	0	0	0	0	54	0	
2	2951	-0.3122269	2.59E-05	4645.622	-0.001525902	6	6	-0.3123918	0	0	0	0	0	0	0	0	0	0	0	0	0	54	0	
2	2952	-0.3119202	2.60E-05	4646.622	-0.001525902	6	6	-0.3118918	0	0	0	0	0	0	0	0	0	0	0	0	0	54	0	
2	2953	-0.3113068	2.61E-05	4647.622	-0.001525902	6	6	-0.3113918	0	0	0	0	0	0	0	0	0	0	0	0	0	54	0	
2	2954	-0.311	2.62E-05	4648.622	-0.001525902	6	6	-0.3108918	0	0	0	0	0	0	0	0	0	0	0	0	0	54	0	
2	2955	-0.3103866	2.63E-05	4649.622	-0.001525902	6	6	-0.3103918	0	0	0	0	0	0	0	0	0	0	0	0	0	54	0	
2	2956	-0.3097732	2.64E-05	4650.622	-0.001525902	6	6	-0.3098918	0	0	0	0	0	0	0	0	0	0	0	0	0	54	0	
2	2957	-0.3091598	2.65E-05	4651.622	-0.001525902	6	6	-0.3093918	0	0	0	0	0	0	0	0	0	0	0	0	0	54	0	
2	2958	-0.3088531	2.65E-05	4652.622	-0.001525902	6	6	-0.3088918	0	0	0	0	0	0	0	0	0	0	0	0	0	54	0	
2	2959	-0.3085464	2.66E-05	4653.622	-0.001525902	6	6	-0.3083918	0	0	0	0	0	0	0	0	0	0	0	0	0	54	0	
2	2960	-0.307933	2.67E-05	4654.622	-0.001525902	6	6	-0.3083801	0	0	0	0	0	0	0	0	0	0	0	0	0	54	0	
2	2961	-0.3073196	2.68E-05	4655.622	-0.001525902	6	6	-0.3073918	0	0	0	0	0	0	0	0	0	0	0	0	0	54	0	
2	2962	-0.3070129	2.69E-05	4656.622	-0.001525902	6	6	-0.3068918	0	0	0	0	0	0	0	0	0	0	0	0	0	54	0	
2	2963	-0.3063995	2.70E-05	4657.622	-0.001525902	6	6	-0.3063918	0	0	0	0	0	0	0	0	0	0	0	0	0	54	0	
2	2964	-0.305786	2.71E-05	4658.622	-0.001525902	6	6	-0.3058918	0	0	0	0	0	0	0	0	0	0	0	0	0	54	0	
2	2965	-0.3054793	2.72E-05	4659.622	-0.001525902	6	6	-0.3053918	0	0	0	0	0	0	0	0	0	0	0	0	0	54	0	
2	2966	-0.3048659	2.72E-05	4660.622	-0.001525902	6	6	-0.3048918	0	0	0	0	0	0	0	0	0	0	0	0	0	54	0	
2	2967	-0.3042525	2.73E-05	4661.622	-0.001525902	6	6	-0.3043918	0	0	0	0	0	0	0	0	0	0	0	0	0	54	0	
2	2968	-0.3039458	2.74E-05	4662.622	-0.001525902	6	6	-0.3038918	0	0	0	0	0	0	0	0	0	0	0	0	0	54	0	
2	2969	-0.3033324	2.75E-05	4663.622	-0.001525902	6	6	-0.3033918	0	0	0	0	0	0	0	0	0	0	0	0	0	54	0	
2	2970	-0.302719	2.76E-05	4664.622	-0.001525902	6	6	-0.3028918	0	0	0	0	0	0	0	0	0	0	0	0	0	54	0	
2	2971	-0.3024123	2.77E-05	4665.622	-0.001525902	6	6	-0.3023918	0	0	0	0	0	0	0	0	0	0	0	0	0	54	0	
2	2972	-0.3017989	2.78E-05	4666.622	-0.001525902	6	6	-0.3018918	0	0	0	0	0	0	0	0	0	0	0	0	0	54	0	
2	2973	-0.3011855	2.79E-05	4667.622	-0.001525902	6	6	-0.3013918	0	0	0	0	0	0	0	0	0	0	0	0	0	54	0	
2	2974	-0.3008787	2.80E-05	4668.622	-0.001525902	6	6	-0.3008918	0	0	0	0	0	0	0	0	0	0	0	0	0	54	0	
2	2975	-0.3002653	2.81E-05	4669.622	-0.001525902	6	6	-0.3003918	0	0	0	0	0	0	0	0	0	0	0	0	0	54	0	
2	2976	-0.2999586	2.81E-05	4670.622	-0.001525902	6	6	-0.2998918	0	0	0	0	0	0	0	0	0	0	0	0	0	54	0	
2	2977	-0.2993452	2.82E-05	4671.622	-0.001525902	6	6	-0.2993918	0	0	0	0	0	0	0	0	0	0	0	0	0	54	0	
2	2978	-0.2990385	2.83E-05	4672.622	-0.001525902	6	6	-0.2988918	0	0	0	0	0	0	0	0	0	0	0	0	0	54	0	
2	2979	-0.2984251	2.84E-05	4673.622	-0.001525902	6	6	-0.2983918	0	0	0	0	0	0	0	0	0	0	0	0	0	54	0	
2	2980	-0.2978117	2.85E-05	4674.622	-0.001525902	6	6	-0.2978918	0	0	0	0	0	0	0	0	0	0	0	0	0	54	0	
2	2981	-0.2971983	2.86E-05	4675.622	-0.001525902	6	6	-0.2973918	0	0	0	0	0	0	0	0	0	0	0	0	0	54	0	
2	2982	-0.2968916	2.87E-05	4676.622	-0.001525902	6	6	-0.2968918	0	0	0	0	0	0	0	0	0	0	0	0	0	54	0	
2	2983	-0.2962781	2.88E-05	4677.622	-0.001525902	6	6	-0.2963918	0	0	0	0	0	0	0	0	0	0	0	0	0	54	0	
2	2984	-0.2959715	2.89E-05	4678.622	-0.001525902	6	6	-0.2958918	0	0	0	0	0	0	0	0	0	0	0	0	0	54	0	
2	2985	-0.295358	2.90E-05	4679.622	-0.001525902	6	6	-0.2953918	0	0	0	0	0	0	0	0	0	0	0	0	0	54	0	
2	2986	-0.2950513	2.91E-05	4680.622	-0.001525902	6	6	-0.2948918	0	0	0	0	0	0	0	0	0	0	0	0	0	54	0	
2	2987	-0.2944379	2.92E-05	4681.622	-0.001525902	6	6	-0.2943918	0	0	0	0	0	0	0	0	0	0	0	0	0	54	0	
2	2988	-0.2938245	2.93E-05	4682.622	-0.001525902	6	6	-0.2938918	0	0	0	0	0	0	0	0	0	0	0	0	0	54	0	
2	2989	-0.2935178	2.94E-05	4683.622	-0.001525902	6	6	-0.2933918	0	0	0	0	0	0	0	0	0	0	0	0	0	54	0	
2	2990	-0.2929044	2.95E-05	4684.622	-0.001525902	6	6	-0.2928918	0	0	0	0	0	0	0	0	0	0	0	0	0	54	0	
2	2991	-0.2925977	2.96E-05	4685.622	-0.001525902	6	6	-0.2923918	0	0	0	0	0	0	0	0	0	0	0	0	0	54	0	
2	2992	-0.2919843	2.97E-05	4686.622	-0.001525902	6	6	-0.2918918	0	0	0	0	0	0	0	0	0	0	0	0	0	54	0	
2	2993	-0.2913708	2.98E-05	4687.622	-0.001525902	6	6	-0.2913918	0	0	0	0	0	0	0	0	0	0	0	0	0	54	0	
2	2994	-0.2907574	2.99E-05	4688.622	-0.001525902	6	6	-0.2908918	0	0	0	0	0	0	0	0	0	0	0	0	0	54	0	
2	2995	-0.2904507	3.00E-05	4689.622	-0.001525902	6	6	-0.2903918	0	0	0	0	0	0	0	0	0	0	0	0	0	54	0	
2	2996	-0.2898373	3.01E-05	4690.622	-0.001525902	6	6	-0.2898918	0	0	0	0	0	0	0	0	0	0	0	0	0	54	0	
2	2997	-0.2892239	3.01E-05	4691.622	-0.001525902	6	6	-0.2893918	0	0	0	0	0	0	0	0	0	0	0	0	0	54	0	
2	2998	-0.2889172	3.02E-05	4692.622	-0.001525902	6	6	-0.2888918	0	0	0	0	0	0	0	0	0	0	0	0	0	54	0	
2	2999	-0.2883038	3.03E-05	4693.622	-0.001525902	6	6	-0.2883918	0	0	0	0	0	0	0	0	0	0	0	0	0	54	0	
2	3000	-0.2879971	3.04E-05	4694.622	-0.001525902	6	6	-0.2878918	0	0	0	0	0	0	0	0	0	0	0	0	0	54	0	
2	3001	-0.2873837	3.05E-05	4695.622	-0.001525902	6	6	-0.2873918	0	0	0	0	0	0	0	0	0	0	0	0	0	54	0	
2	3002	-0.2867703	3.06E-05	4696.622	-0.001525902	6	6	-0.2868918	0	0	0	0	0	0	0	0	0	0	0	0	0	54	0	
2	3003	-0.2864636	3.07E-05	4697.622	-0.001525902	6	6	-0.2863918	0	0	0	0	0	0	0	0	0	0	0	0	0	54	0	
2	3004	-0.2858501	3.08E-05	4698.622	-0.001525902	6	6	-0.2858918	0	0	0	0	0	0	0	0	0	0	0	0	0	54	0	
2	3005	-0.2855434	3.09E-05	4699.622	-0.001525902	6	6	-0.2853918	0	0	0	0	0	0	0	0	0	0	0	0	0	54	0	
2	3006	-0.28493	3.10E-05	4700.622	-0.001525902	6	6	-0.2848918	0	0	0	0	0	0	0	0	0	0	0	0	0	54	0	
2	3007	-0.2843166	3.11E-05	4701.622	-0.001525902	6	6	-0.2843918	0	0	0	0	0	0	0	0	0	0	0	0	0	54	0	
2	3008	-0.2840099	3.12E-05	4702.622	-0.001525902	6	6	-0.2838918	0	0	0	0	0	0	0	0	0	0	0	0	0	54	0	
2	3009	-0.2833965	3.13E-05	4703.622	-0.001525902	6	6	-0.2833918	0	0	0	0	0	0	0	0	0	0	0	0	0	54	0	
2	3010	-0.2830898	3.14E-05	4704.622	-0.001525902	6	6	-0.2828918	0	0	0	0	0	0	0	0	0	0	0	0	0	54	0	
2	3011	-0.2824764	3.15E-05	4705.622	-0.001525902	6	6	-0.2823918	0	0	0	0	0	0	0	0	0	0	0	0	0	54	0	
2	3012	-0.2818629	3.16E-05	4706.622	-0.001525902	6	6	-0.2818918	0	0	0	0	0	0	0	0	0	0	0	0	0	54	0	
2	3013	-0.2815562	3.17E-05	4707.622	-0.001525902	6	6	-0.2813918	0	0	0	0	0	0	0	0	0	0	0	0	0	54	0	
2	3014	-0.2809428	3.18E-05	4708.622	-0.001525902	6	6	-0.2808918	0	0	0	0	0	0	0	0	0	0	0	0	0	54	0	
2	3015	-0.2803294	3.19E-05	4709.622	-0.001525902	6	6	-0.2803918	0	0	0	0	0	0	0	0	0	0	0	0	0	54	0	
2	3016	-0.279716	3.20E-05	4710.622	-0.001525902	6	6	-0.2798918	0	0	0	0	0	0	0	0	0	0	0	0	0	54	0	
2	3017	-0.2794093	3.21E-05	4711.622	-0.001525902	6	6	-0.2793918	0	0	0	0	0	0	0	0	0	0	0	0	0	54	0	
2	3018	-0.2787959	3.21E-05	4712.622	-0.001525902	6	6	-0.2788918	0	0	0	0	0	0	0	0	0	0	0	0	0	54	0	
2	3019	-0.2784892	3.22E-05	4713.622	-0.001525902	6	6	-0.2783918	0	0	0	0	0	0	0	0	0	0	0	0	0	54	0	
2	3020	-0.2778758	3.23E-05	4714.622	-0.001525902	6	6	-0.2778918	0	0	0	0	0	0	0	0	0	0	0	0	0	54	0	
2	3021	-0.2772624	3.24E-05	4715.622	-0.001525902	6	6	-0.2773918	0	0	0	0	0	0	0	0	0	0	0	0	0	54	0	
2	3022	-0.2769557	3.25E-05	4716.622	-0.001525902	6	6	-0.2768918	0	0	0	0	0	0	0	0	0	0	0	0	0	54	0	
2	3023	-0.2763422	3.26E-05	4717.622	-0.001525902	6	6	-0.2763918	0	0	0	0	0	0	0	0	0	0	0	0	0	54	0	
2	3024	-0.2760355	3.27E-05	4718.622	-0.001525902	6	6	-0.2758918	0	0	0	0	0	0	0	0	0	0	0	0	0	54	0	
2	3025	-0.2754221	3.29E-05	4719.622	-0.001525902	6	6	-0.2753918	0	0	0	0	0	0	0	0	0	0	0	0	0	54	0	
2	3026	-0.2748087	3.30E-05	4720.622	-0.001525902	6	6	-0.2748918	0	0	0	0	0	0	0	0	0	0	0	0	0	54	0	
2	3027	-0.2741953	3.31E-05	4721.622	-0.001525902	6	6	-0.2743918	0	0	0	0	0	0	0	0	0	0	0	0	0	54	0	
2	3028	-0.2738886	3.32E-05	4722.622	-0.001525902	6	6	-0.2738918	0	0	0	0	0	0	0	0	0	0	0	0	0	54	0	
2	3029	-0.2732752	3.33E-05	4723.622	-0.001525902	6	6	-0.2733918	0	0	0	0	0	0	0	0	0	0	0	0	0	54	0	
2	3030	-0.2729685	3.34E-05	4724.622	-0.001525902	6	6	-0.2728918	0	0	0	0	0	0	0	0	0	0	0	0	0	54	0	
2	3031	-0.272355	3.35E-05	4725.622	-0.001525902	6	6	-0.2723918	0	0	0	0	0	0	0	0	0	0	0	0	0	54	0	
2	3032	-0.2720484	3.36E-05	4726.622	-0.001525902	6	6	-0.2718918	0	0	0	0	0	0	0	0	0	0	0	0	0	54	0	
2	3033	-0.2714349	3.37E-05	4727.622	-0.001525902	6	6	-0.2713918	0	0	0	0	0	0	0	0	0	0	0	0	0	54	0	
2	3034	-0.2708215	3.38E-05	4728.622	-0.001525902	6	6	-0.2708918	0	0	0	0	0	0	0	0	0	0	0	0	0	54	0	
2	3035	-0.2705148	3.39E-05	4729.622	-0.001525902	6	6	-0.2703918	0	0	0	0	0	0	0	0	0	0	0	0	0	54	0	
2	3036	-0.2699014	3.40E-05	4730.622	-0.001525902	6	6	-0.2698918	0	0	0	0	0	0	0	0	0	0	0	0	0	54	0	
2	3037	-0.269288	3.41E-05	4731.622	-0.001525902	6	6	-0.2693918	0	0	0	0	0	0	0	0	0	0	0	0	0	54	0	
2	3038	-0.2689813	3.42E-05	4732.622	-0.001525902	6	6	-0.2688918	0	0	0	0	0	0	0	0	0	0	0	0	0	54	0	
2	3039	-0.2683679	3.43E-05	4733.622	-0.001525902	6	6	-0.2683918	0	0	0	0	0	0	0	0	0	0	0	0	0	54	0	
2	3040	-0.2680612	3.44E-05	4734.622	-0.001525902	6	6	-0.2678918	0	0	0	0	0	0	0	0	0	0	0	0	0	54	0	
2	3041	-0.2674477	3.45E-05	4735.622	-0.001525902	6	6	-0.2673918	0	0	0	0	0	0	0	0	0	0	0	0	0	54	0	
2	3042	-0.2668343	3.46E-05	4736.622	-0.001525902	6	6	-0.2668918	0	0	0	0	0	0	0	0	0	0	0	0	0	54	0	
2	3043	-0.2662209	3.47E-05	4737.622	-0.001525902	6	6	-0.2663918	0	0	0	0	0	0	0	0	0	0	0	0	0	54	0	
2	3044	-0.2659142	3.47E-05	4738.622	-0.001525902	6	6	-0.2658918	0	0	0	0	0	0	0	0	0	0	0	0	0	54	0	
2	3045	-0.2653008	3.48E-05	4739.622	-0.001525902	6	6	-0.2653918	0	0	0	0	0	0	0	0	0	0	0	0	0	54	0	
2	3046	-0.2646874	3.49E-05	4740.622	-0.001525902	6	6	-0.2648918	0	0	0	0	0	0	0	0	0	0	0	0	0	54	0	
2	3047	-0.2643807	3.50E-05	4741.622	-0.001525902	6	6	-0.2643918	0	0	0	0	0	0	0	0	0	0	0	0	0	54	0	
2	3048	-0.2637673	3.51E-05	4742.622	-0.001525902	6	6	-0.2638918	0	0	0	0	0	0	0	0	0	0	0	0	0	54	0	
2	3049	-0.2634606	3.52E-05	4743.622	-0.001525902	6	6	-0.2633918	0	0	0	0	0	0	0	0	0	0	0	0	0	54	0	
2	3050	-0.2628472	3.53E-05	4744.622	-0.001525902	6	6	-0.2628918	0	0	0	0	0	0	0	0	0	0	0	0	0	54	0	
2	3051	-0.2622337	3.54E-05	4745.622	-0.001525902	6	6	-0.2623918	0	0	0	0	0	0	0	0	0	0	0	0	0	54	0	
2	3052	-0.261927	3.55E-05	4746.622	-0.001525902	6	6	-0.2618918	0	0	0	0	0	0	0	0	0	0	0	0	0	54	0	
2	3053	-0.2613136	3.56E-05	4747.622	-0.001525902	6	6	-0.2613918	0	0	0	0	0	0	0	0	0	0	0	0	0	54	0	
2	3054	-0.2610069	3.57E-05	4748.622	-0.001525902	6	6	-0.2608918	0	0	0	0	0	0	0	0	0	0	0	0	0	54	0	
2	3055	-0.2603935	3.58E-05	4749.622	-0.001525902	6	6	-0.2603918	0	0	0	0	0	0	0	0	0	0	0	0	0	54	0	
2	3056	-0.2600868	3.59E-05	4750.622	-0.001525902	6	6	-0.2598918	0	0	0	0	0	0	0	0	0	0	0	0	0	54	0	
2	3057	-0.2594734	3.60E-05	4751.622	-0.001525902	6	6	-0.2593918	0	0	0	0	0	0	0	0	0	0	0	0	0	54	0	
2	3058	-0.25886	3.61E-05	4752.622	-0.001525902	6	6	-0.2588918	0	0	0	0	0	0	0	0	0	0	0	0	0	54	0	
2	3059	-0.2582466	3.62E-05	4753.622	-0.001525902	6	6	-0.2583918	0	0	0	0	0	0	0	0	0	0	0	0	0	54	0	
2	3060	-0.2579398	3.63E-05	4754.622	-0.001525902	6	6	-0.2578918	0	0	0	0	0	0	0	0	0	0	0	0	0	54	0	
2	3061	-0.2573265	3.64E-05	4755.622	-0.001525902	6	6	-0.2573918	0	0	0	0	0	0	0	0	0	0	0	0	0	54	0	
2	3062	-0.2570197	3.65E-05	4756.622	-0.001525902	6	6	-0.2568918	0	0	0	0	0	0	0	0	0	0	0	0	0	54	0	
2	3063	-0.2564063	3.66E-05	4757.622	-0.001525902	6	6	-0.2563918	0	0	0	0	0	0	0	0	0	0	0	0	0	54	0	
2	3064	-0.2560996	3.67E-05	4758.622	-0.001525902	6	6	-0.2558918	0	0	0	0	0	0	0	0	0	0	0	0	0	54	0	
2	3065	-0.2554862	3.68E-05	4759.622	-0.001525902	6	6	-0.2553918	0	0	0	0	0	0	0	0	0	0	0	0	0	54	0	
2	3066	-0.2548728	3.69E-05	4760.622	-0.001525902	6	6	-0.2548918	0	0	0	0	0	0	0	0	0	0	0	0	0	54	0	
2	3067	-0.2542594	3.70E-05	4761.622	-0.001525902	6	6	-0.2543918	0	0	0	0	0	0	0	0	0	0	0	0	0	54	0	
2	3068	-0.2539527	3.71E-05	4762.622	-0.001525902	6	6	-0.2538918	0	0	0	0	0	0	0	0	0	0	0	0	0	54	0	
2	3069	-0.2533393	3.72E-05	4763.622	-0.001525902	6	6	-0.2533918	0	0	0	0	0	0	0	0	0	0	0	0	0	54	0	
2	3070	-0.2530326	3.73E-05	4764.622	-0.001525902	6	6	-0.2528918	0	0	0	0	0	0	0	0	0	0	0	0	0	54	0	
2	3071	-0.2524191	3.74E-05	4765.622	-0.001525902	6	6	-0.2523918	0	0	0	0	0	0	0	0	0	0	0	0	0	54	0	
2	3072	-0.2518057	3.75E-05	4766.622	-0.001525902	6	6	-0.2518918	0	0	0	0	0	0	0	0	0	0	0	0	0	54	0	
2	3073	-0.251499	3.76E-05	4767.622	-0.001525902	6	6	-0.2513918	0	0	0	0	0	0	0	0	0	0	0	0	0	54	0	
2	3074	-0.2508856	3.77E-05	4768.622	-0.001525902	6	6	-0.2508918	0	0	0	0	0	0	0	0	0	0	0	0	0	54	0	
2	3075	-0.2502722	3.79E-05	4769.622	-0.001525902	6	6	-0.2503918	0	0	0	0	0	0	0	0	0	0	0	0	0	54	0	
2	3076	-0.2499655	3.80E-05	4770.622	-0.001525902	6	6	-0.2498918	0	0	0	0	0	0	0	0	0	0	0	0	0	54	0	
2	3077	-0.2493521	3.81E-05	4771.622	-0.001525902	6	6	-0.2493918	0	0	0	0	0	0	0	0	0	0	0	0	0	54	0	
2	3078	-0.2490454	3.82E-05	4772.622	-0.001525902	6	6	-0.2488918	0	0	0	0	0	0	0	0	0	0	0	0	0	54	0	
2	3079	-0.248432	3.83E-05	4773.622	-0.001525902	6	6	-0.2483918	0	0	0	0	0	0	0	0	0	0	0	0	0	54	0	
2	3080	-0.2478185	3.84E-05	4774.622	-0.001525902	6	6	-0.2478918	0	0	0	0	0	0	0	0	0	0	0	0	0	54	0	
2	3081	-0.2475118	3.85E-05	4775.622	-0.001525902	6	6	-0.2473918	0	0	0	0	0	0	0	0	0	0	0	0	0	54	0	
2	3082	-0.2468984	3.86E-05	4776.622	-0.001525902	6	6	-0.2468918	0	0	0	0	0	0	0	0	0	0	0	0	0	54	0	
2	3083	-0.246285	3.87E-05	4777.622	-0.001525902	6	6	-0.2463918	0	0	0	0	0	0	0	0	0	0	0	0	0	54	0	
2	3084	-0.2459783	3.88E-05	4778.622	-0.001525902	6	6	-0.2458918	0	0	0	0	0	0	0	0	0	0	0	0	0	54	0	
2	3085	-0.2453649	3.89E-05	4779.622	-0.001525902	6	6	-0.2453918	0	0	0	0	0	0	0	0	0	0	0	0	0	54	0	
2	3086	-0.2450582	3.90E-05	4780.622	-0.001525902	6	6	-0.2448918	0	0	0	0	0	0	0	0	0	0	0	0	0	54	0	
2	3087	-0.2444448	3.92E-05	4781.622	-0.001525902	6	6	-0.2443918	0	0	0	0	0	0	0	0	0	0	0	0	0	54	0	
2	3088	-0.2438314	3.93E-05	4782.622	-0.001525902	6	6	-0.2438918	0	0	0	0	0	0	0	0	0	0	0	0	0	54	0	
2	3089	-0.2435247	3.94E-05	4783.622	-0.001525902	6	6	-0.2433918	0	0	0	0	0	0	0	0	0	0	0	0	0	54	0	
2	3090	-0.2429112	3.95E-05	4784.622	-0.001525902	6	6	-0.2428918	0	0	0	0	0	0	0	0	0	0	0	0	0	54	0	
2	3091	-0.2422978	3.96E-05	4785.622	-0.001525902	6	6	-0.2423918	0	0	0	0	0	0	0	0	0	0	0	0	0	54	0	
2	3092	-0.2419911	3.97E-05	4786.622	-0.001525902	6	6	-0.2418918	0	0	0	0	0	0	0	0	0	0	0	0	0	54	0	
2	3093	-0.2413777	3.98E-05	4787.622	-0.001525902	6	6	-0.2413918	0	0	0	0	0	0	0	0	0	0	0	0	0	54	0	
2	3094	-0.2407643	3.99E-05	4788.622	-0.001525902	6	6	-0.2408918	0	0	0	0	0	0	0	0	0	0	0	0	0	54	0	
2	3095	-0.2404576	4.00E-05	4789.622	-0.001525902	6	6	-0.2403918	0	0	0	0	0	0	0	0	0	0	0	0	0	54	0	
2	3096	-0.2398442	4.01E-05	4790.622	-0.001525902	6	6	-0.2398918	0	0	0	0	0	0	0	0	0	0	0	0	0	54	0	
2	3097	-0.2395375	4.02E-05	4791.622	-0.001525902	6	6	-0.2393918	0	0	0	0	0	0	0	0	0	0	0	0	0	54	0	
2	3098	-0.2389241	4.02E-05	4792.622	-0.001525902	6	6	-0.2388918	0	0	0	0	0	0	0	0	0	0	0	0	0	54	0	
2	3099	-0.2383106	4.03E-05	4793.622	-0.001525902	6	6	-0.2383918	0	0	0	0	0	0	0	0	0	0	0	0	0	54	0	
2	3100	-0.2380039	4.04E-05	4794.622	-0.001525902	6	6	-0.2378918	0	0	0	0	0	0	0	0	0	0	0	0	0	54	0	
2	3101	-0.2373905	4.05E-05	4795.622	-0.001525902	6	6	-0.2373918	0	0	0	0	0	0	0	0	0	0	0	0	0	54	0	
2	3102	-0.2370838	4.06E-05	4796.622	-0.001525902	6	6	-0.2368918	0	0	0	0	0	0	0	0	0	0	0	0	0	54	0	
2	3103	-0.2364704	4.08E-05	4797.622	-0.001525902	6	6	-0.2363918	0	0	0	0	0	0	0	0	0	0	0	0	0	54	0	
2	3104	-0.235857	4.09E-05	4798.622	-0.001525902	6	6	-0.2358918	0	0	0	0	0	0	0	0	0	0	0	0	0	54	0	
2	3105	-0.2355503	4.11E-05	4799.622	-0.001525902	6	6	-0.2353918	0	0	0	0	0	0	0	0	0	0	0	0	0	54	0	
2	3106	-0.2349369	4.12E-05	4800.622	-0.001525902	6	6	-0.2348918	0	0	0	0	0	0	0	0	0	0	0	0	0	54	0	
2	3107	-0.2346302	4.13E-05	4801.622	-0.001525902	6	6	-0.2343918	0	0	0	0	0	0	0	0	0	0	0	0	0	54	0	
2	3108	-0.2340168	4.15E-05	4802.622	-0.001525902	6	6	-0.2338918	0	0	0	0	0	0	0	0	0	0	0	0	0	54	0	
2	3109	-0.2337101	4.16E-05	4803.622	-0.001525902	6	6	-0.2333918	0	0	0	0	0	0	0	0	0	0	0	0	0	54	0	
2	3110	-0.2330966	4.17E-05	4804.622	-0.001525902	6	6	-0.2328918	0	0	0	0	0	0	0	0	0	0	0	0	0	54	0	
2	3111	-0.2324832	4.19E-05	4805.622	-0.001525902	6	6	-0.2323918	0	0	0	0	0	0	0	0	0	0	0	0	0	54	0	
2	3112	-0.2321765	4.20E-05	4806.622	-0.001525902	6	6	-0.2318918	0	0	0	0	0	0	0	0	0	0	0	0	0	54	0	
2	3113	-0.2315631	4.22E-05	4807.622	-0.001525902	6	6	-0.2313918	0	0	0	0	0	0	0	0	0	0	0	0	0	54	0	
2	3114	-0.2309497	4.23E-05	4808.622	-0.001525902	6	6	-0.2308918	0	0	0	0	0	0	0	0	0	0	0	0	0	54	0	
2	3115	-0.230643	4.25E-05	4809.622	-0.001525902	6	6	-0.2303918	0	0	0	0	0	0	0	0	0	0	0	0	0	54	0	
2	3116	-0.2300296	4.26E-05	4810.622	-0.001525902	6	6	-0.2298918	0	0	0	0	0	0	0	0	0	0	0	0	0	54	0	
2	3117	-0.2294162	4.27E-05	4811.622	-0.001525902	6	6	-0.2293918	0	0	0	0	0	0	0	0	0	0	0	0	0	54	0	
2	3118	-0.2291095	4.28E-05	4812.622	-0.001525902	6	6	-0.2288918	0	0	0	0	0	0	0	0	0	0	0	0	0	54	0	
2	3119	-0.228496	4.30E-05	4813.622	-0.001525902	6	6	-0.2283918	0	0	0	0	0	0	0	0	0	0	0	0	0	54	0	
2	3120	-0.2281893	4.31E-05	4814.622	-0.001525902	6	6	-0.2278918	0	0	0	0	0	0	0	0	0	0	0	0	0	54	0	
2	3121	-0.2275759	4.32E-05	4815.622	-0.001525902	6	6	-0.2273918	0	0	0	0	0	0	0	0	0	0	0	0	0	54	0	
2	3122	-0.2269625	4.34E-05	4816.622	-0.001525902	6	6	-0.2268918	0	0	0	0	0	0	0	0	0	0	0	0	0	54	0	
2	3123	-0.2266558	4.36E-05	4817.622	-0.001525902	6	6	-0.2263918	0	0	0	0	0	0	0	0	0	0	0	0	0	54	0	
2	3124	-0.2260424	4.37E-05	4818.622	-0.001525902	6	6	-0.2258918	0	0	0	0	0	0	0	0	0	0	0	0	0	54	0	
2	3125	-0.225429	4.39E-05	4819.622	-0.001525902	6	6	-0.2253918	0	0	0	0	0	0	0	0	0	0	0	0	0	54	0	
2	3126	-0.2251223	4.40E-05	4820.622	-0.001525902	6	6	-0.2248918	0	0	0	0	0	0	0	0	0	0	0	0	0	54	0	
2	3127	-0.2245089	4.41E-05	4821.622	-0.001525902	6	6	-0.2243918	0	0	0	0	0	0	0	0	0	0	0	0	0	54	0	
2	3128	-0.2242022	4.43E-05	4822.622	-0.001525902	6	6	-0.2238918	0	0	0	0	0	0	0	0	0	0	0	0	0	54	0	
2	3129	-0.2235887	4.44E-05	4823.622	-0.001525902	6	6	-0.2233918	0	0	0	0	0	0	0	0	0	0	0	0	0	54	0	
2	3130	-0.2229753	4.46E-05	4824.622	-0.001525902	6	6	-0.2228918	0	0	0	0	0	0	0	0	0	0	0	0	0	54	0	
2	3131	-0.2226686	4.47E-05	4825.622	-0.001525902	6	6	-0.2223918	0	0	0	0	0	0	0	0	0	0	0	0	0	54	0	
2	3132	-0.2220552	4.49E-05	4826.622	-0.001525902	6	6	-0.2218918	0	0	0	0	0	0	0	0	0	0	0	0	0	54	0	
2	3133	-0.2214418	4.51E-05	4827.622	-0.001525902	6	6	-0.2213918	0	0	0	0	0	0	0	0	0	0	0	0	0	54	0	
2	3134	-0.2211351	4.52E-05	4828.622	-0.001525902	6	6	-0.2208918	0	0	0	0	0	0	0	0	0	0	0	0	0	54	0	
2	3135	-0.2205217	4.53E-05	4829.622	-0.001525902	6	6	-0.2203918	0	0	0	0	0	0	0	0	0	0	0	0	0	54	0	
2	3136	-0.2199083	4.54E-05	4830.622	-0.001525902	6	6	-0.2198918	0	0	0	0	0	0	0	0	0	0	0	0	0	54	0	
2	3137	-0.2196016	4.56E-05	4831.622	-0.001525902	6	6	-0.2193918	0	0	0	0	0	0	0	0	0	0	0	0	0	54	0	
2	3138	-0.2189882	4.57E-05	4832.622	-0.001525902	6	6	-0.2188918	0	0	0	0	0	0	0	0	0	0	0	0	0	54	0	
2	3139	-0.2186814	4.58E-05	4833.622	-0.001525902	6	6	-0.2183918	0	0	0	0	0	0	0	0	0	0	0	0	0	54	0	
2	3140	-0.218068	4.59E-05	4834.622	-0.001525902	6	6	-0.2178918	0	0	0	0	0	0	0	0	0	0	0	0	0	54	0	
2	3141	-0.2174546	4.60E-05	4835.622	-0.001525902	6	6	-0.2173918	0	0	0	0	0	0	0	0	0	0	0	0	0	54	0	
2	3142	-0.2171479	4.61E-05	4836.622	-0.001525902	6	6	-0.2168918	0	0	0	0	0	0	0	0	0	0	0	0	0	54	0	
2	3143	-0.2165345	4.63E-05	4837.622	-0.001525902	6	6	-0.2163918	0	0	0	0	0	0	0	0	0	0	0	0	0	54	0	
2	3144	-0.2162278	4.64E-05	4838.622	-0.001525902	6	6	-0.2158918	0	0	0	0	0	0	0	0	0	0	0	0	0	54	0	
2	3145	-0.2156144	4.66E-05	4839.622	-0.001525902	6	6	-0.2153918	0	0	0	0	0	0	0	0	0	0	0	0	0	54	0	
2	3146	-0.2153077	4.67E-05	4840.622	-0.001525902	6	6	-0.2148918	0	0	0	0	0	0	0	0	0	0	0	0	0	54	0	
2	3147	-0.2146943	4.69E-05	4841.622	-0.001525902	6	6	-0.2143918	0	0	0	0	0	0	0	0	0	0	0	0	0	54	0	
2	3148	-0.2140809	4.70E-05	4842.622	-0.001525902	6	6	-0.2138918	0	0	0	0	0	0	0	0	0	0	0	0	0	54	0	
2	3149	-0.2137741	4.71E-05	4843.622	-0.001525902	6	6	-0.2133918	0	0	0	0	0	0	0	0	0	0	0	0	0	54	0	
2	3150	-0.2131607	4.73E-05	4844.622	-0.001525902	6	6	-0.2128918	0	0	0	0	0	0	0	0	0	0	0	0	0	54	0	
2	3151	-0.2125473	4.75E-05	4845.622	-0.001525902	6	6	-0.2123918	0	0	0	0	0	0	0	0	0	0	0	0	0	54	0	
2	3152	-0.2122406	4.76E-05	4846.622	-0.001525902	6	6	-0.2118918	0	0	0	0	0	0	0	0	0	0	0	0	0	54	0	
2	3153	-0.2116272	4.77E-05	4847.622	-0.001525902	6	6	-0.2113918	0	0	0	0	0	0	0	0	0	0	0	0	0	54	0	
2	3154	-0.2110138	4.79E-05	4848.622	-0.001525902	6	6	-0.2108918	0	0	0	0	0	0	0	0	0	0	0	0	0	54	0	
2	3155	-0.2107071	4.80E-05	4849.622	-0.001525902	6	6	-0.2103918	0	0	0	0	0	0	0	0	0	0	0	0	0	54	0	
2	3156	-0.2100937	4.81E-05	4850.622	-0.001525902	6	6	-0.2098918	0	0	0	0	0	0	0	0	0	0	0	0	0	54	0	
2	3157	-0.209787	4.83E-05	4851.622	-0.001525902	6	6	-0.2093918	0	0	0	0	0	0	0	0	0	0	0	0	0	54	0	
2	3158	-0.2091735	4.84E-05	4852.622	-0.001525902	6	6	-0.2088918	0	0	0	0	0	0	0	0	0	0	0	0	0	54	0	
2	3159	-0.2085601	4.85E-05	4853.622	-0.001525902	6	6	-0.2083918	0	0	0	0	0	0	0	0	0	0	0	0	0	54	0	
2	3160	-0.2082534	4.86E-05	4854.622	-0.001525902	6	6	-0.2078918	0	0	0	0	0	0	0	0	0	0	0	0	0	54	0	
2	3161	-0.20764	4.87E-05	4855.622	-0.001525902	6	6	-0.2073918	0	0	0	0	0	0	0	0	0	0	0	0	0	54	0	
2	3162	-0.2073333	4.88E-05	4856.622	-0.001525902	6	6	-0.2068918	0	0	0	0	0	0	0	0	0	0	0	0	0	54	0	
2	3163	-0.2067199	4.90E-05	4857.622	-0.001525902	6	6	-0.2063918	0	0	0	0	0	0	0	0	0	0	0	0	0	54	0	
2	3164	-0.2061065	4.91E-05	4858.622	-0.001525902	6	6	-0.2058918	0	0	0	0	0	0	0	0	0	0	0	0	0	54	0	
2	3165	-0.2057998	4.92E-05	4859.622	-0.001525902	6	6	-0.2053918	0	0	0	0	0	0	0	0	0	0	0	0	0	54	0	
2	3166	-0.2051864	4.94E-05	4860.622	-0.001525902	6	6	-0.2048918	0	0	0	0	0	0	0	0	0	0	0	0	0	54	0	
2	3167	-0.204573	4.95E-05	4861.622	-0.001525902	6	6	-0.2043918	0	0	0	0	0	0	0	0	0	0	0	0	0	54	0	
2	3168	-0.2042663	4.97E-05	4862.622	-0.001525902	6	6	-0.2038918	0	0	0	0	0	0	0	0	0	0	0	0	0	54	0	
2	3169	-0.2036528	4.98E-05	4863.622	-0.001525902	6	6	-0.2033918	0	0	0	0	0	0	0	0	0	0	0	0	0	54	0	
2	3170	-0.2030394	5.00E-05	4864.622	-0.001525902	6	6	-0.2028918	0	0	0	0	0	0	0	0	0	0	0	0	0	54	0	
2	3171	-0.2027327	5.01E-05	4865.622	-0.001525902	6	6	-0.2023918	0	0	0	0	0	0	0	0	0	0	0	0	0	54	0	
2	3172	-0.2021193	5.01E-05	4866.622	-0.001525902	6	6	-0.2018918	0	0	0	0	0	0	0	0	0	0	0	0	0	54	0	
2	3173	-0.2018126	5.02E-05	4867.622	-0.001525902	6	6	-0.2013918	0	0	0	0	0	0	0	0	0	0	0	0	0	54	0	
2	3174	-0.2011992	5.04E-05	4868.622	-0.001525902	6	6	-0.2008918	0	0	0	0	0	0	0	0	0	0	0	0	0	54	0	
2	3175	-0.2005858	5.05E-05	4869.622	-0.001525902	6	6	-0.2003918	0	0	0	0	0	0	0	0	0	0	0	0	0	54	0	
2	3176	-0.1999724	5.06E-05	4870.622	-0.001525902	6	6	-0.1998918	0	0	0	0	0	0	0	0	0	0	0	0	0	54	0	
2	3177	-0.1996657	5.08E-05	4871.622	-0.001525902	6	6	-0.1993918	0	0	0	0	0	0	0	0	0	0	0	0	0	54	0	
2	3178	-0.1990522	5.09E-05	4872.622	-0.001525902	6	6	-0.1988918	0	0	0	0	0	0	0	0	0	0	0	0	0	54	0	
2	3179	-0.1987455	5.11E-05	4873.622	-0.001525902	6	6	-0.1983918	0	0	0	0	0	0	0	0	0	0	0	0	0	54	0	
2	3180	-0.1981321	5.12E-05	4874.622	-0.001525902	6	6	-0.1978918	0	0	0	0	0	0	0	0	0	0	0	0	0	54	0	
2	3181	-0.1975187	5.14E-05	4875.622	-0.001525902	6	6	-0.1973918	0	0	0	0	0	0	0	0	0	0	0	0	0	54	0	
2	3182	-0.197212	5.15E-05	4876.622	-0.001525902	6	6	-0.1968918	0	0	0	0	0	0	0	0	0	0	0	0	0	54	0	
2	3183	-0.1965986	5.16E-05	4877.622	-0.001525902	6	6	-0.1963918	0	0	0	0	0	0	0	0	0	0	0	0	0	54	0	
2	3184	-0.1962919	5.18E-05	4878.622	-0.001525902	6	6	-0.1958918	0	0	0	0	0	0	0	0	0	0	0	0	0	54	0	
2	3185	-0.1956785	5.19E-05	4879.622	-0.001525902	6	6	-0.1953918	0	0	0	0	0	0	0	0	0	0	0	0	0	54	0	
2	3186	-0.1950651	5.20E-05	4880.622	-0.001525902	6	6	-0.1948918	0	0	0	0	0	0	0	0	0	0	0	0	0	54	0	
2	3187	-0.1947584	5.22E-05	4881.622	-0.001525902	6	6	-0.1943918	0	0	0	0	0	0	0	0	0	0	0	0	0	54	0	
2	3188	-0.1941449	5.23E-05	4882.622	-0.001525902	6	6	-0.1938918	0	0	0	0	0	0	0	0	0	0	0	0	0	54	0	
2	3189	-0.1935315	5.25E-05	4883.622	-0.001525902	6	6	-0.1933918	0	0	0	0	0	0	0	0	0	0	0	0	0	54	0	
2	3190	-0.1932248	5.26E-05	4884.622	-0.001525902	6	6	-0.1928918	0	0	0	0	0	0	0	0	0	0	0	0	0	54	0	
2	3191	-0.1926114	5.28E-05	4885.622	-0.001525902	6	6	-0.1923918	0	0	0	0	0	0	0	0	0	0	0	0	0	54	0	
2	3192	-0.191998	5.29E-05	4886.622	-0.001525902	6	6	-0.1918918	0	0	0	0	0	0	0	0	0	0	0	0	0	54	0	
2	3193	-0.1916913	5.30E-05	4887.622	-0.001525902	6	6	-0.1913918	0	0	0	0	0	0	0	0	0	0	0	0	0	54	0	
2	3194	-0.1913846	5.32E-05	4888.622	-0.001525902	6	6	-0.1908918	0	0	0	0	0	0	0	0	0	0	0	0	0	54	0	
2	3195	-0.1904645	5.33E-05	4889.622	-0.001525902	6	6	-0.1903918	0	0	0	0	0	0	0	0	0	0	0	0	0	54	0	
2	3196	-0.1901578	5.35E-05	4890.622	-0.001525902	6	6	-0.1898918	0	0	0	0	0	0	0	0	0	0	0	0	0	54	0	
2	3197	-0.1895443	5.36E-05	4891.622	-0.001525902	6	6	-0.1893918	0	0	0	0	0	0	0	0	0	0	0	0	0	54	0	
2	3198	-0.1892376	5.37E-05	4892.622	-0.001525902	6	6	-0.1888918	0	0	0	0	0	0	0	0	0	0	0	0	0	54	0	
2	3199	-0.1886242	5.38E-05	4893.622	-0.001525902	6	6	-0.1883918	0	0	0	0	0	0	0	0	0	0	0	0	0	54	0	
2	3200	-0.1880108	5.39E-05	4894.622	-0.001525902	6	6	-0.1878918	0	0	0	0	0	0	0	0	0	0	0	0	0	54	0	
2	3201	-0.1877041	5.40E-05	4895.622	-0.001525902	6	6	-0.1873918	0	0	0	0	0	0	0	0	0	0	0	0	0	54	0	
2	3202	-0.1870907	5.41E-05	4896.622	-0.001525902	6	6	-0.1868918	0	0	0	0	0	0	0	0	0	0	0	0	0	54	0	
2	3203	-0.1864773	5.43E-05	4897.622	-0.001525902	6	6	-0.1863918	0	0	0	0	0	0	0	0	0	0	0	0	0	54	0	
2	3204	-0.1861706	5.44E-05	4898.622	-0.001525902	6	6	-0.1858918	0	0	0	0	0	0	0	0	0	0	0	0	0	54	0	
2	3205	-0.1855572	5.45E-05	4899.622	-0.001525902	6	6	-0.1853918	0	0	0	0	0	0	0	0	0	0	0	0	0	54	0	
2	3206	-0.1852505	5.47E-05	4900.622	-0.001525902	6	6	-0.1848918	0	0	0	0	0	0	0	0	0	0	0	0	0	54	0	
2	3207	-0.184637	5.48E-05	4901.622	-0.001525902	6	6	-0.1843918	0	0	0	0	0	0	0	0	0	0	0	0	0	54	0	
2	3208	-0.1840236	5.49E-05	4902.622	-0.001525902	6	6	-0.1838918	0	0	0	0	0	0	0	0	0	0	0	0	0	54	0	
2	3209	-0.1837169	5.50E-05	4903.622	-0.001525902	6	6	-0.1833918	0	0	0	0	0	0	0	0	0	0	0	0	0	54	0	
2	3210	-0.1831035	5.51E-05	4904.622	-0.001525902	6	6	-0.1828918	0	0	0	0	0	0	0	0	0	0	0	0	0	54	0	
2	3211	-0.1827968	5.53E-05	4905.622	-0.001525902	6	6	-0.1823918	0	0	0	0	0	0	0	0	0	0	0	0	0	54	0	
2	3212	-0.1821834	5.54E-05	4906.622	-0.001525902	6	6	-0.1818918	0	0	0	0	0	0	0	0	0	0	0	0	0	54	0	
2	3213	-0.18157	5.55E-05	4907.622	-0.001525902	6	6	-0.1813918	0	0	0	0	0	0	0	0	0	0	0	0	0	54	0	
2	3214	-0.1809566	5.56E-05	4908.622	-0.001525902	6	6	-0.1808918	0	0	0	0	0	0	0	0	0	0	0	0	0	54	0	
2	3215	-0.1806499	5.57E-05	4909.622	-0.001525902	6	6	-0.1803918	0	0	0	0	0	0	0	0	0	0	0	0	0	54	0	
2	3216	-0.1800364	5.58E-05	4910.622	-0.001525902	6	6	-0.1798918	0	0	0	0	0	0	0	0	0	0	0	0	0	54	0	
2	3217	-0.1797297	5.59E-05	4911.622	-0.001525902	6	6	-0.1793918	0	0	0	0	0	0	0	0	0	0	0	0	0	54	0	
2	3218	-0.1791163	5.61E-05	4912.622	-0.001525902	6	6	-0.1788918	0	0	0	0	0	0	0	0	0	0	0	0	0	54	0	
2	3219	-0.1788096	5.62E-05	4913.622	-0.001525902	6	6	-0.1783918	0	0	0	0	0	0	0	0	0	0	0	0	0	54	0	
2	3220	-0.1781962	5.63E-05	4914.622	-0.001525902	6	6	-0.1778918	0	0	0	0	0	0	0	0	0	0	0	0	0	54	0	
2	3221	-0.1775828	5.64E-05	4915.622	-0.001525902	6	6	-0.1773918	0	0	0	0	0	0	0	0	0	0	0	0	0	54	0	
2	3222	-0.1772761	5.65E-05	4916.622	-0.001525902	6	6	-0.1768918	0	0	0	0	0	0	0	0	0	0	0	0	0	54	0	
2	3223	-0.1766627	5.66E-05	4917.622	-0.001525902	6	6	-0.1763918	0	0	0	0	0	0	0	0	0	0	0	0	0	54	0	
2	3224	-0.1760493	5.67E-05	4918.622	-0.001525902	6	6	-0.1758918	0	0	0	0	0	0	0	0	0	0	0	0	0	54	0	
2	3225	-0.1757426	5.68E-05	4919.622	-0.001525902	6	6	-0.1753918	0	0	0	0	0	0	0	0	0	0	0	0	0	54	0	
2	3226	-0.1751291	5.69E-05	4920.622	-0.001525902	6	6	-0.1748918	0	0	0	0	0	0	0	0	0	0	0	0	0	54	0	
2	3227	-0.1748224	5.71E-05	4921.622	-0.001525902	6	6	-0.1743918	0	0	0	0	0	0	0	0	0	0	0	0	0	54	0	
2	3228	-0.174209	5.72E-05	4922.622	-0.001525902	6	6	-0.1738918	0	0	0	0	0	0	0	0	0	0	0	0	0	54	0	
2	3229	-0.1735956	5.74E-05	4923.622	-0.001525902	6	6	-0.1733918	0	0	0	0	0	0	0	0	0	0	0	0	0	54	0	
2	3230	-0.1732889	5.75E-05	4924.622	-0.001525902	6	6	-0.1728918	0	0	0	0	0	0	0	0	0	0	0	0	0	54	0	
2	3231	-0.1726755	5.76E-05	4925.622	-0.001525902	6	6	-0.1723918	0	0	0	0	0	0	0	0	0	0	0	0	0	54	0	
2	3232	-0.1720621	5.77E-05	4926.622	-0.001525902	6	6	-0.1718918	0	0	0	0	0	0	0	0	0	0	0	0	0	54	0	
2	3233	-0.1717554	5.78E-05	4927.622	-0.001525902	6	6	-0.1713918	0	0	0	0	0	0	0	0	0	0	0	0	0	54	0	
2	3234	-0.171142	5.79E-05	4928.622	-0.001525902	6	6	-0.1708918	0	0	0	0	0	0	0	0	0	0	0	0	0	54	0	
2	3235	-0.1705285	5.80E-05	4929.622	-0.001525902	6	6	-0.1703918	0	0	0	0	0	0	0	0	0	0	0	0	0	54	0	
2	3236	-0.1702219	5.81E-05	4930.622	-0.001525902	6	6	-0.1698918	0	0	0	0	0	0	0	0	0	0	0	0	0	54	0	
2	3237	-0.1696084	5.83E-05	4931.622	-0.001525902	6	6	-0.1693918	0	0	0	0	0	0	0	0	0	0	0	0	0	54	0	
2	3238	-0.168995	5.84E-05	4932.622	-0.001525902	6	6	-0.1688918	0	0	0	0	0	0	0	0	0	0	0	0	0	54	0	
2	3239	-0.1686883	5.85E-05	4933.622	-0.001525902	6	6	-0.1683918	0	0	0	0	0	0	0	0	0	0	0	0	0	54	0	
2	3240	-0.1680749	5.86E-05	4934.622	-0.001525902	6	6	-0.1678918	0	0	0	0	0	0	0	0	0	0	0	0	0	54	0	
2	3241	-0.1677682	5.87E-05	4935.622	-0.001525902	6	6	-0.1673918	0	0	0	0	0	0	0	0	0	0	0	0	0	54	0	
2	3242	-0.1671548	5.89E-05	4936.622	-0.001525902	6	6	-0.1668918	0	0	0	0	0	0	0	0	0	0	0	0	0	54	0	
2	3243	-0.1665414	5.90E-05	4937.622	-0.001525902	6	6	-0.1663918	0	0	0	0	0	0	0	0	0	0	0	0	0	54	0	
2	3244	-0.1662347	5.92E-05	4938.622	-0.001525902	6	6	-0.1658918	0	0	0	0	0	0	0	0	0	0	0	0	0	54	0	
2	3245	-0.1656213	5.93E-05	4939.622	-0.001525902	6	6	-0.1653918	0	0	0	0	0	0	0	0	0	0	0	0	0	54	0	
2	3246	-0.1650078	5.95E-05	4940.622	-0.001525902	6	6	-0.1648918	0	0	0	0	0	0	0	0	0	0	0	0	0	54	0	
2	3247	-0.1647011	5.96E-05	4941.622	-0.001525902	6	6	-0.1643918	0	0	0	0	0	0	0	0	0	0	0	0	0	54	0	
2	3248	-0.1640877	5.98E-05	4942.622	-0.001525902	6	6	-0.1638918	0	0	0	0	0	0	0	0	0	0	0	0	0	54	0	
2	3249	-0.163781	5.99E-05	4943.622	-0.001525902	6	6	-0.1633918	0	0	0	0	0	0	0	0	0	0	0	0	0	54	0	
2	3250	-0.1631676	6.00E-05	4944.622	-0.001525902	6	6	-0.1628918	0	0	0	0	0	0	0	0	0	0	0	0	0	54	0	
2	3251	-0.1628609	6.02E-05	4945.622	-0.001525902	6	6	-0.1623918	0	0	0	0	0	0	0	0	0	0	0	0	0	54	0	
2	3252	-0.1622475	6.03E-05	4946.622	-0.001525902	6	6	-0.1618918	0	0	0	0	0	0	0	0	0	0	0	0	0	54	0	
2	3253	-0.1616341	6.04E-05	4947.622	-0.001525902	6	6	-0.1613918	0	0	0	0	0	0	0	0	0	0	0	0	0	54	0	
2	3254	-0.1610207	6.05E-05	4948.622	-0.001525902	6	6	-0.1608918	0	0	0	0	0	0	0	0	0	0	0	0	0	54	0	
2	3255	-0.1607139	6.07E-05	4949.622	-0.001525902	6	6	-0.1603918	0	0	0	0	0	0	0	0	0	0	0	0	0	54	0	
2	3256	-0.1601005	6.08E-05	4950.622	-0.001525902	6	6	-0.1598918	0	0	0	0	0	0	0	0	0	0	0	0	0	54	0	
2	3257	-0.1597938	6.09E-05	4951.622	-0.001525902	6	6	-0.1593918	0	0	0	0	0	0	0	0	0	0	0	0	0	54	0	
2	3258	-0.1591804	6.10E-05	4952.622	-0.001525902	6	6	-0.1588918	0	0	0	0	0	0	0	0	0	0	0	0	0	54	0	
2	3259	-0.1588737	6.12E-05	4953.622	-0.001525902	6	6	-0.1583918	0	0	0	0	0	0	0	0	0	0	0	0	0	54	0	
2	3260	-0.1582603	6.13E-05	4954.622	-0.001525902	6	6	-0.1578918	0	0	0	0	0	0	0	0	0	0	0	0	0	54	0	
2	3261	-0.1576469	6.14E-05	4955.622	-0.001525902	6	6	-0.1573918	0	0	0	0	0	0	0	0	0	0	0	0	0	54	0	
2	3262	-0.1570335	6.15E-05	4956.622	-0.001525902	6	6	-0.1568918	0	0	0	0	0	0	0	0	0	0	0	0	0	54	0	
2	3263	-0.1567268	6.17E-05	4957.622	-0.001525902	6	6	-0.1563918	0	0	0	0	0	0	0	0	0	0	0	0	0	54	0	
2	3264	-0.1561134	6.18E-05	4958.622	-0.001525902	6	6	-0.1558918	0	0	0	0	0	0	0	0	0	0	0	0	0	54	0	
2	3265	-0.1558066	6.19E-05	4959.622	-0.001525902	6	6	-0.1553918	0	0	0	0	0	0	0	0	0	0	0	0	0	54	0	
2	3266	-0.1551932	6.21E-05	4960.622	-0.001525902	6	6	-0.1548918	0	0	0	0	0	0	0	0	0	0	0	0	0	54	0	
2	3267	-0.1545798	6.22E-05	4961.622	-0.001525902	6	6	-0.1543918	0	0	0	0	0	0	0	0	0	0	0	0	0	54	0	
2	3268	-0.1542731	6.24E-05	4962.622	-0.001525902	6	6	-0.1538918	0	0	0	0	0	0	0	0	0	0	0	0	0	54	0	
2	3269	-0.1536597	6.25E-05	4963.622	-0.001525902	6	6	-0.1533918	0	0	0	0	0	0	0	0	0	0	0	0	0	54	0	
2	3270	-0.1530463	6.26E-05	4964.622	-0.001525902	6	6	-0.1528918	0	0	0	0	0	0	0	0	0	0	0	0	0	54	0	
2	3271	-0.1527396	6.27E-05	4965.622	-0.001525902	6	6	-0.1523918	0	0	0	0	0	0	0	0	0	0	0	0	0	54	0	
2	3272	-0.1521262	6.28E-05	4966.622	-0.001525902	6	6	-0.1518918	0	0	0	0	0	0	0	0	0	0	0	0	0	54	0	
2	3273	-0.1515128	6.29E-05	4967.622	-0.001525902	6	6	-0.1513918	0	0	0	0	0	0	0	0	0	0	0	0	0	54	0	
2	3274	-0.151206	6.30E-05	4968.622	-0.001525902	6	6	-0.1508918	0	0	0	0	0	0	0	0	0	0	0	0	0	54	0	
2	3275	-0.1505926	6.31E-05	4969.622	-0.001525902	6	6	-0.1503918	0	0	0	0	0	0	0	0	0	0	0	0	0	54	0	
2	3276	-0.1499792	6.32E-05	4970.622	-0.001525902	6	6	-0.1498918	0	0	0	0	0	0	0	0	0	0	0	0	0	54	0	
2	3277	-0.1496725	6.34E-05	4971.622	-0.001525902	6	6	-0.1493918	0	0	0	0	0	0	0	0	0	0	0	0	0	54	0	
2	3278	-0.1490591	6.35E-05	4972.622	-0.001525902	6	6	-0.1488918	0	0	0	0	0	0	0	0	0	0	0	0	0	54	0	
2	3279	-0.1484457	6.36E-05	4973.622	-0.001525902	6	6	-0.1483918	0	0	0	0	0	0	0	0	0	0	0	0	0	54	0	
2	3280	-0.148139	6.37E-05	4974.622	-0.001525902	6	6	-0.1478918	0	0	0	0	0	0	0	0	0	0	0	0	0	54	0	
2	3281	-0.1475256	6.39E-05	4975.622	-0.001525902	6	6	-0.1473918	0	0	0	0	0	0	0	0	0	0	0	0	0	54	0	
2	3282	-0.1472189	6.40E-05	4976.622	-0.001525902	6	6	-0.1468918	0	0	0	0	0	0	0	0	0	0	0	0	0	54	0	
2	3283	-0.1466055	6.41E-05	4977.622	-0.001525902	6	6	-0.1463918	0	0	0	0	0	0	0	0	0	0	0	0	0	54	0	
2	3284	-0.145992	6.42E-05	4978.622	-0.001525902	6	6	-0.1458918	0	0	0	0	0	0	0	0	0	0	0	0	0	54	0	
2	3285	-0.1456853	6.43E-05	4979.622	-0.001525902	6	6	-0.1453918	0	0	0	0	0	0	0	0	0	0	0	0	0	54	0	
2	3286	-0.1450719	6.44E-05	4980.622	-0.001525902	6	6	-0.1448918	0	0	0	0	0	0	0	0	0	0	0	0	0	54	0	
2	3287	-0.1447652	6.45E-05	4981.622	-0.001525902	6	6	-0.1443918	0	0	0	0	0	0	0	0	0	0	0	0	0	54	0	
2	3288	-0.1441518	6.47E-05	4982.622	-0.001525902	6	6	-0.1438918	0	0	0	0	0	0	0	0	0	0	0	0	0	54	0	
2	3289	-0.1435384	6.48E-05	4983.622	-0.001525902	6	6	-0.1433918	0	0	0	0	0	0	0	0	0	0	0	0	0	54	0	
2	3290	-0.1432317	6.50E-05	4984.622	-0.001525902	6	6	-0.1428918	0	0	0	0	0	0	0	0	0	0	0	0	0	54	0	
2	3291	-0.1426183	6.51E-05	4985.622	-0.001525902	6	6	-0.1423918	0	0	0	0	0	0	0	0	0	0	0	0	0	54	0	
2	3292	-0.1420049	6.52E-05	4986.622	-0.001525902	6	6	-0.1418918	0	0	0	0	0	0	0	0	0	0	0	0	0	54	0	
2	3293	-0.1416982	6.53E-05	4987.622	-0.001525902	6	6	-0.1413918	0	0	0	0	0	0	0	0	0	0	0	0	0	54	0	
2	3294	-0.1410847	6.54E-05	4988.622	-0.001525902	6	6	-0.1408918	0	0	0	0	0	0	0	0	0	0	0	0	0	54	0	
2	3295	-0.140778	6.55E-05	4989.622	-0.001525902	6	6	-0.1403918	0	0	0	0	0	0	0	0	0	0	0	0	0	54	0	
2	3296	-0.1401646	6.56E-05	4990.622	-0.001525902	6	6	-0.1398918	0	0	0	0	0	0	0	0	0	0	0	0	0	54	0	
2	3297	-0.1395512	6.57E-05	4991.622	-0.001525902	6	6	-0.1393918	0	0	0	0	0	0	0	0	0	0	0	0	0	54	0	
2	3298	-0.1392445	6.58E-05	4992.622	-0.001525902	6	6	-0.1388918	0	0	0	0	0	0	0	0	0	0	0	0	0	54	0	
2	3299	-0.1386311	6.60E-05	4993.622	-0.001525902	6	6	-0.1383918	0	0	0	0	0	0	0	0	0	0	0	0	0	54	0	
2	3300	-0.1380177	6.62E-05	4994.622	-0.001525902	6	6	-0.1378918	0	0	0	0	0	0	0	0	0	0	0	0	0	54	0	
2	3301	-0.137711	6.63E-05	4995.622	-0.001525902	6	6	-0.1373918	0	0	0	0	0	0	0	0	0	0	0	0	0	54	0	
2	3302	-0.1370976	6.65E-05	4996.622	-0.001525902	6	6	-0.1368918	0	0	0	0	0	0	0	0	0	0	0	0	0	54	0	
2	3303	-0.1367909	6.66E-05	4997.622	-0.001525902	6	6	-0.1363918	0	0	0	0	0	0	0	0	0	0	0	0	0	54	0	
2	3304	-0.1361774	6.67E-05	4998.622	-0.001525902	6	6	-0.1358918	0	0	0	0	0	0	0	0	0	0	0	0	0	54	0	
2	3305	-0.135564	6.69E-05	4999.622	-0.001525902	6	6	-0.1353918	0	0	0	0	0	0	0	0	0	0	0	0	0	54	0	
2	3306	-0.1352573	6.70E-05	5000.622	-0.001525902	6	6	-0.1348918	0	0	0	0	0	0	0	0	0	0	0	0	0	54	0	
2	3307	-0.1346439	6.71E-05	5001.622	-0.001525902	6	6	-0.1343918	0	0	0	0	0	0	0	0	0	0	0	0	0	54	0	
2	3308	-0.1343372	6.73E-05	5002.622	-0.001525902	6	6	-0.1338918	0	0	0	0	0	0	0	0	0	0	0	0	0	54	0	
2	3309	-0.1337238	6.74E-05	5003.622	-0.001525902	6	6	-0.1333918	0	0	0	0	0	0	0	0	0	0	0	0	0	54	0	
2	3310	-0.1331104	6.76E-05	5004.622	-0.001525902	6	6	-0.1328918	0	0	0	0	0	0	0	0	0	0	0	0	0	54	0	
2	3311	-0.1328037	6.77E-05	5005.622	-0.001525902	6	6	-0.1323918	0	0	0	0	0	0	0	0	0	0	0	0	0	54	0	
2	3312	-0.1321903	6.79E-05	5006.622	-0.001525902	6	6	-0.1318918	0	0	0	0	0	0	0	0	0	0	0	0	0	54	0	
2	3313	-0.1315769	6.80E-05	5007.622	-0.001525902	6	6	-0.1313918	0	0	0	0	0	0	0	0	0	0	0	0	0	54	0	
2	3314	-0.1312701	6.81E-05	5008.622	-0.001525902	6	6	-0.1308918	0	0	0	0	0	0	0	0	0	0	0	0	0	54	0	
2	3315	-0.1306567	6.82E-05	5009.622	-0.001525902	6	6	-0.1303918	0	0	0	0	0	0	0	0	0	0	0	0	0	54	0	
2	3316	-0.13035	6.83E-05	5010.622	-0.001525902	6	6	-0.1298918	0	0	0	0	0	0	0	0	0	0	0	0	0	54	0	
2	3317	-0.1297366	6.85E-05	5011.622	-0.001525902	6	6	-0.1293918	0	0	0	0	0	0	0	0	0	0	0	0	0	54	0	
2	3318	-0.1291232	6.86E-05	5012.622	-0.001525902	6	6	-0.1288918	0	0	0	0	0	0	0	0	0	0	0	0	0	54	0	
2	3319	-0.1288165	6.87E-05	5013.622	-0.001525902	6	6	-0.1283918	0	0	0	0	0	0	0	0	0	0	0	0	0	54	0	
2	3320	-0.1282031	6.89E-05	5014.622	-0.001525902	6	6	-0.1278918	0	0	0	0	0	0	0	0	0	0	0	0	0	54	0	
2	3321	-0.1275897	6.90E-05	5015.622	-0.001525902	6	6	-0.1273918	0	0	0	0	0	0	0	0	0	0	0	0	0	54	0	
2	3322	-0.1269763	6.92E-05	5016.622	-0.001525902	6	6	-0.1268918	0	0	0	0	0	0	0	0	0	0	0	0	0	54	0	
2	3323	-0.1266695	6.93E-05	5017.622	-0.001525902	6	6	-0.1263918	0	0	0	0	0	0	0	0	0	0	0	0	0	54	0	
2	3324	-0.1260561	6.95E-05	5018.622	-0.001525902	6	6	-0.1258918	0	0	0	0	0	0	0	0	0	0	0	0	0	54	0	
2	3325	-0.1257494	6.96E-05	5019.622	-0.001525902	6	6	-0.1253918	0	0	0	0	0	0	0	0	0	0	0	0	0	54	0	
2	3326	-0.125136	6.97E-05	5020.622	-0.001525902	6	6	-0.1248918	0	0	0	0	0	0	0	0	0	0	0	0	0	54	0	
2	3327	-0.1245226	6.99E-05	5021.622	-0.001525902	6	6	-0.1243918	0	0	0	0	0	0	0	0	0	0	0	0	0	54	0	
2	3328	-0.1242159	7.00E-05	5022.622	-0.001525902	6	6	-0.1238918	0	0	0	0	0	0	0	0	0	0	0	0	0	54	0	
2	3329	-0.1236025	7.02E-05	5023.622	-0.001525902	6	6	-0.1233918	0	0	0	0	0	0	0	0	0	0	0	0	0	54	0	
2	3330	-0.1232958	7.03E-05	5024.622	-0.001525902	6	6	-0.1228918	0	0	0	0	0	0	0	0	0	0	0	0	0	54	0	
2	3331	-0.1226824	7.04E-05	5025.622	-0.001525902	6	6	-0.1223918	0	0	0	0	0	0	0	0	0	0	0	0	0	54	0	
2	3332	-0.1220689	7.05E-05	5026.622	-0.001525902	6	6	-0.1218918	0	0	0	0	0	0	0	0	0	0	0	0	0	54	0	
2	3333	-0.1217622	7.06E-05	5027.622	-0.001525902	6	6	-0.1213918	0	0	0	0	0	0	0	0	0	0	0	0	0	54	0	
2	3334	-0.1211488	7.07E-05	5028.622	-0.001525902	6	6	-0.1208918	0	0	0	0	0	0	0	0	0	0	0	0	0	54	0	
2	3335	-0.1208421	7.08E-05	5029.622	-0.001525902	6	6	-0.1203918	0	0	0	0	0	0	0	0	0	0	0	0	0	54	0	
2	3336	-0.1202287	7.09E-05	5030.622	-0.001525902	6	6	-0.1198918	0	0	0	0	0	0	0	0	0	0	0	0	0	54	0	
2	3337	-0.1196153	7.11E-05	5031.622	-0.001525902	6	6	-0.1193918	0	0	0	0	0	0	0	0	0	0	0	0	0	54	0	
2	3338	-0.1190019	7.12E-05	5032.622	-0.001525902	6	6	-0.1188918	0	0	0	0	0	0	0	0	0	0	0	0	0	54	0	
2	3339	-0.1186952	7.13E-05	5033.622	-0.001525902	6	6	-0.1183918	0	0	0	0	0	0	0	0	0	0	0	0	0	54	0	
2	3340	-0.1180818	7.14E-05	5034.622	-0.001525902	6	6	-0.1178918	0	0	0	0	0	0	0	0	0	0	0	0	0	54	0	
2	3341	-0.1177751	7.15E-05	5035.622	-0.001525902	6	6	-0.1173918	0	0	0	0	0	0	0	0	0	0	0	0	0	54	0	
2	3342	-0.1171616	7.16E-05	5036.622	-0.001525902	6	6	-0.1168918	0	0	0	0	0	0	0	0	0	0	0	0	0	54	0	
2	3343	-0.1165482	7.18E-05	5037.622	-0.001525902	6	6	-0.1163918	0	0	0	0	0	0	0	0	0	0	0	0	0	54	0	
2	3344	-0.1162415	7.19E-05	5038.622	-0.001525902	6	6	-0.1158918	0	0	0	0	0	0	0	0	0	0	0	0	0	54	0	
2	3345	-0.1156281	7.20E-05	5039.622	-0.001525902	6	6	-0.1153918	0	0	0	0	0	0	0	0	0	0	0	0	0	54	0	
2	3346	-0.1150147	7.21E-05	5040.622	-0.001525902	6	6	-0.1148918	0	0	0	0	0	0	0	0	0	0	0	0	0	54	0	
2	3347	-0.114708	7.22E-05	5041.622	-0.001525902	6	6	-0.1143918	0	0	0	0	0	0	0	0	0	0	0	0	0	54	0	
2	3348	-0.1140946	7.23E-05	5042.622	-0.001525902	6	6	-0.1138918	0	0	0	0	0	0	0	0	0	0	0	0	0	54	0	
2	3349	-0.1137879	7.25E-05	5043.622	-0.001525902	6	6	-0.1133918	0	0	0	0	0	0	0	0	0	0	0	0	0	54	0	
2	3350	-0.1131745	7.26E-05	5044.622	-0.001525902	6	6	-0.1128918	0	0	0	0	0	0	0	0	0	0	0	0	0	54	0	
2	3351	-0.1125611	7.27E-05	5045.622	-0.001525902	6	6	-0.1123918	0	0	0	0	0	0	0	0	0	0	0	0	0	54	0	
2	3352	-0.1122543	7.28E-05	5046.622	-0.001525902	6	6	-0.1118918	0	0	0	0	0	0	0	0	0	0	0	0	0	54	0	
2	3353	-0.1116409	7.29E-05	5047.622	-0.001525902	6	6	-0.1113918	0	0	0	0	0	0	0	0	0	0	0	0	0	54	0	
2	3354	-0.1110275	7.31E-05	5048.622	-0.001525902	6	6	-0.1108918	0	0	0	0	0	0	0	0	0	0	0	0	0	54	0	
2	3355	-0.1107208	7.32E-05	5049.622	-0.001525902	6	6	-0.1103918	0	0	0	0	0	0	0	0	0	0	0	0	0	54	0	
2	3356	-0.1101074	7.34E-05	5050.622	-0.001525902	6	6	-0.1098918	0	0	0	0	0	0	0	0	0	0	0	0	0	54	0	
2	3357	-0.109494	7.35E-05	5051.622	-0.001525902	6	6	-0.1093918	0	0	0	0	0	0	0	0	0	0	0	0	0	54	0	
2	3358	-0.1091873	7.36E-05	5052.622	-0.001525902	6	6	-0.1088918	0	0	0	0	0	0	0	0	0	0	0	0	0	54	0	
2	3359	-0.1085739	7.38E-05	5053.622	-0.001525902	6	6	-0.1083918	0	0	0	0	0	0	0	0	0	0	0	0	0	54	0	
2	3360	-0.1082672	7.40E-05	5054.622	-0.001525902	6	6	-0.1078918	0	0	0	0	0	0	0	0	0	0	0	0	0	54	0	
2	3361	-0.1076538	7.42E-05	5055.622	-0.001525902	6	6	-0.1073918	0	0	0	0	0	0	0	0	0	0	0	0	0	54	0	
2	3362	-0.1070403	7.43E-05	5056.622	-0.001525902	6	6	-0.1068918	0	0	0	0	0	0	0	0	0	0	0	0	0	54	0	
2	3363	-0.1067336	7.45E-05	5057.622	-0.001525902	6	6	-0.1063918	0	0	0	0	0	0	0	0	0	0	0	0	0	54	0	
2	3364	-0.1061202	7.46E-05	5058.622	-0.001525902	6	6	-0.1058918	0	0	0	0	0	0	0	0	0	0	0	0	0	54	0	
2	3365	-0.1058135	7.48E-05	5059.622	-0.001525902	6	6	-0.1053918	0	0	0	0	0	0	0	0	0	0	0	0	0	54	0	
2	3366	-0.1052001	7.49E-05	5060.622	-0.001525902	6	6	-0.1048918	0	0	0	0	0	0	0	0	0	0	0	0	0	54	0	
2	3367	-0.1045867	7.50E-05	5061.622	-0.001525902	6	6	-0.1043918	0	0	0	0	0	0	0	0	0	0	0	0	0	54	0	
2	3368	-0.10428	7.51E-05	5062.622	-0.001525902	6	6	-0.1038918	0	0	0	0	0	0	0	0	0	0	0	0	0	54	0	
2	3369	-0.1036666	7.52E-05	5063.622	-0.001525902	6	6	-0.1033918	0	0	0	0	0	0	0	0	0	0	0	0	0	54	0	
2	3370	-0.1030532	7.53E-05	5064.622	-0.001525902	6	6	-0.1028918	0	0	0	0	0	0	0	0	0	0	0	0	0	54	0	
2	3371	-0.1027464	7.54E-05	5065.622	-0.001525902	6	6	-0.1023918	0	0	0	0	0	0	0	0	0	0	0	0	0	54	0	
2	3372	-0.102133	7.55E-05	5066.622	-0.001525902	6	6	-0.1018918	0	0	0	0	0	0	0	0	0	0	0	0	0	54	0	
2	3373	-0.1018263	7.56E-05	5067.622	-0.001525902	6	6	-0.1013918	0	0	0	0	0	0	0	0	0	0	0	0	0	54	0	
2	3374	-0.1012129	7.58E-05	5068.622	-0.001525902	6	6	-0.1008918	0	0	0	0	0	0	0	0	0	0	0	0	0	54	0	
2	3375	-0.1005995	7.59E-05	5069.622	-0.001525902	6	6	-0.1003918	0	0	0	0	0	0	0	0	0	0	0	0	0	54	0	
2	3376	-0.1002928	7.60E-05	5070.622	-0.001525902	6	6	-0.0998918	0	0	0	0	0	0	0	0	0	0	0	0	0	54	0	
2	3377	-0.09967939	7.62E-05	5071.622	-0.001525902	6	6	-0.0993918	0	0	0	0	0	0	0	0	0	0	0	0	0	54	0	
2	3378	-0.09906597	7.63E-05	5072.622	-0.001525902	6	6	-0.0988918	0	0	0	0	0	0	0	0	0	0	0	0	0	54	0	
2	3379	-0.09875926	7.64E-05	5073.622	-0.001525902	6	6	-0.0983918	0	0	0	0	0	0	0	0	0	0	0	0	0	54	0	
2	3380	-0.09814586	7.65E-05	5074.622	-0.001525902	6	6	-0.0978918	0	0	0	0	0	0	0	0	0	0	0	0	0	54	0	
2	3381	-0.09753244	7.67E-05	5075.622	-0.001525902	6	6	-0.0973918	0	0	0	0	0	0	0	0	0	0	0	0	0	54	0	
2	3382	-0.09722573	7.68E-05	5076.622	-0.001525902	6	6	-0.0968918	0	0	0	0	0	0	0	0	0	0	0	0	0	54	0	
2	3383	-0.09661232	7.69E-05	5077.622	-0.001525902	6	6	-0.0963918	0	0	0	0	0	0	0	0	0	0	0	0	0	54	0	
2	3384	-0.09630562	7.70E-05	5078.622	-0.001525902	6	6	-0.0958918	0	0	0	0	0	0	0	0	0	0	0	0	0	54	0	
2	3385	-0.0956922	7.71E-05	5079.622	-0.001525902	6	6	-0.0953918	0	0	0	0	0	0	0	0	0	0	0	0	0	54	0	
2	3386	-0.09507879	7.73E-05	5080.622	-0.001525902	6	6	-0.0948918	0	0	0	0	0	0	0	0	0	0	0	0	0	54	0	
2	3387	-0.09477209	7.74E-05	5081.622	-0.001525902	6	6	-0.0943918	0	0	0	0	0	0	0	0	0	0	0	0	0	54	0	
2	3388	-0.09415867	7.75E-05	5082.622	-0.001525902	6	6	-0.0938918	0	0	0	0	0	0	0	0	0	0	0	0	0	54	0	
2	3389	-0.09354526	7.76E-05	5083.622	-0.001525902	6	6	-0.0933918	0	0	0	0	0	0	0	0	0	0	0	0	0	54	0	
2	3390	-0.09323855	7.78E-05	5084.622	-0.001525902	6	6	-0.0928918	0	0	0	0	0	0	0	0	0	0	0	0	0	54	0	
2	3391	-0.09262514	7.79E-05	5085.622	-0.001525902	6	6	-0.0923918	0	0	0	0	0	0	0	0	0	0	0	0	0	54	0	
2	3392	-0.09231843	7.81E-05	5086.622	-0.001525902	6	6	-0.0918918	0	0	0	0	0	0	0	0	0	0	0	0	0	54	0	
2	3393	-0.09170502	7.82E-05	5087.622	-0.001525902	6	6	-0.0913918	0	0	0	0	0	0	0	0	0	0	0	0	0	54	0	
2	3394	-0.09109161	7.83E-05	5088.622	-0.001525902	6	6	-0.0908918	0	0	0	0	0	0	0	0	0	0	0	0	0	54	0	
2	3395	-0.0907849	7.85E-05	5089.622	-0.001525902	6	6	-0.0903918	0	0	0	0	0	0	0	0	0	0	0	0	0	54	0	
2	3396	-0.09017149	7.87E-05	5090.622	-0.001525902	6	6	-0.0898918	0	0	0	0	0	0	0	0	0	0	0	0	0	54	0	
2	3397	-0.08955808	7.88E-05	5091.622	-0.001525902	6	6	-0.0893918	0	0	0	0	0	0	0	0	0	0	0	0	0	54	0	
2	3398	-0.08925137	7.90E-05	5092.622	-0.001525902	6	6	-0.0888918	0	0	0	0	0	0	0	0	0	0	0	0	0	54	0	
2	3399	-0.08863796	7.91E-05	5093.622	-0.001525902	6	6	-0.0883918	0	0	0	0	0	0	0	0	0	0	0	0	0	54	0	
2	3400	-0.08833125	7.93E-05	5094.622	-0.001525902	6	6	-0.08789179	0	0	0	0	0	0	0	0	0	0	0	0	0	54	0	
2	3401	-0.08771784	7.94E-05	5095.622	-0.001525902	6	6	-0.0873918	0	0	0	0	0	0	0	0	0	0	0	0	0	54	0	
2	3402	-0.08710442	7.95E-05	5096.622	-0.001525902	6	6	-0.0868918	0	0	0	0	0	0	0	0	0	0	0	0	0	54	0	
2	3403	-0.08649101	7.96E-05	5097.622	-0.001525902	6	6	-0.0863918	0	0	0	0	0	0	0	0	0	0	0	0	0	54	0	
2	3404	-0.08618431	7.97E-05	5098.622	-0.001525902	6	6	-0.0858918	0	0	0	0	0	0	0	0	0	0	0	0	0	54	0	
2	3405	-0.08557089	7.98E-05	5099.622	-0.001525902	6	6	-0.0853918	0	0	0	0	0	0	0	0	0	0	0	0	0	54	0	
2	3406	-0.08526419	7.99E-05	5100.622	-0.001525902	6	6	-0.0848918	0	0	0	0	0	0	0	0	0	0	0	0	0	54	0	
2	3407	-0.08465078	8.00E-05	5101.622	-0.001525902	6	6	-0.0843918	0	0	0	0	0	0	0	0	0	0	0	0	0	54	0	
2	3408	-0.08403736	8.01E-05	5102.622	-0.001525902	6	6	-0.0838918	0	0	0	0	0	0	0	0	0	0	0	0	0	54	0	
2	3409	-0.08373065	8.02E-05	5103.622	-0.001525902	6	6	-0.0833918	0	0	0	0	0	0	0	0	0	0	0	0	0	54	0	
2	3410	-0.08311725	8.03E-05	5104.622	-0.001525902	6	6	-0.0828918	0	0	0	0	0	0	0	0	0	0	0	0	0	54	0	
2	3411	-0.08281054	8.03E-05	5105.622	-0.001525902	6	6	-0.0823918	0	0	0	0	0	0	0	0	0	0	0	0	0	54	0	
2	3412	-0.08219712	8.04E-05	5106.622	-0.001525902	6	6	-0.0818918	0	0	0	0	0	0	0	0	0	0	0	0	0	54	0	
2	3413	-0.08158371	8.06E-05	5107.622	-0.001525902	6	6	-0.0813918	0	0	0	0	0	0	0	0	0	0	0	0	0	54	0	
2	3414	-0.08127701	8.07E-05	5108.622	-0.001525902	6	6	-0.0808918	0	0	0	0	0	0	0	0	0	0	0	0	0	54	0	
2	3415	-0.08066359	8.08E-05	5109.622	-0.001525902	6	6	-0.08039179	0	0	0	0	0	0	0	0	0	0	0	0	0	54	0	
2	3416	-0.08035689	8.10E-05	5110.622	-0.001525902	6	6	-0.0798918	0	0	0	0	0	0	0	0	0	0	0	0	0	54	0	
2	3417	-0.07974347	8.11E-05	5111.622	-0.001525902	6	6	-0.0793918	0	0	0	0	0	0	0	0	0	0	0	0	0	54	0	
2	3418	-0.07913006	8.13E-05	5112.622	-0.001525902	6	6	-0.0788918	0	0	0	0	0	0	0	0	0	0	0	0	0	54	0	
2	3419	-0.07851665	8.14E-05	5113.622	-0.001525902	6	6	-0.0783918	0	0	0	0	0	0	0	0	0	0	0	0	0	54	0	
2	3420	-0.07820994	8.16E-05	5114.622	-0.001525902	6	6	-0.0778918	0	0	0	0	0	0	0	0	0	0	0	0	0	54	0	
2	3421	-0.07759653	8.18E-05	5115.622	-0.001525902	6	6	-0.0773918	0	0	0	0	0	0	0	0	0	0	0	0	0	54	0	
2	3422	-0.07728982	8.19E-05	5116.622	-0.001525902	6	6	-0.07689179	0	0	0	0	0	0	0	0	0	0	0	0	0	54	0	
2	3423	-0.07667641	8.20E-05	5117.622	-0.001525902	6	6	-0.0763918	0	0	0	0	0	0	0	0	0	0	0	0	0	54	0	
2	3424	-0.0763697	8.21E-05	5118.622	-0.001525902	6	6	-0.0758918	0	0	0	0	0	0	0	0	0	0	0	0	0	54	0	
2	3425	-0.07575629	8.23E-05	5119.622	-0.001525902	6	6	-0.0753918	0	0	0	0	0	0	0	0	0	0	0	0	0	54	0	
2	3426	-0.07514288	8.24E-05	5120.622	-0.001525902	6	6	-0.0748918	0	0	0	0	0	0	0	0	0	0	0	0	0	54	0	
2	3427	-0.07452947	8.26E-05	5121.622	-0.001525902	6	6	-0.0743918	0	0	0	0	0	0	0	0	0	0	0	0	0	54	0	
2	3428	-0.07422276	8.28E-05	5122.622	-0.001525902	6	6	-0.0738918	0	0	0	0	0	0	0	0	0	0	0	0	0	54	0	
2	3429	-0.07360934	8.29E-05	5123.622	-0.001525902	6	6	-0.0733918	0	0	0	0	0	0	0	0	0	0	0	0	0	54	0	
2	3430	-0.07330264	8.30E-05	5124.622	-0.001525902	6	6	-0.07289179	0	0	0	0	0	0	0	0	0	0	0	0	0	54	0	
2	3431	-0.07268923	8.32E-05	5125.622	-0.001525902	6	6	-0.0723918	0	0	0	0	0	0	0	0	0	0	0	0	0	54	0	
2	3432	-0.07207581	8.34E-05	5126.622	-0.001525902	6	6	-0.0718918	0	0	0	0	0	0	0	0	0	0	0	0	0	54	0	
2	3433	-0.07176911	8.36E-05	5127.622	-0.001525902	6	6	-0.0713918	0	0	0	0	0	0	0	0	0	0	0	0	0	54	0	
2	3434	-0.0711557	8.38E-05	5128.622	-0.001525902	6	6	-0.0708918	0	0	0	0	0	0	0	0	0	0	0	0	0	54	0	
2	3435	-0.07084899	8.40E-05	5129.622	-0.001525902	6	6	-0.0703918	0	0	0	0	0	0	0	0	0	0	0	0	0	54	0	
2	3436	-0.07023558	8.41E-05	5130.622	-0.001525902	6	6	-0.0698918	0	0	0	0	0	0	0	0	0	0	0	0	0	54	0	
2	3437	-0.06962217	8.43E-05	5131.622	-0.001525902	6	6	-0.06939179	0	0	0	0	0	0	0	0	0	0	0	0	0	54	0	
2	3438	-0.06931546	8.45E-05	5132.622	-0.001525902	6	6	-0.06889179	0	0	0	0	0	0	0	0	0	0	0	0	0	54	0	
2	3439	-0.06870204	8.47E-05	5133.622	-0.001525902	6	6	-0.0683918	0	0	0	0	0	0	0	0	0	0	0	0	0	54	0	
2	3440	-0.06808864	8.49E-05	5134.622	-0.001525902	6	6	-0.0678918	0	0	0	0	0	0	0	0	0	0	0	0	0	54	0	
2	3441	-0.06778193	8.51E-05	5135.622	-0.001525902	6	6	-0.0673918	0	0	0	0	0	0	0	0	0	0	0	0	0	54	0	
2	3442	-0.06716851	8.51E-05	5136.622	-0.001525902	6	6	-0.0668918	0	0	0	0	0	0	0	0	0	0	0	0	0	54	0	
2	3443	-0.0665551	8.51E-05	5137.622	-0.001525902	6	6	-0.0663918	0	0	0	0	0	0	0	0	0	0	0	0	0	54	0	
2	3444	-0.06624839	8.52E-05	5138.622	-0.001525902	6	6	-0.06589179	0	0	0	0	0	0	0	0	0	0	0	0	0	54	0	
2	3445	-0.06563498	8.53E-05	5139.622	-0.001525902	6	6	-0.06539179	0	0	0	0	0	0	0	0	0	0	0	0	0	54	0	
2	3446	-0.06532828	8.54E-05	5140.622	-0.001525902	6	6	-0.0648918	0	0	0	0	0	0	0	0	0	0	0	0	0	54	0	
2	3447	-0.06471486	8.55E-05	5141.622	-0.001525902	6	6	-0.0643918	0	0	0	0	0	0	0	0	0	0	0	0	0	54	0	
2	3448	-0.06410145	8.56E-05	5142.622	-0.001525902	6	6	-0.0638918	0	0	0	0	0	0	0	0	0	0	0	0	0	54	0	
2	3449	-0.06379475	8.58E-05	5143.622	-0.001525902	6	6	-0.0633918	0	0	0	0	0	0	0	0	0	0	0	0	0	54	0	
2	3450	-0.06318133	8.59E-05	5144.622	-0.001525902	6	6	-0.0628918	0	0	0	0	0	0	0	0	0	0	0	0	0	54	0	
2	3451	-0.06287462	8.61E-05	5145.622	-0.001525902	6	6	-0.0623918	0	0	0	0	0	0	0	0	0	0	0	0	0	54	0	
2	3452	-0.06226121	8.63E-05	5146.622	-0.001525902	6	6	-0.0618918	0	0	0	0	0	0	0	0	0	0	0	0	0	54	0	
2	3453	-0.0616478	8.65E-05	5147.622	-0.001525902	6	6	-0.0613918	0	0	0	0	0	0	0	0	0	0	0	0	0	54	0	
2	3454	-0.06134109	8.67E-05	5148.622	-0.001525902	6	6	-0.0608918	0	0	0	0	0	0	0	0	0	0	0	0	0	54	0	
2	3455	-0.06072768	8.69E-05	5149.622	-0.001525902	6	6	-0.0603918	0	0	0	0	0	0	0	0	0	0	0	0	0	54	0	
2	3456	-0.06011427	8.71E-05	5150.622	-0.001525902	6	6	-0.0598918	0	0	0	0	0	0	0	0	0	0	0	0	0	54	0	
2	3457	-0.05980756	8.73E-05	5151.622	-0.001525902	6	6	-0.0593918	0	0	0	0	0	0	0	0	0	0	0	0	0	54	0	
2	3458	-0.05919415	8.74E-05	5152.622	-0.001525902	6	6	-0.0588918	0	0	0	0	0	0	0	0	0	0	0	0	0	54	0	
2	3459	-0.05858074	8.75E-05	5153.622	-0.001525902	6	6	-0.0583918	0	0	0	0	0	0	0	0	0	0	0	0	0	54	0	
2	3460	-0.05827403	8.77E-05	5154.622	-0.001525902	6	6	-0.0578918	0	0	0	0	0	0	0	0	0	0	0	0	0	54	0	
2	3461	-0.05766062	8.78E-05	5155.622	-0.001525902	6	6	-0.0573918	0	0	0	0	0	0	0	0	0	0	0	0	0	54	0	
2	3462	-0.05735391	8.79E-05	5156.622	-0.001525902	6	6	-0.0568918	0	0	0	0	0	0	0	0	0	0	0	0	0	54	0	
2	3463	-0.0567405	8.81E-05	5157.622	-0.001525902	6	6	-0.0563918	0	0	0	0	0	0	0	0	0	0	0	0	0	54	0	
2	3464	-0.05612709	8.82E-05	5158.622	-0.001525902	6	6	-0.0558918	0	0	0	0	0	0	0	0	0	0	0	0	0	54	0	
2	3465	-0.05582038	8.84E-05	5159.622	-0.001525902	6	6	-0.0553918	0	0	0	0	0	0	0	0	0	0	0	0	0	54	0	
2	3466	-0.05520697	8.86E-05	5160.622	-0.001525902	6	6	-0.05489179	0	0	0	0	0	0	0	0	0	0	0	0	0	54	0	
2	3467	-0.05490026	8.88E-05	5161.622	-0.001525902	6	6	-0.0543918	0	0	0	0	0	0	0	0	0	0	0	0	0	54	0	
2	3468	-0.05428685	8.90E-05	5162.622	-0.001525902	6	6	-0.0538918	0	0	0	0	0	0	0	0	0	0	0	0	0	54	0	
2	3469	-0.05367344	8.93E-05	5163.622	-0.001525902	6	6	-0.0533918	0	0	0	0	0	0	0	0	0	0	0	0	0	54	0	
2	3470	-0.05306002	8.95E-05	5164.622	-0.001525902	6	6	-0.05289179	0	0	0	0	0	0	0	0	0	0	0	0	0	54	0	
2	3471	-0.05275331	8.97E-05	5165.622	-0.001525902	6	6	-0.0523918	0	0	0	0	0	0	0	0	0	0	0	0	0	54	0	
2	3472	-0.0521399	8.99E-05	5166.622	-0.001525902	6	6	-0.0518918	0	0	0	0	0	0	0	0	0	0	0	0	0	54	0	
2	3473	-0.0518332	9.01E-05	5167.622	-0.001525902	6	6	-0.0513918	0	0	0	0	0	0	0	0	0	0	0	0	0	54	0	
2	3474	-0.05121978	9.03E-05	5168.622	-0.001525902	6	6	-0.0508918	0	0	0	0	0	0	0	0	0	0	0	0	0	54	0	
2	3475	-0.05060637	9.06E-05	5169.622	-0.001525902	6	6	-0.0503918	0	0	0	0	0	0	0	0	0	0	0	0	0	54	0	
2	3476	-0.05029967	9.08E-05	5170.622	-0.001525902	6	6	-0.0498918	0	0	0	0	0	0	0	0	0	0	0	0	0	54	0	
2	3477	-0.04968625	9.10E-05	5171.622	-0.001525902	6	6	-0.04939179	0	0	0	0	0	0	0	0	0	0	0	0	0	54	0	
2	3478	-0.04937955	9.12E-05	5172.622	-0.001525902	6	6	-0.0488918	0	0	0	0	0	0	0	0	0	0	0	0	0	54	0	
2	3479	-0.04876613	9.14E-05	5173.622	-0.001525902	6	6	-0.0483918	0	0	0	0	0	0	0	0	0	0	0	0	0	54	0	
2	3480	-0.04815272	9.16E-05	5174.622	-0.001525902	6	6	-0.0478918	0	0	0	0	0	0	0	0	0	0	0	0	0	54	0	
2	3481	-0.04784602	9.18E-05	5175.622	-0.001525902	6	6	-0.04739179	0	0	0	0	0	0	0	0	0	0	0	0	0	54	0	
2	3482	-0.0472326	9.20E-05	5176.622	-0.001525902	6	6	-0.0468918	0	0	0	0	0	0	0	0	0	0	0	0	0	54	0	
2	3483	-0.04661919	9.22E-05	5177.622	-0.001525902	6	6	-0.0463918	0	0	0	0	0	0	0	0	0	0	0	0	0	54	0	
2	3484	-0.04631248	9.24E-05	5178.622	-0.001525902	6	6	-0.0458918	0	0	0	0	0	0	0	0	0	0	0	0	0	54	0	
2	3485	-0.04569907	9.25E-05	5179.622	-0.001525902	6	6	-0.04539179	0	0	0	0	0	0	0	0	0	0	0	0	0	54	0	
2	3486	-0.04508566	9.27E-05	5180.622	-0.001525902	6	6	-0.0448918	0	0	0	0	0	0	0	0	0	0	0	0	0	54	0	
2	3487	-0.04477895	9.29E-05	5181.622	-0.001525902	6	6	-0.0443918	0	0	0	0	0	0	0	0	0	0	0	0	0	54	0	
2	3488	-0.04416554	9.30E-05	5182.622	-0.001525902	6	6	-0.04389179	0	0	0	0	0	0	0	0	0	0	0	0	0	54	0	
2	3489	-0.04385883	9.32E-05	5183.622	-0.001525902	6	6	-0.0433918	0	0	0	0	0	0	0	0	0	0	0	0	0	54	0	
2	3490	-0.04324542	9.34E-05	5184.622	-0.001525902	6	6	-0.0428918	0	0	0	0	0	0	0	0	0	0	0	0	0	54	0	
2	3491	-0.04293871	9.36E-05	5185.622	-0.001525902	6	6	-0.0423918	0	0	0	0	0	0	0	0	0	0	0	0	0	54	0	
2	3492	-0.0423253	9.38E-05	5186.622	-0.001525902	6	6	-0.04189179	0	0	0	0	0	0	0	0	0	0	0	0	0	54	0	
2	3493	-0.04171189	9.40E-05	5187.622	-0.001525902	6	6	-0.0413918	0	0	0	0	0	0	0	0	0	0	0	0	0	54	0	
2	3494	-0.04140518	9.43E-05	5188.622	-0.001525902	6	6	-0.0408918	0	0	0	0	0	0	0	0	0	0	0	0	0	54	0	
2	3495	-0.04079177	9.45E-05	5189.622	-0.001525902	6	6	-0.0403918	0	0	0	0	0	0	0	0	0	0	0	0	0	54	0	
2	3496	-0.04017835	9.47E-05	5190.622	-0.001525902	6	6	-0.03989179	0	0	0	0	0	0	0	0	0	0	0	0	0	54	0	
2	3497	-0.03987165	9.49E-05	5191.622	-0.001525902	6	6	-0.0393918	0	0	0	0	0	0	0	0	0	0	0	0	0	54	0	
2	3498	-0.03925824	9.51E-05	5192.622	-0.001525902	6	6	-0.0388918	0	0	0	0	0	0	0	0	0	0	0	0	0	54	0	
2	3499	-0.03864482	9.54E-05	5193.622	-0.001525902	6	6	-0.0383918	0	0	0	0	0	0	0	0	0	0	0	0	0	54	0	
2	3500	-0.03803141	9.56E-05	5194.622	-0.001525902	6	6	-0.03789179	0	0	0	0	0	0	0	0	0	0	0	0	0	54	0	
2	3501	-0.0377247	9.58E-05	5195.622	-0.001525902	6	6	-0.0373918	0	0	0	0	0	0	0	0	0	0	0	0	0	54	0	
2	3502	-0.03711129	9.60E-05	5196.622	-0.001525902	6	6	-0.0368918	0	0	0	0	0	0	0	0	0	0	0	0	0	54	0	
2	3503	-0.03680459	9.63E-05	5197.622	-0.001525902	6	6	-0.03639179	0	0	0	0	0	0	0	0	0	0	0	0	0	54	0	
2	3504	-0.03619117	9.65E-05	5198.622	-0.001525902	6	6	-0.0358918	0	0	0	0	0	0	0	0	0	0	0	0	0	54	0	
2	3505	-0.03557776	9.67E-05	5199.622	-0.001525902	6	6	-0.0353918	0	0	0	0	0	0	0	0	0	0	0	0	0	54	0	
2	3506	-0.03527106	9.69E-05	5200.622	-0.001525902	6	6	-0.0348918	0	0	0	0	0	0	0	0	0	0	0	0	0	54	0	
2	3507	-0.03465764	9.70E-05	5201.622	-0.001525902	6	6	-0.03439179	0	0	0	0	0	0	0	0	0	0	0	0	0	54	0	
2	3508	-0.03435094	9.72E-05	5202.622	-0.001525902	6	6	-0.0338918	0	0	0	0	0	0	0	0	0	0	0	0	0	54	0	
2	3509	-0.03373752	9.74E-05	5203.622	-0.001525902	6	6	-0.0333918	0	0	0	0	0	0	0	0	0	0	0	0	0	54	0	
2	3510	-0.03312411	9.75E-05	5204.622	-0.001525902	6	6	-0.0328918	0	0	0	0	0	0	0	0	0	0	0	0	0	54	0	
2	3511	-0.0328174	9.77E-05	5205.622	-0.001525902	6	6	-0.03239179	0	0	0	0	0	0	0	0	0	0	0	0	0	54	0	
2	3512	-0.03220399	9.79E-05	5206.622	-0.001525902	6	6	-0.0318918	0	0	0	0	0	0	0	0	0	0	0	0	0	54	0	
2	3513	-0.03189728	9.80E-05	5207.622	-0.001525902	6	6	-0.0313918	0	0	0	0	0	0	0	0	0	0	0	0	0	54	0	
2	3514	-0.03128387	9.82E-05	5208.622	-0.001525902	6	6	-0.03089179	0	0	0	0	0	0	0	0	0	0	0	0	0	54	0	
2	3515	-0.03067046	9.83E-05	5209.622	-0.001525902	6	6	-0.0303918	0	0	0	0	0	0	0	0	0	0	0	0	0	54	0	
2	3516	-0.03005705	9.84E-05	5210.622	-0.001525902	6	6	-0.02989179	0	0	0	0	0	0	0	0	0	0	0	0	0	54	0	
2	3517	-0.02975034	9.86E-05	5211.622	-0.001525902	6	6	-0.0293918	0	0	0	0	0	0	0	0	0	0	0	0	0	54	0	
2	3518	-0.02913693	9.87E-05	5212.622	-0.001525902	6	6	-0.02889179	0	0	0	0	0	0	0	0	0	0	0	0	0	54	0	
2	3519	-0.02883022	9.89E-05	5213.622	-0.001525902	6	6	-0.0283918	0	0	0	0	0	0	0	0	0	0	0	0	0	54	0	
2	3520	-0.02821681	9.90E-05	5214.622	-0.001525902	6	6	-0.0278918	0	0	0	0	0	0	0	0	0	0	0	0	0	54	0	
2	3521	-0.0279101	9.93E-05	5215.622	-0.001525902	6	6	-0.0273918	0	0	0	0	0	0	0	0	0	0	0	0	0	54	0	
2	3522	-0.02729669	9.94E-05	5216.622	-0.001525902	6	6	-0.0268918	0	0	0	0	0	0	0	0	0	0	0	0	0	54	0	
2	3523	-0.02668328	9.96E-05	5217.622	-0.001525902	6	6	-0.02639179	0	0	0	0	0	0	0	0	0	0	0	0	0	54	0	
2	3524	-0.02637657	9.98E-05	5218.622	-0.001525902	6	6	-0.0258918	0	0	0	0	0	0	0	0	0	0	0	0	0	54	0	
2	3525	-0.02576316	0.000100005	5219.622	-0.001525902	6	6	-0.02539179	0	0	0	0	0	0	0	0	0	0	0	0	0	54	0	
2	3526	-0.02514975	0.000100146	5220.622	-0.001525902	6	6	-0.0248918	0	0	0	0	0	0	0	0	0	0	0	0	0	54	0	
2	3527	-0.02484304	0.000100281	5221.622	-0.001525902	6	6	-0.02439179	0	0	0	0	0	0	0	0	0	0	0	0	0	54	0	
2	3528	-0.02422963	0.000100397	5222.622	-0.001525902	6	6	-0.0238918	0	0	0	0	0	0	0	0	0	0	0	0	0	54	0	
2	3529	-0.02361621	0.00010052	5223.622	-0.001525902	6	6	-0.02339179	0	0	0	0	0	0	0	0	0	0	0	0	0	54	0	
2	3530	-0.02330951	0.000100655	5224.622	-0.001525902	6	6	-0.0228918	0	0	0	0	0	0	0	0	0	0	0	0	0	54	0	
2	3531	-0.02269609	0.000100808	5225.622	-0.001525902	6	6	-0.02239179	0	0	0	0	0	0	0	0	0	0	0	0	0	54	0	
2	3532	-0.02208268	0.000100992	5226.622	-0.001525902	6	6	-0.0218918	0	0	0	0	0	0	0	0	0	0	0	0	0	54	0	
2	3533	-0.02177598	0.000101195	5227.622	-0.001525902	6	6	-0.02139179	0	0	0	0	0	0	0	0	0	0	0	0	0	54	0	
2	3534	-0.02116256	0.000101397	5228.622	-0.001525902	6	6	-0.02089179	0	0	0	0	0	0	0	0	0	0	0	0	0	54	0	
2	3535	-0.02085586	0.000101563	5229.622	-0.001525902	6	6	-0.0203918	0	0	0	0	0	0	0	0	0	0	0	0	0	54	0	
2	3536	-0.02024244	0.000101722	5230.622	-0.001525902	6	6	-0.01989179	0	0	0	0	0	0	0	0	0	0	0	0	0	54	0	
2	3537	-0.01993574	0.00010187	5231.622	-0.001525902	6	6	-0.0193918	0	0	0	0	0	0	0	0	0	0	0	0	0	54	0	
2	3538	-0.01932232	0.000102011	5232.622	-0.001525902	6	6	-0.01889179	0	0	0	0	0	0	0	0	0	0	0	0	0	54	0	
2	3539	-0.01870891	0.000102164	5233.622	-0.001525902	6	6	-0.0183918	0	0	0	0	0	0	0	0	0	0	0	0	0	54	0	
2	3540	-0.01840221	0.00010233	5234.622	-0.001525902	6	6	-0.01789179	0	0	0	0	0	0	0	0	0	0	0	0	0	54	0	
2	3541	-0.01778879	0.000102495	5235.622	-0.001525902	6	6	-0.0173918	0	0	0	0	0	0	0	0	0	0	0	0	0	54	0	
2	3542	-0.01717538	0.000102642	5236.622	-0.001525902	6	6	-0.01689179	0	0	0	0	0	0	0	0	0	0	0	0	0	54	0	
2	3543	-0.01686867	0.000102777	5237.622	-0.001525902	6	6	-0.0163918	0	0	0	0	0	0	0	0	0	0	0	0	0	54	0	
2	3544	-0.01625526	0.000102925	5238.622	-0.001525902	6	6	-0.01589179	0	0	0	0	0	0	0	0	0	0	0	0	0	54	0	
2	3545	-0.01564185	0.000103078	5239.622	-0.001525902	6	6	-0.01539179	0	0	0	0	0	0	0	0	0	0	0	0	0	54	0	
2	3546	-0.01533514	0.000103231	5240.622	-0.001525902	6	6	-0.01489179	0	0	0	0	0	0	0	0	0	0	0	0	0	54	0	
2	3547	-0.01472173	0.000103385	5241.622	-0.001525902	6	6	-0.01439179	0	0	0	0	0	0	0	0	0	0	0	0	0	54	0	
2	3548	-0.01410832	0.000103538	5242.622	-0.001525902	6	6	-0.01389179	0	0	0	0	0	0	0	0	0	0	0	0	0	54	0	
2	3549	-0.01380161	0.000103704	5243.622	-0.001525902	6	6	-0.01339179	0	0	0	0	0	0	0	0	0	0	0	0	0	54	0	
2	3550	-0.0131882	0.000103875	5244.622	-0.001525902	6	6	-0.01289179	0	0	0	0	0	0	0	0	0	0	0	0	0	54	0	
2	3551	-0.01288149	0.000104066	5245.622	-0.001525902	6	6	-0.01239179	0	0	0	0	0	0	0	0	0	0	0	0	0	54	0	
2	3552	-0.01226808	0.000104237	5246.622	-0.001525902	6	6	-0.01189179	0	0	0	0	0	0	0	0	0	0	0	0	0	54	0	
2	3553	-0.01196137	0.000104427	5247.622	-0.001525902	6	6	-0.01139179	0	0	0	0	0	0	0	0	0	0	0	0	0	54	0	
2	3554	-0.01134796	0.000104611	5248.622	-0.001525902	6	6	-0.01089179	0	0	0	0	0	0	0	0	0	0	0	0	0	54	0	
2	3555	-0.01073455	0.000104795	5249.622	-0.001525902	6	6	-0.01039179	0	0	0	0	0	0	0	0	0	0	0	0	0	54	0	
2	3556	-0.01012114	0.000104949	5250.622	-0.001525902	6	6	-0.009891794	0	0	0	0	0	0	0	0	0	0	0	0	0	54	0	
2	3557	-0.009814428	0.000105084	5251.622	-0.001525902	6	6	-0.009391794	0	0	0	0	0	0	0	0	0	0	0	0	0	54	0	
2	3558	-0.009201015	0.000105182	5252.622	-0.001525902	6	6	-0.008891794	0	0	0	0	0	0	0	0	0	0	0	0	0	54	0	
2	3559	-0.008894309	0.000105268	5253.622	-0.001525902	6	6	-0.008391794	0	0	0	0	0	0	0	0	0	0	0	0	0	54	0	
2	3560	-0.008280897	0.000105378	5254.622	-0.001525902	6	6	-0.007891795	0	0	0	0	0	0	0	0	0	0	0	0	0	54	0	
2	3561	-0.007667484	0.00010547	5255.622	-0.001525902	6	6	-0.007391794	0	0	0	0	0	0	0	0	0	0	0	0	0	54	0	
2	3562	-0.007360777	0.000105562	5256.622	-0.001525902	6	6	-0.006891794	0	0	0	0	0	0	0	0	0	0	0	0	0	54	0	
2	3563	-0.006747365	0.000105685	5257.622	-0.001525902	6	6	-0.006391794	0	0	0	0	0	0	0	0	0	0	0	0	0	54	0	
2	3564	-0.006133952	0.000105844	5258.622	-0.001525902	6	6	-0.005891794	0	0	0	0	0	0	0	0	0	0	0	0	0	54	0	
2	3565	-0.005827246	0.000106016	5259.622	-0.001525902	6	6	-0.005391794	0	0	0	0	0	0	0	0	0	0	0	0	0	54	0	
2	3566	-0.005213833	0.000106206	5260.622	-0.001525902	6	6	-0.004891794	0	0	0	0	0	0	0	0	0	0	0	0	0	54	0	
2	3567	-0.004600421	0.000106415	5261.622	-0.001525902	6	6	-0.004391794	0	0	0	0	0	0	0	0	0	0	0	0	0	54	0	
2	3568	-0.004293714	0.000106636	5262.622	-0.001525902	6	6	-0.003891794	0	0	0	0	0	0	0	0	0	0	0	0	0	54	0	
2	3569	-0.003680301	0.000106844	5263.622	-0.001525902	6	6	-0.003391794	0	0	0	0	0	0	0	0	0	0	0	0	0	54	0	
2	3570	-0.003373595	0.000107016	5264.622	-0.001525902	6	6	-0.002891794	0	0	0	0	0	0	0	0	0	0	0	0	0	54	0	
2	3571	-0.002760182	0.000107182	5265.622	-0.001525902	6	6	-0.002391794	0	0	0	0	0	0	0	0	0	0	0	0	0	54	0	
2	3572	-0.002453476	0.000107366	5266.622	-0.001525902	6	6	-0.001891794	0	0	0	0	0	0	0	0	0	0	0	0	0	54	0	
2	3573	-0.001840063	0.000107556	5267.622	-0.001525902	6	6	-0.001391794	0	0	0	0	0	0	0	0	0	0	0	0	0	54	0	
2	3574	-0.001226651	0.000107752	5268.622	-0.001525902	6	6	-0.000891794	0	0	0	0	0	0	0	0	0	0	0	0	0	54	0	
2	3575	-0.000613238	0.000107924	5269.622	-0.001525902	6	6	-0.000391794	0	0	0	0	0	0	0	0	0	0	0	0	0	54	0	
2	3576	-0.000306532	0.000108102	5270.622	-0.001525902	6	6	0.000108206	0	0	0	0	0	0	0	0	0	0	0	0	0	54	0	
2	3577	0.000306881	0.000108286	5271.622	-0.001525902	6	6	0.000608206	0	0	0	0	0	0	0	0	0	0	0	0	0	54	0	
2	3578	0.000920294	0.000108464	5272.622	-0.001525902	6	6	0.001108206	0	0	0	0	0	0	0	0	0	0	0	0	0	54	0	
2	3579	0.001227	0.000108709	5273.622	-0.001525902	6	6	0.001608206	0	0	0	0	0	0	0	0	0	0	0	0	0	54	0	
2	3580	0.001533706	0.000108881	5274.622	-0.001525902	6	6	0.002108206	0	0	0	0	0	0	0	0	0	0	0	0	0	54	0	
2	3581	0.002147119	0.00010904	5275.622	-0.001525902	6	6	0.002608206	0	0	0	0	0	0	0	0	0	0	0	0	0	54	0	
2	3582	0.002453825	0.000109188	5276.622	-0.001525902	6	6	0.003108206	0	0	0	0	0	0	0	0	0	0	0	0	0	54	0	
2	3583	0.003067238	0.000109341	5277.622	-0.001525902	6	6	0.003608206	0	0	0	0	0	0	0	0	0	0	0	0	0	54	0	
2	3584	0.003373944	0.000109488	5278.622	-0.001525902	6	6	0.004108206	0	0	0	0	0	0	0	0	0	0	0	0	0	54	0	
2	3585	0.003987357	0.000109623	5279.622	-0.001525902	6	6	0.004608206	0	0	0	0	0	0	0	0	0	0	0	0	0	54	0	
2	3586	0.00460077	0.000109746	5280.622	-0.001525902	6	6	0.005108207	0	0	0	0	0	0	0	0	0	0	0	0	0	54	0	
2	3587	0.004907476	0.000109899	5281.622	-0.001525902	6	6	0.005608207	0	0	0	0	0	0	0	0	0	0	0	0	0	54	0	
2	3588	0.005520889	0.000110052	5282.622	-0.001525902	6	6	0.006108206	0	0	0	0	0	0	0	0	0	0	0	0	0	54	0	
2	3589	0.005827595	0.000110218	5283.622	-0.001525902	6	6	0.006608206	0	0	0	0	0	0	0	0	0	0	0	0	0	54	0	
2	3590	0.006441008	0.000110371	5284.622	-0.001525902	6	6	0.007108206	0	0	0	0	0	0	0	0	0	0	0	0	0	54	0	
2	3591	0.007054421	0.0001105	5285.622	-0.001525902	6	6	0.007608206	0	0	0	0	0	0	0	0	0	0	0	0	0	54	0	
2	3592	0.007667833	0.000110604	5286.622	-0.001525902	6	6	0.008108206	0	0	0	0	0	0	0	0	0	0	0	0	0	54	0	
2	3593	0.00797454	0.000110746	5287.622	-0.001525902	6	6	0.008608206	0	0	0	0	0	0	0	0	0	0	0	0	0	54	0	
2	3594	0.008281246	0.000110948	5288.622	-0.001525902	6	6	0.009108206	0	0	0	0	0	0	0	0	0	0	0	0	0	54	0	
2	3595	0.008894659	0.000111101	5289.622	-0.001525902	6	6	0.009608206	0	0	0	0	0	0	0	0	0	0	0	0	0	54	0	
2	3596	0.009508071	0.00011123	5290.622	-0.001525902	6	6	0.01010821	0	0	0	0	0	0	0	0	0	0	0	0	0	54	0	
2	3597	0.009814777	0.000111365	5291.622	-0.001525902	6	6	0.01060821	0	0	0	0	0	0	0	0	0	0	0	0	0	54	0	
2	3598	0.01042819	0.000111451	5292.622	-0.001525902	6	6	0.01110821	0	0	0	0	0	0	0	0	0	0	0	0	0	54	0	
2	3599	0.0110416	0.000111543	5293.622	-0.001525902	6	6	0.01160821	0	0	0	0	0	0	0	0	0	0	0	0	0	54	0	
2	3600	0.01165502	0.000111684	5294.622	-0.001525902	6	6	0.01210821	0	0	0	0	0	0	0	0	0	0	0	0	0	54	0	
2	3601	0.01196172	0.000111844	5295.622	-0.001525902	6	6	0.01260821	0	0	0	0	0	0	0	0	0	0	0	0	0	54	0	
2	3602	0.01257513	0.000111991	5296.622	-0.001525902	6	6	0.01310821	0	0	0	0	0	0	0	0	0	0	0	0	0	54	0	
2	3603	0.01288184	0.000112181	5297.622	-0.001525902	6	6	0.01360821	0	0	0	0	0	0	0	0	0	0	0	0	0	54	0	
2	3604	0.01349525	0.000112353	5298.622	-0.001525902	6	6	0.01410821	0	0	0	0	0	0	0	0	0	0	0	0	0	54	0	
2	3605	0.01380196	0.000112531	5299.622	-0.001525902	6	6	0.01460821	0	0	0	0	0	0	0	0	0	0	0	0	0	54	0	
2	3606	0.01441537	0.000112727	5300.622	-0.001525902	6	6	0.01510821	0	0	0	0	0	0	0	0	0	0	0	0	0	54	0	
2	3607	0.01502878	0.000112948	5301.622	-0.001525902	6	6	0.01560821	0	0	0	0	0	0	0	0	0	0	0	0	0	54	0	
2	3608	0.0156422	0.000113132	5302.622	-0.001525902	6	6	0.01610821	0	0	0	0	0	0	0	0	0	0	0	0	0	54	0	
2	3609	0.0159489	0.000113279	5303.622	-0.001525902	6	6	0.01660821	0	0	0	0	0	0	0	0	0	0	0	0	0	54	0	
2	3610	0.01656232	0.000113408	5304.622	-0.001525902	6	6	0.01710821	0	0	0	0	0	0	0	0	0	0	0	0	0	54	0	
2	3611	0.01686902	0.000113561	5305.622	-0.001525902	6	6	0.01760821	0	0	0	0	0	0	0	0	0	0	0	0	0	54	0	
2	3612	0.01748244	0.000113696	5306.622	-0.001525902	6	6	0.01810821	0	0	0	0	0	0	0	0	0	0	0	0	0	54	0	
2	3613	0.01809585	0.000113849	5307.622	-0.001525902	6	6	0.01860821	0	0	0	0	0	0	0	0	0	0	0	0	0	54	0	
2	3614	0.01840256	0.000114033	5308.622	-0.001525902	6	6	0.01910821	0	0	0	0	0	0	0	0	0	0	0	0	0	54	0	
2	3615	0.01901597	0.00011426	5309.622	-0.001525902	6	6	0.01960821	0	0	0	0	0	0	0	0	0	0	0	0	0	54	0	
2	3616	0.01932267	0.000114481	5310.622	-0.001525902	6	6	0.02010821	0	0	0	0	0	0	0	0	0	0	0	0	0	54	0	
2	3617	0.01993609	0.000114622	5311.622	-0.001525902	6	6	0.02060821	0	0	0	0	0	0	0	0	0	0	0	0	0	54	0	
2	3618	0.0205495	0.000114727	5312.622	-0.001525902	6	6	0.02110821	0	0	0	0	0	0	0	0	0	0	0	0	0	54	0	
2	3619	0.02085621	0.00011488	5313.622	-0.001525902	6	6	0.02160821	0	0	0	0	0	0	0	0	0	0	0	0	0	54	0	
2	3620	0.02146962	0.000115039	5314.622	-0.001525902	6	6	0.02210821	0	0	0	0	0	0	0	0	0	0	0	0	0	54	0	
2	3621	0.02208303	0.000115217	5315.622	-0.001525902	6	6	0.02260821	0	0	0	0	0	0	0	0	0	0	0	0	0	54	0	
2	3622	0.02238974	0.000115414	5316.622	-0.001525902	6	6	0.02310821	0	0	0	0	0	0	0	0	0	0	0	0	0	54	0	
2	3623	0.02300315	0.00011561	5317.622	-0.001525902	6	6	0.02360821	0	0	0	0	0	0	0	0	0	0	0	0	0	54	0	
2	3624	0.02361656	0.000115819	5318.622	-0.001525902	6	6	0.02410821	0	0	0	0	0	0	0	0	0	0	0	0	0	54	0	
2	3625	0.02392327	0.000116033	5319.622	-0.001525902	6	6	0.02460821	0	0	0	0	0	0	0	0	0	0	0	0	0	54	0	
2	3626	0.02422998	0.000116254	5320.622	-0.001525902	6	6	0.02510821	0	0	0	0	0	0	0	0	0	0	0	0	0	54	0	
2	3627	0.02484339	0.000116481	5321.622	-0.001525902	6	6	0.02560821	0	0	0	0	0	0	0	0	0	0	0	0	0	54	0	
2	3628	0.0254568	0.000116714	5322.622	-0.001525902	6	6	0.02610821	0	0	0	0	0	0	0	0	0	0	0	0	0	54	0	
2	3629	0.02607021	0.000116959	5323.622	-0.001525902	6	6	0.02660821	0	0	0	0	0	0	0	0	0	0	0	0	0	54	0	
2	3630	0.02637692	0.000117168	5324.622	-0.001525902	6	6	0.02710821	0	0	0	0	0	0	0	0	0	0	0	0	0	54	0	
2	3631	0.02699033	0.000117352	5325.622	-0.001525902	6	6	0.02760821	0	0	0	0	0	0	0	0	0	0	0	0	0	54	0	
2	3632	0.02729704	0.00011753	5326.622	-0.001525902	6	6	0.02810821	0	0	0	0	0	0	0	0	0	0	0	0	0	54	0	
2	3633	0.02791045	0.000117726	5327.622	-0.001525902	6	6	0.02860821	0	0	0	0	0	0	0	0	0	0	0	0	0	54	0	
2	3634	0.02852386	0.000117867	5328.622	-0.001525902	6	6	0.02910821	0	0	0	0	0	0	0	0	0	0	0	0	0	54	0	
2	3635	0.02883057	0.000117972	5329.622	-0.001525902	6	6	0.02960821	0	0	0	0	0	0	0	0	0	0	0	0	0	54	0	
2	3636	0.02944398	0.000118082	5330.622	-0.001525902	6	6	0.03010821	0	0	0	0	0	0	0	0	0	0	0	0	0	54	0	
2	3637	0.02975069	0.000118211	5331.622	-0.001525902	6	6	0.03060821	0	0	0	0	0	0	0	0	0	0	0	0	0	54	0	
2	3638	0.0303641	0.000118333	5332.622	-0.001525902	6	6	0.03110821	0	0	0	0	0	0	0	0	0	0	0	0	0	54	0	
2	3639	0.03097752	0.000118505	5333.622	-0.001525902	6	6	0.03160821	0	0	0	0	0	0	0	0	0	0	0	0	0	54	0	
2	3640	0.03128422	0.000118695	5334.622	-0.001525902	6	6	0.03210821	0	0	0	0	0	0	0	0	0	0	0	0	0	54	0	
2	3641	0.03189763	0.000118886	5335.622	-0.001525902	6	6	0.03260821	0	0	0	0	0	0	0	0	0	0	0	0	0	54	0	
2	3642	0.03251105	0.000119094	5336.622	-0.001525902	6	6	0.03310821	0	0	0	0	0	0	0	0	0	0	0	0	0	54	0	
2	3643	0.03281775	0.000119303	5337.622	-0.001525902	6	6	0.03360821	0	0	0	0	0	0	0	0	0	0	0	0	0	54	0	
2	3644	0.03343116	0.000119499	5338.622	-0.001525902	6	6	0.03410821	0	0	0	0	0	0	0	0	0	0	0	0	0	54	0	
2	3645	0.03404458	0.000119597	5339.622	-0.001525902	6	6	0.03460821	0	0	0	0	0	0	0	0	0	0	0	0	0	54	0	
2	3646	0.03435129	0.000119714	5340.622	-0.001525902	6	6	0.03510821	0	0	0	0	0	0	0	0	0	0	0	0	0	54	0	
2	3647	0.0349647	0.000119867	5341.622	-0.001525902	6	6	0.03560821	0	0	0	0	0	0	0	0	0	0	0	0	0	54	0	
2	3648	0.0352714	0.000120002	5342.622	-0.001525902	6	6	0.03610821	0	0	0	0	0	0	0	0	0	0	0	0	0	54	0	
2	3649	0.03588482	0.000120137	5343.622	-0.001525902	6	6	0.03660821	0	0	0	0	0	0	0	0	0	0	0	0	0	54	0	
2	3650	0.03649823	0.000120284	5344.622	-0.001525902	6	6	0.03710821	0	0	0	0	0	0	0	0	0	0	0	0	0	54	0	
2	3651	0.03680494	0.000120407	5345.622	-0.001525902	6	6	0.03760821	0	0	0	0	0	0	0	0	0	0	0	0	0	54	0	
2	3652	0.03741835	0.000120536	5346.622	-0.001525902	6	6	0.03810821	0	0	0	0	0	0	0	0	0	0	0	0	0	54	0	
2	3653	0.03803176	0.000120707	5347.622	-0.001525902	6	6	0.03860821	0	0	0	0	0	0	0	0	0	0	0	0	0	54	0	
2	3654	0.03833847	0.000120904	5348.622	-0.001525902	6	6	0.03910821	0	0	0	0	0	0	0	0	0	0	0	0	0	54	0	
2	3655	0.03895188	0.000121094	5349.622	-0.001525902	6	6	0.03960821	0	0	0	0	0	0	0	0	0	0	0	0	0	54	0	
2	3656	0.03925858	0.000121309	5350.622	-0.001525902	6	6	0.04010821	0	0	0	0	0	0	0	0	0	0	0	0	0	54	0	
2	3657	0.039872	0.000121517	5351.622	-0.001525902	6	6	0.04060821	0	0	0	0	0	0	0	0	0	0	0	0	0	54	0	
2	3658	0.04048541	0.000121732	5352.622	-0.001525902	6	6	0.04110821	0	0	0	0	0	0	0	0	0	0	0	0	0	54	0	
2	3659	0.04079212	0.00012194	5353.622	-0.001525902	6	6	0.04160821	0	0	0	0	0	0	0	0	0	0	0	0	0	54	0	
2	3660	0.04140553	0.000122131	5354.622	-0.001525902	6	6	0.04210821	0	0	0	0	0	0	0	0	0	0	0	0	0	54	0	
2	3661	0.04201894	0.000122296	5355.622	-0.001525902	6	6	0.04260821	0	0	0	0	0	0	0	0	0	0	0	0	0	54	0	
2	3662	0.04232565	0.000122431	5356.622	-0.001525902	6	6	0.04310821	0	0	0	0	0	0	0	0	0	0	0	0	0	54	0	
2	3663	0.04293906	0.000122529	5357.622	-0.001525902	6	6	0.04360821	0	0	0	0	0	0	0	0	0	0	0	0	0	54	0	
2	3664	0.04355247	0.00012264	5358.622	-0.001525902	6	6	0.04410821	0	0	0	0	0	0	0	0	0	0	0	0	0	54	0	
2	3665	0.04385918	0.000122781	5359.622	-0.001525902	6	6	0.04460821	0	0	0	0	0	0	0	0	0	0	0	0	0	54	0	
2	3666	0.04447259	0.00012294	5360.622	-0.001525902	6	6	0.04510821	0	0	0	0	0	0	0	0	0	0	0	0	0	54	0	
2	3667	0.0447793	0.000123094	5361.622	-0.001525902	6	6	0.04560821	0	0	0	0	0	0	0	0	0	0	0	0	0	54	0	
2	3668	0.04539271	0.000123204	5362.622	-0.001525902	6	6	0.04610821	0	0	0	0	0	0	0	0	0	0	0	0	0	54	0	
2	3669	0.04600612	0.000123314	5363.622	-0.001525902	6	6	0.04660821	0	0	0	0	0	0	0	0	0	0	0	0	0	54	0	
2	3670	0.04631283	0.000123406	5364.622	-0.001525902	6	6	0.04710821	0	0	0	0	0	0	0	0	0	0	0	0	0	54	0	
2	3671	0.04692625	0.000123517	5365.622	-0.001525902	6	6	0.04760821	0	0	0	0	0	0	0	0	0	0	0	0	0	54	0	
</Segment1>																								
																								
<Graph1>																								
Analysis=0																								
Type=Unknown																								
ExternalDataAxis=1																								
ExternalDataName=																								
Y2AxisSmoothing=None																								
YAxisSmoothing=None																								
XAxisSmoothing=None																								
Y2AxisReferenceElectrode=SCE Saturated Calomel (sat'd KCI)																								
YAxisReferenceElectrode=SCE Saturated Calomel (sat'd KCI)																								
XAxisReferenceElectrode=SCE Saturated Calomel (sat'd KCI)																								
Y2AxisMath=																								
YAxisMath=																								
XAxisMath=																								
LockAspectRatio=False																								
Grid=True																								
Legend=False																								
GraphTitle=																								
Y2DataColor=-16744448																								
GridColor=-10039894																								
BackgroundColor=-1																								
SelectionColor=-65536																								
AnalysisColor=-4565549																								
DataSymbolSize=2																								
DataSymbolColor=-12490271																								
DataSymbolType=Circle																								
DataSymbol=False																								
DataLineColor=-12490271																								
DataLine=True																								
Y2AxisManualScaleMax=																								
Y2AxisManualScaleMin=																								
Y2AxisManualAdjustment=False																								
Y2AxisNormalizeToMass=False																								
Y2AxisNormalizeWithArea=False																								
Y2AxisNegateValues=False																								
Y2AxisScientificLabels=False																								
Y2AxisReverse=False																								
Y2AxisLog=False																								
Y2AxisName=Potential (V)																								
Y2AxisType=Potential (V)																								
Y2Axis=False																								
YAxisManualScaleMax=																								
YAxisManualScaleMin=																								
YAxisManualAdjustment=False																								
YAxisNormalizeToMass=False																								
YAxisNormalizeWithArea=False																								
YAxisNegateValues=False																								
YAxisScientificLabels=False																								
YAxisReverse=False																								
YAxisLog=False																								
YAxisName=Potential (V)																								
YAxisType=Potential (V)																								
XAxisManualScaleMax=																								
XAxisManualScaleMin=																								
XAxisManualAdjustment=False																								
XAxisNormalizeToMass=False																								
XAxisNormalizeWithArea=False																								
XAxisNegateValues=False																								
XAxisScientificLabels=False																								
XAxisReverse=False																								
XAxisLog=False																								
XAxisName=Elapsed Time (s)																								
XAxisType=Elapsed Time (s)																								
Height=359																								
Width=1310																								
LocY=25																								
LocX=-1310																								
</Graph1>																								
																								
<Graph2>																								
Analysis=0																								
Type=Unknown																								
ExternalDataAxis=1																								
ExternalDataName=																								
Y2AxisSmoothing=None																								
YAxisSmoothing=None																								
XAxisSmoothing=None																								
Y2AxisReferenceElectrode=SCE Saturated Calomel (sat'd KCI)																								
YAxisReferenceElectrode=SCE Saturated Calomel (sat'd KCI)																								
XAxisReferenceElectrode=SCE Saturated Calomel (sat'd KCI)																								
Y2AxisMath=																								
YAxisMath=																								
XAxisMath=																								
LockAspectRatio=False																								
Grid=True																								
Legend=False																								
GraphTitle=																								
Y2DataColor=-16744448																								
GridColor=-10039894																								
BackgroundColor=-1																								
SelectionColor=-65536																								
AnalysisColor=-4565549																								
DataSymbolSize=1																								
DataSymbolColor=-12490271																								
DataSymbolType=Circle																								
DataSymbol=False																								
DataLineColor=-12490271																								
DataLine=True																								
Y2AxisManualScaleMax=																								
Y2AxisManualScaleMin=																								
Y2AxisManualAdjustment=False																								
Y2AxisNormalizeToMass=False																								
Y2AxisNormalizeWithArea=False																								
Y2AxisNegateValues=False																								
Y2AxisScientificLabels=False																								
Y2AxisReverse=False																								
Y2AxisLog=False																								
Y2AxisName=Potential (V)																								
Y2AxisType=Potential (V)																								
Y2Axis=False																								
YAxisManualScaleMax=																								
YAxisManualScaleMin=																								
YAxisManualAdjustment=False																								
YAxisNormalizeToMass=False																								
YAxisNormalizeWithArea=False																								
YAxisNegateValues=False																								
YAxisScientificLabels=False																								
YAxisReverse=False																								
YAxisLog=False																								
YAxisName=Phase of Z (deg)																								
YAxisType=Phase of Z (deg)																								
XAxisManualScaleMax=																								
XAxisManualScaleMin=																								
XAxisManualAdjustment=False																								
XAxisNormalizeToMass=False																								
XAxisNormalizeWithArea=False																								
XAxisNegateValues=False																								
XAxisScientificLabels=False																								
XAxisReverse=False																								
XAxisLog=False																								
XAxisName=Frequency (Hz)																								
XAxisType=Frequency (Hz)																								
Height=359																								
Width=1310																								
LocY=25																								
LocX=-1310																								
</Graph2>																								
																								
<Graph3>																								
Analysis=0																								
Type=Unknown																								
ExternalDataAxis=1																								
ExternalDataName=																								
Y2AxisSmoothing=None																								
YAxisSmoothing=None																								
XAxisSmoothing=None																								
Y2AxisReferenceElectrode=SCE Saturated Calomel (sat'd KCI)																								
YAxisReferenceElectrode=SCE Saturated Calomel (sat'd KCI)																								
XAxisReferenceElectrode=SCE Saturated Calomel (sat'd KCI)																								
Y2AxisMath=																								
YAxisMath=																								
XAxisMath=																								
LockAspectRatio=False																								
Grid=True																								
Legend=False																								
GraphTitle=																								
Y2DataColor=-16744448																								
GridColor=-10039894																								
BackgroundColor=-1																								
SelectionColor=-65536																								
AnalysisColor=-4565549																								
DataSymbolSize=1																								
DataSymbolColor=-12490271																								
DataSymbolType=Circle																								
DataSymbol=False																								
DataLineColor=-12490271																								
DataLine=True																								
Y2AxisManualScaleMax=																								
Y2AxisManualScaleMin=																								
Y2AxisManualAdjustment=False																								
Y2AxisNormalizeToMass=False																								
Y2AxisNormalizeWithArea=False																								
Y2AxisNegateValues=False																								
Y2AxisScientificLabels=False																								
Y2AxisReverse=False																								
Y2AxisLog=False																								
Y2AxisName=Potential (V)																								
Y2AxisType=Potential (V)																								
Y2Axis=False																								
YAxisManualScaleMax=																								
YAxisManualScaleMin=																								
YAxisManualAdjustment=False																								
YAxisNormalizeToMass=False																								
YAxisNormalizeWithArea=False																								
YAxisNegateValues=False																								
YAxisScientificLabels=False																								
YAxisReverse=False																								
YAxisLog=False																								
YAxisName=|Z| (ohms)																								
YAxisType=|Z| (ohms)																								
XAxisManualScaleMax=																								
XAxisManualScaleMin=																								
XAxisManualAdjustment=False																								
XAxisNormalizeToMass=False																								
XAxisNormalizeWithArea=False																								
XAxisNegateValues=False																								
XAxisScientificLabels=False																								
XAxisReverse=False																								
XAxisLog=False																								
XAxisName=Frequency (Hz)																								
XAxisType=Frequency (Hz)																								
Height=359																								
Width=1310																								
LocY=25																								
LocX=-1310																								
</Graph3>																								
																								
<Graph4>																								
Analysis=0																								
Type=Unknown																								
ExternalDataAxis=1																								
ExternalDataName=																								
Y2AxisSmoothing=None																								
YAxisSmoothing=None																								
XAxisSmoothing=None																								
Y2AxisReferenceElectrode=SCE Saturated Calomel (sat'd KCI)																								
YAxisReferenceElectrode=SCE Saturated Calomel (sat'd KCI)																								
XAxisReferenceElectrode=SCE Saturated Calomel (sat'd KCI)																								
Y2AxisMath=																								
YAxisMath=																								
XAxisMath=																								
LockAspectRatio=True																								
Grid=True																								
Legend=False																								
GraphTitle=																								
Y2DataColor=-13447886																								
GridColor=-10039894																								
BackgroundColor=-1																								
SelectionColor=-65536																								
AnalysisColor=-32768																								
DataSymbolSize=2																								
DataSymbolColor=-16777216																								
DataSymbolType=Circle																								
DataSymbol=True																								
DataLineColor=-12490271																								
DataLine=True																								
Y2AxisManualScaleMax=																								
Y2AxisManualScaleMin=																								
Y2AxisManualAdjustment=False																								
Y2AxisNormalizeToMass=False																								
Y2AxisNormalizeWithArea=False																								
Y2AxisNegateValues=False																								
Y2AxisScientificLabels=False																								
Y2AxisReverse=False																								
Y2AxisLog=False																								
Y2AxisName=																								
Y2AxisType=Current (A)																								
Y2Axis=False																								
YAxisManualScaleMax=																								
YAxisManualScaleMin=																								
YAxisManualAdjustment=False																								
YAxisNormalizeToMass=False																								
YAxisNormalizeWithArea=False																								
YAxisNegateValues=True																								
YAxisScientificLabels=False																								
YAxisReverse=False																								
YAxisLog=False																								
YAxisName=Zim (ohms)																								
YAxisType=Zim (ohms)																								
XAxisManualScaleMax=																								
XAxisManualScaleMin=																								
XAxisManualAdjustment=False																								
XAxisNormalizeToMass=False																								
XAxisNormalizeWithArea=False																								
XAxisNegateValues=False																								
XAxisScientificLabels=False																								
XAxisReverse=False																								
XAxisLog=False																								
XAxisName=Zre (ohms)																								
XAxisType=Zre (ohms)																								
Height=359																								
Width=1310																								
LocY=25																								
LocX=-1310																								
</Graph4>																								
																								
<Graph5>																								
Analysis=0																								
Type=Unknown																								
ExternalDataAxis=1																								
ExternalDataName=																								
Y2AxisSmoothing=None																								
YAxisSmoothing=None																								
XAxisSmoothing=None																								
Y2AxisReferenceElectrode=SCE Saturated Calomel (sat'd KCI)																								
YAxisReferenceElectrode=SCE Saturated Calomel (sat'd KCI)																								
XAxisReferenceElectrode=SCE Saturated Calomel (sat'd KCI)																								
Y2AxisMath=																								
YAxisMath=																								
XAxisMath=																								
LockAspectRatio=False																								
Grid=True																								
Legend=False																								
GraphTitle=																								
Y2DataColor=-16744448																								
GridColor=-10039894																								
BackgroundColor=-1																								
SelectionColor=-65536																								
AnalysisColor=-4565549																								
DataSymbolSize=1																								
DataSymbolColor=-12490271																								
DataSymbolType=Circle																								
DataSymbol=False																								
DataLineColor=-12490271																								
DataLine=True																								
Y2AxisManualScaleMax=																								
Y2AxisManualScaleMin=																								
Y2AxisManualAdjustment=False																								
Y2AxisNormalizeToMass=False																								
Y2AxisNormalizeWithArea=False																								
Y2AxisNegateValues=False																								
Y2AxisScientificLabels=False																								
Y2AxisReverse=False																								
Y2AxisLog=False																								
Y2AxisName=Potential (V)																								
Y2AxisType=Potential (V)																								
Y2Axis=False																								
YAxisManualScaleMax=																								
YAxisManualScaleMin=																								
YAxisManualAdjustment=False																								
YAxisNormalizeToMass=False																								
YAxisNormalizeWithArea=False																								
YAxisNegateValues=False																								
YAxisScientificLabels=False																								
YAxisReverse=False																								
YAxisLog=False																								
YAxisName=Potential (V)																								
YAxisType=Potential (V)																								
XAxisManualScaleMax=																								
XAxisManualScaleMin=																								
XAxisManualAdjustment=False																								
XAxisNormalizeToMass=False																								
XAxisNormalizeWithArea=False																								
XAxisNegateValues=False																								
XAxisScientificLabels=False																								
XAxisReverse=False																								
XAxisLog=True																								
XAxisName=Current (A)																								
XAxisType=Current (A)																								
Height=359																								
Width=1310																								
LocY=25																								
LocX=1																								
</Graph5>																								
																								
<DockingLayout>																								
"<?xml version=""1.0"" encoding=""utf-16""?>"																								
<!--DockPanel configuration file. Author: Weifen Luo	 all rights reserved.-->																							
<!--!!! AUTOMATICALLY GENERATED FILE. DO NOT MODIFY !!!-->																								
"<DockPanel FormatVersion=""1.0"" DockLeftPortion=""0.25"" DockRightPortion=""0.18"" DockTopPortion=""0.25"" DockBottomPortion=""0.25"" ActiveDocumentPane=""1"" ActivePane=""1"">"																								
"  <Contents Count=""7"">"																								
"    <Content ID=""0"" PersistString=""PowerSTAT.DataBrowser"" AutoHidePortion=""0.25"" IsHidden=""False"" IsFloat=""False"" />"																								
"    <Content ID=""1"" PersistString=""PowerSTAT.Graph"" AutoHidePortion=""0.25"" IsHidden=""False"" IsFloat=""False"" />"																								
"    <Content ID=""2"" PersistString=""PowerSTAT.DataView"" AutoHidePortion=""0.18"" IsHidden=""False"" IsFloat=""False"" />"																								
"    <Content ID=""3"" PersistString=""PowerSTAT.Graph"" AutoHidePortion=""0.25"" IsHidden=""False"" IsFloat=""False"" />"																								
"    <Content ID=""4"" PersistString=""PowerSTAT.Graph"" AutoHidePortion=""0.25"" IsHidden=""False"" IsFloat=""False"" />"																								
"    <Content ID=""5"" PersistString=""PowerSTAT.Graph"" AutoHidePortion=""0.25"" IsHidden=""False"" IsFloat=""False"" />"																								
"    <Content ID=""6"" PersistString=""PowerSTAT.Graph"" AutoHidePortion=""0.25"" IsHidden=""False"" IsFloat=""False"" />"																								
  </Contents>																								
"  <Panes Count=""3"">"																								
"    <Pane ID=""0"" DockState=""Document"" ActiveContent=""0"">"																								
"      <Contents Count=""1"">"																								
"        <Content ID=""0"" RefID=""0"" />"																								
      </Contents>																								
    </Pane>																								
"    <Pane ID=""1"" DockState=""Document"" ActiveContent=""6"">"																								
"      <Contents Count=""5"">"																								
"        <Content ID=""0"" RefID=""1"" />"																								
"        <Content ID=""1"" RefID=""3"" />"																								
"        <Content ID=""2"" RefID=""4"" />"																								
"        <Content ID=""3"" RefID=""5"" />"																								
"        <Content ID=""4"" RefID=""6"" />"																								
      </Contents>																								
    </Pane>																								
"    <Pane ID=""2"" DockState=""DockRight"" ActiveContent=""2"">"																								
"      <Contents Count=""1"">"																								
"        <Content ID=""0"" RefID=""2"" />"																								
      </Contents>																								
    </Pane>																								
  </Panes>																								
  <DockWindows>																								
"    <DockWindow ID=""0"" DockState=""Document"" ZOrderIndex=""0"">"																								
"      <NestedPanes Count=""2"">"																								
"        <Pane ID=""0"" RefID=""0"" PrevPane=""-1"" Alignment=""Right"" Proportion=""0.5"" />"																								
"        <Pane ID=""1"" RefID=""1"" PrevPane=""0"" Alignment=""Top"" Proportion=""0.5"" />"																								
      </NestedPanes>																								
    </DockWindow>																								
"    <DockWindow ID=""1"" DockState=""DockLeft"" ZOrderIndex=""2"">"																								
"      <NestedPanes Count=""0"" />"																								
    </DockWindow>																								
"    <DockWindow ID=""2"" DockState=""DockRight"" ZOrderIndex=""1"">"																								
"      <NestedPanes Count=""1"">"																								
"        <Pane ID=""0"" RefID=""2"" PrevPane=""-1"" Alignment=""Bottom"" Proportion=""0.5"" />"																								
      </NestedPanes>																								
    </DockWindow>																								
"    <DockWindow ID=""3"" DockState=""DockTop"" ZOrderIndex=""3"">"																								
"      <NestedPanes Count=""0"" />"																								
    </DockWindow>																								
"    <DockWindow ID=""4"" DockState=""DockBottom"" ZOrderIndex=""4"">"																								
"      <NestedPanes Count=""0"" />"																								
    </DockWindow>																								
  </DockWindows>																								
"  <FloatWindows Count=""0"" />"																								
</DockPanel>																								
</DockingLayout>																								
