<Application>																								
Name=VersaStudio																								
Version=2.60.6.0																								
LoggedIn=Security Disabled																								
Language [VersaStudio]=English (United States) [en-US]																								
Language [Region and Language]=English (United States) [en-US]																								
Language [Windows Operating System]=Chinese (People's Republic of China) [zh-CN]																								
</Application>																								
																								
<Action0>																								
Limits2	Value=0																							
Limits2	Direction=<																							
Limits2	Limits=None																							
Limits1	Value=0																							
Limits1	Direction=<																							
Limits1	Limits=None																							
RotationRateConversionFactor=0.00025																								
Measured Open Circuit=-374.181 mV																								
E2 Cell to Use=Internal																								
Remeasure OC Per Action (External Cell)=No																								
Mass (g)=0																								
Equivalent Weight (g)=0																								
Density (g/ml)=0																								
Working Electrode Area (cm2)=1																								
RDE Speed (Volts)=0																								
Working Electrode Type=Solid Electrode																								
Reference Electrode=SCE Saturated Calomel (sat'd KCI) (0.242 Volts)																								
Segments=0																								
Name=Common																								
Comment=Enter comments about the experiment here.																								
</Action0>																								
																								
<Instrument>																								
Type=VersaSTAT																								
Model=-400																								
SN=13008645																								
Options=FRA	 EIS <Filter:Normal>																							
Firmware=2.60.6.0	2.54.2	2.54.2																						
BoosterDetails=None																								
</Instrument>																								
																								
<Experiment>																								
TimeAcquired=12:09:57 PM																								
DateAcquired=Thursday	 April 02	2026																						
SelectionEnd=0																								
SelectionStart=0																								
Height=661																								
Width=712																								
LocY=0																								
LocX=0																								
Show=True																								
</Experiment>																								
																								
<DataView>																								
ShowDCLabels=False																								
ShowACLabels=False																								
ShowDataFilter=False																								
DataReduction=1																								
ShowEvery=100																								
Decimate=False																								
AutomaticDecimation=False																								
ViewSegments=All Segments																								
Height=328																								
Width=728																								
LocY=0																								
LocX=0																								
Show=True																								
</DataView>																								
																								
<StripView>																								
Height=240																								
Width=344																								
LocY=0																								
LocX=0																								
Show=False																								
</StripView>																								
																								
<Overlays>																								
Height=438																								
Width=294																								
LocY=0																								
LocX=0																								
Show=False																								
</Overlays>																								
																								
<Action1>																								
Limits1	Value=0																							
Limits1	Direction=<																							
Limits1	Limits=None																							
Cell to Use=External																								
LCI Bandwidth Limit=Auto																								
Bandwidth Limit=Auto																								
I/E Stability=Fast																								
I Filter=Auto																								
E2 Filter=Auto																								
E Filter=Auto																								
E Resolution=Auto																								
Electrometer Mode=Auto																								
Acquisition Mode=Auto																								
VoltageRange=+/-6V																								
Current Range=2mA																								
Total Points=600																								
Drift Rate (mV/min)=0																								
Duration (s)=600																								
Time Per Point (s)=1																								
ParentNode=Common																								
Name=Corrosion Open Circuit																								
</Action1>																								
																								
<Action2>																								
ParentNode=Common																								
Name=Measure Open Circuit																								
</Action2>																								
																								
<Action3>																								
Cell to Use=External																								
Leave Cell ON=No																								
LCI Bandwidth Limit=Auto																								
Bandwidth Limit=Auto																								
Electrometer Mode=Single Ended																								
VoltageRange=+/-6V																								
Current Range=Auto																								
Scan Rate (V/s)=.005																								
Measurement Delay (s)=0																								
Data Quality=1																								
Points Per Decade=10																								
Number of Points=30																								
Point Spacing=Logarithmic																								
Final Potential (V)	Versus=vs OC																							
Final Potential (V)	Value=0																							
Potential (V)	Versus=vs OC																							
Potential (V)	Value=0																							
Step or Scan=Step																								
Amplitude (mV RMS)=10																								
End Frequency (Hz)=0.01																								
Start Frequency (Hz)=100000																								
Segments=1																								
ParentNode=Common																								
Name=Potentiostatic EIS																								
</Action3>																								
																								
<Action4>																								
Limits2	Value=0																							
Limits2	Direction=<																							
Limits2	Limits=None																							
Limits1	Value=0																							
Limits1	Direction=<																							
Limits1	Limits=None																							
Cell to Use=External																								
Leave Cell ON=No																								
iR Compensation=Disabled																								
LCI Bandwidth Limit=Auto																								
Bandwidth Limit=Auto																								
I/E Stability=Fast																								
I Filter=Auto																								
E2 Filter=Auto																								
E Filter=Auto																								
Electrometer Mode=Auto																								
Acquisition Mode=Auto																								
VoltageRange=+/-6V																								
Current Range=Auto																								
Total Points=3001																								
Scan Rate (mV/s)=0.5																								
Step Time (s)=1																								
Step Height (mV)=0.5																								
Final Potential (V)	Versus=vs OC																							
Final Potential (V)	Value=0.5																							
Initial Potential (V)	Versus=vs OC																							
Initial Potential (V)	Value=-1																							
ParentNode=Common																								
Name=Tafel																								
</Action4>																								
																								
<Segment1>																								
Type=2																								
Version=3																								
Definition=Segment #	 Point #	 E(V)	 I(A)	 Elapsed Time(s)	 ADC Sync Input(V)	 Current Range	 Status	 E Applied(V)	 Frequency(Hz)	 E Real	 E Imag	 I Real	 I Imag	 Z Real	 Z Imag	 E2 Status	 E2(V)	 E2 Real	 E2 Imag	 Z2 Real	 Z2 Imag	 ActionId	 AC Amplitude	0
0	0	-0.374795	-2.45E-07	1	-0.001525902	5	5	0	0	0	0	0	0	0	0	0	0	0	0	0	0	12	0	
0	1	-0.3751017	-2.45E-07	2	-0.001525902	5	5	0	0	0	0	0	0	0	0	0	0	0	0	0	0	12	0	
0	2	-0.3754084	-2.45E-07	3	-0.001525902	5	5	0	0	0	0	0	0	0	0	0	0	0	0	0	0	12	0	
0	3	-0.3757151	-2.45E-07	4	-0.001525902	5	5	0	0	0	0	0	0	0	0	0	0	0	0	0	0	12	0	
0	4	-0.3757151	-2.45E-07	5	-0.001525902	5	5	0	0	0	0	0	0	0	0	0	0	0	0	0	0	12	0	
0	5	-0.3760218	-2.45E-07	6	-0.001525902	5	5	0	0	0	0	0	0	0	0	0	0	0	0	0	0	12	0	
0	6	-0.3763285	-2.45E-07	7	-0.001525902	5	5	0	0	0	0	0	0	0	0	0	0	0	0	0	0	12	0	
0	7	-0.3763285	-2.45E-07	8	-0.001525902	5	5	0	0	0	0	0	0	0	0	0	0	0	0	0	0	12	0	
0	8	-0.3766352	-2.45E-07	9	-0.001525902	5	5	0	0	0	0	0	0	0	0	0	0	0	0	0	0	12	0	
0	9	-0.3769419	-2.45E-07	10	-0.001525902	5	5	0	0	0	0	0	0	0	0	0	0	0	0	0	0	12	0	
0	10	-0.3772486	-2.45E-07	11	-0.001525902	5	5	0	0	0	0	0	0	0	0	0	0	0	0	0	0	12	0	
0	11	-0.3772486	-2.45E-07	12	-0.001525902	5	261	0	0	0	0	0	0	0	0	0	0	0	0	0	0	12	0	
0	12	-0.3775553	-2.45E-07	13	-0.001525902	5	5	0	0	0	0	0	0	0	0	0	0	0	0	0	0	12	0	
0	13	-0.377862	-2.45E-07	14	-0.001525902	5	261	0	0	0	0	0	0	0	0	0	0	0	0	0	0	12	0	
0	14	-0.3781687	-2.45E-07	15	-0.001525902	5	261	0	0	0	0	0	0	0	0	0	0	0	0	0	0	12	0	
0	15	-0.3781687	-2.45E-07	16	-0.001525902	5	5	0	0	0	0	0	0	0	0	0	0	0	0	0	0	12	0	
0	16	-0.3784755	-2.45E-07	17	-0.001525902	5	5	0	0	0	0	0	0	0	0	0	0	0	0	0	0	12	0	
0	17	-0.3787822	-2.45E-07	18	-0.001525902	5	5	0	0	0	0	0	0	0	0	0	0	0	0	0	0	12	0	
0	18	-0.3790888	-2.45E-07	19	-0.001525902	5	261	0	0	0	0	0	0	0	0	0	0	0	0	0	0	12	0	
0	19	-0.3793956	-2.45E-07	20	-0.001525902	5	5	0	0	0	0	0	0	0	0	0	0	0	0	0	0	12	0	
0	20	-0.3797023	-2.45E-07	21	-0.001525902	5	5	0	0	0	0	0	0	0	0	0	0	0	0	0	0	12	0	
0	21	-0.3797023	-2.45E-07	22	-0.001525902	5	261	0	0	0	0	0	0	0	0	0	0	0	0	0	0	12	0	
0	22	-0.380009	-2.45E-07	23	-0.001525902	5	5	0	0	0	0	0	0	0	0	0	0	0	0	0	0	12	0	
0	23	-0.3803157	-2.45E-07	24	-0.001525902	5	5	0	0	0	0	0	0	0	0	0	0	0	0	0	0	12	0	
0	24	-0.3803157	-2.45E-07	25	-0.001525902	5	5	0	0	0	0	0	0	0	0	0	0	0	0	0	0	12	0	
0	25	-0.3806224	-2.45E-07	26	-0.001525902	5	5	0	0	0	0	0	0	0	0	0	0	0	0	0	0	12	0	
0	26	-0.3809291	-2.45E-07	27	-0.001525902	5	5	0	0	0	0	0	0	0	0	0	0	0	0	0	0	12	0	
0	27	-0.3812358	-2.45E-07	28	-0.001525902	5	5	0	0	0	0	0	0	0	0	0	0	0	0	0	0	12	0	
0	28	-0.3815425	-2.45E-07	29	-0.001525902	5	5	0	0	0	0	0	0	0	0	0	0	0	0	0	0	12	0	
0	29	-0.3815425	-2.45E-07	30	-0.001525902	5	5	0	0	0	0	0	0	0	0	0	0	0	0	0	0	12	0	
0	30	-0.3818492	-2.45E-07	31	-0.001525902	5	5	0	0	0	0	0	0	0	0	0	0	0	0	0	0	12	0	
0	31	-0.3821559	-2.45E-07	32	-0.001525902	5	5	0	0	0	0	0	0	0	0	0	0	0	0	0	0	12	0	
0	32	-0.3824626	-2.45E-07	33	-0.001525902	5	5	0	0	0	0	0	0	0	0	0	0	0	0	0	0	12	0	
0	33	-0.3824626	-2.45E-07	34	-0.001525902	5	5	0	0	0	0	0	0	0	0	0	0	0	0	0	0	12	0	
0	34	-0.383076	-2.45E-07	35	-0.001525902	5	5	0	0	0	0	0	0	0	0	0	0	0	0	0	0	12	0	
0	35	-0.383076	-2.45E-07	36	-0.001525902	5	5	0	0	0	0	0	0	0	0	0	0	0	0	0	0	12	0	
0	36	-0.3833827	-2.45E-07	37	-0.001525902	5	5	0	0	0	0	0	0	0	0	0	0	0	0	0	0	12	0	
0	37	-0.3836895	-2.45E-07	38	-0.001525902	5	5	0	0	0	0	0	0	0	0	0	0	0	0	0	0	12	0	
0	38	-0.3839962	-2.45E-07	39	-0.001525902	5	5	0	0	0	0	0	0	0	0	0	0	0	0	0	0	12	0	
0	39	-0.3843029	-2.45E-07	40	-0.001525902	5	5	0	0	0	0	0	0	0	0	0	0	0	0	0	0	12	0	
0	40	-0.3846096	-2.45E-07	41	-0.001525902	5	5	0	0	0	0	0	0	0	0	0	0	0	0	0	0	12	0	
0	41	-0.3849163	-2.45E-07	42	-0.001525902	5	5	0	0	0	0	0	0	0	0	0	0	0	0	0	0	12	0	
0	42	-0.3849163	-2.45E-07	43	-0.001525902	5	261	0	0	0	0	0	0	0	0	0	0	0	0	0	0	12	0	
0	43	-0.385223	-2.45E-07	44	-0.001525902	5	5	0	0	0	0	0	0	0	0	0	0	0	0	0	0	12	0	
0	44	-0.3855297	-2.45E-07	45	-0.001525902	5	261	0	0	0	0	0	0	0	0	0	0	0	0	0	0	12	0	
0	45	-0.3858364	-2.45E-07	46	-0.001525902	5	261	0	0	0	0	0	0	0	0	0	0	0	0	0	0	12	0	
0	46	-0.3861431	-2.45E-07	47	-0.001525902	5	261	0	0	0	0	0	0	0	0	0	0	0	0	0	0	12	0	
0	47	-0.3864498	-2.45E-07	48	-0.001525902	5	5	0	0	0	0	0	0	0	0	0	0	0	0	0	0	12	0	
0	48	-0.3864498	-2.45E-07	49	-0.001525902	5	261	0	0	0	0	0	0	0	0	0	0	0	0	0	0	12	0	
0	49	-0.3870632	-2.45E-07	50	-0.001525902	5	261	0	0	0	0	0	0	0	0	0	0	0	0	0	0	12	0	
0	50	-0.3870632	-2.45E-07	51	-0.001525902	5	5	0	0	0	0	0	0	0	0	0	0	0	0	0	0	12	0	
0	51	-0.3873699	-2.45E-07	52	-0.001525902	5	261	0	0	0	0	0	0	0	0	0	0	0	0	0	0	12	0	
0	52	-0.3876766	-2.45E-07	53	-0.001525902	5	5	0	0	0	0	0	0	0	0	0	0	0	0	0	0	12	0	
0	53	-0.3879834	-2.45E-07	54	-0.001525902	5	261	0	0	0	0	0	0	0	0	0	0	0	0	0	0	12	0	
0	54	-0.38829	-2.45E-07	55	-0.001525902	5	5	0	0	0	0	0	0	0	0	0	0	0	0	0	0	12	0	
0	55	-0.38829	-2.45E-07	56	-0.001525902	5	5	0	0	0	0	0	0	0	0	0	0	0	0	0	0	12	0	
0	56	-0.3885968	-2.45E-07	57	-0.001525902	5	5	0	0	0	0	0	0	0	0	0	0	0	0	0	0	12	0	
0	57	-0.3889035	-2.45E-07	58	-0.001525902	5	5	0	0	0	0	0	0	0	0	0	0	0	0	0	0	12	0	
0	58	-0.3892102	-2.45E-07	59	-0.001525902	5	5	0	0	0	0	0	0	0	0	0	0	0	0	0	0	12	0	
0	59	-0.3895169	-2.45E-07	60	-0.001525902	5	5	0	0	0	0	0	0	0	0	0	0	0	0	0	0	12	0	
0	60	-0.3895169	-2.45E-07	61	-0.001525902	5	5	0	0	0	0	0	0	0	0	0	0	0	0	0	0	12	0	
0	61	-0.3898236	-2.45E-07	62	-0.001525902	5	5	0	0	0	0	0	0	0	0	0	0	0	0	0	0	12	0	
0	62	-0.3901303	-2.45E-07	63	-0.001525902	5	5	0	0	0	0	0	0	0	0	0	0	0	0	0	0	12	0	
0	63	-0.3901303	-2.45E-07	64	-0.001525902	5	5	0	0	0	0	0	0	0	0	0	0	0	0	0	0	12	0	
0	64	-0.390437	-2.45E-07	65	-0.001525902	5	5	0	0	0	0	0	0	0	0	0	0	0	0	0	0	12	0	
0	65	-0.3907437	-2.45E-07	66	-0.001525902	5	5	0	0	0	0	0	0	0	0	0	0	0	0	0	0	12	0	
0	66	-0.3907437	-2.45E-07	67	-0.001525902	5	5	0	0	0	0	0	0	0	0	0	0	0	0	0	0	12	0	
0	67	-0.3910504	-2.45E-07	68	-0.001525902	5	5	0	0	0	0	0	0	0	0	0	0	0	0	0	0	12	0	
0	68	-0.3913571	-2.45E-07	69	-0.001525902	5	5	0	0	0	0	0	0	0	0	0	0	0	0	0	0	12	0	
0	69	-0.3916638	-2.45E-07	70	-0.001525902	5	5	0	0	0	0	0	0	0	0	0	0	0	0	0	0	12	0	
0	70	-0.3916638	-2.45E-07	71	-0.001525902	5	5	0	0	0	0	0	0	0	0	0	0	0	0	0	0	12	0	
0	71	-0.3919705	-2.45E-07	72	-0.001525902	5	5	0	0	0	0	0	0	0	0	0	0	0	0	0	0	12	0	
0	72	-0.3922772	-2.45E-07	73	-0.001525902	5	5	0	0	0	0	0	0	0	0	0	0	0	0	0	0	12	0	
0	73	-0.3922772	-2.45E-07	74	-0.001525902	5	5	0	0	0	0	0	0	0	0	0	0	0	0	0	0	12	0	
0	74	-0.3925839	-2.45E-07	75	-0.001525902	5	5	0	0	0	0	0	0	0	0	0	0	0	0	0	0	12	0	
0	75	-0.3925839	-2.45E-07	76	-0.001525902	5	5	0	0	0	0	0	0	0	0	0	0	0	0	0	0	12	0	
0	76	-0.3928907	-2.45E-07	77	-0.001525902	5	5	0	0	0	0	0	0	0	0	0	0	0	0	0	0	12	0	
0	77	-0.3928907	-2.45E-07	78	-0.001525902	5	5	0	0	0	0	0	0	0	0	0	0	0	0	0	0	12	0	
0	78	-0.3931974	-2.45E-07	79	-0.001525902	5	261	0	0	0	0	0	0	0	0	0	0	0	0	0	0	12	0	
0	79	-0.3931974	-2.45E-07	80	-0.001525902	5	261	0	0	0	0	0	0	0	0	0	0	0	0	0	0	12	0	
0	80	-0.3935041	-2.45E-07	81	-0.001525902	5	261	0	0	0	0	0	0	0	0	0	0	0	0	0	0	12	0	
0	81	-0.3938108	-2.45E-07	82	-0.001525902	5	261	0	0	0	0	0	0	0	0	0	0	0	0	0	0	12	0	
0	82	-0.3938108	-2.45E-07	83	-0.001525902	5	261	0	0	0	0	0	0	0	0	0	0	0	0	0	0	12	0	
0	83	-0.3938108	-2.45E-07	84	-0.001525902	5	261	0	0	0	0	0	0	0	0	0	0	0	0	0	0	12	0	
0	84	-0.3941175	-2.45E-07	85	-0.001525902	5	261	0	0	0	0	0	0	0	0	0	0	0	0	0	0	12	0	
0	85	-0.3944242	-2.45E-07	86	-0.001525902	5	261	0	0	0	0	0	0	0	0	0	0	0	0	0	0	12	0	
0	86	-0.3947309	-2.45E-07	87	-0.001525902	5	5	0	0	0	0	0	0	0	0	0	0	0	0	0	0	12	0	
0	87	-0.3947309	-2.45E-07	88	-0.001525902	5	5	0	0	0	0	0	0	0	0	0	0	0	0	0	0	12	0	
0	88	-0.3950376	-2.45E-07	89	-0.001525902	5	5	0	0	0	0	0	0	0	0	0	0	0	0	0	0	12	0	
0	89	-0.3953443	-2.45E-07	90	-0.001525902	5	5	0	0	0	0	0	0	0	0	0	0	0	0	0	0	12	0	
0	90	-0.3953443	-2.45E-07	91	-0.001525902	5	5	0	0	0	0	0	0	0	0	0	0	0	0	0	0	12	0	
0	91	-0.395651	-2.45E-07	92	-0.001525902	5	5	0	0	0	0	0	0	0	0	0	0	0	0	0	0	12	0	
0	92	-0.3959577	-2.45E-07	93	-0.001525902	5	5	0	0	0	0	0	0	0	0	0	0	0	0	0	0	12	0	
0	93	-0.3959577	-2.45E-07	94	-0.001525902	5	5	0	0	0	0	0	0	0	0	0	0	0	0	0	0	12	0	
0	94	-0.3962644	-2.45E-07	95	-0.001525902	5	5	0	0	0	0	0	0	0	0	0	0	0	0	0	0	12	0	
0	95	-0.3962644	-2.45E-07	96	-0.001525902	5	5	0	0	0	0	0	0	0	0	0	0	0	0	0	0	12	0	
0	96	-0.3965711	-2.45E-07	97	-0.001525902	5	5	0	0	0	0	0	0	0	0	0	0	0	0	0	0	12	0	
0	97	-0.3968778	-2.45E-07	98	-0.001525902	5	5	0	0	0	0	0	0	0	0	0	0	0	0	0	0	12	0	
0	98	-0.3968778	-2.45E-07	99	-0.001525902	5	5	0	0	0	0	0	0	0	0	0	0	0	0	0	0	12	0	
0	99	-0.3971845	-2.45E-07	100	-0.001525902	5	5	0	0	0	0	0	0	0	0	0	0	0	0	0	0	12	0	
0	100	-0.3974912	-2.45E-07	101	-0.001525902	5	5	0	0	0	0	0	0	0	0	0	0	0	0	0	0	12	0	
0	101	-0.3977979	-2.45E-07	102	-0.001525902	5	5	0	0	0	0	0	0	0	0	0	0	0	0	0	0	12	0	
0	102	-0.3977979	-2.45E-07	103	-0.001525902	5	5	0	0	0	0	0	0	0	0	0	0	0	0	0	0	12	0	
0	103	-0.3981047	-2.45E-07	104	-0.001525902	5	5	0	0	0	0	0	0	0	0	0	0	0	0	0	0	12	0	
0	104	-0.3984114	-2.45E-07	105	-0.001525902	5	5	0	0	0	0	0	0	0	0	0	0	0	0	0	0	12	0	
0	105	-0.3984114	-2.45E-07	106	-0.001525902	5	5	0	0	0	0	0	0	0	0	0	0	0	0	0	0	12	0	
0	106	-0.3987181	-2.45E-07	107	-0.001525902	5	5	0	0	0	0	0	0	0	0	0	0	0	0	0	0	12	0	
0	107	-0.3987181	-2.45E-07	108	-0.001525902	5	5	0	0	0	0	0	0	0	0	0	0	0	0	0	0	12	0	
0	108	-0.3990248	-2.45E-07	109	-0.001525902	5	5	0	0	0	0	0	0	0	0	0	0	0	0	0	0	12	0	
0	109	-0.3993315	-2.45E-07	110	-0.001525902	5	5	0	0	0	0	0	0	0	0	0	0	0	0	0	0	12	0	
0	110	-0.3993315	-2.45E-07	111	-0.001525902	5	5	0	0	0	0	0	0	0	0	0	0	0	0	0	0	12	0	
0	111	-0.3996382	-2.45E-07	112	-0.001525902	5	5	0	0	0	0	0	0	0	0	0	0	0	0	0	0	12	0	
0	112	-0.3999449	-2.45E-07	113	-0.001525902	5	261	0	0	0	0	0	0	0	0	0	0	0	0	0	0	12	0	
0	113	-0.3999449	-2.45E-07	114	-0.001525902	5	261	0	0	0	0	0	0	0	0	0	0	0	0	0	0	12	0	
0	114	-0.4002516	-2.45E-07	115	-0.001525902	5	261	0	0	0	0	0	0	0	0	0	0	0	0	0	0	12	0	
0	115	-0.4002516	-2.45E-07	116	-0.001525902	5	261	0	0	0	0	0	0	0	0	0	0	0	0	0	0	12	0	
0	116	-0.4005583	-2.45E-07	117	-0.001525902	5	261	0	0	0	0	0	0	0	0	0	0	0	0	0	0	12	0	
0	117	-0.400865	-2.45E-07	118	-0.001525902	5	5	0	0	0	0	0	0	0	0	0	0	0	0	0	0	12	0	
0	118	-0.400865	-2.45E-07	119	-0.001525902	5	261	0	0	0	0	0	0	0	0	0	0	0	0	0	0	12	0	
0	119	-0.4011717	-2.45E-07	120	-0.001525902	5	261	0	0	0	0	0	0	0	0	0	0	0	0	0	0	12	0	
0	120	-0.4011717	-2.45E-07	121	-0.001525902	5	261	0	0	0	0	0	0	0	0	0	0	0	0	0	0	12	0	
0	121	-0.4014784	-2.45E-07	122	-0.001525902	5	5	0	0	0	0	0	0	0	0	0	0	0	0	0	0	12	0	
0	122	-0.4017851	-2.45E-07	123	-0.001525902	5	5	0	0	0	0	0	0	0	0	0	0	0	0	0	0	12	0	
0	123	-0.4017851	-2.45E-07	124	-0.001525902	5	5	0	0	0	0	0	0	0	0	0	0	0	0	0	0	12	0	
0	124	-0.4020918	-2.45E-07	125	-0.001525902	5	5	0	0	0	0	0	0	0	0	0	0	0	0	0	0	12	0	
0	125	-0.4020918	-2.45E-07	126	-0.001525902	5	261	0	0	0	0	0	0	0	0	0	0	0	0	0	0	12	0	
0	126	-0.4023986	-2.45E-07	127	-0.001525902	5	5	0	0	0	0	0	0	0	0	0	0	0	0	0	0	12	0	
0	127	-0.4027053	-2.45E-07	128	-0.001525902	5	261	0	0	0	0	0	0	0	0	0	0	0	0	0	0	12	0	
0	128	-0.4027053	-2.45E-07	129	-0.001525902	5	261	0	0	0	0	0	0	0	0	0	0	0	0	0	0	12	0	
0	129	-0.4027053	-2.45E-07	130	-0.001525902	5	261	0	0	0	0	0	0	0	0	0	0	0	0	0	0	12	0	
0	130	-0.4030119	-2.45E-07	131	-0.001525902	5	261	0	0	0	0	0	0	0	0	0	0	0	0	0	0	12	0	
0	131	-0.4033187	-2.45E-07	132	-0.001525902	5	261	0	0	0	0	0	0	0	0	0	0	0	0	0	0	12	0	
0	132	-0.4033187	-2.45E-07	133	-0.001525902	5	5	0	0	0	0	0	0	0	0	0	0	0	0	0	0	12	0	
0	133	-0.4036254	-2.45E-07	134	-0.001525902	5	261	0	0	0	0	0	0	0	0	0	0	0	0	0	0	12	0	
0	134	-0.4036254	-2.45E-07	135	-0.001525902	5	261	0	0	0	0	0	0	0	0	0	0	0	0	0	0	12	0	
0	135	-0.4039321	-2.45E-07	136	-0.001525902	5	5	0	0	0	0	0	0	0	0	0	0	0	0	0	0	12	0	
0	136	-0.4039321	-2.45E-07	137	-0.001525902	5	261	0	0	0	0	0	0	0	0	0	0	0	0	0	0	12	0	
0	137	-0.4042388	-2.45E-07	138	-0.001525902	5	5	0	0	0	0	0	0	0	0	0	0	0	0	0	0	12	0	
0	138	-0.4042388	-2.45E-07	139	-0.001525902	5	261	0	0	0	0	0	0	0	0	0	0	0	0	0	0	12	0	
0	139	-0.4042388	-2.45E-07	140	-0.001525902	5	261	0	0	0	0	0	0	0	0	0	0	0	0	0	0	12	0	
0	140	-0.4045455	-2.45E-07	141	-0.001525902	5	261	0	0	0	0	0	0	0	0	0	0	0	0	0	0	12	0	
0	141	-0.4045455	-2.45E-07	142	-0.001525902	5	5	0	0	0	0	0	0	0	0	0	0	0	0	0	0	12	0	
0	142	-0.4048522	-2.45E-07	143	-0.001525902	5	5	0	0	0	0	0	0	0	0	0	0	0	0	0	0	12	0	
0	143	-0.4048522	-2.45E-07	144	-0.001525902	5	5	0	0	0	0	0	0	0	0	0	0	0	0	0	0	12	0	
0	144	-0.4051589	-2.45E-07	145	-0.001525902	5	5	0	0	0	0	0	0	0	0	0	0	0	0	0	0	12	0	
0	145	-0.4051589	-2.45E-07	146	-0.001525902	5	5	0	0	0	0	0	0	0	0	0	0	0	0	0	0	12	0	
0	146	-0.4051589	-2.45E-07	147	-0.001525902	5	5	0	0	0	0	0	0	0	0	0	0	0	0	0	0	12	0	
0	147	-0.4054656	-2.45E-07	148	-0.001525902	5	5	0	0	0	0	0	0	0	0	0	0	0	0	0	0	12	0	
0	148	-0.4057723	-2.45E-07	149	-0.001525902	5	5	0	0	0	0	0	0	0	0	0	0	0	0	0	0	12	0	
0	149	-0.4057723	-2.45E-07	150	-0.001525902	5	5	0	0	0	0	0	0	0	0	0	0	0	0	0	0	12	0	
0	150	-0.406079	-2.45E-07	151	-0.001525902	5	5	0	0	0	0	0	0	0	0	0	0	0	0	0	0	12	0	
0	151	-0.406079	-2.45E-07	152	-0.001525902	5	5	0	0	0	0	0	0	0	0	0	0	0	0	0	0	12	0	
0	152	-0.406079	-2.45E-07	153	-0.001525902	5	5	0	0	0	0	0	0	0	0	0	0	0	0	0	0	12	0	
0	153	-0.4063857	-2.45E-07	154	-0.001525902	5	5	0	0	0	0	0	0	0	0	0	0	0	0	0	0	12	0	
0	154	-0.4066924	-2.45E-07	155	-0.001525902	5	5	0	0	0	0	0	0	0	0	0	0	0	0	0	0	12	0	
0	155	-0.4066924	-2.45E-07	156	-0.001525902	5	5	0	0	0	0	0	0	0	0	0	0	0	0	0	0	12	0	
0	156	-0.4066924	-2.45E-07	157	-0.001525902	5	5	0	0	0	0	0	0	0	0	0	0	0	0	0	0	12	0	
0	157	-0.4069991	-2.45E-07	158	-0.001525902	5	5	0	0	0	0	0	0	0	0	0	0	0	0	0	0	12	0	
0	158	-0.4069991	-2.45E-07	159	-0.001525902	5	5	0	0	0	0	0	0	0	0	0	0	0	0	0	0	12	0	
0	159	-0.4073058	-2.45E-07	160	-0.001525902	5	5	0	0	0	0	0	0	0	0	0	0	0	0	0	0	12	0	
0	160	-0.4073058	-2.45E-07	161	-0.001525902	5	5	0	0	0	0	0	0	0	0	0	0	0	0	0	0	12	0	
0	161	-0.4073058	-2.45E-07	162	-0.001525902	5	5	0	0	0	0	0	0	0	0	0	0	0	0	0	0	12	0	
0	162	-0.4076126	-2.45E-07	163	-0.001525902	5	261	0	0	0	0	0	0	0	0	0	0	0	0	0	0	12	0	
0	163	-0.4079193	-2.45E-07	164	-0.001525902	5	261	0	0	0	0	0	0	0	0	0	0	0	0	0	0	12	0	
0	164	-0.4079193	-2.45E-07	165	-0.001525902	5	261	0	0	0	0	0	0	0	0	0	0	0	0	0	0	12	0	
0	165	-0.4079193	-2.45E-07	166	-0.001525902	5	261	0	0	0	0	0	0	0	0	0	0	0	0	0	0	12	0	
0	166	-0.408226	-2.45E-07	167	-0.001525902	5	5	0	0	0	0	0	0	0	0	0	0	0	0	0	0	12	0	
0	167	-0.408226	-2.45E-07	168	-0.001525902	5	5	0	0	0	0	0	0	0	0	0	0	0	0	0	0	12	0	
0	168	-0.408226	-2.45E-07	169	-0.001525902	5	261	0	0	0	0	0	0	0	0	0	0	0	0	0	0	12	0	
0	169	-0.4085327	-2.45E-07	170	-0.001525902	5	261	0	0	0	0	0	0	0	0	0	0	0	0	0	0	12	0	
0	170	-0.4085327	-2.45E-07	171	-0.001525902	5	5	0	0	0	0	0	0	0	0	0	0	0	0	0	0	12	0	
0	171	-0.4088394	-2.45E-07	172	-0.001525902	5	5	0	0	0	0	0	0	0	0	0	0	0	0	0	0	12	0	
0	172	-0.4088394	-2.45E-07	173	-0.001525902	5	5	0	0	0	0	0	0	0	0	0	0	0	0	0	0	12	0	
0	173	-0.4091461	-2.45E-07	174	-0.001525902	5	5	0	0	0	0	0	0	0	0	0	0	0	0	0	0	12	0	
0	174	-0.4091461	-2.45E-07	175	-0.001525902	5	5	0	0	0	0	0	0	0	0	0	0	0	0	0	0	12	0	
0	175	-0.4091461	-2.45E-07	176	-0.001525902	5	5	0	0	0	0	0	0	0	0	0	0	0	0	0	0	12	0	
0	176	-0.4091461	-2.45E-07	177	-0.001525902	5	5	0	0	0	0	0	0	0	0	0	0	0	0	0	0	12	0	
0	177	-0.4094528	-2.45E-07	178	-0.001525902	5	5	0	0	0	0	0	0	0	0	0	0	0	0	0	0	12	0	
0	178	-0.4094528	-2.45E-07	179	-0.001525902	5	5	0	0	0	0	0	0	0	0	0	0	0	0	0	0	12	0	
0	179	-0.4094528	-2.45E-07	180	-0.001525902	5	5	0	0	0	0	0	0	0	0	0	0	0	0	0	0	12	0	
0	180	-0.4097595	-2.45E-07	181	-0.001525902	5	5	0	0	0	0	0	0	0	0	0	0	0	0	0	0	12	0	
0	181	-0.4097595	-2.45E-07	182	-0.001525902	5	5	0	0	0	0	0	0	0	0	0	0	0	0	0	0	12	0	
0	182	-0.4100662	-2.45E-07	183	-0.001525902	5	5	0	0	0	0	0	0	0	0	0	0	0	0	0	0	12	0	
0	183	-0.4100662	-2.45E-07	184	-0.001525902	5	5	0	0	0	0	0	0	0	0	0	0	0	0	0	0	12	0	
0	184	-0.4100662	-2.45E-07	185	-0.001525902	5	5	0	0	0	0	0	0	0	0	0	0	0	0	0	0	12	0	
0	185	-0.4103729	-2.45E-07	186	-0.001525902	5	5	0	0	0	0	0	0	0	0	0	0	0	0	0	0	12	0	
0	186	-0.4103729	-2.45E-07	187	-0.001525902	5	5	0	0	0	0	0	0	0	0	0	0	0	0	0	0	12	0	
0	187	-0.4103729	-2.45E-07	188	-0.001525902	5	5	0	0	0	0	0	0	0	0	0	0	0	0	0	0	12	0	
0	188	-0.4106796	-2.45E-07	189	-0.001525902	5	5	0	0	0	0	0	0	0	0	0	0	0	0	0	0	12	0	
0	189	-0.4106796	-2.45E-07	190	-0.001525902	5	5	0	0	0	0	0	0	0	0	0	0	0	0	0	0	12	0	
0	190	-0.4106796	-2.45E-07	191	-0.001525902	5	5	0	0	0	0	0	0	0	0	0	0	0	0	0	0	12	0	
0	191	-0.4109863	-2.45E-07	192	-0.001525902	5	261	0	0	0	0	0	0	0	0	0	0	0	0	0	0	12	0	
0	192	-0.4109863	-2.45E-07	193	-0.001525902	5	261	0	0	0	0	0	0	0	0	0	0	0	0	0	0	12	0	
0	193	-0.4109863	-2.45E-07	194	-0.001525902	5	5	0	0	0	0	0	0	0	0	0	0	0	0	0	0	12	0	
0	194	-0.411293	-2.45E-07	195	-0.001525902	5	261	0	0	0	0	0	0	0	0	0	0	0	0	0	0	12	0	
0	195	-0.411293	-2.45E-07	196	-0.001525902	5	261	0	0	0	0	0	0	0	0	0	0	0	0	0	0	12	0	
0	196	-0.4115997	-2.45E-07	197	-0.001525902	5	5	0	0	0	0	0	0	0	0	0	0	0	0	0	0	12	0	
0	197	-0.4115997	-2.45E-07	198	-0.001525902	5	261	0	0	0	0	0	0	0	0	0	0	0	0	0	0	12	0	
0	198	-0.4115997	-2.45E-07	199	-0.001525902	5	261	0	0	0	0	0	0	0	0	0	0	0	0	0	0	12	0	
0	199	-0.4119065	-2.45E-07	200	-0.001525902	5	261	0	0	0	0	0	0	0	0	0	0	0	0	0	0	12	0	
0	200	-0.4119065	-2.45E-07	201	-0.001525902	5	5	0	0	0	0	0	0	0	0	0	0	0	0	0	0	12	0	
0	201	-0.4119065	-2.45E-07	202	-0.001525902	5	5	0	0	0	0	0	0	0	0	0	0	0	0	0	0	12	0	
0	202	-0.4122131	-2.45E-07	203	-0.001525902	5	5	0	0	0	0	0	0	0	0	0	0	0	0	0	0	12	0	
0	203	-0.4122131	-2.45E-07	204	-0.001525902	5	5	0	0	0	0	0	0	0	0	0	0	0	0	0	0	12	0	
0	204	-0.4122131	-2.45E-07	205	-0.001525902	5	5	0	0	0	0	0	0	0	0	0	0	0	0	0	0	12	0	
0	205	-0.4122131	-2.45E-07	206	-0.001525902	5	5	0	0	0	0	0	0	0	0	0	0	0	0	0	0	12	0	
0	206	-0.4125198	-2.45E-07	207	-0.001525902	5	5	0	0	0	0	0	0	0	0	0	0	0	0	0	0	12	0	
0	207	-0.4125198	-2.45E-07	208	-0.001525902	5	5	0	0	0	0	0	0	0	0	0	0	0	0	0	0	12	0	
0	208	-0.4125198	-2.45E-07	209	-0.001525902	5	5	0	0	0	0	0	0	0	0	0	0	0	0	0	0	12	0	
0	209	-0.4128266	-2.45E-07	210	-0.001525902	5	5	0	0	0	0	0	0	0	0	0	0	0	0	0	0	12	0	
0	210	-0.4128266	-2.45E-07	211	-0.001525902	5	5	0	0	0	0	0	0	0	0	0	0	0	0	0	0	12	0	
0	211	-0.4128266	-2.45E-07	212	-0.001525902	5	5	0	0	0	0	0	0	0	0	0	0	0	0	0	0	12	0	
0	212	-0.4128266	-2.45E-07	213	-0.001525902	5	5	0	0	0	0	0	0	0	0	0	0	0	0	0	0	12	0	
0	213	-0.4131333	-2.45E-07	214	-0.001525902	5	5	0	0	0	0	0	0	0	0	0	0	0	0	0	0	12	0	
0	214	-0.4131333	-2.45E-07	215	-0.001525902	5	5	0	0	0	0	0	0	0	0	0	0	0	0	0	0	12	0	
0	215	-0.4131333	-2.45E-07	216	-0.001525902	5	5	0	0	0	0	0	0	0	0	0	0	0	0	0	0	12	0	
0	216	-0.41344	-2.45E-07	217	-0.001525902	5	5	0	0	0	0	0	0	0	0	0	0	0	0	0	0	12	0	
0	217	-0.41344	-2.45E-07	218	-0.001525902	5	5	0	0	0	0	0	0	0	0	0	0	0	0	0	0	12	0	
0	218	-0.41344	-2.45E-07	219	-0.001525902	5	5	0	0	0	0	0	0	0	0	0	0	0	0	0	0	12	0	
0	219	-0.4137467	-2.45E-07	220	-0.001525902	5	261	0	0	0	0	0	0	0	0	0	0	0	0	0	0	12	0	
0	220	-0.4137467	-2.45E-07	221	-0.001525902	5	261	0	0	0	0	0	0	0	0	0	0	0	0	0	0	12	0	
0	221	-0.4137467	-2.45E-07	222	-0.001525902	5	261	0	0	0	0	0	0	0	0	0	0	0	0	0	0	12	0	
0	222	-0.4140534	-2.45E-07	223	-0.001525902	5	261	0	0	0	0	0	0	0	0	0	0	0	0	0	0	12	0	
0	223	-0.4140534	-2.45E-07	224	-0.001525902	5	5	0	0	0	0	0	0	0	0	0	0	0	0	0	0	12	0	
0	224	-0.4140534	-2.45E-07	225	-0.001525902	5	261	0	0	0	0	0	0	0	0	0	0	0	0	0	0	12	0	
0	225	-0.4140534	-2.45E-07	226	-0.001525902	5	261	0	0	0	0	0	0	0	0	0	0	0	0	0	0	12	0	
0	226	-0.4143601	-2.45E-07	227	-0.001525902	5	261	0	0	0	0	0	0	0	0	0	0	0	0	0	0	12	0	
0	227	-0.4143601	-2.45E-07	228	-0.001525902	5	5	0	0	0	0	0	0	0	0	0	0	0	0	0	0	12	0	
0	228	-0.4146668	-2.45E-07	229	-0.001525902	5	5	0	0	0	0	0	0	0	0	0	0	0	0	0	0	12	0	
0	229	-0.4146668	-2.45E-07	230	-0.001525902	5	5	0	0	0	0	0	0	0	0	0	0	0	0	0	0	12	0	
0	230	-0.4146668	-2.45E-07	231	-0.001525902	5	5	0	0	0	0	0	0	0	0	0	0	0	0	0	0	12	0	
0	231	-0.4146668	-2.45E-07	232	-0.001525902	5	5	0	0	0	0	0	0	0	0	0	0	0	0	0	0	12	0	
0	232	-0.4149735	-2.45E-07	233	-0.001525902	5	5	0	0	0	0	0	0	0	0	0	0	0	0	0	0	12	0	
0	233	-0.4149735	-2.45E-07	234	-0.001525902	5	5	0	0	0	0	0	0	0	0	0	0	0	0	0	0	12	0	
0	234	-0.4149735	-2.45E-07	235	-0.001525902	5	5	0	0	0	0	0	0	0	0	0	0	0	0	0	0	12	0	
0	235	-0.4152802	-2.45E-07	236	-0.001525902	5	5	0	0	0	0	0	0	0	0	0	0	0	0	0	0	12	0	
0	236	-0.4152802	-2.45E-07	237	-0.001525902	5	5	0	0	0	0	0	0	0	0	0	0	0	0	0	0	12	0	
0	237	-0.4152802	-2.45E-07	238	-0.001525902	5	5	0	0	0	0	0	0	0	0	0	0	0	0	0	0	12	0	
0	238	-0.4152802	-2.45E-07	239	-0.001525902	5	5	0	0	0	0	0	0	0	0	0	0	0	0	0	0	12	0	
0	239	-0.4152802	-2.45E-07	240	-0.001525902	5	5	0	0	0	0	0	0	0	0	0	0	0	0	0	0	12	0	
0	240	-0.4155869	-2.45E-07	241	-0.001525902	5	5	0	0	0	0	0	0	0	0	0	0	0	0	0	0	12	0	
0	241	-0.4155869	-2.45E-07	242	-0.001525902	5	5	0	0	0	0	0	0	0	0	0	0	0	0	0	0	12	0	
0	242	-0.4155869	-2.45E-07	243	-0.001525902	5	5	0	0	0	0	0	0	0	0	0	0	0	0	0	0	12	0	
0	243	-0.4158936	-2.45E-07	244	-0.001525902	5	5	0	0	0	0	0	0	0	0	0	0	0	0	0	0	12	0	
0	244	-0.4158936	-2.45E-07	245	-0.001525902	5	5	0	0	0	0	0	0	0	0	0	0	0	0	0	0	12	0	
0	245	-0.4158936	-2.45E-07	246	-0.001525902	5	5	0	0	0	0	0	0	0	0	0	0	0	0	0	0	12	0	
0	246	-0.4158936	-2.45E-07	247	-0.001525902	5	5	0	0	0	0	0	0	0	0	0	0	0	0	0	0	12	0	
0	247	-0.4158936	-2.45E-07	248	-0.001525902	5	5	0	0	0	0	0	0	0	0	0	0	0	0	0	0	12	0	
0	248	-0.4162003	-2.45E-07	249	-0.001525902	5	5	0	0	0	0	0	0	0	0	0	0	0	0	0	0	12	0	
0	249	-0.4162003	-2.45E-07	250	-0.001525902	5	261	0	0	0	0	0	0	0	0	0	0	0	0	0	0	12	0	
0	250	-0.4162003	-2.45E-07	251	-0.001525902	5	261	0	0	0	0	0	0	0	0	0	0	0	0	0	0	12	0	
0	251	-0.4162003	-2.45E-07	252	-0.001525902	5	5	0	0	0	0	0	0	0	0	0	0	0	0	0	0	12	0	
0	252	-0.416507	-2.45E-07	253	-0.001525902	5	5	0	0	0	0	0	0	0	0	0	0	0	0	0	0	12	0	
0	253	-0.416507	-2.45E-07	254	-0.001525902	5	5	0	0	0	0	0	0	0	0	0	0	0	0	0	0	12	0	
0	254	-0.416507	-2.45E-07	255	-0.001525902	5	261	0	0	0	0	0	0	0	0	0	0	0	0	0	0	12	0	
0	255	-0.416507	-2.45E-07	256	-0.001525902	5	261	0	0	0	0	0	0	0	0	0	0	0	0	0	0	12	0	
0	256	-0.4168137	-2.45E-07	257	-0.001525902	5	5	0	0	0	0	0	0	0	0	0	0	0	0	0	0	12	0	
0	257	-0.4168137	-2.45E-07	258	-0.001525902	5	5	0	0	0	0	0	0	0	0	0	0	0	0	0	0	12	0	
0	258	-0.4168137	-2.45E-07	259	-0.001525902	5	5	0	0	0	0	0	0	0	0	0	0	0	0	0	0	12	0	
0	259	-0.4171205	-2.45E-07	260	-0.001525902	5	5	0	0	0	0	0	0	0	0	0	0	0	0	0	0	12	0	
0	260	-0.4171205	-2.45E-07	261	-0.001525902	5	5	0	0	0	0	0	0	0	0	0	0	0	0	0	0	12	0	
0	261	-0.4171205	-2.45E-07	262	-0.001525902	5	5	0	0	0	0	0	0	0	0	0	0	0	0	0	0	12	0	
0	262	-0.4171205	-2.45E-07	263	-0.001525902	5	5	0	0	0	0	0	0	0	0	0	0	0	0	0	0	12	0	
0	263	-0.4174272	-2.45E-07	264	-0.001525902	5	5	0	0	0	0	0	0	0	0	0	0	0	0	0	0	12	0	
0	264	-0.4174272	-2.45E-07	265	-0.001525902	5	5	0	0	0	0	0	0	0	0	0	0	0	0	0	0	12	0	
0	265	-0.4174272	-2.45E-07	266	-0.001525902	5	5	0	0	0	0	0	0	0	0	0	0	0	0	0	0	12	0	
0	266	-0.4174272	-2.45E-07	267	-0.001525902	5	5	0	0	0	0	0	0	0	0	0	0	0	0	0	0	12	0	
0	267	-0.4177338	-2.45E-07	268	-0.001525902	5	5	0	0	0	0	0	0	0	0	0	0	0	0	0	0	12	0	
0	268	-0.4177338	-2.45E-07	269	-0.001525902	5	5	0	0	0	0	0	0	0	0	0	0	0	0	0	0	12	0	
0	269	-0.4177338	-2.45E-07	270	-0.001525902	5	5	0	0	0	0	0	0	0	0	0	0	0	0	0	0	12	0	
0	270	-0.4177338	-2.45E-07	271	-0.001525902	5	5	0	0	0	0	0	0	0	0	0	0	0	0	0	0	12	0	
0	271	-0.4180406	-2.45E-07	272	-0.001525902	5	5	0	0	0	0	0	0	0	0	0	0	0	0	0	0	12	0	
0	272	-0.4180406	-2.45E-07	273	-0.001525902	5	5	0	0	0	0	0	0	0	0	0	0	0	0	0	0	12	0	
0	273	-0.4180406	-2.45E-07	274	-0.001525902	5	5	0	0	0	0	0	0	0	0	0	0	0	0	0	0	12	0	
0	274	-0.4180406	-2.45E-07	275	-0.001525902	5	5	0	0	0	0	0	0	0	0	0	0	0	0	0	0	12	0	
0	275	-0.4183473	-2.45E-07	276	-0.001525902	5	5	0	0	0	0	0	0	0	0	0	0	0	0	0	0	12	0	
0	276	-0.4183473	-2.45E-07	277	-0.001525902	5	5	0	0	0	0	0	0	0	0	0	0	0	0	0	0	12	0	
0	277	-0.4183473	-2.45E-07	278	-0.001525902	5	5	0	0	0	0	0	0	0	0	0	0	0	0	0	0	12	0	
0	278	-0.4183473	-2.45E-07	279	-0.001525902	5	5	0	0	0	0	0	0	0	0	0	0	0	0	0	0	12	0	
0	279	-0.418654	-2.45E-07	280	-0.001525902	5	5	0	0	0	0	0	0	0	0	0	0	0	0	0	0	12	0	
0	280	-0.418654	-2.45E-07	281	-0.001525902	5	5	0	0	0	0	0	0	0	0	0	0	0	0	0	0	12	0	
0	281	-0.418654	-2.45E-07	282	-0.001525902	5	5	0	0	0	0	0	0	0	0	0	0	0	0	0	0	12	0	
0	282	-0.418654	-2.45E-07	283	-0.001525902	5	5	0	0	0	0	0	0	0	0	0	0	0	0	0	0	12	0	
0	283	-0.418654	-2.45E-07	284	-0.001525902	5	5	0	0	0	0	0	0	0	0	0	0	0	0	0	0	12	0	
0	284	-0.4189607	-2.45E-07	285	-0.001525902	5	5	0	0	0	0	0	0	0	0	0	0	0	0	0	0	12	0	
0	285	-0.4189607	-2.45E-07	286	-0.001525902	5	5	0	0	0	0	0	0	0	0	0	0	0	0	0	0	12	0	
0	286	-0.4189607	-2.45E-07	287	-0.001525902	5	5	0	0	0	0	0	0	0	0	0	0	0	0	0	0	12	0	
0	287	-0.4192674	-2.45E-07	288	-0.001525902	5	5	0	0	0	0	0	0	0	0	0	0	0	0	0	0	12	0	
0	288	-0.4192674	-2.45E-07	289	-0.001525902	5	5	0	0	0	0	0	0	0	0	0	0	0	0	0	0	12	0	
0	289	-0.4192674	-2.45E-07	290	-0.001525902	5	5	0	0	0	0	0	0	0	0	0	0	0	0	0	0	12	0	
0	290	-0.4192674	-2.45E-07	291	-0.001525902	5	5	0	0	0	0	0	0	0	0	0	0	0	0	0	0	12	0	
0	291	-0.4195741	-2.45E-07	292	-0.001525902	5	5	0	0	0	0	0	0	0	0	0	0	0	0	0	0	12	0	
0	292	-0.4195741	-2.45E-07	293	-0.001525902	5	5	0	0	0	0	0	0	0	0	0	0	0	0	0	0	12	0	
0	293	-0.4195741	-2.45E-07	294	-0.001525902	5	5	0	0	0	0	0	0	0	0	0	0	0	0	0	0	12	0	
0	294	-0.4195741	-2.45E-07	295	-0.001525902	5	5	0	0	0	0	0	0	0	0	0	0	0	0	0	0	12	0	
0	295	-0.4195741	-2.45E-07	296	-0.001525902	5	5	0	0	0	0	0	0	0	0	0	0	0	0	0	0	12	0	
0	296	-0.4198808	-2.45E-07	297	-0.001525902	5	5	0	0	0	0	0	0	0	0	0	0	0	0	0	0	12	0	
0	297	-0.4198808	-2.45E-07	298	-0.001525902	5	5	0	0	0	0	0	0	0	0	0	0	0	0	0	0	12	0	
0	298	-0.4198808	-2.45E-07	299	-0.001525902	5	5	0	0	0	0	0	0	0	0	0	0	0	0	0	0	12	0	
0	299	-0.4198808	-2.45E-07	300	-0.001525902	5	5	0	0	0	0	0	0	0	0	0	0	0	0	0	0	12	0	
0	300	-0.4198808	-2.45E-07	301	-0.001525902	5	261	0	0	0	0	0	0	0	0	0	0	0	0	0	0	12	0	
0	301	-0.4198808	-2.45E-07	302	-0.001525902	5	261	0	0	0	0	0	0	0	0	0	0	0	0	0	0	12	0	
0	302	-0.4201875	-2.45E-07	303	-0.001525902	5	261	0	0	0	0	0	0	0	0	0	0	0	0	0	0	12	0	
0	303	-0.4201875	-2.45E-07	304	-0.001525902	5	261	0	0	0	0	0	0	0	0	0	0	0	0	0	0	12	0	
0	304	-0.4201875	-2.45E-07	305	-0.001525902	5	5	0	0	0	0	0	0	0	0	0	0	0	0	0	0	12	0	
0	305	-0.4201875	-2.45E-07	306	-0.001525902	5	5	0	0	0	0	0	0	0	0	0	0	0	0	0	0	12	0	
0	306	-0.4201875	-2.45E-07	307	-0.001525902	5	261	0	0	0	0	0	0	0	0	0	0	0	0	0	0	12	0	
0	307	-0.4204942	-2.45E-07	308	-0.001525902	5	5	0	0	0	0	0	0	0	0	0	0	0	0	0	0	12	0	
0	308	-0.4204942	-2.45E-07	309	-0.001525902	5	5	0	0	0	0	0	0	0	0	0	0	0	0	0	0	12	0	
0	309	-0.4204942	-2.45E-07	310	-0.001525902	5	261	0	0	0	0	0	0	0	0	0	0	0	0	0	0	12	0	
0	310	-0.4204942	-2.45E-07	311	-0.001525902	5	5	0	0	0	0	0	0	0	0	0	0	0	0	0	0	12	0	
0	311	-0.4208009	-2.45E-07	312	-0.001525902	5	5	0	0	0	0	0	0	0	0	0	0	0	0	0	0	12	0	
0	312	-0.4208009	-2.45E-07	313	-0.001525902	5	5	0	0	0	0	0	0	0	0	0	0	0	0	0	0	12	0	
0	313	-0.4208009	-2.45E-07	314	-0.001525902	5	5	0	0	0	0	0	0	0	0	0	0	0	0	0	0	12	0	
0	314	-0.4208009	-2.45E-07	315	-0.001525902	5	5	0	0	0	0	0	0	0	0	0	0	0	0	0	0	12	0	
0	315	-0.4211076	-2.45E-07	316	-0.001525902	5	5	0	0	0	0	0	0	0	0	0	0	0	0	0	0	12	0	
0	316	-0.4211076	-2.45E-07	317	-0.001525902	5	5	0	0	0	0	0	0	0	0	0	0	0	0	0	0	12	0	
0	317	-0.4211076	-2.45E-07	318	-0.001525902	5	5	0	0	0	0	0	0	0	0	0	0	0	0	0	0	12	0	
0	318	-0.4211076	-2.45E-07	319	-0.001525902	5	5	0	0	0	0	0	0	0	0	0	0	0	0	0	0	12	0	
0	319	-0.4211076	-2.45E-07	320	-0.001525902	5	5	0	0	0	0	0	0	0	0	0	0	0	0	0	0	12	0	
0	320	-0.4214143	-2.45E-07	321	-0.001525902	5	5	0	0	0	0	0	0	0	0	0	0	0	0	0	0	12	0	
0	321	-0.4214143	-2.45E-07	322	-0.001525902	5	5	0	0	0	0	0	0	0	0	0	0	0	0	0	0	12	0	
0	322	-0.4214143	-2.45E-07	323	-0.001525902	5	5	0	0	0	0	0	0	0	0	0	0	0	0	0	0	12	0	
0	323	-0.4214143	-2.45E-07	324	-0.001525902	5	5	0	0	0	0	0	0	0	0	0	0	0	0	0	0	12	0	
0	324	-0.421721	-2.45E-07	325	-0.001525902	5	5	0	0	0	0	0	0	0	0	0	0	0	0	0	0	12	0	
0	325	-0.421721	-2.45E-07	326	-0.001525902	5	5	0	0	0	0	0	0	0	0	0	0	0	0	0	0	12	0	
0	326	-0.421721	-2.45E-07	327	-0.001525902	5	5	0	0	0	0	0	0	0	0	0	0	0	0	0	0	12	0	
0	327	-0.421721	-2.45E-07	328	-0.001525902	5	5	0	0	0	0	0	0	0	0	0	0	0	0	0	0	12	0	
0	328	-0.421721	-2.45E-07	329	-0.001525902	5	5	0	0	0	0	0	0	0	0	0	0	0	0	0	0	12	0	
0	329	-0.421721	-2.45E-07	330	-0.001525902	5	261	0	0	0	0	0	0	0	0	0	0	0	0	0	0	12	0	
0	330	-0.4220277	-2.45E-07	331	-0.001525902	5	5	0	0	0	0	0	0	0	0	0	0	0	0	0	0	12	0	
0	331	-0.4220277	-2.45E-07	332	-0.001525902	5	261	0	0	0	0	0	0	0	0	0	0	0	0	0	0	12	0	
0	332	-0.4220277	-2.45E-07	333	-0.001525902	5	5	0	0	0	0	0	0	0	0	0	0	0	0	0	0	12	0	
0	333	-0.4223345	-2.45E-07	334	-0.001525902	5	5	0	0	0	0	0	0	0	0	0	0	0	0	0	0	12	0	
0	334	-0.4223345	-2.45E-07	335	-0.001525902	5	261	0	0	0	0	0	0	0	0	0	0	0	0	0	0	12	0	
0	335	-0.4223345	-2.45E-07	336	-0.001525902	5	5	0	0	0	0	0	0	0	0	0	0	0	0	0	0	12	0	
0	336	-0.4223345	-2.45E-07	337	-0.001525902	5	261	0	0	0	0	0	0	0	0	0	0	0	0	0	0	12	0	
0	337	-0.4223345	-2.45E-07	338	-0.001525902	5	5	0	0	0	0	0	0	0	0	0	0	0	0	0	0	12	0	
0	338	-0.4226412	-2.45E-07	339	-0.001525902	5	5	0	0	0	0	0	0	0	0	0	0	0	0	0	0	12	0	
0	339	-0.4226412	-2.45E-07	340	-0.001525902	5	5	0	0	0	0	0	0	0	0	0	0	0	0	0	0	12	0	
0	340	-0.4226412	-2.45E-07	341	-0.001525902	5	5	0	0	0	0	0	0	0	0	0	0	0	0	0	0	12	0	
0	341	-0.4226412	-2.45E-07	342	-0.001525902	5	5	0	0	0	0	0	0	0	0	0	0	0	0	0	0	12	0	
0	342	-0.4226412	-2.45E-07	343	-0.001525902	5	5	0	0	0	0	0	0	0	0	0	0	0	0	0	0	12	0	
0	343	-0.4229479	-2.45E-07	344	-0.001525902	5	5	0	0	0	0	0	0	0	0	0	0	0	0	0	0	12	0	
0	344	-0.4229479	-2.45E-07	345	-0.001525902	5	5	0	0	0	0	0	0	0	0	0	0	0	0	0	0	12	0	
0	345	-0.4229479	-2.45E-07	346	-0.001525902	5	5	0	0	0	0	0	0	0	0	0	0	0	0	0	0	12	0	
0	346	-0.4229479	-2.45E-07	347	-0.001525902	5	5	0	0	0	0	0	0	0	0	0	0	0	0	0	0	12	0	
0	347	-0.4229479	-2.45E-07	348	-0.001525902	5	5	0	0	0	0	0	0	0	0	0	0	0	0	0	0	12	0	
0	348	-0.4229479	-2.45E-07	349	-0.001525902	5	5	0	0	0	0	0	0	0	0	0	0	0	0	0	0	12	0	
0	349	-0.4232546	-2.45E-07	350	-0.001525902	5	5	0	0	0	0	0	0	0	0	0	0	0	0	0	0	12	0	
0	350	-0.4232546	-2.45E-07	351	-0.001525902	5	5	0	0	0	0	0	0	0	0	0	0	0	0	0	0	12	0	
0	351	-0.4232546	-2.45E-07	352	-0.001525902	5	5	0	0	0	0	0	0	0	0	0	0	0	0	0	0	12	0	
0	352	-0.4232546	-2.45E-07	353	-0.001525902	5	5	0	0	0	0	0	0	0	0	0	0	0	0	0	0	12	0	
0	353	-0.4232546	-2.45E-07	354	-0.001525902	5	5	0	0	0	0	0	0	0	0	0	0	0	0	0	0	12	0	
0	354	-0.4235613	-2.45E-07	355	-0.001525902	5	5	0	0	0	0	0	0	0	0	0	0	0	0	0	0	12	0	
0	355	-0.4235613	-2.45E-07	356	-0.001525902	5	5	0	0	0	0	0	0	0	0	0	0	0	0	0	0	12	0	
0	356	-0.4235613	-2.45E-07	357	-0.001525902	5	5	0	0	0	0	0	0	0	0	0	0	0	0	0	0	12	0	
0	357	-0.4235613	-2.45E-07	358	-0.001525902	5	5	0	0	0	0	0	0	0	0	0	0	0	0	0	0	12	0	
0	358	-0.4235613	-2.45E-07	359	-0.001525902	5	5	0	0	0	0	0	0	0	0	0	0	0	0	0	0	12	0	
0	359	-0.423868	-2.45E-07	360	-0.001525902	5	261	0	0	0	0	0	0	0	0	0	0	0	0	0	0	12	0	
0	360	-0.423868	-2.45E-07	361	-0.001525902	5	261	0	0	0	0	0	0	0	0	0	0	0	0	0	0	12	0	
0	361	-0.423868	-2.45E-07	362	-0.001525902	5	261	0	0	0	0	0	0	0	0	0	0	0	0	0	0	12	0	
0	362	-0.423868	-2.45E-07	363	-0.001525902	5	261	0	0	0	0	0	0	0	0	0	0	0	0	0	0	12	0	
0	363	-0.4241747	-2.45E-07	364	-0.001525902	5	5	0	0	0	0	0	0	0	0	0	0	0	0	0	0	12	0	
0	364	-0.4241747	-2.45E-07	365	-0.001525902	5	261	0	0	0	0	0	0	0	0	0	0	0	0	0	0	12	0	
0	365	-0.4241747	-2.45E-07	366	-0.001525902	5	261	0	0	0	0	0	0	0	0	0	0	0	0	0	0	12	0	
0	366	-0.4241747	-2.45E-07	367	-0.001525902	5	5	0	0	0	0	0	0	0	0	0	0	0	0	0	0	12	0	
0	367	-0.4241747	-2.45E-07	368	-0.001525902	5	261	0	0	0	0	0	0	0	0	0	0	0	0	0	0	12	0	
0	368	-0.4241747	-2.45E-07	369	-0.001525902	5	261	0	0	0	0	0	0	0	0	0	0	0	0	0	0	12	0	
0	369	-0.4244814	-2.45E-07	370	-0.001525902	5	261	0	0	0	0	0	0	0	0	0	0	0	0	0	0	12	0	
0	370	-0.4244814	-2.45E-07	371	-0.001525902	5	261	0	0	0	0	0	0	0	0	0	0	0	0	0	0	12	0	
0	371	-0.4244814	-2.45E-07	372	-0.001525902	5	261	0	0	0	0	0	0	0	0	0	0	0	0	0	0	12	0	
0	372	-0.4244814	-2.45E-07	373	-0.001525902	5	5	0	0	0	0	0	0	0	0	0	0	0	0	0	0	12	0	
0	373	-0.4244814	-2.45E-07	374	-0.001525902	5	5	0	0	0	0	0	0	0	0	0	0	0	0	0	0	12	0	
0	374	-0.4244814	-2.45E-07	375	-0.001525902	5	261	0	0	0	0	0	0	0	0	0	0	0	0	0	0	12	0	
0	375	-0.4247881	-2.45E-07	376	-0.001525902	5	5	0	0	0	0	0	0	0	0	0	0	0	0	0	0	12	0	
0	376	-0.4247881	-2.45E-07	377	-0.001525902	5	261	0	0	0	0	0	0	0	0	0	0	0	0	0	0	12	0	
0	377	-0.4247881	-2.45E-07	378	-0.001525902	5	5	0	0	0	0	0	0	0	0	0	0	0	0	0	0	12	0	
0	378	-0.4247881	-2.45E-07	379	-0.001525902	5	5	0	0	0	0	0	0	0	0	0	0	0	0	0	0	12	0	
0	379	-0.4247881	-2.45E-07	380	-0.001525902	5	261	0	0	0	0	0	0	0	0	0	0	0	0	0	0	12	0	
0	380	-0.4250948	-2.45E-07	381	-0.001525902	5	5	0	0	0	0	0	0	0	0	0	0	0	0	0	0	12	0	
0	381	-0.4250948	-2.45E-07	382	-0.001525902	5	5	0	0	0	0	0	0	0	0	0	0	0	0	0	0	12	0	
0	382	-0.4250948	-2.45E-07	383	-0.001525902	5	261	0	0	0	0	0	0	0	0	0	0	0	0	0	0	12	0	
0	383	-0.4254015	-2.45E-07	384	-0.001525902	5	261	0	0	0	0	0	0	0	0	0	0	0	0	0	0	12	0	
0	384	-0.4254015	-2.45E-07	385	-0.001525902	5	261	0	0	0	0	0	0	0	0	0	0	0	0	0	0	12	0	
0	385	-0.4254015	-2.45E-07	386	-0.001525902	5	261	0	0	0	0	0	0	0	0	0	0	0	0	0	0	12	0	
0	386	-0.4254015	-2.45E-07	387	-0.001525902	5	261	0	0	0	0	0	0	0	0	0	0	0	0	0	0	12	0	
0	387	-0.4254015	-2.45E-07	388	-0.001525902	5	261	0	0	0	0	0	0	0	0	0	0	0	0	0	0	12	0	
0	388	-0.4254015	-2.45E-07	389	-0.001525902	5	261	0	0	0	0	0	0	0	0	0	0	0	0	0	0	12	0	
0	389	-0.4254015	-2.45E-07	390	-0.001525902	5	261	0	0	0	0	0	0	0	0	0	0	0	0	0	0	12	0	
0	390	-0.4257082	-2.45E-07	391	-0.001525902	5	5	0	0	0	0	0	0	0	0	0	0	0	0	0	0	12	0	
0	391	-0.4257082	-2.45E-07	392	-0.001525902	5	5	0	0	0	0	0	0	0	0	0	0	0	0	0	0	12	0	
0	392	-0.4257082	-2.45E-07	393	-0.001525902	5	261	0	0	0	0	0	0	0	0	0	0	0	0	0	0	12	0	
0	393	-0.4257082	-2.45E-07	394	-0.001525902	5	261	0	0	0	0	0	0	0	0	0	0	0	0	0	0	12	0	
0	394	-0.4257082	-2.45E-07	395	-0.001525902	5	261	0	0	0	0	0	0	0	0	0	0	0	0	0	0	12	0	
0	395	-0.4260149	-2.45E-07	396	-0.001525902	5	5	0	0	0	0	0	0	0	0	0	0	0	0	0	0	12	0	
0	396	-0.4260149	-2.45E-07	397	-0.001525902	5	5	0	0	0	0	0	0	0	0	0	0	0	0	0	0	12	0	
0	397	-0.4260149	-2.45E-07	398	-0.001525902	5	5	0	0	0	0	0	0	0	0	0	0	0	0	0	0	12	0	
0	398	-0.4260149	-2.45E-07	399	-0.001525902	5	261	0	0	0	0	0	0	0	0	0	0	0	0	0	0	12	0	
0	399	-0.4260149	-2.45E-07	400	-0.001525902	5	5	0	0	0	0	0	0	0	0	0	0	0	0	0	0	12	0	
0	400	-0.4260149	-2.45E-07	401	-0.001525902	5	261	0	0	0	0	0	0	0	0	0	0	0	0	0	0	12	0	
0	401	-0.4263216	-2.45E-07	402	-0.001525902	5	5	0	0	0	0	0	0	0	0	0	0	0	0	0	0	12	0	
0	402	-0.4263216	-2.45E-07	403	-0.001525902	5	261	0	0	0	0	0	0	0	0	0	0	0	0	0	0	12	0	
0	403	-0.4263216	-2.45E-07	404	-0.001525902	5	5	0	0	0	0	0	0	0	0	0	0	0	0	0	0	12	0	
0	404	-0.4263216	-2.45E-07	405	-0.001525902	5	261	0	0	0	0	0	0	0	0	0	0	0	0	0	0	12	0	
0	405	-0.4263216	-2.45E-07	406	-0.001525902	5	5	0	0	0	0	0	0	0	0	0	0	0	0	0	0	12	0	
0	406	-0.4266284	-2.45E-07	407	-0.001525902	5	5	0	0	0	0	0	0	0	0	0	0	0	0	0	0	12	0	
0	407	-0.4266284	-2.45E-07	408	-0.001525902	5	5	0	0	0	0	0	0	0	0	0	0	0	0	0	0	12	0	
0	408	-0.4266284	-2.45E-07	409	-0.001525902	5	5	0	0	0	0	0	0	0	0	0	0	0	0	0	0	12	0	
0	409	-0.4266284	-2.45E-07	410	-0.001525902	5	5	0	0	0	0	0	0	0	0	0	0	0	0	0	0	12	0	
0	410	-0.4266284	-2.45E-07	411	-0.001525902	5	5	0	0	0	0	0	0	0	0	0	0	0	0	0	0	12	0	
0	411	-0.4266284	-2.45E-07	412	-0.001525902	5	5	0	0	0	0	0	0	0	0	0	0	0	0	0	0	12	0	
0	412	-0.4266284	-2.45E-07	413	-0.001525902	5	5	0	0	0	0	0	0	0	0	0	0	0	0	0	0	12	0	
0	413	-0.426935	-2.45E-07	414	-0.001525902	5	5	0	0	0	0	0	0	0	0	0	0	0	0	0	0	12	0	
0	414	-0.426935	-2.45E-07	415	-0.001525902	5	5	0	0	0	0	0	0	0	0	0	0	0	0	0	0	12	0	
0	415	-0.426935	-2.45E-07	416	-0.001525902	5	5	0	0	0	0	0	0	0	0	0	0	0	0	0	0	12	0	
0	416	-0.426935	-2.45E-07	417	-0.001525902	5	5	0	0	0	0	0	0	0	0	0	0	0	0	0	0	12	0	
0	417	-0.4272417	-2.45E-07	418	-0.001525902	5	5	0	0	0	0	0	0	0	0	0	0	0	0	0	0	12	0	
0	418	-0.4272417	-2.45E-07	419	-0.001525902	5	5	0	0	0	0	0	0	0	0	0	0	0	0	0	0	12	0	
0	419	-0.4272417	-2.45E-07	420	-0.001525902	5	5	0	0	0	0	0	0	0	0	0	0	0	0	0	0	12	0	
0	420	-0.4272417	-2.45E-07	421	-0.001525902	5	5	0	0	0	0	0	0	0	0	0	0	0	0	0	0	12	0	
0	421	-0.4272417	-2.45E-07	422	-0.001525902	5	5	0	0	0	0	0	0	0	0	0	0	0	0	0	0	12	0	
0	422	-0.4272417	-2.45E-07	423	-0.001525902	5	5	0	0	0	0	0	0	0	0	0	0	0	0	0	0	12	0	
0	423	-0.4275485	-2.45E-07	424	-0.001525902	5	5	0	0	0	0	0	0	0	0	0	0	0	0	0	0	12	0	
0	424	-0.4275485	-2.45E-07	425	-0.001525902	5	5	0	0	0	0	0	0	0	0	0	0	0	0	0	0	12	0	
0	425	-0.4275485	-2.45E-07	426	-0.001525902	5	261	0	0	0	0	0	0	0	0	0	0	0	0	0	0	12	0	
0	426	-0.4275485	-2.45E-07	427	-0.001525902	5	261	0	0	0	0	0	0	0	0	0	0	0	0	0	0	12	0	
0	427	-0.4278552	-2.45E-07	428	-0.001525902	5	261	0	0	0	0	0	0	0	0	0	0	0	0	0	0	12	0	
0	428	-0.4278552	-2.45E-07	429	-0.001525902	5	261	0	0	0	0	0	0	0	0	0	0	0	0	0	0	12	0	
0	429	-0.4278552	-2.45E-07	430	-0.001525902	5	5	0	0	0	0	0	0	0	0	0	0	0	0	0	0	12	0	
0	430	-0.4278552	-2.45E-07	431	-0.001525902	5	261	0	0	0	0	0	0	0	0	0	0	0	0	0	0	12	0	
0	431	-0.4278552	-2.45E-07	432	-0.001525902	5	261	0	0	0	0	0	0	0	0	0	0	0	0	0	0	12	0	
0	432	-0.4278552	-2.45E-07	433	-0.001525902	5	5	0	0	0	0	0	0	0	0	0	0	0	0	0	0	12	0	
0	433	-0.4278552	-2.45E-07	434	-0.001525902	5	261	0	0	0	0	0	0	0	0	0	0	0	0	0	0	12	0	
0	434	-0.4281619	-2.45E-07	435	-0.001525902	5	261	0	0	0	0	0	0	0	0	0	0	0	0	0	0	12	0	
0	435	-0.4281619	-2.45E-07	436	-0.001525902	5	5	0	0	0	0	0	0	0	0	0	0	0	0	0	0	12	0	
0	436	-0.4281619	-2.45E-07	437	-0.001525902	5	5	0	0	0	0	0	0	0	0	0	0	0	0	0	0	12	0	
0	437	-0.4281619	-2.45E-07	438	-0.001525902	5	5	0	0	0	0	0	0	0	0	0	0	0	0	0	0	12	0	
0	438	-0.4281619	-2.45E-07	439	-0.001525902	5	5	0	0	0	0	0	0	0	0	0	0	0	0	0	0	12	0	
0	439	-0.4284686	-2.45E-07	440	-0.001525902	5	5	0	0	0	0	0	0	0	0	0	0	0	0	0	0	12	0	
0	440	-0.4284686	-2.45E-07	441	-0.001525902	5	5	0	0	0	0	0	0	0	0	0	0	0	0	0	0	12	0	
0	441	-0.4284686	-2.45E-07	442	-0.001525902	5	5	0	0	0	0	0	0	0	0	0	0	0	0	0	0	12	0	
0	442	-0.4284686	-2.45E-07	443	-0.001525902	5	5	0	0	0	0	0	0	0	0	0	0	0	0	0	0	12	0	
0	443	-0.4284686	-2.45E-07	444	-0.001525902	5	5	0	0	0	0	0	0	0	0	0	0	0	0	0	0	12	0	
0	444	-0.4284686	-2.45E-07	445	-0.001525902	5	5	0	0	0	0	0	0	0	0	0	0	0	0	0	0	12	0	
0	445	-0.4284686	-2.45E-07	446	-0.001525902	5	5	0	0	0	0	0	0	0	0	0	0	0	0	0	0	12	0	
0	446	-0.4287753	-2.45E-07	447	-0.001525902	5	5	0	0	0	0	0	0	0	0	0	0	0	0	0	0	12	0	
0	447	-0.4287753	-2.45E-07	448	-0.001525902	5	5	0	0	0	0	0	0	0	0	0	0	0	0	0	0	12	0	
0	448	-0.4287753	-2.45E-07	449	-0.001525902	5	5	0	0	0	0	0	0	0	0	0	0	0	0	0	0	12	0	
0	449	-0.4287753	-2.45E-07	450	-0.001525902	5	5	0	0	0	0	0	0	0	0	0	0	0	0	0	0	12	0	
0	450	-0.429082	-2.45E-07	451	-0.001525902	5	5	0	0	0	0	0	0	0	0	0	0	0	0	0	0	12	0	
0	451	-0.4287753	-2.45E-07	452	-0.001525902	5	5	0	0	0	0	0	0	0	0	0	0	0	0	0	0	12	0	
0	452	-0.4287753	-2.45E-07	453	-0.001525902	5	5	0	0	0	0	0	0	0	0	0	0	0	0	0	0	12	0	
0	453	-0.429082	-2.45E-07	454	-0.001525902	5	5	0	0	0	0	0	0	0	0	0	0	0	0	0	0	12	0	
0	454	-0.429082	-2.45E-07	455	-0.001525902	5	5	0	0	0	0	0	0	0	0	0	0	0	0	0	0	12	0	
0	455	-0.429082	-2.45E-07	456	-0.001525902	5	5	0	0	0	0	0	0	0	0	0	0	0	0	0	0	12	0	
0	456	-0.429082	-2.45E-07	457	-0.001525902	5	5	0	0	0	0	0	0	0	0	0	0	0	0	0	0	12	0	
0	457	-0.429082	-2.45E-07	458	-0.001525902	5	261	0	0	0	0	0	0	0	0	0	0	0	0	0	0	12	0	
0	458	-0.4293887	-2.45E-07	459	-0.001525902	5	261	0	0	0	0	0	0	0	0	0	0	0	0	0	0	12	0	
0	459	-0.4293887	-2.45E-07	460	-0.001525902	5	261	0	0	0	0	0	0	0	0	0	0	0	0	0	0	12	0	
0	460	-0.4293887	-2.45E-07	461	-0.001525902	5	261	0	0	0	0	0	0	0	0	0	0	0	0	0	0	12	0	
0	461	-0.4293887	-2.45E-07	462	-0.001525902	5	261	0	0	0	0	0	0	0	0	0	0	0	0	0	0	12	0	
0	462	-0.4293887	-2.45E-07	463	-0.001525902	5	5	0	0	0	0	0	0	0	0	0	0	0	0	0	0	12	0	
0	463	-0.4296954	-2.45E-07	464	-0.001525902	5	261	0	0	0	0	0	0	0	0	0	0	0	0	0	0	12	0	
0	464	-0.4296954	-2.45E-07	465	-0.001525902	5	261	0	0	0	0	0	0	0	0	0	0	0	0	0	0	12	0	
0	465	-0.4296954	-2.45E-07	466	-0.001525902	5	5	0	0	0	0	0	0	0	0	0	0	0	0	0	0	12	0	
0	466	-0.4296954	-2.45E-07	467	-0.001525902	5	5	0	0	0	0	0	0	0	0	0	0	0	0	0	0	12	0	
0	467	-0.4296954	-2.45E-07	468	-0.001525902	5	5	0	0	0	0	0	0	0	0	0	0	0	0	0	0	12	0	
0	468	-0.4296954	-2.45E-07	469	-0.001525902	5	5	0	0	0	0	0	0	0	0	0	0	0	0	0	0	12	0	
0	469	-0.4300021	-2.45E-07	470	-0.001525902	5	5	0	0	0	0	0	0	0	0	0	0	0	0	0	0	12	0	
0	470	-0.4300021	-2.45E-07	471	-0.001525902	5	5	0	0	0	0	0	0	0	0	0	0	0	0	0	0	12	0	
0	471	-0.4300021	-2.45E-07	472	-0.001525902	5	5	0	0	0	0	0	0	0	0	0	0	0	0	0	0	12	0	
0	472	-0.4300021	-2.45E-07	473	-0.001525902	5	5	0	0	0	0	0	0	0	0	0	0	0	0	0	0	12	0	
0	473	-0.4300021	-2.45E-07	474	-0.001525902	5	5	0	0	0	0	0	0	0	0	0	0	0	0	0	0	12	0	
0	474	-0.4300021	-2.45E-07	475	-0.001525902	5	5	0	0	0	0	0	0	0	0	0	0	0	0	0	0	12	0	
0	475	-0.4303088	-2.45E-07	476	-0.001525902	5	5	0	0	0	0	0	0	0	0	0	0	0	0	0	0	12	0	
0	476	-0.4303088	-2.45E-07	477	-0.001525902	5	5	0	0	0	0	0	0	0	0	0	0	0	0	0	0	12	0	
0	477	-0.4303088	-2.45E-07	478	-0.001525902	5	5	0	0	0	0	0	0	0	0	0	0	0	0	0	0	12	0	
0	478	-0.4303088	-2.45E-07	479	-0.001525902	5	5	0	0	0	0	0	0	0	0	0	0	0	0	0	0	12	0	
0	479	-0.4303088	-2.45E-07	480	-0.001525902	5	5	0	0	0	0	0	0	0	0	0	0	0	0	0	0	12	0	
0	480	-0.4303088	-2.45E-07	481	-0.001525902	5	5	0	0	0	0	0	0	0	0	0	0	0	0	0	0	12	0	
0	481	-0.4303088	-2.45E-07	482	-0.001525902	5	5	0	0	0	0	0	0	0	0	0	0	0	0	0	0	12	0	
0	482	-0.4303088	-2.45E-07	483	-0.001525902	5	5	0	0	0	0	0	0	0	0	0	0	0	0	0	0	12	0	
0	483	-0.4306155	-2.45E-07	484	-0.001525902	5	5	0	0	0	0	0	0	0	0	0	0	0	0	0	0	12	0	
0	484	-0.4306155	-2.45E-07	485	-0.001525902	5	5	0	0	0	0	0	0	0	0	0	0	0	0	0	0	12	0	
0	485	-0.4306155	-2.45E-07	486	-0.001525902	5	5	0	0	0	0	0	0	0	0	0	0	0	0	0	0	12	0	
0	486	-0.4306155	-2.45E-07	487	-0.001525902	5	5	0	0	0	0	0	0	0	0	0	0	0	0	0	0	12	0	
0	487	-0.4309222	-2.45E-07	488	-0.001525902	5	5	0	0	0	0	0	0	0	0	0	0	0	0	0	0	12	0	
0	488	-0.4309222	-2.45E-07	489	-0.001525902	5	5	0	0	0	0	0	0	0	0	0	0	0	0	0	0	12	0	
0	489	-0.4309222	-2.45E-07	490	-0.001525902	5	5	0	0	0	0	0	0	0	0	0	0	0	0	0	0	12	0	
0	490	-0.4309222	-2.45E-07	491	-0.001525902	5	5	0	0	0	0	0	0	0	0	0	0	0	0	0	0	12	0	
0	491	-0.4309222	-2.45E-07	492	-0.001525902	5	5	0	0	0	0	0	0	0	0	0	0	0	0	0	0	12	0	
0	492	-0.4309222	-2.45E-07	493	-0.001525902	5	5	0	0	0	0	0	0	0	0	0	0	0	0	0	0	12	0	
0	493	-0.4309222	-2.45E-07	494	-0.001525902	5	5	0	0	0	0	0	0	0	0	0	0	0	0	0	0	12	0	
0	494	-0.4309222	-2.45E-07	495	-0.001525902	5	5	0	0	0	0	0	0	0	0	0	0	0	0	0	0	12	0	
0	495	-0.4312289	-2.45E-07	496	-0.001525902	5	5	0	0	0	0	0	0	0	0	0	0	0	0	0	0	12	0	
0	496	-0.4309222	-2.45E-07	497	-0.001525902	5	5	0	0	0	0	0	0	0	0	0	0	0	0	0	0	12	0	
0	497	-0.4312289	-2.45E-07	498	-0.001525902	5	5	0	0	0	0	0	0	0	0	0	0	0	0	0	0	12	0	
0	498	-0.4312289	-2.45E-07	499	-0.001525902	5	5	0	0	0	0	0	0	0	0	0	0	0	0	0	0	12	0	
0	499	-0.4312289	-2.45E-07	500	-0.001525902	5	5	0	0	0	0	0	0	0	0	0	0	0	0	0	0	12	0	
0	500	-0.4312289	-2.45E-07	501	-0.001525902	5	5	0	0	0	0	0	0	0	0	0	0	0	0	0	0	12	0	
0	501	-0.4312289	-2.45E-07	502	-0.001525902	5	5	0	0	0	0	0	0	0	0	0	0	0	0	0	0	12	0	
0	502	-0.4315356	-2.45E-07	503	-0.001525902	5	5	0	0	0	0	0	0	0	0	0	0	0	0	0	0	12	0	
0	503	-0.4315356	-2.45E-07	504	-0.001525902	5	5	0	0	0	0	0	0	0	0	0	0	0	0	0	0	12	0	
0	504	-0.4315356	-2.45E-07	505	-0.001525902	5	5	0	0	0	0	0	0	0	0	0	0	0	0	0	0	12	0	
0	505	-0.4315356	-2.45E-07	506	-0.001525902	5	5	0	0	0	0	0	0	0	0	0	0	0	0	0	0	12	0	
0	506	-0.4315356	-2.45E-07	507	-0.001525902	5	5	0	0	0	0	0	0	0	0	0	0	0	0	0	0	12	0	
0	507	-0.4318424	-2.45E-07	508	-0.001525902	5	5	0	0	0	0	0	0	0	0	0	0	0	0	0	0	12	0	
0	508	-0.4318424	-2.45E-07	509	-0.001525902	5	5	0	0	0	0	0	0	0	0	0	0	0	0	0	0	12	0	
0	509	-0.4318424	-2.45E-07	510	-0.001525902	5	5	0	0	0	0	0	0	0	0	0	0	0	0	0	0	12	0	
0	510	-0.4318424	-2.45E-07	511	-0.001525902	5	5	0	0	0	0	0	0	0	0	0	0	0	0	0	0	12	0	
0	511	-0.4318424	-2.45E-07	512	-0.001525902	5	5	0	0	0	0	0	0	0	0	0	0	0	0	0	0	12	0	
0	512	-0.4318424	-2.45E-07	513	-0.001525902	5	5	0	0	0	0	0	0	0	0	0	0	0	0	0	0	12	0	
0	513	-0.4318424	-2.45E-07	514	-0.001525902	5	5	0	0	0	0	0	0	0	0	0	0	0	0	0	0	12	0	
0	514	-0.4321491	-2.45E-07	515	-0.001525902	5	5	0	0	0	0	0	0	0	0	0	0	0	0	0	0	12	0	
0	515	-0.4321491	-2.45E-07	516	-0.001525902	5	5	0	0	0	0	0	0	0	0	0	0	0	0	0	0	12	0	
0	516	-0.4321491	-2.45E-07	517	-0.001525902	5	5	0	0	0	0	0	0	0	0	0	0	0	0	0	0	12	0	
0	517	-0.4321491	-2.45E-07	518	-0.001525902	5	5	0	0	0	0	0	0	0	0	0	0	0	0	0	0	12	0	
0	518	-0.4321491	-2.45E-07	519	-0.001525902	5	5	0	0	0	0	0	0	0	0	0	0	0	0	0	0	12	0	
0	519	-0.4324558	-2.45E-07	520	-0.001525902	5	5	0	0	0	0	0	0	0	0	0	0	0	0	0	0	12	0	
0	520	-0.4324558	-2.45E-07	521	-0.001525902	5	5	0	0	0	0	0	0	0	0	0	0	0	0	0	0	12	0	
0	521	-0.4324558	-2.45E-07	522	-0.001525902	5	5	0	0	0	0	0	0	0	0	0	0	0	0	0	0	12	0	
0	522	-0.4324558	-2.45E-07	523	-0.001525902	5	5	0	0	0	0	0	0	0	0	0	0	0	0	0	0	12	0	
0	523	-0.4324558	-2.45E-07	524	-0.001525902	5	5	0	0	0	0	0	0	0	0	0	0	0	0	0	0	12	0	
0	524	-0.4327625	-2.45E-07	525	-0.001525902	5	5	0	0	0	0	0	0	0	0	0	0	0	0	0	0	12	0	
0	525	-0.4327625	-2.45E-07	526	-0.001525902	5	5	0	0	0	0	0	0	0	0	0	0	0	0	0	0	12	0	
0	526	-0.4327625	-2.45E-07	527	-0.001525902	5	261	0	0	0	0	0	0	0	0	0	0	0	0	0	0	12	0	
0	527	-0.4327625	-2.45E-07	528	-0.001525902	5	261	0	0	0	0	0	0	0	0	0	0	0	0	0	0	12	0	
0	528	-0.4327625	-2.45E-07	529	-0.001525902	5	5	0	0	0	0	0	0	0	0	0	0	0	0	0	0	12	0	
0	529	-0.4327625	-2.45E-07	530	-0.001525902	5	5	0	0	0	0	0	0	0	0	0	0	0	0	0	0	12	0	
0	530	-0.4330692	-2.45E-07	531	-0.001525902	5	261	0	0	0	0	0	0	0	0	0	0	0	0	0	0	12	0	
0	531	-0.4330692	-2.45E-07	532	-0.001525902	5	261	0	0	0	0	0	0	0	0	0	0	0	0	0	0	12	0	
0	532	-0.4330692	-2.45E-07	533	-0.001525902	5	5	0	0	0	0	0	0	0	0	0	0	0	0	0	0	12	0	
0	533	-0.4330692	-2.45E-07	534	-0.001525902	5	5	0	0	0	0	0	0	0	0	0	0	0	0	0	0	12	0	
0	534	-0.4330692	-2.45E-07	535	-0.001525902	5	5	0	0	0	0	0	0	0	0	0	0	0	0	0	0	12	0	
0	535	-0.4330692	-2.45E-07	536	-0.001525902	5	5	0	0	0	0	0	0	0	0	0	0	0	0	0	0	12	0	
0	536	-0.4333759	-2.45E-07	537	-0.001525902	5	5	0	0	0	0	0	0	0	0	0	0	0	0	0	0	12	0	
0	537	-0.4333759	-2.45E-07	538	-0.001525902	5	5	0	0	0	0	0	0	0	0	0	0	0	0	0	0	12	0	
0	538	-0.4333759	-2.45E-07	539	-0.001525902	5	5	0	0	0	0	0	0	0	0	0	0	0	0	0	0	12	0	
0	539	-0.4333759	-2.45E-07	540	-0.001525902	5	5	0	0	0	0	0	0	0	0	0	0	0	0	0	0	12	0	
0	540	-0.4333759	-2.45E-07	541	-0.001525902	5	5	0	0	0	0	0	0	0	0	0	0	0	0	0	0	12	0	
0	541	-0.4333759	-2.45E-07	542	-0.001525902	5	5	0	0	0	0	0	0	0	0	0	0	0	0	0	0	12	0	
0	542	-0.4333759	-2.45E-07	543	-0.001525902	5	5	0	0	0	0	0	0	0	0	0	0	0	0	0	0	12	0	
0	543	-0.4333759	-2.45E-07	544	-0.001525902	5	5	0	0	0	0	0	0	0	0	0	0	0	0	0	0	12	0	
0	544	-0.4333759	-2.45E-07	545	-0.001525902	5	5	0	0	0	0	0	0	0	0	0	0	0	0	0	0	12	0	
0	545	-0.4336826	-2.45E-07	546	-0.001525902	5	5	0	0	0	0	0	0	0	0	0	0	0	0	0	0	12	0	
0	546	-0.4336826	-2.45E-07	547	-0.001525902	5	5	0	0	0	0	0	0	0	0	0	0	0	0	0	0	12	0	
0	547	-0.4336826	-2.45E-07	548	-0.001525902	5	5	0	0	0	0	0	0	0	0	0	0	0	0	0	0	12	0	
0	548	-0.4339893	-2.45E-07	549	-0.001525902	5	5	0	0	0	0	0	0	0	0	0	0	0	0	0	0	12	0	
0	549	-0.4336826	-2.45E-07	550	-0.001525902	5	5	0	0	0	0	0	0	0	0	0	0	0	0	0	0	12	0	
0	550	-0.4339893	-2.45E-07	551	-0.001525902	5	5	0	0	0	0	0	0	0	0	0	0	0	0	0	0	12	0	
0	551	-0.4339893	-2.45E-07	552	-0.001525902	5	5	0	0	0	0	0	0	0	0	0	0	0	0	0	0	12	0	
0	552	-0.4339893	-2.45E-07	553	-0.001525902	5	5	0	0	0	0	0	0	0	0	0	0	0	0	0	0	12	0	
0	553	-0.4339893	-2.45E-07	554	-0.001525902	5	261	0	0	0	0	0	0	0	0	0	0	0	0	0	0	12	0	
0	554	-0.4339893	-2.45E-07	555	-0.001525902	5	5	0	0	0	0	0	0	0	0	0	0	0	0	0	0	12	0	
0	555	-0.4339893	-2.45E-07	556	-0.001525902	5	261	0	0	0	0	0	0	0	0	0	0	0	0	0	0	12	0	
0	556	-0.434296	-2.45E-07	557	-0.001525902	5	261	0	0	0	0	0	0	0	0	0	0	0	0	0	0	12	0	
0	557	-0.434296	-2.45E-07	558	-0.001525902	5	261	0	0	0	0	0	0	0	0	0	0	0	0	0	0	12	0	
0	558	-0.434296	-2.45E-07	559	-0.001525902	5	5	0	0	0	0	0	0	0	0	0	0	0	0	0	0	12	0	
0	559	-0.434296	-2.45E-07	560	-0.001525902	5	5	0	0	0	0	0	0	0	0	0	0	0	0	0	0	12	0	
0	560	-0.434296	-2.45E-07	561	-0.001525902	5	261	0	0	0	0	0	0	0	0	0	0	0	0	0	0	12	0	
0	561	-0.434296	-2.45E-07	562	-0.001525902	5	5	0	0	0	0	0	0	0	0	0	0	0	0	0	0	12	0	
0	562	-0.434296	-2.45E-07	563	-0.001525902	5	261	0	0	0	0	0	0	0	0	0	0	0	0	0	0	12	0	
0	563	-0.4346027	-2.45E-07	564	-0.001525902	5	261	0	0	0	0	0	0	0	0	0	0	0	0	0	0	12	0	
0	564	-0.4346027	-2.45E-07	565	-0.001525902	5	261	0	0	0	0	0	0	0	0	0	0	0	0	0	0	12	0	
0	565	-0.4346027	-2.45E-07	566	-0.001525902	5	261	0	0	0	0	0	0	0	0	0	0	0	0	0	0	12	0	
0	566	-0.4346027	-2.45E-07	567	-0.001525902	5	5	0	0	0	0	0	0	0	0	0	0	0	0	0	0	12	0	
0	567	-0.4346027	-2.45E-07	568	-0.001525902	5	5	0	0	0	0	0	0	0	0	0	0	0	0	0	0	12	0	
0	568	-0.4346027	-2.45E-07	569	-0.001525902	5	5	0	0	0	0	0	0	0	0	0	0	0	0	0	0	12	0	
0	569	-0.4349094	-2.45E-07	570	-0.001525902	5	261	0	0	0	0	0	0	0	0	0	0	0	0	0	0	12	0	
0	570	-0.4349094	-2.45E-07	571	-0.001525902	5	261	0	0	0	0	0	0	0	0	0	0	0	0	0	0	12	0	
0	571	-0.4349094	-2.45E-07	572	-0.001525902	5	5	0	0	0	0	0	0	0	0	0	0	0	0	0	0	12	0	
0	572	-0.4349094	-2.45E-07	573	-0.001525902	5	5	0	0	0	0	0	0	0	0	0	0	0	0	0	0	12	0	
0	573	-0.4349094	-2.45E-07	574	-0.001525902	5	5	0	0	0	0	0	0	0	0	0	0	0	0	0	0	12	0	
0	574	-0.4349094	-2.45E-07	575	-0.001525902	5	5	0	0	0	0	0	0	0	0	0	0	0	0	0	0	12	0	
0	575	-0.4349094	-2.45E-07	576	-0.001525902	5	5	0	0	0	0	0	0	0	0	0	0	0	0	0	0	12	0	
0	576	-0.4352161	-2.45E-07	577	-0.001525902	5	261	0	0	0	0	0	0	0	0	0	0	0	0	0	0	12	0	
0	577	-0.4352161	-2.45E-07	578	-0.001525902	5	5	0	0	0	0	0	0	0	0	0	0	0	0	0	0	12	0	
0	578	-0.4352161	-2.45E-07	579	-0.001525902	5	5	0	0	0	0	0	0	0	0	0	0	0	0	0	0	12	0	
0	579	-0.4352161	-2.45E-07	580	-0.001525902	5	5	0	0	0	0	0	0	0	0	0	0	0	0	0	0	12	0	
0	580	-0.4352161	-2.45E-07	581	-0.001525902	5	5	0	0	0	0	0	0	0	0	0	0	0	0	0	0	12	0	
0	581	-0.4352161	-2.45E-07	582	-0.001525902	5	5	0	0	0	0	0	0	0	0	0	0	0	0	0	0	12	0	
0	582	-0.4355228	-2.45E-07	583	-0.001525902	5	5	0	0	0	0	0	0	0	0	0	0	0	0	0	0	12	0	
0	583	-0.4355228	-2.45E-07	584	-0.001525902	5	5	0	0	0	0	0	0	0	0	0	0	0	0	0	0	12	0	
0	584	-0.4355228	-2.45E-07	585	-0.001525902	5	5	0	0	0	0	0	0	0	0	0	0	0	0	0	0	12	0	
0	585	-0.4355228	-2.45E-07	586	-0.001525902	5	5	0	0	0	0	0	0	0	0	0	0	0	0	0	0	12	0	
0	586	-0.4355228	-2.45E-07	587	-0.001525902	5	5	0	0	0	0	0	0	0	0	0	0	0	0	0	0	12	0	
0	587	-0.4355228	-2.45E-07	588	-0.001525902	5	5	0	0	0	0	0	0	0	0	0	0	0	0	0	0	12	0	
0	588	-0.4355228	-2.45E-07	589	-0.001525902	5	5	0	0	0	0	0	0	0	0	0	0	0	0	0	0	12	0	
0	589	-0.4358295	-2.45E-07	590	-0.001525902	5	5	0	0	0	0	0	0	0	0	0	0	0	0	0	0	12	0	
0	590	-0.4358295	-2.45E-07	591	-0.001525902	5	5	0	0	0	0	0	0	0	0	0	0	0	0	0	0	12	0	
0	591	-0.4358295	-2.45E-07	592	-0.001525902	5	5	0	0	0	0	0	0	0	0	0	0	0	0	0	0	12	0	
0	592	-0.4358295	-2.45E-07	593	-0.001525902	5	5	0	0	0	0	0	0	0	0	0	0	0	0	0	0	12	0	
0	593	-0.4358295	-2.45E-07	594	-0.001525902	5	5	0	0	0	0	0	0	0	0	0	0	0	0	0	0	12	0	
0	594	-0.4358295	-2.45E-07	595	-0.001525902	5	5	0	0	0	0	0	0	0	0	0	0	0	0	0	0	12	0	
0	595	-0.4358295	-2.45E-07	596	-0.001525902	5	5	0	0	0	0	0	0	0	0	0	0	0	0	0	0	12	0	
0	596	-0.4361362	-2.45E-07	597	-0.001525902	5	5	0	0	0	0	0	0	0	0	0	0	0	0	0	0	12	0	
0	597	-0.4361362	-2.45E-07	598	-0.001525902	5	261	0	0	0	0	0	0	0	0	0	0	0	0	0	0	12	0	
0	598	-0.4361362	-2.45E-07	599	-0.001525902	5	5	0	0	0	0	0	0	0	0	0	0	0	0	0	0	12	0	
0	599	-0.4361362	-2.45E-07	600	-0.001525902	5	5	0	0	0	0	0	0	0	0	0	0	0	0	0	0	12	0	
																								
1	600	-0.4361365	6.57E-09	601.999	-0.001525902	5	101	0	100000	-0.00215344	0.009041347	1.98E-06	0.000189186	47.66605	11.88269	0	0	0	0	0	0	21	0.01	
1	601	-0.4361365	6.57E-09	602.346	-0.001525902	5	101	0	79432.82	-0.009577028	0.004411429	-0.000180396	0.000128443	46.78352	8.856018	0	0	0	0	0	0	21	0.01	
1	602	-0.4361365	6.57E-09	602.836	-0.001525902	5	101	0	63095.73	0.01028171	-0.002665379	0.000208855	-8.79E-05	46.42326	6.790339	0	0	0	0	0	0	21	0.01	
1	603	-0.4361365	6.57E-09	603.237	-0.001831083	5	101	0	50118.72	-0.01033966	0.002865209	-0.000214872	8.54E-05	46.13031	5.004928	0	0	0	0	0	0	21	0.01	
1	604	-0.4361365	6.57E-09	603.634	-0.001525902	5	101	0	39810.72	0.001184737	-0.01089295	6.48E-06	-0.000237506	45.96574	3.734118	0	0	0	0	0	0	21	0.01	
1	605	-0.4361365	6.57E-09	604.073	-0.001525902	5	101	0	31622.78	-0.01055825	0.000456736	-0.000228277	2.32E-05	45.98093	2.669308	0	0	0	0	0	0	21	0.01	
1	606	-0.4361365	6.57E-09	604.377	-0.001831083	5	101	0	25118.87	-0.002769959	0.01050704	-5.22E-05	0.000230596	45.93129	1.620154	0	0	0	0	0	0	21	0.01	
1	607	-0.4361365	6.57E-09	604.728	-0.001525902	5	101	0	19952.62	-0.008929007	-0.005698195	-0.000196896	-0.000119708	45.95659	0.9996297	0	0	0	0	0	0	21	0.01	
1	608	-0.4361365	6.57E-09	605.01	-0.001831083	5	101	0	15848.93	-0.006608815	-0.008485567	-0.000144981	-0.000182544	46.13664	0.4388164	0	0	0	0	0	0	21	0.01	
1	609	-0.4361365	6.57E-09	605.285	-0.001525902	5	101	0	12589.25	0.01018357	-0.003627128	0.000221394	-7.72E-05	46.1014	-0.2978584	0	0	0	0	0	0	21	0.01	
1	610	-0.4361365	6.57E-09	605.554	-0.001525902	5	101	0	10000	0.009437205	-0.005438545	0.000205603	-0.000114037	46.3214	-0.7596699	0	0	0	0	0	0	21	0.01	
1	611	-0.4361365	6.57E-09	605.819	-0.001220722	5	101	0	7943.282	-0.005635922	-0.009323218	-0.000115406	-0.000204726	46.33459	-1.409775	0	0	0	0	0	0	21	0.01	
1	612	-0.4361365	6.57E-09	606.103	-0.001831083	5	101	0	6309.573	0.004171751	0.01014291	7.93E-05	0.000220658	46.72795	-2.11895	0	0	0	0	0	0	21	0.01	
1	613	-0.4361365	6.57E-09	606.373	-0.001831083	5	101	0	5011.873	-0.006781248	-0.00860501	-0.000132605	-0.000191919	46.87316	-2.9473	0	0	0	0	0	0	21	0.01	
1	614	-0.4361365	6.57E-09	606.639	-0.001525902	5	101	0	3981.072	-0.01096174	-0.001223957	-0.000227995	-4.27E-05	47.41997	-3.516538	0	0	0	0	0	0	21	0.01	
1	615	-0.4361365	6.57E-09	606.983	-0.001831083	5	101	0	3162.278	-0.006112432	-0.008505141	-0.000111724	-0.000188973	47.52032	-4.250742	0	0	0	0	0	0	21	0.01	
1	616	-0.4361365	6.57E-09	607.256	-0.001525902	5	101	0	2511.886	0.009801344	0.003678879	0.000194216	9.72E-05	47.9425	-5.044179	0	0	0	0	0	0	21	0.01	
1	617	-0.4361365	6.57E-09	607.52	-0.001831083	5	101	0	1995.262	0.00898469	0.00538659	0.000168911	0.000132492	48.41693	-6.087614	0	0	0	0	0	0	21	0.01	
1	618	-0.4361365	6.57E-09	607.797	-0.001525902	5	101	0	1584.893	0.006956805	-0.007834529	0.000161974	-0.000135851	49.02881	-7.247566	0	0	0	0	0	0	21	0.01	
1	619	-0.4361365	6.57E-09	608.08	-0.001831083	5	101	0	1258.925	-0.01042759	0.001060957	-0.000207176	-1.46E-05	49.72199	-8.634625	0	0	0	0	0	0	21	0.01	
1	620	-0.4361365	6.57E-09	608.372	-0.001831083	5	101	0	1000	-0.005466838	0.008355075	-0.000135906	0.000138353	50.4872	-10.08065	0	0	0	0	0	0	21	0.01	
1	621	-0.4361365	6.57E-09	608.674	-0.001525902	5	101	0	794.3282	-0.002954684	0.009533294	-9.53E-05	0.000163628	51.35454	-11.85777	0	0	0	0	0	0	21	0.01	
1	622	-0.4361365	6.57E-09	608.952	-0.001831083	5	101	0	630.9573	0.009711829	0.002273474	0.000162211	8.68E-05	52.38442	-13.99971	0	0	0	0	0	0	21	0.01	
1	623	-0.4361365	6.57E-09	609.281	-0.001525902	5	101	0	501.1872	0.00754371	0.006546343	9.46E-05	0.000151081	53.58395	-16.37261	0	0	0	0	0	0	21	0.01	
1	624	-0.4361365	6.57E-09	609.579	-0.001525902	5	101	0	398.1072	0.006918792	0.007225192	7.10E-05	0.000156194	55.02283	-19.27197	0	0	0	0	0	0	21	0.01	
1	625	-0.4361365	6.57E-09	609.861	-0.001525902	5	101	0	316.2278	0.001428317	-0.009916272	8.28E-05	-0.000141223	56.67866	-23.10194	0	0	0	0	0	0	21	0.01	
1	626	-0.4361365	6.57E-09	610.238	-0.001525902	5	101	0	251.1886	-0.009993574	0.000486593	-0.000144633	-5.79E-05	58.37715	-26.75325	0	0	0	0	0	0	21	0.01	
1	627	-0.4361365	6.57E-09	610.537	-0.001831083	5	165	0	199.5262	-0.009954221	-0.000201837	-0.000127205	-7.01E-05	60.7128	-31.84979	0	0	0	0	0	0	21	0.01	
1	628	-0.4361365	6.57E-09	610.846	-0.001831083	5	165	0	158.4893	-0.009422659	-0.003322428	-8.59E-05	-0.000104428	63.24673	-38.22266	0	0	0	0	0	0	21	0.01	
1	629	-0.4361365	6.57E-09	611.237	-0.001525902	5	165	0	125.8925	-0.005093711	0.008578019	-0.000113071	5.35E-05	66.13667	-44.57565	0	0	0	0	0	0	21	0.01	
1	630	-0.4361365	6.57E-09	611.589	-0.001831083	5	165	0	100	0.003915044	-0.0091601	9.89E-05	-5.56E-05	69.6621	-53.44294	0	0	0	0	0	0	21	0.01	
1	631	-0.4361365	6.57E-09	612.014	-0.001831083	5	165	0	79.43282	-0.006087939	-0.007961807	5.29E-06	-0.000102016	74.7511	-63.55067	0	0	0	0	0	0	21	0.01	
1	632	-0.4361365	6.57E-09	612.369	-0.001831083	5	165	0	63.09573	-0.00525885	-0.008506109	1.80E-05	-9.06E-05	79.26082	-73.80184	0	0	0	0	0	0	21	0.01	
1	633	-0.4361365	6.57E-09	612.754	-0.001525902	5	165	0	50.11872	0.009972475	-0.000989122	6.21E-05	5.07E-05	88.50276	-88.18201	0	0	0	0	0	0	21	0.01	
1	634	-0.4361365	6.57E-09	613.176	-0.001831083	5	165	0	39.81072	0.006569705	-0.007522108	7.07E-05	-7.82E-07	94.08228	-105.3461	0	0	0	0	0	0	21	0.01	
1	635	-0.4361365	6.57E-09	613.531	-0.001220722	5	165	0	31.62278	0.005582858	-0.008251509	6.18E-05	-7.19E-06	104.4939	-121.3897	0	0	0	0	0	0	21	0.01	
1	636	-0.4361365	6.57E-09	613.915	-0.001525902	5	165	0	25.11886	-0.008031212	0.005907159	-5.18E-05	-1.38E-05	116.4818	-145.0121	0	0	0	0	0	0	21	0.01	
1	637	-0.4361365	6.57E-09	614.339	-0.001525902	5	165	0	19.95262	0.005108649	-0.008589162	4.54E-05	-5.47E-06	133.3073	-173.0387	0	0	0	0	0	0	21	0.01	
1	638	-0.4361365	6.57E-09	614.807	-0.001831083	5	165	0	15.84893	-0.00603464	0.007985543	-4.01E-05	-1.86E-07	149.5017	-199.755	0	0	0	0	0	0	21	0.01	
1	639	-0.4361365	6.57E-09	615.332	-0.001525902	5	165	0	12.58925	0.005697642	0.008190925	-1.12E-05	3.27E-05	170.9964	-232.2553	0	0	0	0	0	0	21	0.01	
1	640	-0.4361365	6.57E-09	615.933	-0.001831083	5	229	0	10	-0.008030329	0.005945911	-2.82E-05	-8.99E-06	197.6432	-274.1384	0	0	0	0	0	0	21	0.01	
1	641	-0.4361365	6.57E-09	616.621	-0.001831083	5	229	0	7.943282	0.006181465	0.007847044	-7.11E-06	2.48E-05	226.17	-313.4431	0	0	0	0	0	0	21	0.01	
1	642	-0.4361365	6.57E-09	617.434	-0.001831083	5	229	0	6.309574	-0.009811089	-0.001890811	-9.37E-06	-2.03E-05	260.7719	-363.0055	0	0	0	0	0	0	21	0.01	
1	643	-0.4361365	6.57E-09	619.726	-0.001831083	6	102	0	5.011872	0.001764166	0.009834155	-1.35E-05	1.39E-05	301.7886	-419.4881	0	0	0	0	0	0	21	0.01	
1	644	-0.4361365	6.57E-09	620.866	-0.001831083	6	102	0	3.981072	0.00849749	0.005253723	1.23E-06	1.67E-05	350.4794	-483.3161	0	0	0	0	0	0	21	0.01	
1	645	-0.4361365	6.57E-09	622.246	-0.001831083	6	166	0	3.162278	0.002093659	-0.009768453	1.31E-05	-5.87E-06	410.0563	-560.877	0	0	0	0	0	0	21	0.01	
1	646	-0.4361365	6.57E-09	623.921	-0.001831083	6	166	0	2.511886	-0.005253994	0.008497071	-1.25E-05	1.06E-06	474.5509	-639.743	0	0	0	0	0	0	21	0.01	
1	647	-0.4361365	6.57E-09	625.964	-0.001831083	6	166	0	1.995262	0.001600654	-0.009862459	9.62E-06	-5.09E-06	555.164	-732.1802	0	0	0	0	0	0	21	0.01	
1	648	-0.4361365	6.57E-09	628.477	-0.001831083	6	166	0	1.584893	0.007081836	0.007050243	-1.15E-06	9.36E-06	650.6972	-836.7556	0	0	0	0	0	0	21	0.01	
1	649	-0.4361365	6.57E-09	631.579	-0.001831083	6	166	0	1.258925	-0.008207025	0.005699709	-7.83E-06	-2.31E-06	766.5527	-954.9199	0	0	0	0	0	0	21	0.01	
1	650	-0.4361365	6.57E-09	635.492	-0.001525902	6	166	0	1	-0.002429432	-0.009692114	4.20E-06	-5.78E-06	898.3637	-1072.714	0	0	0	0	0	0	21	0.01	
1	651	-0.4361365	6.57E-09	640.325	-0.001831083	6	166	0	0.7943282	0.009655905	-0.002564686	5.17E-06	3.43E-06	1067.284	-1205.028	0	0	0	0	0	0	21	0.01	
1	652	-0.4361365	6.57E-09	646.323	-0.001831083	6	166	0	0.6309574	0.005518224	0.008326839	-1.22E-06	5.28E-06	1269.833	-1338.552	0	0	0	0	0	0	21	0.01	
1	653	-0.4361365	6.57E-09	653.785	-0.001831083	6	166	0	0.5011872	-0.003901885	0.009194161	-4.39E-06	1.84E-06	1502.05	-1465.521	0	0	0	0	0	0	21	0.01	
1	654	-0.4361365	6.57E-09	663.09	-0.001831083	6	166	0	0.3981072	-0.009303867	0.003644444	-3.95E-06	-1.45E-06	1776.192	-1576.161	0	0	0	0	0	0	21	0.01	
1	655	-0.4361365	6.57E-09	674.719	-0.001525902	6	166	0	0.3162278	-0.009664098	-0.002544888	-2.25E-06	-3.01E-06	2083.703	-1656.818	0	0	0	0	0	0	21	0.01	
1	656	-0.4361365	6.57E-09	689.265	-0.001831083	6	166	0	0.2511886	-0.007209087	-0.006917655	-6.54E-07	-3.33E-06	2413.604	-1693.023	0	0	0	0	0	0	21	0.01	
1	657	-0.4361365	6.57E-09	707.492	-0.001831083	6	166	0	0.1995262	-0.003904136	-0.009197488	4.53E-07	-3.07E-06	2751.032	-1679.607	0	0	0	0	0	0	21	0.01	
1	658	-0.4361365	6.57E-09	730.349	-0.001831083	6	230	0	0.1584893	-0.000722534	-0.00996746	1.06E-06	-2.43E-06	3338.417	-1747.29	0	0	0	0	0	0	21	0.01	
1	659	-0.4361365	6.57E-09	759.033	-0.001831083	6	230	0	0.1258925	0.001876014	-0.009815815	1.42E-06	-2.04E-06	3673.581	-1627.765	0	0	0	0	0	0	21	0.01	
1	660	-0.4361365	6.57E-09	795.455	-0.001525902	6	230	0	0.1	0.005673919	-0.00822552	1.95E-06	-1.37E-06	3928.494	-1463.62	0	0	0	0	0	0	21	0.01	
1	661	-0.4361365	6.57E-09	841.113	-0.001525902	6	230	0	0.07943282	0.008109376	-0.005837823	2.11E-06	-7.05E-07	4283.357	-1333.543	0	0	0	0	0	0	21	0.01	
1	662	-0.4361365	6.57E-09	898.406	-0.001525902	6	230	0	0.06309573	0.009390477	-0.003414188	2.06E-06	-1.98E-07	4678.696	-1208.303	0	0	0	0	0	0	21	0.01	
1	663	-0.4361365	6.57E-09	970.338	-0.001831083	6	230	0	0.05011872	0.009912846	-0.001262748	1.88E-06	1.57E-07	5171.225	-1100.113	0	0	0	0	0	0	21	0.01	
1	664	-0.4361365	6.57E-09	1060.696	-0.001831083	6	230	0	0.03981072	0.009979528	0.000528501	1.63E-06	3.73E-07	5882.574	-1019.809	0	0	0	0	0	0	21	0.01	
1	665	-0.4361365	6.57E-09	1174.261	-0.001831083	6	230	0	0.03162277	0.009792351	0.001982004	1.33E-06	4.61E-07	7052.94	-959.1945	0	0	0	0	0	0	21	0.01	
1	666	-0.4361365	6.57E-09	1317.039	-0.001831083	6	230	0	0.02511887	0.009482559	0.003145729	9.43E-07	4.21E-07	9624.997	-965.037	0	0	0	0	0	0	21	0.01	
1	667	-0.4361365	6.57E-09	1496.6	-0.001525902	6	230	0	0.01995262	0.009123057	0.004071658	5.62E-07	3.07E-07	15542.73	-1257.485	0	0	0	0	0	0	21	0.01	
1	668	-0.4361365	6.57E-09	1722.457	-0.001831083	6	230	0	0.01584893	0.008753858	0.004817895	2.34E-07	1.52E-07	35704.45	-2534.643	0	0	0	0	0	0	21	0.01	
1	669	-0.4361365	6.57E-09	2006.605	-0.001525902	6	230	0	0.01258925	0.008397815	0.005412193	1.70E-08	1.34E-08	458249.3	-44079.69	0	0	0	0	0	0	21	0.01	
1	670	-0.4361365	6.57E-09	2364.631	-0.001831083	6	230	0	0.01	0.007954709	0.006039629	0	0	NaN	NaN	0	0	0	0	NaN	NaN	21	0.01	
																								
2	671	-1.322518	-0.000200991	2365.631	-0.001525902	6	518	-1.436136	0	0	0	0	0	0	0	0	0	0	0	0	0	54	0	
2	672	-1.433239	-0.002009908	2366.631	-0.001525902	5	5	-1.435637	0	0	0	0	0	0	0	0	0	0	0	0	0	54	0	
2	673	-1.432932	-0.002053706	2367.631	-0.001525902	4	4	-1.435136	0	0	0	0	0	0	0	0	0	0	0	0	0	54	0	
2	674	-1.432318	-0.001981324	2368.631	-0.001525902	4	4	-1.434636	0	0	0	0	0	0	0	0	0	0	0	0	0	54	0	
2	675	-1.431705	-0.001931024	2369.631	-0.001525902	4	4	-1.434137	0	0	0	0	0	0	0	0	0	0	0	0	0	54	0	
2	676	-1.431398	-0.001893606	2370.631	-0.001525902	4	4	-1.433636	0	0	0	0	0	0	0	0	0	0	0	0	0	54	0	
2	677	-1.430785	-0.001863549	2371.631	-0.001525902	4	4	-1.433136	0	0	0	0	0	0	0	0	0	0	0	0	0	54	0	
2	678	-1.430478	-0.001837785	2372.631	-0.001525902	4	4	-1.432636	0	0	0	0	0	0	0	0	0	0	0	0	0	54	0	
2	679	-1.429865	-0.001816316	2373.631	-0.001525902	4	4	-1.432137	0	0	0	0	0	0	0	0	0	0	0	0	0	54	0	
2	680	-1.429251	-0.001797913	2374.631	-0.001525902	4	4	-1.431636	0	0	0	0	0	0	0	0	0	0	0	0	0	54	0	
2	681	-1.428638	-0.001781351	2375.631	-0.001525902	4	4	-1.431136	0	0	0	0	0	0	0	0	0	0	0	0	0	54	0	
2	682	-1.428331	-0.001765402	2376.631	-0.001525902	4	4	-1.430637	0	0	0	0	0	0	0	0	0	0	0	0	0	54	0	
2	683	-1.428025	-0.001751294	2377.631	-0.001525902	4	4	-1.430136	0	0	0	0	0	0	0	0	0	0	0	0	0	54	0	
2	684	-1.427411	-0.001738412	2378.631	-0.001525902	4	4	-1.429636	0	0	0	0	0	0	0	0	0	0	0	0	0	54	0	
2	685	-1.426798	-0.001726144	2379.631	-0.001525902	4	4	-1.429137	0	0	0	0	0	0	0	0	0	0	0	0	0	54	0	
2	686	-1.426491	-0.001715103	2380.631	-0.001525902	4	4	-1.428636	0	0	0	0	0	0	0	0	0	0	0	0	0	54	0	
2	687	-1.425878	-0.001705288	2381.631	-0.001525902	4	4	-1.428136	0	0	0	0	0	0	0	0	0	0	0	0	0	54	0	
2	688	-1.425264	-0.00169486	2382.631	-0.001525902	4	4	-1.427637	0	0	0	0	0	0	0	0	0	0	0	0	0	54	0	
2	689	-1.424958	-0.001683819	2383.631	-0.001525902	4	4	-1.427137	0	0	0	0	0	0	0	0	0	0	0	0	0	54	0	
2	690	-1.424344	-0.001673391	2384.631	-0.001525902	4	4	-1.426636	0	0	0	0	0	0	0	0	0	0	0	0	0	54	0	
2	691	-1.424037	-0.001664803	2385.631	-0.001525902	4	4	-1.426136	0	0	0	0	0	0	0	0	0	0	0	0	0	54	0	
2	692	-1.423424	-0.001656828	2386.631	-0.001525902	4	4	-1.425637	0	0	0	0	0	0	0	0	0	0	0	0	0	54	0	
2	693	-1.422811	-0.001647627	2387.631	-0.001525902	4	4	-1.425136	0	0	0	0	0	0	0	0	0	0	0	0	0	54	0	
2	694	-1.422504	-0.001639039	2388.631	-0.001525902	4	4	-1.424636	0	0	0	0	0	0	0	0	0	0	0	0	0	54	0	
2	695	-1.42189	-0.001629838	2389.631	-0.001525902	4	4	-1.424137	0	0	0	0	0	0	0	0	0	0	0	0	0	54	0	
2	696	-1.421277	-0.001621251	2390.631	-0.001525902	4	4	-1.423636	0	0	0	0	0	0	0	0	0	0	0	0	0	54	0	
2	697	-1.42097	-0.001612049	2391.631	-0.001525902	4	4	-1.423136	0	0	0	0	0	0	0	0	0	0	0	0	0	54	0	
2	698	-1.420357	-0.001602848	2392.631	-0.001525902	4	4	-1.422637	0	0	0	0	0	0	0	0	0	0	0	0	0	54	0	
2	699	-1.42005	-0.001594874	2393.631	-0.001525902	4	4	-1.422136	0	0	0	0	0	0	0	0	0	0	0	0	0	54	0	
2	700	-1.419437	-0.001585673	2394.631	-0.001525902	4	4	-1.421636	0	0	0	0	0	0	0	0	0	0	0	0	0	54	0	
2	701	-1.418823	-0.001577085	2395.631	-0.001525902	4	4	-1.421136	0	0	0	0	0	0	0	0	0	0	0	0	0	54	0	
2	702	-1.41821	-0.001570337	2396.631	-0.001525902	4	4	-1.420637	0	0	0	0	0	0	0	0	0	0	0	0	0	54	0	
2	703	-1.417903	-0.00156359	2397.631	-0.001525902	4	4	-1.420136	0	0	0	0	0	0	0	0	0	0	0	0	0	54	0	
2	704	-1.41729	-0.001558069	2398.631	-0.001525902	4	4	-1.419636	0	0	0	0	0	0	0	0	0	0	0	0	0	54	0	
2	705	-1.416983	-0.001550708	2399.631	-0.001525902	4	4	-1.419137	0	0	0	0	0	0	0	0	0	0	0	0	0	54	0	
2	706	-1.41637	-0.001544574	2400.631	-0.001525902	4	4	-1.418636	0	0	0	0	0	0	0	0	0	0	0	0	0	54	0	
2	707	-1.416063	-0.00153844	2401.631	-0.001525902	4	4	-1.42009	0	0	0	0	0	0	0	0	0	0	0	0	0	54	0	
2	708	-1.41545	-0.001531079	2402.631	-0.001525902	4	4	-1.417637	0	0	0	0	0	0	0	0	0	0	0	0	0	54	0	
2	709	-1.415143	-0.001524945	2403.631	-0.001525902	4	4	-1.417136	0	0	0	0	0	0	0	0	0	0	0	0	0	54	0	
2	710	-1.414529	-0.001518811	2404.631	-0.001525902	4	4	-1.416636	0	0	0	0	0	0	0	0	0	0	0	0	0	54	0	
2	711	-1.413916	-0.001510836	2405.631	-0.001525902	4	4	-1.416137	0	0	0	0	0	0	0	0	0	0	0	0	0	54	0	
2	712	-1.413303	-0.001504702	2406.631	-0.001525902	4	4	-1.415637	0	0	0	0	0	0	0	0	0	0	0	0	0	54	0	
2	713	-1.412996	-0.001497955	2407.631	-0.001525902	4	4	-1.415136	0	0	0	0	0	0	0	0	0	0	0	0	0	54	0	
2	714	-1.412382	-0.00149182	2408.631	-0.001525902	4	4	-1.414636	0	0	0	0	0	0	0	0	0	0	0	0	0	54	0	
2	715	-1.411769	-0.001483233	2409.631	-0.001525902	4	4	-1.414137	0	0	0	0	0	0	0	0	0	0	0	0	0	54	0	
2	716	-1.411462	-0.001475258	2410.631	-0.001525902	4	4	-1.413636	0	0	0	0	0	0	0	0	0	0	0	0	0	54	0	
2	717	-1.410849	-0.001469124	2411.631	-0.001525902	4	4	-1.413136	0	0	0	0	0	0	0	0	0	0	0	0	0	54	0	
2	718	-1.410236	-0.001463603	2412.631	-0.001525902	4	4	-1.412637	0	0	0	0	0	0	0	0	0	0	0	0	0	54	0	
2	719	-1.409929	-0.001455629	2413.631	-0.001525902	4	4	-1.412136	0	0	0	0	0	0	0	0	0	0	0	0	0	54	0	
2	720	-1.409315	-0.001450108	2414.631	-0.001525902	4	4	-1.411636	0	0	0	0	0	0	0	0	0	0	0	0	0	54	0	
2	721	-1.409009	-0.001444588	2415.631	-0.001525902	4	4	-1.411137	0	0	0	0	0	0	0	0	0	0	0	0	0	54	0	
2	722	-1.408395	-0.001438454	2416.631	-0.001525902	4	4	-1.410636	0	0	0	0	0	0	0	0	0	0	0	0	0	54	0	
2	723	-1.408089	-0.001434773	2417.631	-0.001525902	4	4	-1.410136	0	0	0	0	0	0	0	0	0	0	0	0	0	54	0	
2	724	-1.407475	-0.001429866	2418.631	-0.001525902	4	4	-1.409636	0	0	0	0	0	0	0	0	0	0	0	0	0	54	0	
2	725	-1.406862	-0.001424345	2419.631	-0.001525902	4	4	-1.409137	0	0	0	0	0	0	0	0	0	0	0	0	0	54	0	
2	726	-1.406555	-0.001435386	2420.631	-0.001525902	4	4	-1.408636	0	0	0	0	0	0	0	0	0	0	0	0	0	54	0	
2	727	-1.405942	-0.001428639	2421.631	-0.001525902	4	4	-1.408136	0	0	0	0	0	0	0	0	0	0	0	0	0	54	0	
2	728	-1.405328	-0.001421891	2422.631	-0.001525902	4	4	-1.407637	0	0	0	0	0	0	0	0	0	0	0	0	0	54	0	
2	729	-1.405022	-0.001413917	2423.631	-0.001525902	4	4	-1.407136	0	0	0	0	0	0	0	0	0	0	0	0	0	54	0	
2	730	-1.404408	-0.00140717	2424.631	-0.001525902	4	4	-1.406636	0	0	0	0	0	0	0	0	0	0	0	0	0	54	0	
2	731	-1.403795	-0.001401035	2425.631	-0.001525902	4	4	-1.406137	0	0	0	0	0	0	0	0	0	0	0	0	0	54	0	
2	732	-1.403488	-0.001389625	2426.631	-0.001525902	5	5	-1.405636	0	0	0	0	0	0	0	0	0	0	0	0	0	54	0	
2	733	-1.402875	-0.001381283	2427.631	-0.001525902	5	5	-1.405136	0	0	0	0	0	0	0	0	0	0	0	0	0	54	0	
2	734	-1.402568	-0.001375823	2428.631	-0.001525902	5	5	-1.404637	0	0	0	0	0	0	0	0	0	0	0	0	0	54	0	
2	735	-1.401955	-0.001369137	2429.631	-0.001525902	5	5	-1.404137	0	0	0	0	0	0	0	0	0	0	0	0	0	54	0	
2	736	-1.401648	-0.001361837	2430.631	-0.001525902	5	5	-1.403636	0	0	0	0	0	0	0	0	0	0	0	0	0	54	0	
2	737	-1.401034	-0.001354476	2431.631	-0.001525902	5	5	-1.403136	0	0	0	0	0	0	0	0	0	0	0	0	0	54	0	
2	738	-1.400421	-0.001345337	2432.631	-0.001525902	5	5	-1.402637	0	0	0	0	0	0	0	0	0	0	0	0	0	54	0	
2	739	-1.400114	-0.00133724	2433.631	-0.001525902	5	5	-1.402136	0	0	0	0	0	0	0	0	0	0	0	0	0	54	0	
2	740	-1.399501	-0.00133313	2434.631	-0.001525902	5	5	-1.401636	0	0	0	0	0	0	0	0	0	0	0	0	0	54	0	
2	741	-1.398887	-0.0013281	2435.631	-0.001525902	5	5	-1.401137	0	0	0	0	0	0	0	0	0	0	0	0	0	54	0	
2	742	-1.398581	-0.001320248	2436.631	-0.001525902	5	5	-1.400636	0	0	0	0	0	0	0	0	0	0	0	0	0	54	0	
2	743	-1.397967	-0.001315402	2437.631	-0.001525902	5	5	-1.400136	0	0	0	0	0	0	0	0	0	0	0	0	0	54	0	
2	744	-1.397354	-0.001307612	2438.631	-0.001525902	5	5	-1.399637	0	0	0	0	0	0	0	0	0	0	0	0	0	54	0	
2	745	-1.397047	-0.001303625	2439.631	-0.001525902	5	5	-1.399136	0	0	0	0	0	0	0	0	0	0	0	0	0	54	0	
2	746	-1.396434	-0.001298411	2440.631	-0.001525902	5	5	-1.398636	0	0	0	0	0	0	0	0	0	0	0	0	0	54	0	
2	747	-1.396127	-0.001291908	2441.631	-0.001525902	5	5	-1.398136	0	0	0	0	0	0	0	0	0	0	0	0	0	54	0	
2	748	-1.395514	-0.001285958	2442.631	-0.001525902	5	5	-1.397637	0	0	0	0	0	0	0	0	0	0	0	0	0	54	0	
2	749	-1.3949	-0.001282646	2443.631	-0.001525902	5	5	-1.397136	0	0	0	0	0	0	0	0	0	0	0	0	0	54	0	
2	750	-1.394594	-0.001288657	2444.631	-0.001525902	5	5	-1.396636	0	0	0	0	0	0	0	0	0	0	0	0	0	54	0	
2	751	-1.39398	-0.001289516	2445.631	-0.001525902	5	5	-1.396137	0	0	0	0	0	0	0	0	0	0	0	0	0	54	0	
2	752	-1.393673	-0.001283873	2446.631	-0.001525902	5	5	-1.395636	0	0	0	0	0	0	0	0	0	0	0	0	0	54	0	
2	753	-1.39306	-0.001279088	2447.631	-0.001525902	5	5	-1.395136	0	0	0	0	0	0	0	0	0	0	0	0	0	54	0	
2	754	-1.392447	-0.001274978	2448.631	-0.001525902	5	5	-1.394637	0	0	0	0	0	0	0	0	0	0	0	0	0	54	0	
2	755	-1.39214	-0.001269028	2449.631	-0.001525902	5	5	-1.394136	0	0	0	0	0	0	0	0	0	0	0	0	0	54	0	
2	756	-1.391526	-0.001262833	2450.631	-0.001525902	5	5	-1.393636	0	0	0	0	0	0	0	0	0	0	0	0	0	54	0	
2	757	-1.390913	-0.001256453	2451.631	-0.001525902	5	5	-1.393137	0	0	0	0	0	0	0	0	0	0	0	0	0	54	0	
2	758	-1.390606	-0.001251239	2452.631	-0.001525902	5	5	-1.392637	0	0	0	0	0	0	0	0	0	0	0	0	0	54	0	
2	759	-1.389993	-0.001245596	2453.631	-0.001525902	5	5	-1.392136	0	0	0	0	0	0	0	0	0	0	0	0	0	54	0	
2	760	-1.38938	-0.001239278	2454.631	-0.001525902	5	5	-1.391636	0	0	0	0	0	0	0	0	0	0	0	0	0	54	0	
2	761	-1.389073	-0.001232775	2455.631	-0.001525902	5	5	-1.391137	0	0	0	0	0	0	0	0	0	0	0	0	0	54	0	
2	762	-1.388459	-0.001227193	2456.631	-0.001525902	5	5	-1.390636	0	0	0	0	0	0	0	0	0	0	0	0	0	54	0	
2	763	-1.388153	-0.001221305	2457.631	-0.001525902	5	5	-1.390136	0	0	0	0	0	0	0	0	0	0	0	0	0	54	0	
2	764	-1.387539	-0.001215784	2458.631	-0.001525902	5	5	-1.389637	0	0	0	0	0	0	0	0	0	0	0	0	0	54	0	
2	765	-1.386926	-0.001207932	2459.631	-0.001525902	5	5	-1.389136	0	0	0	0	0	0	0	0	0	0	0	0	0	54	0	
2	766	-1.386619	-0.001201307	2460.631	-0.001525902	5	5	-1.388636	0	0	0	0	0	0	0	0	0	0	0	0	0	54	0	
2	767	-1.386006	-0.001194376	2461.631	-0.001525902	5	5	-1.388137	0	0	0	0	0	0	0	0	0	0	0	0	0	54	0	
2	768	-1.385699	-0.001188487	2462.631	-0.001525902	5	5	-1.387636	0	0	0	0	0	0	0	0	0	0	0	0	0	54	0	
2	769	-1.385086	-0.00118266	2463.631	-0.001525902	5	5	-1.387136	0	0	0	0	0	0	0	0	0	0	0	0	0	54	0	
2	770	-1.384472	-0.001176035	2464.631	-0.001525902	5	5	-1.386636	0	0	0	0	0	0	0	0	0	0	0	0	0	54	0	
2	771	-1.384166	-0.001169778	2465.631	-0.001525902	5	5	-1.386137	0	0	0	0	0	0	0	0	0	0	0	0	0	54	0	
2	772	-1.383552	-0.001163951	2466.631	-0.001525902	5	5	-1.385636	0	0	0	0	0	0	0	0	0	0	0	0	0	54	0	
2	773	-1.383245	-0.001157632	2467.631	-0.001525902	5	5	-1.385136	0	0	0	0	0	0	0	0	0	0	0	0	0	54	0	
2	774	-1.382632	-0.001151866	2468.631	-0.001525902	5	5	-1.384637	0	0	0	0	0	0	0	0	0	0	0	0	0	54	0	
2	775	-1.382019	-0.001145487	2469.631	-0.001525902	5	5	-1.384136	0	0	0	0	0	0	0	0	0	0	0	0	0	54	0	
2	776	-1.381712	-0.001139046	2470.631	-0.001525902	5	5	-1.383636	0	0	0	0	0	0	0	0	0	0	0	0	0	54	0	
2	777	-1.381099	-0.00113328	2471.631	-0.001525902	5	5	-1.383137	0	0	0	0	0	0	0	0	0	0	0	0	0	54	0	
2	778	-1.380792	-0.001125919	2472.631	-0.001525902	5	5	-1.382636	0	0	0	0	0	0	0	0	0	0	0	0	0	54	0	
2	779	-1.380178	-0.001118865	2473.631	-0.001525902	5	5	-1.382136	0	0	0	0	0	0	0	0	0	0	0	0	0	54	0	
2	780	-1.379565	-0.001113221	2474.631	-0.001525902	5	5	-1.381637	0	0	0	0	0	0	0	0	0	0	0	0	0	54	0	
2	781	-1.379258	-0.001107333	2475.631	-0.001525902	5	5	-1.381137	0	0	0	0	0	0	0	0	0	0	0	0	0	54	0	
2	782	-1.378645	-0.001101444	2476.631	-0.001525902	5	5	-1.380636	0	0	0	0	0	0	0	0	0	0	0	0	0	54	0	
2	783	-1.378031	-0.001094942	2477.631	-0.001525902	5	5	-1.380136	0	0	0	0	0	0	0	0	0	0	0	0	0	54	0	
2	784	-1.377725	-0.001089053	2478.631	-0.001525902	5	5	-1.379637	0	0	0	0	0	0	0	0	0	0	0	0	0	54	0	
2	785	-1.377111	-0.001082919	2479.631	-0.001525902	5	5	-1.379136	0	0	0	0	0	0	0	0	0	0	0	0	0	54	0	
2	786	-1.376498	-0.001080342	2480.631	-0.001525902	5	5	-1.378636	0	0	0	0	0	0	0	0	0	0	0	0	0	54	0	
2	787	-1.376191	-0.001074944	2481.631	-0.001525902	5	5	-1.378137	0	0	0	0	0	0	0	0	0	0	0	0	0	54	0	
2	788	-1.375578	-0.001071632	2482.631	-0.001525902	5	5	-1.377636	0	0	0	0	0	0	0	0	0	0	0	0	0	54	0	
2	789	-1.375271	-0.00106697	2483.631	-0.001525902	5	5	-1.377136	0	0	0	0	0	0	0	0	0	0	0	0	0	54	0	
2	790	-1.374658	-0.00107568	2484.631	-0.001525902	5	5	-1.376637	0	0	0	0	0	0	0	0	0	0	0	0	0	54	0	
2	791	-1.374044	-0.001070466	2485.631	-0.001525902	5	5	-1.376136	0	0	0	0	0	0	0	0	0	0	0	0	0	54	0	
2	792	-1.373431	-0.001065559	2486.631	-0.001525902	5	5	-1.375636	0	0	0	0	0	0	0	0	0	0	0	0	0	54	0	
2	793	-1.373124	-0.001060284	2487.631	-0.001525902	5	5	-1.375136	0	0	0	0	0	0	0	0	0	0	0	0	0	54	0	
2	794	-1.372511	-0.001054334	2488.631	-0.001525902	5	5	-1.374637	0	0	0	0	0	0	0	0	0	0	0	0	0	54	0	
2	795	-1.372204	-0.001048752	2489.631	-0.001525902	5	5	-1.374136	0	0	0	0	0	0	0	0	0	0	0	0	0	54	0	
2	796	-1.371591	-0.001043538	2490.631	-0.001525902	5	5	-1.373636	0	0	0	0	0	0	0	0	0	0	0	0	0	54	0	
2	797	-1.371284	-0.00103814	2491.631	-0.001525902	5	5	-1.373137	0	0	0	0	0	0	0	0	0	0	0	0	0	54	0	
2	798	-1.37067	-0.001033232	2492.631	-0.001525902	5	5	-1.372636	0	0	0	0	0	0	0	0	0	0	0	0	0	54	0	
2	799	-1.370057	-0.001027834	2493.631	-0.001525902	5	5	-1.372136	0	0	0	0	0	0	0	0	0	0	0	0	0	54	0	
2	800	-1.36975	-0.001024583	2494.631	-0.001525902	5	5	-1.371637	0	0	0	0	0	0	0	0	0	0	0	0	0	54	0	
2	801	-1.369137	-0.001019983	2495.631	-0.001525902	5	5	-1.371136	0	0	0	0	0	0	0	0	0	0	0	0	0	54	0	
2	802	-1.368523	-0.001015382	2496.631	-0.001525902	5	5	-1.370636	0	0	0	0	0	0	0	0	0	0	0	0	0	54	0	
2	803	-1.368217	-0.001010659	2497.631	-0.001525902	5	5	-1.370136	0	0	0	0	0	0	0	0	0	0	0	0	0	54	0	
2	804	-1.367603	-0.001005629	2498.631	-0.001525902	5	5	-1.369637	0	0	0	0	0	0	0	0	0	0	0	0	0	54	0	
2	805	-1.36699	-0.001000476	2499.631	-0.001525902	5	5	-1.369136	0	0	0	0	0	0	0	0	0	0	0	0	0	54	0	
2	806	-1.366683	-0.000995385	2500.631	-0.001525902	5	5	-1.368636	0	0	0	0	0	0	0	0	0	0	0	0	0	54	0	
2	807	-1.36607	-0.000992195	2501.631	-0.001525902	5	5	-1.368137	0	0	0	0	0	0	0	0	0	0	0	0	0	54	0	
2	808	-1.365456	-0.000989619	2502.631	-0.001525902	5	5	-1.367636	0	0	0	0	0	0	0	0	0	0	0	0	0	54	0	
2	809	-1.36515	-0.000985386	2503.631	-0.001525902	5	5	-1.367136	0	0	0	0	0	0	0	0	0	0	0	0	0	54	0	
2	810	-1.364536	-0.000980172	2504.631	-0.001525902	5	5	-1.366637	0	0	0	0	0	0	0	0	0	0	0	0	0	54	0	
2	811	-1.36423	-0.000974406	2505.631	-0.001525902	5	5	-1.366136	0	0	0	0	0	0	0	0	0	0	0	0	0	54	0	
2	812	-1.363616	-0.000970235	2506.631	-0.001525902	5	5	-1.365636	0	0	0	0	0	0	0	0	0	0	0	0	0	54	0	
2	813	-1.363003	-0.000963917	2507.631	-0.001525902	5	5	-1.365137	0	0	0	0	0	0	0	0	0	0	0	0	0	54	0	
2	814	-1.362696	-0.000959561	2508.631	-0.001525902	5	5	-1.364636	0	0	0	0	0	0	0	0	0	0	0	0	0	54	0	
2	815	-1.362083	-0.000953918	2509.631	-0.001525902	5	5	-1.364136	0	0	0	0	0	0	0	0	0	0	0	0	0	54	0	
2	816	-1.361776	-0.000948275	2510.631	-0.001525902	5	5	-1.363636	0	0	0	0	0	0	0	0	0	0	0	0	0	54	0	
2	817	-1.361163	-0.000943183	2511.631	-0.001525902	5	5	-1.363137	0	0	0	0	0	0	0	0	0	0	0	0	0	54	0	
2	818	-1.360549	-0.000940055	2512.631	-0.001525902	5	5	-1.362636	0	0	0	0	0	0	0	0	0	0	0	0	0	54	0	
2	819	-1.360242	-0.000935761	2513.631	-0.001525902	5	5	-1.362136	0	0	0	0	0	0	0	0	0	0	0	0	0	54	0	
2	820	-1.359629	-0.00093067	2514.631	-0.001525902	5	5	-1.361637	0	0	0	0	0	0	0	0	0	0	0	0	0	54	0	
2	821	-1.359322	-0.000925824	2515.631	-0.001525902	5	5	-1.361136	0	0	0	0	0	0	0	0	0	0	0	0	0	54	0	
2	822	-1.358709	-0.000921162	2516.631	-0.001525902	5	5	-1.360636	0	0	0	0	0	0	0	0	0	0	0	0	0	54	0	
2	823	-1.358096	-0.000917604	2517.631	-0.001525902	5	5	-1.360137	0	0	0	0	0	0	0	0	0	0	0	0	0	54	0	
2	824	-1.357789	-0.000914476	2518.631	-0.001525902	5	5	-1.359636	0	0	0	0	0	0	0	0	0	0	0	0	0	54	0	
2	825	-1.357175	-0.000909262	2519.631	-0.001525902	5	5	-1.359136	0	0	0	0	0	0	0	0	0	0	0	0	0	54	0	
2	826	-1.356562	-0.000904661	2520.631	-0.001525902	5	5	-1.358636	0	0	0	0	0	0	0	0	0	0	0	0	0	54	0	
2	827	-1.356255	-0.000901042	2521.631	-0.001525902	5	5	-1.358137	0	0	0	0	0	0	0	0	0	0	0	0	0	54	0	
2	828	-1.355642	-0.000899202	2522.631	-0.001525902	5	5	-1.357636	0	0	0	0	0	0	0	0	0	0	0	0	0	54	0	
2	829	-1.355335	-0.000904538	2523.631	-0.001525902	5	5	-1.357136	0	0	0	0	0	0	0	0	0	0	0	0	0	54	0	
2	830	-1.354722	-0.000902207	2524.631	-0.001525902	5	5	-1.356637	0	0	0	0	0	0	0	0	0	0	0	0	0	54	0	
2	831	-1.354108	-0.000899202	2525.631	-0.001525902	5	5	-1.356136	0	0	0	0	0	0	0	0	0	0	0	0	0	54	0	
2	832	-1.353802	-0.000895951	2526.631	-0.001525902	5	5	-1.35759	0	0	0	0	0	0	0	0	0	0	0	0	0	54	0	
2	833	-1.353188	-0.000892209	2527.631	-0.001525902	5	5	-1.355137	0	0	0	0	0	0	0	0	0	0	0	0	0	54	0	
2	834	-1.352575	-0.000888835	2528.631	-0.001525902	5	5	-1.354636	0	0	0	0	0	0	0	0	0	0	0	0	0	54	0	
2	835	-1.352268	-0.000886013	2529.631	-0.001525902	5	5	-1.354136	0	0	0	0	0	0	0	0	0	0	0	0	0	54	0	
2	836	-1.351655	-0.000883192	2530.631	-0.001525902	5	5	-1.353637	0	0	0	0	0	0	0	0	0	0	0	0	0	54	0	
2	837	-1.351348	-0.000879818	2531.631	-0.001525902	5	5	-1.353137	0	0	0	0	0	0	0	0	0	0	0	0	0	54	0	
2	838	-1.350735	-0.000875953	2532.631	-0.001525902	5	5	-1.352636	0	0	0	0	0	0	0	0	0	0	0	0	0	54	0	
2	839	-1.350121	-0.000872518	2533.631	-0.001525902	5	5	-1.352136	0	0	0	0	0	0	0	0	0	0	0	0	0	54	0	
2	840	-1.349814	-0.000868347	2534.631	-0.001525902	5	5	-1.351637	0	0	0	0	0	0	0	0	0	0	0	0	0	54	0	
2	841	-1.349201	-0.00086393	2535.631	-0.001525902	5	5	-1.351136	0	0	0	0	0	0	0	0	0	0	0	0	0	54	0	
2	842	-1.348894	-0.000860986	2536.631	-0.001525902	5	5	-1.350636	0	0	0	0	0	0	0	0	0	0	0	0	0	54	0	
2	843	-1.348281	-0.000858962	2537.631	-0.001525902	5	5	-1.350137	0	0	0	0	0	0	0	0	0	0	0	0	0	54	0	
2	844	-1.347667	-0.000855036	2538.631	-0.001525902	5	5	-1.349636	0	0	0	0	0	0	0	0	0	0	0	0	0	54	0	
2	845	-1.347361	-0.00085246	2539.631	-0.001525902	5	5	-1.349136	0	0	0	0	0	0	0	0	0	0	0	0	0	54	0	
2	846	-1.346747	-0.000851478	2540.631	-0.001525902	5	5	-1.348637	0	0	0	0	0	0	0	0	0	0	0	0	0	54	0	
2	847	-1.346441	-0.000848166	2541.631	-0.001525902	5	5	-1.348136	0	0	0	0	0	0	0	0	0	0	0	0	0	54	0	
2	848	-1.345827	-0.000843504	2542.631	-0.001525902	5	5	-1.347636	0	0	0	0	0	0	0	0	0	0	0	0	0	54	0	
2	849	-1.345214	-0.000841111	2543.631	-0.001525902	5	5	-1.347136	0	0	0	0	0	0	0	0	0	0	0	0	0	54	0	
2	850	-1.344907	-0.000839578	2544.631	-0.001525902	5	5	-1.346637	0	0	0	0	0	0	0	0	0	0	0	0	0	54	0	
2	851	-1.344294	-0.000838167	2545.631	-0.001525902	5	5	-1.346136	0	0	0	0	0	0	0	0	0	0	0	0	0	54	0	
2	852	-1.34368	-0.0008351	2546.631	-0.001525902	5	5	-1.345636	0	0	0	0	0	0	0	0	0	0	0	0	0	54	0	
2	853	-1.343374	-0.00083142	2547.631	-0.001525902	5	5	-1.345137	0	0	0	0	0	0	0	0	0	0	0	0	0	54	0	
2	854	-1.34276	-0.000827126	2548.631	-0.001525902	5	5	-1.344636	0	0	0	0	0	0	0	0	0	0	0	0	0	54	0	
2	855	-1.342453	-0.000833935	2549.631	-0.001525902	5	5	-1.344136	0	0	0	0	0	0	0	0	0	0	0	0	0	54	0	
2	856	-1.34184	-0.000830622	2550.631	-0.001525902	5	5	-1.343637	0	0	0	0	0	0	0	0	0	0	0	0	0	54	0	
2	857	-1.341227	-0.000828414	2551.631	-0.001525902	5	5	-1.343136	0	0	0	0	0	0	0	0	0	0	0	0	0	54	0	
2	858	-1.340613	-0.00082596	2552.631	-0.001525902	5	5	-1.342636	0	0	0	0	0	0	0	0	0	0	0	0	0	54	0	
2	859	-1.340307	-0.000822096	2553.631	-0.001525902	5	5	-1.342137	0	0	0	0	0	0	0	0	0	0	0	0	0	54	0	
2	860	-1.339693	-0.000818538	2554.631	-0.001525902	5	5	-1.341637	0	0	0	0	0	0	0	0	0	0	0	0	0	54	0	
2	861	-1.339386	-0.000815225	2555.631	-0.001525902	5	5	-1.341136	0	0	0	0	0	0	0	0	0	0	0	0	0	54	0	
2	862	-1.338773	-0.000810993	2556.631	-0.001525902	5	5	-1.340636	0	0	0	0	0	0	0	0	0	0	0	0	0	54	0	
2	863	-1.33816	-0.000808049	2557.631	-0.001525902	5	5	-1.340137	0	0	0	0	0	0	0	0	0	0	0	0	0	54	0	
2	864	-1.337853	-0.000804061	2558.631	-0.001525902	5	5	-1.339636	0	0	0	0	0	0	0	0	0	0	0	0	0	54	0	
2	865	-1.33724	-0.00080032	2559.631	-0.001525902	5	5	-1.339136	0	0	0	0	0	0	0	0	0	0	0	0	0	54	0	
2	866	-1.336933	-0.0007967	2560.631	-0.001525902	5	5	-1.338637	0	0	0	0	0	0	0	0	0	0	0	0	0	54	0	
2	867	-1.336319	-0.000792468	2561.631	-0.001525902	5	5	-1.338136	0	0	0	0	0	0	0	0	0	0	0	0	0	54	0	
2	868	-1.335706	-0.000789033	2562.631	-0.001525902	5	5	-1.337636	0	0	0	0	0	0	0	0	0	0	0	0	0	54	0	
2	869	-1.335399	-0.000785475	2563.631	-0.001525902	5	5	-1.337137	0	0	0	0	0	0	0	0	0	0	0	0	0	54	0	
2	870	-1.334786	-0.000782224	2564.631	-0.001525902	5	5	-1.336636	0	0	0	0	0	0	0	0	0	0	0	0	0	54	0	
2	871	-1.334172	-0.000777991	2565.631	-0.001525902	5	5	-1.336136	0	0	0	0	0	0	0	0	0	0	0	0	0	54	0	
2	872	-1.333866	-0.000773881	2566.631	-0.001525902	5	5	-1.335636	0	0	0	0	0	0	0	0	0	0	0	0	0	54	0	
2	873	-1.333252	-0.000769342	2567.631	-0.001525902	5	5	-1.335137	0	0	0	0	0	0	0	0	0	0	0	0	0	54	0	
2	874	-1.332639	-0.0007656	2568.631	-0.001525902	5	5	-1.334636	0	0	0	0	0	0	0	0	0	0	0	0	0	54	0	
2	875	-1.332332	-0.000761368	2569.631	-0.001525902	5	5	-1.334136	0	0	0	0	0	0	0	0	0	0	0	0	0	54	0	
2	876	-1.331719	-0.000757565	2570.631	-0.001525902	5	5	-1.333637	0	0	0	0	0	0	0	0	0	0	0	0	0	54	0	
2	877	-1.331412	-0.000753577	2571.631	-0.001525902	5	5	-1.333136	0	0	0	0	0	0	0	0	0	0	0	0	0	54	0	
2	878	-1.330799	-0.000749836	2572.631	-0.001525902	5	5	-1.332636	0	0	0	0	0	0	0	0	0	0	0	0	0	54	0	
2	879	-1.330185	-0.000746585	2573.631	-0.001525902	5	5	-1.332137	0	0	0	0	0	0	0	0	0	0	0	0	0	54	0	
2	880	-1.329879	-0.000742536	2574.631	-0.001525902	5	5	-1.331636	0	0	0	0	0	0	0	0	0	0	0	0	0	54	0	
2	881	-1.329265	-0.000739162	2575.631	-0.001525902	5	5	-1.331136	0	0	0	0	0	0	0	0	0	0	0	0	0	54	0	
2	882	-1.328958	-0.000734868	2576.631	-0.001525902	5	5	-1.330637	0	0	0	0	0	0	0	0	0	0	0	0	0	54	0	
2	883	-1.328345	-0.000732231	2577.631	-0.001525902	5	5	-1.330137	0	0	0	0	0	0	0	0	0	0	0	0	0	54	0	
2	884	-1.327732	-0.000728673	2578.631	-0.001525902	5	5	-1.329636	0	0	0	0	0	0	0	0	0	0	0	0	0	54	0	
2	885	-1.327118	-0.000725115	2579.631	-0.001525902	5	5	-1.329136	0	0	0	0	0	0	0	0	0	0	0	0	0	54	0	
2	886	-1.326811	-0.000721189	2580.631	-0.001525902	5	5	-1.328637	0	0	0	0	0	0	0	0	0	0	0	0	0	54	0	
2	887	-1.326198	-0.000717693	2581.631	-0.001525902	5	5	-1.328136	0	0	0	0	0	0	0	0	0	0	0	0	0	54	0	
2	888	-1.325891	-0.000715116	2582.631	-0.001525902	5	5	-1.327636	0	0	0	0	0	0	0	0	0	0	0	0	0	54	0	
2	889	-1.325278	-0.00071162	2583.631	-0.001525902	5	5	-1.327137	0	0	0	0	0	0	0	0	0	0	0	0	0	54	0	
2	890	-1.324664	-0.000708676	2584.631	-0.001525902	5	5	-1.326636	0	0	0	0	0	0	0	0	0	0	0	0	0	54	0	
2	891	-1.324358	-0.000704688	2585.631	-0.001525902	5	5	-1.326136	0	0	0	0	0	0	0	0	0	0	0	0	0	54	0	
2	892	-1.324051	-0.000701805	2586.631	-0.001525902	5	5	-1.325637	0	0	0	0	0	0	0	0	0	0	0	0	0	54	0	
2	893	-1.323438	-0.000698432	2587.631	-0.001525902	5	5	-1.325136	0	0	0	0	0	0	0	0	0	0	0	0	0	54	0	
2	894	-1.322824	-0.000695242	2588.631	-0.001525902	5	5	-1.324636	0	0	0	0	0	0	0	0	0	0	0	0	0	54	0	
2	895	-1.322211	-0.000691868	2589.631	-0.001525902	5	5	-1.324136	0	0	0	0	0	0	0	0	0	0	0	0	0	54	0	
2	896	-1.321904	-0.000689231	2590.631	-0.001525902	5	5	-1.323637	0	0	0	0	0	0	0	0	0	0	0	0	0	54	0	
2	897	-1.321291	-0.000685979	2591.631	-0.001525902	5	5	-1.323136	0	0	0	0	0	0	0	0	0	0	0	0	0	54	0	
2	898	-1.320677	-0.000683403	2592.631	-0.001525902	5	5	-1.322636	0	0	0	0	0	0	0	0	0	0	0	0	0	54	0	
2	899	-1.320371	-0.000681379	2593.631	-0.001525902	5	5	-1.322137	0	0	0	0	0	0	0	0	0	0	0	0	0	54	0	
2	900	-1.319757	-0.000679232	2594.631	-0.001525902	5	5	-1.321636	0	0	0	0	0	0	0	0	0	0	0	0	0	54	0	
2	901	-1.31945	-0.000676042	2595.631	-0.001525902	5	5	-1.321136	0	0	0	0	0	0	0	0	0	0	0	0	0	54	0	
2	902	-1.318837	-0.000673036	2596.631	-0.001525902	5	5	-1.320637	0	0	0	0	0	0	0	0	0	0	0	0	0	54	0	
2	903	-1.318224	-0.000671196	2597.631	-0.001525902	5	5	-1.320136	0	0	0	0	0	0	0	0	0	0	0	0	0	54	0	
2	904	-1.317917	-0.000669785	2598.631	-0.001525902	5	5	-1.319636	0	0	0	0	0	0	0	0	0	0	0	0	0	54	0	
2	905	-1.317304	-0.000666289	2599.631	-0.001525902	5	5	-1.319137	0	0	0	0	0	0	0	0	0	0	0	0	0	54	0	
2	906	-1.31669	-0.000662854	2600.631	-0.001525902	5	5	-1.318637	0	0	0	0	0	0	0	0	0	0	0	0	0	54	0	
2	907	-1.316383	-0.000659112	2601.631	-0.001525902	5	5	-1.318136	0	0	0	0	0	0	0	0	0	0	0	0	0	54	0	
2	908	-1.316077	-0.000656229	2602.631	-0.001525902	5	5	-1.317636	0	0	0	0	0	0	0	0	0	0	0	0	0	54	0	
2	909	-1.315463	-0.000652794	2603.631	-0.001525902	5	5	-1.317137	0	0	0	0	0	0	0	0	0	0	0	0	0	54	0	
2	910	-1.31485	-0.00064942	2604.631	-0.001525902	5	5	-1.316636	0	0	0	0	0	0	0	0	0	0	0	0	0	54	0	
2	911	-1.314237	-0.000645985	2605.631	-0.001525902	5	5	-1.316136	0	0	0	0	0	0	0	0	0	0	0	0	0	54	0	
2	912	-1.31393	-0.000642856	2606.631	-0.001525902	5	5	-1.315637	0	0	0	0	0	0	0	0	0	0	0	0	0	54	0	
2	913	-1.313316	-0.000640157	2607.631	-0.001525902	5	5	-1.315136	0	0	0	0	0	0	0	0	0	0	0	0	0	54	0	
2	914	-1.31301	-0.000637029	2608.631	-0.001525902	5	5	-1.314636	0	0	0	0	0	0	0	0	0	0	0	0	0	54	0	
2	915	-1.312396	-0.000633778	2609.631	-0.001525902	5	5	-1.314137	0	0	0	0	0	0	0	0	0	0	0	0	0	54	0	
2	916	-1.311783	-0.000630527	2610.631	-0.001525902	5	5	-1.313636	0	0	0	0	0	0	0	0	0	0	0	0	0	54	0	
2	917	-1.311476	-0.000627398	2611.631	-0.001525902	5	5	-1.313136	0	0	0	0	0	0	0	0	0	0	0	0	0	54	0	
2	918	-1.310863	-0.000624331	2612.631	-0.001525902	5	5	-1.312636	0	0	0	0	0	0	0	0	0	0	0	0	0	54	0	
2	919	-1.310249	-0.000621387	2613.631	-0.001525902	5	5	-1.312137	0	0	0	0	0	0	0	0	0	0	0	0	0	54	0	
2	920	-1.309943	-0.000619117	2614.631	-0.001525902	5	5	-1.311636	0	0	0	0	0	0	0	0	0	0	0	0	0	54	0	
2	921	-1.309329	-0.000621694	2615.631	-0.001525902	5	5	-1.311136	0	0	0	0	0	0	0	0	0	0	0	0	0	54	0	
2	922	-1.309022	-0.000620835	2616.631	-0.001525902	5	5	-1.310637	0	0	0	0	0	0	0	0	0	0	0	0	0	54	0	
2	923	-1.308409	-0.000619792	2617.631	-0.001525902	5	5	-1.310136	0	0	0	0	0	0	0	0	0	0	0	0	0	54	0	
2	924	-1.307796	-0.000618627	2618.631	-0.001525902	5	5	-1.309636	0	0	0	0	0	0	0	0	0	0	0	0	0	54	0	
2	925	-1.307489	-0.000616296	2619.631	-0.001525902	5	5	-1.309137	0	0	0	0	0	0	0	0	0	0	0	0	0	54	0	
2	926	-1.306876	-0.000614087	2620.631	-0.001525902	5	5	-1.308636	0	0	0	0	0	0	0	0	0	0	0	0	0	54	0	
2	927	-1.306262	-0.000612186	2621.631	-0.001525902	5	5	-1.308136	0	0	0	0	0	0	0	0	0	0	0	0	0	54	0	
2	928	-1.305955	-0.000609548	2622.631	-0.001525902	5	5	-1.307636	0	0	0	0	0	0	0	0	0	0	0	0	0	54	0	
2	929	-1.305342	-0.000607156	2623.631	-0.001525902	5	5	-1.307137	0	0	0	0	0	0	0	0	0	0	0	0	0	54	0	
2	930	-1.304729	-0.000604764	2624.631	-0.001525902	5	5	-1.306636	0	0	0	0	0	0	0	0	0	0	0	0	0	54	0	
2	931	-1.304422	-0.000602371	2625.631	-0.001525902	5	5	-1.306136	0	0	0	0	0	0	0	0	0	0	0	0	0	54	0	
2	932	-1.303808	-0.000600286	2626.631	-0.001525902	5	5	-1.305637	0	0	0	0	0	0	0	0	0	0	0	0	0	54	0	
2	933	-1.303195	-0.000598568	2627.631	-0.001525902	5	5	-1.305136	0	0	0	0	0	0	0	0	0	0	0	0	0	54	0	
2	934	-1.302888	-0.000596605	2628.631	-0.001525902	5	5	-1.304636	0	0	0	0	0	0	0	0	0	0	0	0	0	54	0	
2	935	-1.302275	-0.000593845	2629.631	-0.001525902	5	5	-1.304137	0	0	0	0	0	0	0	0	0	0	0	0	0	54	0	
2	936	-1.301968	-0.000591453	2630.631	-0.001525902	5	5	-1.303636	0	0	0	0	0	0	0	0	0	0	0	0	0	54	0	
2	937	-1.301355	-0.000589551	2631.631	-0.001525902	5	5	-1.303136	0	0	0	0	0	0	0	0	0	0	0	0	0	54	0	
2	938	-1.300741	-0.000586913	2632.631	-0.001525902	5	5	-1.302637	0	0	0	0	0	0	0	0	0	0	0	0	0	54	0	
2	939	-1.300435	-0.000584337	2633.631	-0.001525902	5	5	-1.302136	0	0	0	0	0	0	0	0	0	0	0	0	0	54	0	
2	940	-1.299821	-0.000581577	2634.631	-0.001525902	5	5	-1.301636	0	0	0	0	0	0	0	0	0	0	0	0	0	54	0	
2	941	-1.299515	-0.000579307	2635.631	-0.001525902	5	5	-1.301136	0	0	0	0	0	0	0	0	0	0	0	0	0	54	0	
2	942	-1.298901	-0.000577221	2636.631	-0.001525902	5	5	-1.300637	0	0	0	0	0	0	0	0	0	0	0	0	0	54	0	
2	943	-1.298594	-0.000574706	2637.631	-0.001525902	5	5	-1.300136	0	0	0	0	0	0	0	0	0	0	0	0	0	54	0	
2	944	-1.297981	-0.000572314	2638.631	-0.001525902	5	5	-1.299636	0	0	0	0	0	0	0	0	0	0	0	0	0	54	0	
2	945	-1.297368	-0.00056937	2639.631	-0.001525902	5	5	-1.299137	0	0	0	0	0	0	0	0	0	0	0	0	0	54	0	
2	946	-1.297061	-0.000566548	2640.631	-0.001525902	5	5	-1.298636	0	0	0	0	0	0	0	0	0	0	0	0	0	54	0	
2	947	-1.296448	-0.000563972	2641.631	-0.001525902	5	5	-1.298136	0	0	0	0	0	0	0	0	0	0	0	0	0	54	0	
2	948	-1.295834	-0.000562377	2642.631	-0.001525902	5	5	-1.297637	0	0	0	0	0	0	0	0	0	0	0	0	0	54	0	
2	949	-1.295527	-0.000559923	2643.631	-0.001525902	5	5	-1.297136	0	0	0	0	0	0	0	0	0	0	0	0	0	54	0	
2	950	-1.294914	-0.000557163	2644.631	-0.001525902	5	5	-1.296636	0	0	0	0	0	0	0	0	0	0	0	0	0	54	0	
2	951	-1.294607	-0.000553728	2645.631	-0.001525902	5	5	-1.296136	0	0	0	0	0	0	0	0	0	0	0	0	0	54	0	
2	952	-1.293994	-0.000551029	2646.631	-0.001525902	5	5	-1.295637	0	0	0	0	0	0	0	0	0	0	0	0	0	54	0	
2	953	-1.29338	-0.000549066	2647.631	-0.001525902	5	5	-1.295136	0	0	0	0	0	0	0	0	0	0	0	0	0	54	0	
2	954	-1.292767	-0.000546428	2648.631	-0.001525902	5	5	-1.294636	0	0	0	0	0	0	0	0	0	0	0	0	0	54	0	
2	955	-1.29246	-0.000543606	2649.631	-0.001525902	5	5	-1.294137	0	0	0	0	0	0	0	0	0	0	0	0	0	54	0	
2	956	-1.291847	-0.000540907	2650.631	-0.001525902	5	5	-1.293636	0	0	0	0	0	0	0	0	0	0	0	0	0	54	0	
2	957	-1.29154	-0.000538331	2651.631	-0.001525902	5	5	-1.29509	0	0	0	0	0	0	0	0	0	0	0	0	0	54	0	
2	958	-1.290927	-0.000535939	2652.631	-0.001525902	5	5	-1.292637	0	0	0	0	0	0	0	0	0	0	0	0	0	54	0	
2	959	-1.290313	-0.000534221	2653.631	-0.001525902	5	5	-1.292136	0	0	0	0	0	0	0	0	0	0	0	0	0	54	0	
2	960	-1.290007	-0.000531767	2654.631	-0.001525902	5	5	-1.291636	0	0	0	0	0	0	0	0	0	0	0	0	0	54	0	
2	961	-1.289393	-0.000529559	2655.631	-0.001525902	5	5	-1.291137	0	0	0	0	0	0	0	0	0	0	0	0	0	54	0	
2	962	-1.28878	-0.000527167	2656.631	-0.001525902	5	5	-1.290636	0	0	0	0	0	0	0	0	0	0	0	0	0	54	0	
2	963	-1.288473	-0.000525204	2657.631	-0.001525902	5	5	-1.290136	0	0	0	0	0	0	0	0	0	0	0	0	0	54	0	
2	964	-1.28786	-0.000523486	2658.631	-0.001525902	5	5	-1.289636	0	0	0	0	0	0	0	0	0	0	0	0	0	54	0	
2	965	-1.287553	-0.000522382	2659.631	-0.001525902	5	5	-1.289137	0	0	0	0	0	0	0	0	0	0	0	0	0	54	0	
2	966	-1.28694	-0.000522014	2660.631	-0.001525902	5	5	-1.288636	0	0	0	0	0	0	0	0	0	0	0	0	0	54	0	
2	967	-1.286326	-0.000520297	2661.631	-0.001525902	5	5	-1.288136	0	0	0	0	0	0	0	0	0	0	0	0	0	54	0	
2	968	-1.28602	-0.000517966	2662.631	-0.001525902	5	5	-1.287637	0	0	0	0	0	0	0	0	0	0	0	0	0	54	0	
2	969	-1.285406	-0.00051588	2663.631	-0.001525902	5	5	-1.287136	0	0	0	0	0	0	0	0	0	0	0	0	0	54	0	
2	970	-1.284793	-0.000514285	2664.631	-0.001525902	5	5	-1.286636	0	0	0	0	0	0	0	0	0	0	0	0	0	54	0	
2	971	-1.284486	-0.000511832	2665.631	-0.001525902	5	5	-1.286137	0	0	0	0	0	0	0	0	0	0	0	0	0	54	0	
2	972	-1.283873	-0.000509869	2666.631	-0.001525902	5	5	-1.285636	0	0	0	0	0	0	0	0	0	0	0	0	0	54	0	
2	973	-1.283566	-0.000507415	2667.631	-0.001525902	5	5	-1.285136	0	0	0	0	0	0	0	0	0	0	0	0	0	54	0	
2	974	-1.282952	-0.000505023	2668.631	-0.001525902	5	5	-1.284636	0	0	0	0	0	0	0	0	0	0	0	0	0	54	0	
2	975	-1.282339	-0.000503366	2669.631	-0.001525902	5	5	-1.284137	0	0	0	0	0	0	0	0	0	0	0	0	0	54	0	
2	976	-1.281726	-0.000501465	2670.631	-0.001525902	5	5	-1.283636	0	0	0	0	0	0	0	0	0	0	0	0	0	54	0	
2	977	-1.281419	-0.00049895	2671.631	-0.001525902	5	5	-1.283136	0	0	0	0	0	0	0	0	0	0	0	0	0	54	0	
2	978	-1.280805	-0.000496803	2672.631	-0.001525902	5	5	-1.282637	0	0	0	0	0	0	0	0	0	0	0	0	0	54	0	
2	979	-1.280499	-0.000493797	2673.631	-0.001525902	5	5	-1.282136	0	0	0	0	0	0	0	0	0	0	0	0	0	54	0	
2	980	-1.279885	-0.00049208	2674.631	-0.001525902	5	5	-1.281636	0	0	0	0	0	0	0	0	0	0	0	0	0	54	0	
2	981	-1.279272	-0.00049116	2675.631	-0.001525902	5	5	-1.281137	0	0	0	0	0	0	0	0	0	0	0	0	0	54	0	
2	982	-1.278965	-0.000489135	2676.631	-0.001525902	5	5	-1.280636	0	0	0	0	0	0	0	0	0	0	0	0	0	54	0	
2	983	-1.278352	-0.000486988	2677.631	-0.001525902	5	5	-1.280136	0	0	0	0	0	0	0	0	0	0	0	0	0	54	0	
2	984	-1.278045	-0.000485087	2678.631	-0.001525902	5	5	-1.279637	0	0	0	0	0	0	0	0	0	0	0	0	0	54	0	
2	985	-1.277432	-0.000483185	2679.631	-0.001525902	5	5	-1.279136	0	0	0	0	0	0	0	0	0	0	0	0	0	54	0	
2	986	-1.276818	-0.000481222	2680.631	-0.001525902	5	5	-1.278636	0	0	0	0	0	0	0	0	0	0	0	0	0	54	0	
2	987	-1.276512	-0.00047975	2681.631	-0.001525902	5	5	-1.278136	0	0	0	0	0	0	0	0	0	0	0	0	0	54	0	
2	988	-1.275898	-0.000477787	2682.631	-0.001525902	5	5	-1.277637	0	0	0	0	0	0	0	0	0	0	0	0	0	54	0	
2	989	-1.275591	-0.000475456	2683.631	-0.001525902	5	5	-1.277136	0	0	0	0	0	0	0	0	0	0	0	0	0	54	0	
2	990	-1.274978	-0.000473064	2684.631	-0.001525902	5	5	-1.276636	0	0	0	0	0	0	0	0	0	0	0	0	0	54	0	
2	991	-1.274365	-0.00047153	2685.631	-0.001525902	5	5	-1.276137	0	0	0	0	0	0	0	0	0	0	0	0	0	54	0	
2	992	-1.274058	-0.000469813	2686.631	-0.001525902	5	5	-1.275636	0	0	0	0	0	0	0	0	0	0	0	0	0	54	0	
2	993	-1.273445	-0.000468341	2687.631	-0.001525902	5	5	-1.275136	0	0	0	0	0	0	0	0	0	0	0	0	0	54	0	
2	994	-1.273138	-0.000466194	2688.631	-0.001525902	5	5	-1.274637	0	0	0	0	0	0	0	0	0	0	0	0	0	54	0	
2	995	-1.272524	-0.000464599	2689.631	-0.001525902	5	5	-1.274136	0	0	0	0	0	0	0	0	0	0	0	0	0	54	0	
2	996	-1.271911	-0.000463004	2690.631	-0.001525902	5	5	-1.273636	0	0	0	0	0	0	0	0	0	0	0	0	0	54	0	
2	997	-1.271604	-0.000462145	2691.631	-0.001525902	5	5	-1.273136	0	0	0	0	0	0	0	0	0	0	0	0	0	54	0	
2	998	-1.270991	-0.000460366	2692.631	-0.001525902	5	5	-1.272637	0	0	0	0	0	0	0	0	0	0	0	0	0	54	0	
2	999	-1.270684	-0.000459201	2693.631	-0.001525902	5	5	-1.272136	0	0	0	0	0	0	0	0	0	0	0	0	0	54	0	
2	1000	-1.270071	-0.000456931	2694.631	-0.001525902	5	5	-1.271636	0	0	0	0	0	0	0	0	0	0	0	0	0	54	0	
2	1001	-1.269457	-0.000454968	2695.631	-0.001525902	5	5	-1.271137	0	0	0	0	0	0	0	0	0	0	0	0	0	54	0	
2	1002	-1.268844	-0.000453067	2696.631	-0.001525902	5	5	-1.270636	0	0	0	0	0	0	0	0	0	0	0	0	0	54	0	
2	1003	-1.268537	-0.000451288	2697.631	-0.001525902	5	5	-1.270136	0	0	0	0	0	0	0	0	0	0	0	0	0	54	0	
2	1004	-1.267924	-0.000449202	2698.631	-0.001525902	5	5	-1.269637	0	0	0	0	0	0	0	0	0	0	0	0	0	54	0	
2	1005	-1.267617	-0.000447055	2699.631	-0.001525902	5	5	-1.269136	0	0	0	0	0	0	0	0	0	0	0	0	0	54	0	
2	1006	-1.267004	-0.000445583	2700.631	-0.001525902	5	5	-1.268636	0	0	0	0	0	0	0	0	0	0	0	0	0	54	0	
2	1007	-1.26639	-0.000443559	2701.631	-0.001525902	5	5	-1.268137	0	0	0	0	0	0	0	0	0	0	0	0	0	54	0	
2	1008	-1.266084	-0.000441289	2702.631	-0.001525902	5	5	-1.267636	0	0	0	0	0	0	0	0	0	0	0	0	0	54	0	
2	1009	-1.26547	-0.00043951	2703.631	-0.001525902	5	5	-1.267136	0	0	0	0	0	0	0	0	0	0	0	0	0	54	0	
2	1010	-1.264857	-0.000437793	2704.631	-0.001525902	5	5	-1.266636	0	0	0	0	0	0	0	0	0	0	0	0	0	54	0	
2	1011	-1.26455	-0.000436075	2705.631	-0.001525902	5	5	-1.266137	0	0	0	0	0	0	0	0	0	0	0	0	0	54	0	
2	1012	-1.263937	-0.000434542	2706.631	-0.001525902	5	5	-1.265636	0	0	0	0	0	0	0	0	0	0	0	0	0	54	0	
2	1013	-1.26363	-0.00043264	2707.631	-0.001525902	5	5	-1.265136	0	0	0	0	0	0	0	0	0	0	0	0	0	54	0	
2	1014	-1.263017	-0.000431168	2708.631	-0.001525902	5	5	-1.264637	0	0	0	0	0	0	0	0	0	0	0	0	0	54	0	
2	1015	-1.262403	-0.000429328	2709.631	-0.001525902	5	5	-1.264136	0	0	0	0	0	0	0	0	0	0	0	0	0	54	0	
2	1016	-1.262096	-0.000427365	2710.631	-0.001525902	5	5	-1.263636	0	0	0	0	0	0	0	0	0	0	0	0	0	54	0	
2	1017	-1.261483	-0.000425647	2711.631	-0.001525902	5	5	-1.263137	0	0	0	0	0	0	0	0	0	0	0	0	0	54	0	
2	1018	-1.26087	-0.00042393	2712.631	-0.001525902	5	5	-1.262636	0	0	0	0	0	0	0	0	0	0	0	0	0	54	0	
2	1019	-1.260563	-0.000422764	2713.631	-0.001525902	5	5	-1.262136	0	0	0	0	0	0	0	0	0	0	0	0	0	54	0	
2	1020	-1.259949	-0.000420862	2714.631	-0.001525902	5	5	-1.261636	0	0	0	0	0	0	0	0	0	0	0	0	0	54	0	
2	1021	-1.259336	-0.000418961	2715.631	-0.001525902	5	5	-1.261137	0	0	0	0	0	0	0	0	0	0	0	0	0	54	0	
2	1022	-1.259029	-0.000416937	2716.631	-0.001525902	5	5	-1.260636	0	0	0	0	0	0	0	0	0	0	0	0	0	54	0	
2	1023	-1.258416	-0.000418531	2717.631	-0.001525902	5	5	-1.260136	0	0	0	0	0	0	0	0	0	0	0	0	0	54	0	
2	1024	-1.258109	-0.000417427	2718.631	-0.001525902	5	5	-1.259637	0	0	0	0	0	0	0	0	0	0	0	0	0	54	0	
2	1025	-1.257496	-0.000416323	2719.631	-0.001525902	5	5	-1.259136	0	0	0	0	0	0	0	0	0	0	0	0	0	54	0	
2	1026	-1.256882	-0.000414851	2720.631	-0.001525902	5	5	-1.258636	0	0	0	0	0	0	0	0	0	0	0	0	0	54	0	
2	1027	-1.256576	-0.00041344	2721.631	-0.001525902	5	5	-1.258137	0	0	0	0	0	0	0	0	0	0	0	0	0	54	0	
2	1028	-1.255962	-0.000412152	2722.631	-0.001525902	5	5	-1.257636	0	0	0	0	0	0	0	0	0	0	0	0	0	54	0	
2	1029	-1.255349	-0.000410802	2723.631	-0.001525902	5	5	-1.257136	0	0	0	0	0	0	0	0	0	0	0	0	0	54	0	
2	1030	-1.255042	-0.000410496	2724.631	-0.001525902	5	5	-1.256637	0	0	0	0	0	0	0	0	0	0	0	0	0	54	0	
2	1031	-1.254429	-0.000409698	2725.631	-0.001525902	5	5	-1.256136	0	0	0	0	0	0	0	0	0	0	0	0	0	54	0	
2	1032	-1.253815	-0.000408594	2726.631	-0.001525902	5	5	-1.255636	0	0	0	0	0	0	0	0	0	0	0	0	0	54	0	
2	1033	-1.253509	-0.00040657	2727.631	-0.001525902	5	5	-1.255136	0	0	0	0	0	0	0	0	0	0	0	0	0	54	0	
2	1034	-1.252895	-0.000404914	2728.631	-0.001525902	5	5	-1.254637	0	0	0	0	0	0	0	0	0	0	0	0	0	54	0	
2	1035	-1.252589	-0.000403503	2729.631	-0.001525902	5	5	-1.254136	0	0	0	0	0	0	0	0	0	0	0	0	0	54	0	
2	1036	-1.251975	-0.000402153	2730.631	-0.001525902	5	5	-1.253636	0	0	0	0	0	0	0	0	0	0	0	0	0	54	0	
2	1037	-1.251362	-0.000400743	2731.631	-0.001525902	5	5	-1.253137	0	0	0	0	0	0	0	0	0	0	0	0	0	54	0	
2	1038	-1.250748	-0.000399516	2732.631	-0.001525902	5	5	-1.252636	0	0	0	0	0	0	0	0	0	0	0	0	0	54	0	
2	1039	-1.250442	-0.000398105	2733.631	-0.001525902	5	5	-1.252136	0	0	0	0	0	0	0	0	0	0	0	0	0	54	0	
2	1040	-1.249828	-0.000396633	2734.631	-0.001525902	5	5	-1.251637	0	0	0	0	0	0	0	0	0	0	0	0	0	54	0	
2	1041	-1.249521	-0.00039516	2735.631	-0.001525902	5	5	-1.251136	0	0	0	0	0	0	0	0	0	0	0	0	0	54	0	
2	1042	-1.248908	-0.000394792	2736.631	-0.001525902	5	5	-1.250636	0	0	0	0	0	0	0	0	0	0	0	0	0	54	0	
2	1043	-1.248601	-0.000393811	2737.631	-0.001525902	5	5	-1.250136	0	0	0	0	0	0	0	0	0	0	0	0	0	54	0	
2	1044	-1.247988	-0.000392339	2738.631	-0.001525902	5	5	-1.249637	0	0	0	0	0	0	0	0	0	0	0	0	0	54	0	
2	1045	-1.247375	-0.000390805	2739.631	-0.001525902	5	5	-1.249136	0	0	0	0	0	0	0	0	0	0	0	0	0	54	0	
2	1046	-1.247068	-0.000390069	2740.631	-0.001525902	5	5	-1.248636	0	0	0	0	0	0	0	0	0	0	0	0	0	54	0	
2	1047	-1.246454	-0.000388413	2741.631	-0.001525902	5	5	-1.248137	0	0	0	0	0	0	0	0	0	0	0	0	0	54	0	
2	1048	-1.245841	-0.000386879	2742.631	-0.001525902	5	5	-1.247636	0	0	0	0	0	0	0	0	0	0	0	0	0	54	0	
2	1049	-1.245534	-0.000385407	2743.631	-0.001525902	5	5	-1.247136	0	0	0	0	0	0	0	0	0	0	0	0	0	54	0	
2	1050	-1.244921	-0.000384058	2744.631	-0.001525902	5	5	-1.246637	0	0	0	0	0	0	0	0	0	0	0	0	0	54	0	
2	1051	-1.244614	-0.00038234	2745.631	-0.001525902	5	5	-1.246136	0	0	0	0	0	0	0	0	0	0	0	0	0	54	0	
2	1052	-1.244001	-0.0003805	2746.631	-0.001525902	5	5	-1.245636	0	0	0	0	0	0	0	0	0	0	0	0	0	54	0	
2	1053	-1.243387	-0.000378966	2747.631	-0.001525902	5	5	-1.245136	0	0	0	0	0	0	0	0	0	0	0	0	0	54	0	
2	1054	-1.243081	-0.000378046	2748.631	-0.001525902	5	5	-1.244636	0	0	0	0	0	0	0	0	0	0	0	0	0	54	0	
2	1055	-1.242467	-0.000376451	2749.631	-0.001525902	5	5	-1.244136	0	0	0	0	0	0	0	0	0	0	0	0	0	54	0	
2	1056	-1.242161	-0.000374918	2750.631	-0.001525902	5	5	-1.243636	0	0	0	0	0	0	0	0	0	0	0	0	0	54	0	
2	1057	-1.241547	-0.0003732	2751.631	-0.001525902	5	5	-1.243137	0	0	0	0	0	0	0	0	0	0	0	0	0	54	0	
2	1058	-1.240934	-0.000371421	2752.631	-0.001525902	5	5	-1.242636	0	0	0	0	0	0	0	0	0	0	0	0	0	54	0	
2	1059	-1.240627	-0.000369888	2753.631	-0.001525902	5	5	-1.242136	0	0	0	0	0	0	0	0	0	0	0	0	0	54	0	
2	1060	-1.240014	-0.000368538	2754.631	-0.001525902	5	5	-1.241637	0	0	0	0	0	0	0	0	0	0	0	0	0	54	0	
2	1061	-1.2394	-0.000367311	2755.631	-0.001525902	5	5	-1.241136	0	0	0	0	0	0	0	0	0	0	0	0	0	54	0	
2	1062	-1.239093	-0.000366575	2756.631	-0.001525902	5	5	-1.240636	0	0	0	0	0	0	0	0	0	0	0	0	0	54	0	
2	1063	-1.23848	-0.000365226	2757.631	-0.001525902	5	5	-1.240137	0	0	0	0	0	0	0	0	0	0	0	0	0	54	0	
2	1064	-1.237867	-0.000363815	2758.631	-0.001525902	5	5	-1.239636	0	0	0	0	0	0	0	0	0	0	0	0	0	54	0	
2	1065	-1.23756	-0.000362282	2759.631	-0.001525902	5	5	-1.239136	0	0	0	0	0	0	0	0	0	0	0	0	0	54	0	
2	1066	-1.236946	-0.000361055	2760.631	-0.001525902	5	5	-1.238636	0	0	0	0	0	0	0	0	0	0	0	0	0	54	0	
2	1067	-1.236333	-0.000359583	2761.631	-0.001525902	5	5	-1.238137	0	0	0	0	0	0	0	0	0	0	0	0	0	54	0	
2	1068	-1.236026	-0.000358601	2762.631	-0.001525902	5	5	-1.237636	0	0	0	0	0	0	0	0	0	0	0	0	0	54	0	
2	1069	-1.235413	-0.000357006	2763.631	-0.001525902	5	5	-1.237136	0	0	0	0	0	0	0	0	0	0	0	0	0	54	0	
2	1070	-1.235106	-0.000355841	2764.631	-0.001525902	5	5	-1.236637	0	0	0	0	0	0	0	0	0	0	0	0	0	54	0	
2	1071	-1.234493	-0.000354368	2765.631	-0.001525902	5	5	-1.236136	0	0	0	0	0	0	0	0	0	0	0	0	0	54	0	
2	1072	-1.233879	-0.00035351	2766.631	-0.001525902	5	5	-1.235636	0	0	0	0	0	0	0	0	0	0	0	0	0	54	0	
2	1073	-1.233573	-0.00035216	2767.631	-0.001525902	5	5	-1.235137	0	0	0	0	0	0	0	0	0	0	0	0	0	54	0	
2	1074	-1.232959	-0.000350688	2768.631	-0.001525902	5	5	-1.234636	0	0	0	0	0	0	0	0	0	0	0	0	0	54	0	
2	1075	-1.232653	-0.0003494	2769.631	-0.001525902	5	5	-1.234136	0	0	0	0	0	0	0	0	0	0	0	0	0	54	0	
2	1076	-1.232039	-0.000348234	2770.631	-0.001525902	5	5	-1.233636	0	0	0	0	0	0	0	0	0	0	0	0	0	54	0	
2	1077	-1.231426	-0.00034713	2771.631	-0.001525902	5	5	-1.233136	0	0	0	0	0	0	0	0	0	0	0	0	0	54	0	
2	1078	-1.231119	-0.000345903	2772.631	-0.001525902	5	5	-1.232636	0	0	0	0	0	0	0	0	0	0	0	0	0	54	0	
2	1079	-1.230506	-0.000345106	2773.631	-0.001525902	5	5	-1.232136	0	0	0	0	0	0	0	0	0	0	0	0	0	54	0	
2	1080	-1.229892	-0.000343634	2774.631	-0.001525902	5	5	-1.231637	0	0	0	0	0	0	0	0	0	0	0	0	0	54	0	
2	1081	-1.229586	-0.00034253	2775.631	-0.001525902	5	5	-1.231136	0	0	0	0	0	0	0	0	0	0	0	0	0	54	0	
2	1082	-1.228972	-0.000341364	2776.631	-0.001525902	5	5	-1.23259	0	0	0	0	0	0	0	0	0	0	0	0	0	54	0	
2	1083	-1.228665	-0.000340015	2777.631	-0.001525902	5	5	-1.230137	0	0	0	0	0	0	0	0	0	0	0	0	0	54	0	
2	1084	-1.228052	-0.000338726	2778.631	-0.001525902	5	5	-1.229636	0	0	0	0	0	0	0	0	0	0	0	0	0	54	0	
2	1085	-1.227439	-0.000337438	2779.631	-0.001525902	5	5	-1.229136	0	0	0	0	0	0	0	0	0	0	0	0	0	54	0	
2	1086	-1.227132	-0.000336273	2780.631	-0.001525902	5	5	-1.228637	0	0	0	0	0	0	0	0	0	0	0	0	0	54	0	
2	1087	-1.226519	-0.000335169	2781.631	-0.001525902	5	5	-1.228136	0	0	0	0	0	0	0	0	0	0	0	0	0	54	0	
2	1088	-1.226212	-0.000333881	2782.631	-0.001525902	5	5	-1.227636	0	0	0	0	0	0	0	0	0	0	0	0	0	54	0	
2	1089	-1.225598	-0.000332592	2783.631	-0.001525902	5	5	-1.227136	0	0	0	0	0	0	0	0	0	0	0	0	0	54	0	
2	1090	-1.224985	-0.000331427	2784.631	-0.001525902	5	5	-1.226637	0	0	0	0	0	0	0	0	0	0	0	0	0	54	0	
2	1091	-1.224678	-0.000330077	2785.631	-0.001525902	5	5	-1.226136	0	0	0	0	0	0	0	0	0	0	0	0	0	54	0	
2	1092	-1.224065	-0.000329096	2786.631	-0.001525902	5	5	-1.225636	0	0	0	0	0	0	0	0	0	0	0	0	0	54	0	
2	1093	-1.223451	-0.000328114	2787.631	-0.001525902	5	5	-1.225137	0	0	0	0	0	0	0	0	0	0	0	0	0	54	0	
2	1094	-1.223145	-0.000327194	2788.631	-0.001525902	5	5	-1.224636	0	0	0	0	0	0	0	0	0	0	0	0	0	54	0	
2	1095	-1.222531	-0.000325967	2789.631	-0.001525902	5	5	-1.224136	0	0	0	0	0	0	0	0	0	0	0	0	0	54	0	
2	1096	-1.221918	-0.000325415	2790.631	-0.001525902	5	5	-1.223637	0	0	0	0	0	0	0	0	0	0	0	0	0	54	0	
2	1097	-1.221611	-0.000324434	2791.631	-0.001525902	5	5	-1.223136	0	0	0	0	0	0	0	0	0	0	0	0	0	54	0	
2	1098	-1.220998	-0.000323084	2792.631	-0.001525902	5	5	-1.222636	0	0	0	0	0	0	0	0	0	0	0	0	0	54	0	
2	1099	-1.220384	-0.000321796	2793.631	-0.001525902	5	5	-1.222136	0	0	0	0	0	0	0	0	0	0	0	0	0	54	0	
2	1100	-1.220078	-0.000320631	2794.631	-0.001525902	5	5	-1.221636	0	0	0	0	0	0	0	0	0	0	0	0	0	54	0	
2	1101	-1.219464	-0.000319833	2795.631	-0.001525902	5	5	-1.221136	0	0	0	0	0	0	0	0	0	0	0	0	0	54	0	
2	1102	-1.219158	-0.000318668	2796.631	-0.001525902	5	5	-1.220636	0	0	0	0	0	0	0	0	0	0	0	0	0	54	0	
2	1103	-1.218544	-0.000317748	2797.631	-0.001525902	5	5	-1.220137	0	0	0	0	0	0	0	0	0	0	0	0	0	54	0	
2	1104	-1.217931	-0.000316521	2798.631	-0.001525902	5	5	-1.219636	0	0	0	0	0	0	0	0	0	0	0	0	0	54	0	
2	1105	-1.217624	-0.000315539	2799.631	-0.001525902	5	5	-1.219136	0	0	0	0	0	0	0	0	0	0	0	0	0	54	0	
2	1106	-1.217011	-0.000314497	2800.631	-0.001525902	5	5	-1.218637	0	0	0	0	0	0	0	0	0	0	0	0	0	54	0	
2	1107	-1.216397	-0.00031327	2801.631	-0.001525902	5	5	-1.218136	0	0	0	0	0	0	0	0	0	0	0	0	0	54	0	
2	1108	-1.21609	-0.000312104	2802.631	-0.001525902	5	5	-1.217636	0	0	0	0	0	0	0	0	0	0	0	0	0	54	0	
2	1109	-1.215477	-0.000310571	2803.631	-0.001525902	5	5	-1.217137	0	0	0	0	0	0	0	0	0	0	0	0	0	54	0	
2	1110	-1.21517	-0.000309221	2804.631	-0.001525902	5	5	-1.216636	0	0	0	0	0	0	0	0	0	0	0	0	0	54	0	
2	1111	-1.214557	-0.000307872	2805.631	-0.001525902	5	5	-1.216136	0	0	0	0	0	0	0	0	0	0	0	0	0	54	0	
2	1112	-1.213943	-0.000306584	2806.631	-0.001525902	5	5	-1.215636	0	0	0	0	0	0	0	0	0	0	0	0	0	54	0	
2	1113	-1.213637	-0.000305357	2807.631	-0.001525902	5	5	-1.215137	0	0	0	0	0	0	0	0	0	0	0	0	0	54	0	
2	1114	-1.213023	-0.000304743	2808.631	-0.001525902	5	5	-1.214636	0	0	0	0	0	0	0	0	0	0	0	0	0	54	0	
2	1115	-1.21241	-0.000304069	2809.631	-0.001525902	5	5	-1.214136	0	0	0	0	0	0	0	0	0	0	0	0	0	54	0	
2	1116	-1.212103	-0.000302842	2810.631	-0.001525902	5	5	-1.213637	0	0	0	0	0	0	0	0	0	0	0	0	0	54	0	
2	1117	-1.21149	-0.000301615	2811.631	-0.001525902	5	5	-1.213136	0	0	0	0	0	0	0	0	0	0	0	0	0	54	0	
2	1118	-1.211183	-0.000300327	2812.631	-0.001525902	5	5	-1.212636	0	0	0	0	0	0	0	0	0	0	0	0	0	54	0	
2	1119	-1.21057	-0.000298916	2813.631	-0.001525902	5	5	-1.212137	0	0	0	0	0	0	0	0	0	0	0	0	0	54	0	
2	1120	-1.209956	-0.00029818	2814.631	-0.001525902	5	5	-1.211636	0	0	0	0	0	0	0	0	0	0	0	0	0	54	0	
2	1121	-1.20965	-0.000297137	2815.631	-0.001525902	5	5	-1.211136	0	0	0	0	0	0	0	0	0	0	0	0	0	54	0	
2	1122	-1.209036	-0.00029591	2816.631	-0.001525902	5	5	-1.210636	0	0	0	0	0	0	0	0	0	0	0	0	0	54	0	
2	1123	-1.208423	-0.000294683	2817.631	-0.001525902	5	5	-1.210137	0	0	0	0	0	0	0	0	0	0	0	0	0	54	0	
2	1124	-1.208116	-0.000293395	2818.631	-0.001525902	5	5	-1.209636	0	0	0	0	0	0	0	0	0	0	0	0	0	54	0	
2	1125	-1.207503	-0.00029223	2819.631	-0.001525902	5	5	-1.209136	0	0	0	0	0	0	0	0	0	0	0	0	0	54	0	
2	1126	-1.206889	-0.000291678	2820.631	-0.001525902	5	5	-1.208637	0	0	0	0	0	0	0	0	0	0	0	0	0	54	0	
2	1127	-1.206583	-0.000290696	2821.631	-0.001525902	5	5	-1.208136	0	0	0	0	0	0	0	0	0	0	0	0	0	54	0	
2	1128	-1.205969	-0.000289837	2822.631	-0.001525902	5	5	-1.207636	0	0	0	0	0	0	0	0	0	0	0	0	0	54	0	
2	1129	-1.205662	-0.000288979	2823.631	-0.001525902	5	5	-1.207137	0	0	0	0	0	0	0	0	0	0	0	0	0	54	0	
2	1130	-1.205049	-0.000289163	2824.631	-0.001525902	5	5	-1.206636	0	0	0	0	0	0	0	0	0	0	0	0	0	54	0	
2	1131	-1.204436	-0.000288733	2825.631	-0.001525902	5	5	-1.206136	0	0	0	0	0	0	0	0	0	0	0	0	0	54	0	
2	1132	-1.204129	-0.000288181	2826.631	-0.001525902	5	5	-1.205637	0	0	0	0	0	0	0	0	0	0	0	0	0	54	0	
2	1133	-1.203516	-0.000287936	2827.631	-0.001525902	5	5	-1.205136	0	0	0	0	0	0	0	0	0	0	0	0	0	54	0	
2	1134	-1.202902	-0.000287016	2828.631	-0.001525902	5	5	-1.204636	0	0	0	0	0	0	0	0	0	0	0	0	0	54	0	
2	1135	-1.202595	-0.000286341	2829.631	-0.001525902	5	5	-1.204136	0	0	0	0	0	0	0	0	0	0	0	0	0	54	0	
2	1136	-1.201982	-0.000285482	2830.631	-0.001525902	5	5	-1.203637	0	0	0	0	0	0	0	0	0	0	0	0	0	54	0	
2	1137	-1.201369	-0.000284869	2831.631	-0.001525902	5	5	-1.203136	0	0	0	0	0	0	0	0	0	0	0	0	0	54	0	
2	1138	-1.201062	-0.000284194	2832.631	-0.001525902	5	5	-1.202636	0	0	0	0	0	0	0	0	0	0	0	0	0	54	0	
2	1139	-1.200448	-0.000283213	2833.631	-0.001525902	5	5	-1.202137	0	0	0	0	0	0	0	0	0	0	0	0	0	54	0	
2	1140	-1.200142	-0.000282293	2834.631	-0.001525902	5	5	-1.201636	0	0	0	0	0	0	0	0	0	0	0	0	0	54	0	
2	1141	-1.199528	-0.000281434	2835.631	-0.001525902	5	5	-1.201136	0	0	0	0	0	0	0	0	0	0	0	0	0	54	0	
2	1142	-1.198915	-0.000280207	2836.631	-0.001525902	5	5	-1.200637	0	0	0	0	0	0	0	0	0	0	0	0	0	54	0	
2	1143	-1.198608	-0.000279287	2837.631	-0.001525902	5	5	-1.200136	0	0	0	0	0	0	0	0	0	0	0	0	0	54	0	
2	1144	-1.197995	-0.000278367	2838.631	-0.001525902	5	5	-1.199636	0	0	0	0	0	0	0	0	0	0	0	0	0	54	0	
2	1145	-1.197381	-0.000277447	2839.631	-0.001525902	5	5	-1.199136	0	0	0	0	0	0	0	0	0	0	0	0	0	54	0	
2	1146	-1.197075	-0.000276526	2840.631	-0.001525902	5	5	-1.198637	0	0	0	0	0	0	0	0	0	0	0	0	0	54	0	
2	1147	-1.196461	-0.000275606	2841.631	-0.001525902	5	5	-1.198136	0	0	0	0	0	0	0	0	0	0	0	0	0	54	0	
2	1148	-1.196155	-0.000274748	2842.631	-0.001525902	5	5	-1.197636	0	0	0	0	0	0	0	0	0	0	0	0	0	54	0	
2	1149	-1.195541	-0.000274318	2843.631	-0.001525902	5	5	-1.197137	0	0	0	0	0	0	0	0	0	0	0	0	0	54	0	
2	1150	-1.194928	-0.000273275	2844.631	-0.001525902	5	5	-1.196636	0	0	0	0	0	0	0	0	0	0	0	0	0	54	0	
2	1151	-1.194621	-0.000272355	2845.631	-0.001525902	5	5	-1.196136	0	0	0	0	0	0	0	0	0	0	0	0	0	54	0	
2	1152	-1.194008	-0.000271864	2846.631	-0.001525902	5	5	-1.195637	0	0	0	0	0	0	0	0	0	0	0	0	0	54	0	
2	1153	-1.193701	-0.00027076	2847.631	-0.001525902	5	5	-1.195136	0	0	0	0	0	0	0	0	0	0	0	0	0	54	0	
2	1154	-1.193087	-0.000269718	2848.631	-0.001525902	5	5	-1.194636	0	0	0	0	0	0	0	0	0	0	0	0	0	54	0	
2	1155	-1.192474	-0.000268491	2849.631	-0.001525902	5	5	-1.194137	0	0	0	0	0	0	0	0	0	0	0	0	0	54	0	
2	1156	-1.192167	-0.000266528	2850.631	-0.001525902	5	5	-1.193636	0	0	0	0	0	0	0	0	0	0	0	0	0	54	0	
2	1157	-1.191554	-0.000265792	2851.631	-0.001525902	5	5	-1.193136	0	0	0	0	0	0	0	0	0	0	0	0	0	54	0	
2	1158	-1.19094	-0.000264933	2852.631	-0.001525902	5	5	-1.192636	0	0	0	0	0	0	0	0	0	0	0	0	0	54	0	
2	1159	-1.190634	-0.000264136	2853.631	-0.001525902	5	5	-1.192137	0	0	0	0	0	0	0	0	0	0	0	0	0	54	0	
2	1160	-1.19002	-0.000263767	2854.631	-0.001525902	5	5	-1.191636	0	0	0	0	0	0	0	0	0	0	0	0	0	54	0	
2	1161	-1.189714	-0.000263093	2855.631	-0.001525902	5	5	-1.191136	0	0	0	0	0	0	0	0	0	0	0	0	0	54	0	
2	1162	-1.1891	-0.000262357	2856.631	-0.001525902	5	5	-1.190637	0	0	0	0	0	0	0	0	0	0	0	0	0	54	0	
2	1163	-1.188487	-0.000262357	2857.631	-0.001525902	5	5	-1.190136	0	0	0	0	0	0	0	0	0	0	0	0	0	54	0	
2	1164	-1.18818	-0.000262663	2858.631	-0.001525902	5	5	-1.189636	0	0	0	0	0	0	0	0	0	0	0	0	0	54	0	
2	1165	-1.187567	-0.000262173	2859.631	-0.001525902	5	5	-1.189137	0	0	0	0	0	0	0	0	0	0	0	0	0	54	0	
2	1166	-1.18726	-0.000261375	2860.631	-0.001525902	5	5	-1.188636	0	0	0	0	0	0	0	0	0	0	0	0	0	54	0	
2	1167	-1.186647	-0.000260394	2861.631	-0.001525902	5	5	-1.188136	0	0	0	0	0	0	0	0	0	0	0	0	0	54	0	
2	1168	-1.186033	-0.000259842	2862.631	-0.001525902	5	5	-1.187636	0	0	0	0	0	0	0	0	0	0	0	0	0	54	0	
2	1169	-1.18542	-0.000259044	2863.631	-0.001525902	5	5	-1.187137	0	0	0	0	0	0	0	0	0	0	0	0	0	54	0	
2	1170	-1.185113	-0.000258063	2864.631	-0.001525902	5	5	-1.186636	0	0	0	0	0	0	0	0	0	0	0	0	0	54	0	
2	1171	-1.1845	-0.000257081	2865.631	-0.001525902	5	5	-1.186136	0	0	0	0	0	0	0	0	0	0	0	0	0	54	0	
2	1172	-1.184193	-0.000256591	2866.631	-0.001525902	5	5	-1.185637	0	0	0	0	0	0	0	0	0	0	0	0	0	54	0	
2	1173	-1.18358	-0.000255425	2867.631	-0.001525902	5	5	-1.185136	0	0	0	0	0	0	0	0	0	0	0	0	0	54	0	
2	1174	-1.182966	-0.000254444	2868.631	-0.001525902	5	5	-1.184636	0	0	0	0	0	0	0	0	0	0	0	0	0	54	0	
2	1175	-1.18266	-0.000253462	2869.631	-0.001525902	5	5	-1.184137	0	0	0	0	0	0	0	0	0	0	0	0	0	54	0	
2	1176	-1.182046	-0.000252419	2870.631	-0.001525902	5	5	-1.183636	0	0	0	0	0	0	0	0	0	0	0	0	0	54	0	
2	1177	-1.181433	-0.000251622	2871.631	-0.001525902	5	5	-1.183136	0	0	0	0	0	0	0	0	0	0	0	0	0	54	0	
2	1178	-1.181126	-0.000250824	2872.631	-0.001525902	5	5	-1.182636	0	0	0	0	0	0	0	0	0	0	0	0	0	54	0	
2	1179	-1.180819	-0.000249966	2873.631	-0.001525902	5	5	-1.182136	0	0	0	0	0	0	0	0	0	0	0	0	0	54	0	
2	1180	-1.180206	-0.000249168	2874.631	-0.001525902	5	5	-1.181636	0	0	0	0	0	0	0	0	0	0	0	0	0	54	0	
2	1181	-1.179592	-0.000248616	2875.631	-0.001525902	5	5	-1.181136	0	0	0	0	0	0	0	0	0	0	0	0	0	54	0	
2	1182	-1.178979	-0.000247757	2876.631	-0.001525902	5	5	-1.180637	0	0	0	0	0	0	0	0	0	0	0	0	0	54	0	
2	1183	-1.178672	-0.000246837	2877.631	-0.001525902	5	5	-1.180136	0	0	0	0	0	0	0	0	0	0	0	0	0	54	0	
2	1184	-1.178366	-0.00024604	2878.631	-0.001525902	5	5	-1.179636	0	0	0	0	0	0	0	0	0	0	0	0	0	54	0	
2	1185	-1.177752	-0.000245794	2879.631	-0.001525902	5	5	-1.179137	0	0	0	0	0	0	0	0	0	0	0	0	0	54	0	
2	1186	-1.177139	-0.000245242	2880.631	-0.001525902	5	5	-1.178636	0	0	0	0	0	0	0	0	0	0	0	0	0	54	0	
2	1187	-1.176525	-0.000244322	2881.631	-0.001525902	5	5	-1.178136	0	0	0	0	0	0	0	0	0	0	0	0	0	54	0	
2	1188	-1.176219	-0.000243463	2882.631	-0.001525902	5	5	-1.177637	0	0	0	0	0	0	0	0	0	0	0	0	0	54	0	
2	1189	-1.175605	-0.000242543	2883.631	-0.001525902	5	5	-1.177136	0	0	0	0	0	0	0	0	0	0	0	0	0	54	0	
2	1190	-1.175299	-0.000241746	2884.631	-0.001525902	5	5	-1.176636	0	0	0	0	0	0	0	0	0	0	0	0	0	54	0	
2	1191	-1.174685	-0.000241255	2885.631	-0.001525902	5	5	-1.176136	0	0	0	0	0	0	0	0	0	0	0	0	0	54	0	
2	1192	-1.174378	-0.000240335	2886.631	-0.001525902	5	5	-1.175637	0	0	0	0	0	0	0	0	0	0	0	0	0	54	0	
2	1193	-1.173765	-0.000239476	2887.631	-0.001525902	5	5	-1.175136	0	0	0	0	0	0	0	0	0	0	0	0	0	54	0	
2	1194	-1.173152	-0.000238802	2888.631	-0.001525902	5	5	-1.174636	0	0	0	0	0	0	0	0	0	0	0	0	0	54	0	
2	1195	-1.172845	-0.000238127	2889.631	-0.001525902	5	5	-1.174137	0	0	0	0	0	0	0	0	0	0	0	0	0	54	0	
2	1196	-1.172231	-0.000237207	2890.631	-0.001525902	5	5	-1.173636	0	0	0	0	0	0	0	0	0	0	0	0	0	54	0	
2	1197	-1.171618	-0.000236409	2891.631	-0.001525902	5	5	-1.173136	0	0	0	0	0	0	0	0	0	0	0	0	0	54	0	
2	1198	-1.171311	-0.000235734	2892.631	-0.001525902	5	5	-1.172637	0	0	0	0	0	0	0	0	0	0	0	0	0	54	0	
2	1199	-1.170698	-0.00023506	2893.631	-0.001525902	5	5	-1.172136	0	0	0	0	0	0	0	0	0	0	0	0	0	54	0	
2	1200	-1.170391	-0.000234324	2894.631	-0.001525902	5	5	-1.171636	0	0	0	0	0	0	0	0	0	0	0	0	0	54	0	
2	1201	-1.169778	-0.000234017	2895.631	-0.001525902	5	5	-1.171136	0	0	0	0	0	0	0	0	0	0	0	0	0	54	0	
2	1202	-1.169164	-0.000233097	2896.631	-0.001525902	5	5	-1.170636	0	0	0	0	0	0	0	0	0	0	0	0	0	54	0	
2	1203	-1.168858	-0.000232238	2897.631	-0.001525902	5	5	-1.170136	0	0	0	0	0	0	0	0	0	0	0	0	0	54	0	
2	1204	-1.168244	-0.000231441	2898.631	-0.001525902	5	5	-1.169636	0	0	0	0	0	0	0	0	0	0	0	0	0	54	0	
2	1205	-1.167631	-0.000230704	2899.631	-0.001525902	5	5	-1.169137	0	0	0	0	0	0	0	0	0	0	0	0	0	54	0	
2	1206	-1.167324	-0.000229846	2900.631	-0.001525902	5	5	-1.168636	0	0	0	0	0	0	0	0	0	0	0	0	0	54	0	
2	1207	-1.166711	-0.000228926	2901.631	-0.001525902	5	5	-1.17009	0	0	0	0	0	0	0	0	0	0	0	0	0	54	0	
2	1208	-1.166404	-0.000228067	2902.631	-0.001525902	5	5	-1.167637	0	0	0	0	0	0	0	0	0	0	0	0	0	54	0	
2	1209	-1.165791	-0.000227392	2903.631	-0.001525902	5	5	-1.167136	0	0	0	0	0	0	0	0	0	0	0	0	0	54	0	
2	1210	-1.165177	-0.000226779	2904.631	-0.001525902	5	5	-1.166636	0	0	0	0	0	0	0	0	0	0	0	0	0	54	0	
2	1211	-1.164871	-0.000226043	2905.631	-0.001525902	5	5	-1.166137	0	0	0	0	0	0	0	0	0	0	0	0	0	54	0	
2	1212	-1.164257	-0.000225368	2906.631	-0.001525902	5	5	-1.165636	0	0	0	0	0	0	0	0	0	0	0	0	0	54	0	
2	1213	-1.163644	-0.000224816	2907.631	-0.001525902	5	5	-1.165136	0	0	0	0	0	0	0	0	0	0	0	0	0	54	0	
2	1214	-1.163337	-0.000223957	2908.631	-0.001525902	5	5	-1.164636	0	0	0	0	0	0	0	0	0	0	0	0	0	54	0	
2	1215	-1.162724	-0.00022316	2909.631	-0.001525902	5	5	-1.164137	0	0	0	0	0	0	0	0	0	0	0	0	0	54	0	
2	1216	-1.162417	-0.000222301	2910.631	-0.001525902	5	5	-1.163636	0	0	0	0	0	0	0	0	0	0	0	0	0	54	0	
2	1217	-1.161803	-0.000221994	2911.631	-0.001525902	5	5	-1.163136	0	0	0	0	0	0	0	0	0	0	0	0	0	54	0	
2	1218	-1.161497	-0.000221197	2912.631	-0.001525902	5	5	-1.162637	0	0	0	0	0	0	0	0	0	0	0	0	0	54	0	
2	1219	-1.160883	-0.000220583	2913.631	-0.001525902	5	5	-1.162136	0	0	0	0	0	0	0	0	0	0	0	0	0	54	0	
2	1220	-1.16027	-0.000219786	2914.631	-0.001525902	5	5	-1.161636	0	0	0	0	0	0	0	0	0	0	0	0	0	54	0	
2	1221	-1.159657	-0.00021905	2915.631	-0.001525902	5	5	-1.161137	0	0	0	0	0	0	0	0	0	0	0	0	0	54	0	
2	1222	-1.15935	-0.000218375	2916.631	-0.001525902	5	5	-1.160636	0	0	0	0	0	0	0	0	0	0	0	0	0	54	0	
2	1223	-1.158736	-0.000217823	2917.631	-0.001525902	5	5	-1.160136	0	0	0	0	0	0	0	0	0	0	0	0	0	54	0	
2	1224	-1.15843	-0.000217025	2918.631	-0.001525902	5	5	-1.159636	0	0	0	0	0	0	0	0	0	0	0	0	0	54	0	
2	1225	-1.157816	-0.000216351	2919.631	-0.001525902	5	5	-1.159136	0	0	0	0	0	0	0	0	0	0	0	0	0	54	0	
2	1226	-1.157203	-0.00021586	2920.631	-0.001525902	5	5	-1.158636	0	0	0	0	0	0	0	0	0	0	0	0	0	54	0	
2	1227	-1.156896	-0.000215185	2921.631	-0.001525902	5	5	-1.158136	0	0	0	0	0	0	0	0	0	0	0	0	0	54	0	
2	1228	-1.156283	-0.000214449	2922.631	-0.001525902	5	5	-1.157637	0	0	0	0	0	0	0	0	0	0	0	0	0	54	0	
2	1229	-1.155976	-0.00021402	2923.631	-0.001525902	5	5	-1.157136	0	0	0	0	0	0	0	0	0	0	0	0	0	54	0	
2	1230	-1.155363	-0.000213345	2924.631	-0.001525902	5	5	-1.156636	0	0	0	0	0	0	0	0	0	0	0	0	0	54	0	
2	1231	-1.154749	-0.00021267	2925.631	-0.001525902	5	5	-1.156137	0	0	0	0	0	0	0	0	0	0	0	0	0	54	0	
2	1232	-1.154443	-0.000211995	2926.631	-0.001525902	5	5	-1.155636	0	0	0	0	0	0	0	0	0	0	0	0	0	54	0	
2	1233	-1.153829	-0.000211321	2927.631	-0.001525902	5	5	-1.155136	0	0	0	0	0	0	0	0	0	0	0	0	0	54	0	
2	1234	-1.153216	-0.000210646	2928.631	-0.001525902	5	5	-1.154637	0	0	0	0	0	0	0	0	0	0	0	0	0	54	0	
2	1235	-1.152909	-0.000210523	2929.631	-0.001525902	5	5	-1.154136	0	0	0	0	0	0	0	0	0	0	0	0	0	54	0	
2	1236	-1.152296	-0.00020991	2930.631	-0.001525902	5	5	-1.153636	0	0	0	0	0	0	0	0	0	0	0	0	0	54	0	
2	1237	-1.151682	-0.000209419	2931.631	-0.001525902	5	5	-1.153136	0	0	0	0	0	0	0	0	0	0	0	0	0	54	0	
2	1238	-1.151375	-0.000208806	2932.631	-0.001525902	5	5	-1.152637	0	0	0	0	0	0	0	0	0	0	0	0	0	54	0	
2	1239	-1.150762	-0.00020807	2933.631	-0.001525902	5	5	-1.152136	0	0	0	0	0	0	0	0	0	0	0	0	0	54	0	
2	1240	-1.150455	-0.000207518	2934.631	-0.001525902	5	5	-1.151636	0	0	0	0	0	0	0	0	0	0	0	0	0	54	0	
2	1241	-1.149842	-0.000206781	2935.631	-0.001525902	5	5	-1.151137	0	0	0	0	0	0	0	0	0	0	0	0	0	54	0	
2	1242	-1.149228	-0.000206229	2936.631	-0.001525902	5	5	-1.150636	0	0	0	0	0	0	0	0	0	0	0	0	0	54	0	
2	1243	-1.148922	-0.000205616	2937.631	-0.001525902	5	5	-1.150136	0	0	0	0	0	0	0	0	0	0	0	0	0	54	0	
2	1244	-1.148308	-0.000205003	2938.631	-0.001525902	5	5	-1.149637	0	0	0	0	0	0	0	0	0	0	0	0	0	54	0	
2	1245	-1.147695	-0.00020445	2939.631	-0.001525902	5	5	-1.149136	0	0	0	0	0	0	0	0	0	0	0	0	0	54	0	
2	1246	-1.147081	-0.00020396	2940.631	-0.001525902	5	5	-1.148636	0	0	0	0	0	0	0	0	0	0	0	0	0	54	0	
2	1247	-1.146775	-0.000203469	2941.631	-0.001525902	5	5	-1.148136	0	0	0	0	0	0	0	0	0	0	0	0	0	54	0	
2	1248	-1.146161	-0.000202978	2942.631	-0.001525902	5	5	-1.147636	0	0	0	0	0	0	0	0	0	0	0	0	0	54	0	
2	1249	-1.145855	-0.000202365	2943.631	-0.001525902	5	5	-1.147136	0	0	0	0	0	0	0	0	0	0	0	0	0	54	0	
2	1250	-1.145241	-0.000201935	2944.631	-0.001525902	5	5	-1.146636	0	0	0	0	0	0	0	0	0	0	0	0	0	54	0	
2	1251	-1.144628	-0.000201322	2945.631	-0.001525902	5	5	-1.146137	0	0	0	0	0	0	0	0	0	0	0	0	0	54	0	
2	1252	-1.144321	-0.00020077	2946.631	-0.001525902	5	5	-1.145636	0	0	0	0	0	0	0	0	0	0	0	0	0	54	0	
2	1253	-1.144014	-0.000200525	2947.631	-0.001525902	5	5	-1.145136	0	0	0	0	0	0	0	0	0	0	0	0	0	54	0	
2	1254	-1.143401	-0.000199973	2948.631	-0.001525902	5	5	-1.144637	0	0	0	0	0	0	0	0	0	0	0	0	0	54	0	
2	1255	-1.142788	-0.000200157	2949.631	-0.001525902	5	5	-1.144136	0	0	0	0	0	0	0	0	0	0	0	0	0	54	0	
2	1256	-1.142174	-0.000199727	2950.631	-0.001525902	5	5	-1.143636	0	0	0	0	0	0	0	0	0	0	0	0	0	54	0	
2	1257	-1.141868	-0.000199236	2951.631	-0.001525902	5	5	-1.143137	0	0	0	0	0	0	0	0	0	0	0	0	0	54	0	
2	1258	-1.141254	-0.000198807	2952.631	-0.001525902	5	5	-1.142636	0	0	0	0	0	0	0	0	0	0	0	0	0	54	0	
2	1259	-1.140947	-0.000198439	2953.631	-0.001525902	5	5	-1.142136	0	0	0	0	0	0	0	0	0	0	0	0	0	54	0	
2	1260	-1.140334	-0.000197826	2954.631	-0.001525902	5	5	-1.141636	0	0	0	0	0	0	0	0	0	0	0	0	0	54	0	
2	1261	-1.139721	-0.000197274	2955.631	-0.001525902	5	5	-1.141137	0	0	0	0	0	0	0	0	0	0	0	0	0	54	0	
2	1262	-1.139414	-0.000196783	2956.631	-0.001525902	5	5	-1.140636	0	0	0	0	0	0	0	0	0	0	0	0	0	54	0	
2	1263	-1.138801	-0.000196231	2957.631	-0.001525902	5	5	-1.140136	0	0	0	0	0	0	0	0	0	0	0	0	0	54	0	
2	1264	-1.138187	-0.00019574	2958.631	-0.001525902	5	5	-1.139637	0	0	0	0	0	0	0	0	0	0	0	0	0	54	0	
2	1265	-1.13788	-0.000195249	2959.631	-0.001525902	5	5	-1.139136	0	0	0	0	0	0	0	0	0	0	0	0	0	54	0	
2	1266	-1.137267	-0.000194697	2960.631	-0.001525902	5	5	-1.138636	0	0	0	0	0	0	0	0	0	0	0	0	0	54	0	
2	1267	-1.13696	-0.000194206	2961.631	-0.001525902	5	5	-1.138137	0	0	0	0	0	0	0	0	0	0	0	0	0	54	0	
2	1268	-1.136347	-0.0001939	2962.631	-0.001525902	5	5	-1.137636	0	0	0	0	0	0	0	0	0	0	0	0	0	54	0	
2	1269	-1.135733	-0.000193409	2963.631	-0.001525902	5	5	-1.137136	0	0	0	0	0	0	0	0	0	0	0	0	0	54	0	
2	1270	-1.135427	-0.000193102	2964.631	-0.001525902	5	5	-1.136636	0	0	0	0	0	0	0	0	0	0	0	0	0	54	0	
2	1271	-1.134813	-0.00019255	2965.631	-0.001525902	5	5	-1.136136	0	0	0	0	0	0	0	0	0	0	0	0	0	54	0	
2	1272	-1.134507	-0.00019206	2966.631	-0.001525902	5	5	-1.135636	0	0	0	0	0	0	0	0	0	0	0	0	0	54	0	
2	1273	-1.133893	-0.000191507	2967.631	-0.001525902	5	5	-1.135136	0	0	0	0	0	0	0	0	0	0	0	0	0	54	0	
2	1274	-1.13328	-0.000190955	2968.631	-0.001525902	5	5	-1.134637	0	0	0	0	0	0	0	0	0	0	0	0	0	54	0	
2	1275	-1.132666	-0.000190526	2969.631	-0.001525902	5	5	-1.134136	0	0	0	0	0	0	0	0	0	0	0	0	0	54	0	
2	1276	-1.13236	-0.000189913	2970.631	-0.001525902	5	5	-1.133636	0	0	0	0	0	0	0	0	0	0	0	0	0	54	0	
2	1277	-1.131746	-0.000189299	2971.631	-0.001525902	5	5	-1.133137	0	0	0	0	0	0	0	0	0	0	0	0	0	54	0	
2	1278	-1.13144	-0.000188808	2972.631	-0.001525902	5	5	-1.132636	0	0	0	0	0	0	0	0	0	0	0	0	0	54	0	
2	1279	-1.130826	-0.000188379	2973.631	-0.001525902	5	5	-1.132136	0	0	0	0	0	0	0	0	0	0	0	0	0	54	0	
2	1280	-1.130213	-0.00018844	2974.631	-0.001525902	5	5	-1.131637	0	0	0	0	0	0	0	0	0	0	0	0	0	54	0	
2	1281	-1.129906	-0.00018795	2975.631	-0.001525902	5	5	-1.131136	0	0	0	0	0	0	0	0	0	0	0	0	0	54	0	
2	1282	-1.129293	-0.000187398	2976.631	-0.001525902	5	5	-1.130636	0	0	0	0	0	0	0	0	0	0	0	0	0	54	0	
2	1283	-1.128679	-0.000186907	2977.631	-0.001525902	5	5	-1.130136	0	0	0	0	0	0	0	0	0	0	0	0	0	54	0	
2	1284	-1.128372	-0.000186416	2978.631	-0.001525902	5	5	-1.129637	0	0	0	0	0	0	0	0	0	0	0	0	0	54	0	
2	1285	-1.127759	-0.000185987	2979.631	-0.001525902	5	5	-1.129136	0	0	0	0	0	0	0	0	0	0	0	0	0	54	0	
2	1286	-1.127146	-0.000185435	2980.631	-0.001525902	5	5	-1.128636	0	0	0	0	0	0	0	0	0	0	0	0	0	54	0	
2	1287	-1.126839	-0.000184944	2981.631	-0.001525902	5	5	-1.128137	0	0	0	0	0	0	0	0	0	0	0	0	0	54	0	
2	1288	-1.126225	-0.000184515	2982.631	-0.001525902	5	5	-1.127636	0	0	0	0	0	0	0	0	0	0	0	0	0	54	0	
2	1289	-1.125919	-0.000184024	2983.631	-0.001525902	5	5	-1.127136	0	0	0	0	0	0	0	0	0	0	0	0	0	54	0	
2	1290	-1.125305	-0.00018384	2984.631	-0.001525902	5	5	-1.126637	0	0	0	0	0	0	0	0	0	0	0	0	0	54	0	
2	1291	-1.124692	-0.000183288	2985.631	-0.001525902	5	5	-1.126136	0	0	0	0	0	0	0	0	0	0	0	0	0	54	0	
2	1292	-1.124385	-0.000182981	2986.631	-0.001525902	5	5	-1.125636	0	0	0	0	0	0	0	0	0	0	0	0	0	54	0	
2	1293	-1.123772	-0.000182552	2987.631	-0.001525902	5	5	-1.125136	0	0	0	0	0	0	0	0	0	0	0	0	0	54	0	
2	1294	-1.123465	-0.000182122	2988.631	-0.001525902	5	5	-1.124636	0	0	0	0	0	0	0	0	0	0	0	0	0	54	0	
2	1295	-1.122852	-0.000181631	2989.631	-0.001525902	5	5	-1.124136	0	0	0	0	0	0	0	0	0	0	0	0	0	54	0	
2	1296	-1.122238	-0.000181141	2990.631	-0.001525902	5	5	-1.123636	0	0	0	0	0	0	0	0	0	0	0	0	0	54	0	
2	1297	-1.121932	-0.000180711	2991.631	-0.001525902	5	5	-1.123137	0	0	0	0	0	0	0	0	0	0	0	0	0	54	0	
2	1298	-1.121318	-0.000180282	2992.631	-0.001525902	5	5	-1.122636	0	0	0	0	0	0	0	0	0	0	0	0	0	54	0	
2	1299	-1.120705	-0.000179914	2993.631	-0.001525902	5	5	-1.122136	0	0	0	0	0	0	0	0	0	0	0	0	0	54	0	
2	1300	-1.120398	-0.000179362	2994.631	-0.001525902	5	5	-1.121637	0	0	0	0	0	0	0	0	0	0	0	0	0	54	0	
2	1301	-1.119785	-0.000178932	2995.631	-0.001525902	5	5	-1.121136	0	0	0	0	0	0	0	0	0	0	0	0	0	54	0	
2	1302	-1.119478	-0.000178503	2996.631	-0.001525902	5	5	-1.120636	0	0	0	0	0	0	0	0	0	0	0	0	0	54	0	
2	1303	-1.118865	-0.000178135	2997.631	-0.001525902	5	5	-1.120136	0	0	0	0	0	0	0	0	0	0	0	0	0	54	0	
2	1304	-1.118558	-0.000177828	2998.631	-0.001525902	5	5	-1.119636	0	0	0	0	0	0	0	0	0	0	0	0	0	54	0	
2	1305	-1.117944	-0.000177828	2999.631	-0.001525902	5	5	-1.119136	0	0	0	0	0	0	0	0	0	0	0	0	0	54	0	
2	1306	-1.117331	-0.000177399	3000.631	-0.001525902	5	5	-1.118636	0	0	0	0	0	0	0	0	0	0	0	0	0	54	0	
2	1307	-1.117024	-0.000177092	3001.631	-0.001525902	5	5	-1.118137	0	0	0	0	0	0	0	0	0	0	0	0	0	54	0	
2	1308	-1.116411	-0.000176663	3002.631	-0.001525902	5	5	-1.117636	0	0	0	0	0	0	0	0	0	0	0	0	0	54	0	
2	1309	-1.115798	-0.000176295	3003.631	-0.001525902	5	5	-1.117136	0	0	0	0	0	0	0	0	0	0	0	0	0	54	0	
2	1310	-1.115491	-0.000175865	3004.631	-0.001525902	5	5	-1.116637	0	0	0	0	0	0	0	0	0	0	0	0	0	54	0	
2	1311	-1.114877	-0.000175497	3005.631	-0.001525902	5	5	-1.116136	0	0	0	0	0	0	0	0	0	0	0	0	0	54	0	
2	1312	-1.114264	-0.000175191	3006.631	-0.001525902	5	5	-1.115636	0	0	0	0	0	0	0	0	0	0	0	0	0	54	0	
2	1313	-1.113957	-0.000174761	3007.631	-0.001525902	5	5	-1.115137	0	0	0	0	0	0	0	0	0	0	0	0	0	54	0	
2	1314	-1.113344	-0.000174393	3008.631	-0.001525902	5	5	-1.114636	0	0	0	0	0	0	0	0	0	0	0	0	0	54	0	
2	1315	-1.11273	-0.000174209	3009.631	-0.001525902	5	5	-1.114136	0	0	0	0	0	0	0	0	0	0	0	0	0	54	0	
2	1316	-1.112424	-0.000173902	3010.631	-0.001525902	5	5	-1.113636	0	0	0	0	0	0	0	0	0	0	0	0	0	54	0	
2	1317	-1.11181	-0.000173534	3011.631	-0.001525902	5	5	-1.113136	0	0	0	0	0	0	0	0	0	0	0	0	0	54	0	
2	1318	-1.111504	-0.000173105	3012.631	-0.001525902	5	5	-1.112636	0	0	0	0	0	0	0	0	0	0	0	0	0	54	0	
2	1319	-1.11089	-0.000172737	3013.631	-0.001525902	5	5	-1.112136	0	0	0	0	0	0	0	0	0	0	0	0	0	54	0	
2	1320	-1.110277	-0.000172369	3014.631	-0.001525902	5	5	-1.111637	0	0	0	0	0	0	0	0	0	0	0	0	0	54	0	
2	1321	-1.10997	-0.000172001	3015.631	-0.001525902	5	5	-1.111136	0	0	0	0	0	0	0	0	0	0	0	0	0	54	0	
2	1322	-1.109357	-0.000171694	3016.631	-0.001525902	5	5	-1.110636	0	0	0	0	0	0	0	0	0	0	0	0	0	54	0	
2	1323	-1.108743	-0.000171265	3017.631	-0.001525902	5	5	-1.110137	0	0	0	0	0	0	0	0	0	0	0	0	0	54	0	
2	1324	-1.108437	-0.000170897	3018.631	-0.001525902	5	5	-1.109636	0	0	0	0	0	0	0	0	0	0	0	0	0	54	0	
2	1325	-1.107823	-0.000170467	3019.631	-0.001525902	5	5	-1.109136	0	0	0	0	0	0	0	0	0	0	0	0	0	54	0	
2	1326	-1.107516	-0.000170099	3020.631	-0.001525902	5	5	-1.108636	0	0	0	0	0	0	0	0	0	0	0	0	0	54	0	
2	1327	-1.106903	-0.000169793	3021.631	-0.001525902	5	5	-1.108136	0	0	0	0	0	0	0	0	0	0	0	0	0	54	0	
2	1328	-1.106596	-0.000169425	3022.631	-0.001525902	5	5	-1.107636	0	0	0	0	0	0	0	0	0	0	0	0	0	54	0	
2	1329	-1.105983	-0.000168995	3023.631	-0.001525902	5	5	-1.107136	0	0	0	0	0	0	0	0	0	0	0	0	0	54	0	
2	1330	-1.105369	-0.000168566	3024.631	-0.001525902	5	5	-1.106637	0	0	0	0	0	0	0	0	0	0	0	0	0	54	0	
2	1331	-1.104756	-0.000168198	3025.631	-0.001525902	5	5	-1.106136	0	0	0	0	0	0	0	0	0	0	0	0	0	54	0	
2	1332	-1.104449	-0.00016783	3026.631	-0.001525902	5	5	-1.10759	0	0	0	0	0	0	0	0	0	0	0	0	0	54	0	
2	1333	-1.103836	-0.000167462	3027.631	-0.001525902	5	5	-1.105137	0	0	0	0	0	0	0	0	0	0	0	0	0	54	0	
2	1334	-1.103529	-0.000167094	3028.631	-0.001525902	5	5	-1.104636	0	0	0	0	0	0	0	0	0	0	0	0	0	54	0	
2	1335	-1.102916	-0.000166787	3029.631	-0.001525902	5	5	-1.104136	0	0	0	0	0	0	0	0	0	0	0	0	0	54	0	
2	1336	-1.102302	-0.000166419	3030.631	-0.001525902	5	5	-1.103637	0	0	0	0	0	0	0	0	0	0	0	0	0	54	0	
2	1337	-1.101689	-0.000166358	3031.631	-0.001525902	5	5	-1.103136	0	0	0	0	0	0	0	0	0	0	0	0	0	54	0	
2	1338	-1.101382	-0.000165928	3032.631	-0.001525902	5	5	-1.102636	0	0	0	0	0	0	0	0	0	0	0	0	0	54	0	
2	1339	-1.100769	-0.000165499	3033.631	-0.001525902	5	5	-1.102136	0	0	0	0	0	0	0	0	0	0	0	0	0	54	0	
2	1340	-1.100462	-0.000165131	3034.631	-0.001525902	5	5	-1.101636	0	0	0	0	0	0	0	0	0	0	0	0	0	54	0	
2	1341	-1.099849	-0.000164763	3035.631	-0.001525902	5	5	-1.101136	0	0	0	0	0	0	0	0	0	0	0	0	0	54	0	
2	1342	-1.099235	-0.000164333	3036.631	-0.001525902	5	5	-1.100636	0	0	0	0	0	0	0	0	0	0	0	0	0	54	0	
2	1343	-1.098929	-0.000163904	3037.631	-0.001525902	5	5	-1.100137	0	0	0	0	0	0	0	0	0	0	0	0	0	54	0	
2	1344	-1.098315	-0.000163536	3038.631	-0.001525902	5	5	-1.099636	0	0	0	0	0	0	0	0	0	0	0	0	0	54	0	
2	1345	-1.097702	-0.000163168	3039.631	-0.001525902	5	5	-1.099136	0	0	0	0	0	0	0	0	0	0	0	0	0	54	0	
2	1346	-1.097395	-0.000162738	3040.631	-0.001525902	5	5	-1.098637	0	0	0	0	0	0	0	0	0	0	0	0	0	54	0	
2	1347	-1.096782	-0.000162554	3041.631	-0.001525902	5	5	-1.098136	0	0	0	0	0	0	0	0	0	0	0	0	0	54	0	
2	1348	-1.096475	-0.000162186	3042.631	-0.001525902	5	5	-1.097636	0	0	0	0	0	0	0	0	0	0	0	0	0	54	0	
2	1349	-1.095862	-0.000161818	3043.631	-0.001525902	5	5	-1.097136	0	0	0	0	0	0	0	0	0	0	0	0	0	54	0	
2	1350	-1.095248	-0.000161512	3044.631	-0.001525902	5	5	-1.096636	0	0	0	0	0	0	0	0	0	0	0	0	0	54	0	
2	1351	-1.094941	-0.000161266	3045.631	-0.001525902	5	5	-1.096136	0	0	0	0	0	0	0	0	0	0	0	0	0	54	0	
2	1352	-1.094328	-0.000160959	3046.631	-0.001525902	5	5	-1.095636	0	0	0	0	0	0	0	0	0	0	0	0	0	54	0	
2	1353	-1.093715	-0.00016053	3047.631	-0.001525902	5	5	-1.095137	0	0	0	0	0	0	0	0	0	0	0	0	0	54	0	
2	1354	-1.093408	-0.000160101	3048.631	-0.001525902	5	5	-1.094636	0	0	0	0	0	0	0	0	0	0	0	0	0	54	0	
2	1355	-1.092795	-0.000159733	3049.631	-0.001525902	5	5	-1.094136	0	0	0	0	0	0	0	0	0	0	0	0	0	54	0	
2	1356	-1.092181	-0.000159303	3050.631	-0.001525902	5	5	-1.093637	0	0	0	0	0	0	0	0	0	0	0	0	0	54	0	
2	1357	-1.091874	-0.000159058	3051.631	-0.001525902	5	5	-1.093136	0	0	0	0	0	0	0	0	0	0	0	0	0	54	0	
2	1358	-1.091568	-0.000158874	3052.631	-0.001525902	5	5	-1.092636	0	0	0	0	0	0	0	0	0	0	0	0	0	54	0	
2	1359	-1.090954	-0.000158751	3053.631	-0.001525902	5	5	-1.092137	0	0	0	0	0	0	0	0	0	0	0	0	0	54	0	
2	1360	-1.090341	-0.000158629	3054.631	-0.001525902	5	5	-1.091636	0	0	0	0	0	0	0	0	0	0	0	0	0	54	0	
2	1361	-1.089727	-0.00015869	3055.631	-0.001525902	5	5	-1.091136	0	0	0	0	0	0	0	0	0	0	0	0	0	54	0	
2	1362	-1.089421	-0.000158629	3056.631	-0.001525902	5	5	-1.090636	0	0	0	0	0	0	0	0	0	0	0	0	0	54	0	
2	1363	-1.088807	-0.000158567	3057.631	-0.001525902	5	5	-1.090136	0	0	0	0	0	0	0	0	0	0	0	0	0	54	0	
2	1364	-1.088194	-0.000158444	3058.631	-0.001525902	5	5	-1.089636	0	0	0	0	0	0	0	0	0	0	0	0	0	54	0	
2	1365	-1.087887	-0.00015826	3059.631	-0.001525902	5	5	-1.089136	0	0	0	0	0	0	0	0	0	0	0	0	0	54	0	
2	1366	-1.087274	-0.000158076	3060.631	-0.001525902	5	5	-1.088637	0	0	0	0	0	0	0	0	0	0	0	0	0	54	0	
2	1367	-1.086967	-0.000157954	3061.631	-0.001525902	5	5	-1.088136	0	0	0	0	0	0	0	0	0	0	0	0	0	54	0	
2	1368	-1.086354	-0.000157831	3062.631	-0.001525902	5	5	-1.087636	0	0	0	0	0	0	0	0	0	0	0	0	0	54	0	
2	1369	-1.086047	-0.000157586	3063.631	-0.001525902	5	5	-1.087137	0	0	0	0	0	0	0	0	0	0	0	0	0	54	0	
2	1370	-1.085434	-0.00015734	3064.631	-0.001525902	5	5	-1.086636	0	0	0	0	0	0	0	0	0	0	0	0	0	54	0	
2	1371	-1.08482	-0.000157156	3065.631	-0.001525902	5	5	-1.086136	0	0	0	0	0	0	0	0	0	0	0	0	0	54	0	
2	1372	-1.084207	-0.000156911	3066.631	-0.001525902	5	5	-1.085636	0	0	0	0	0	0	0	0	0	0	0	0	0	54	0	
2	1373	-1.0839	-0.000156604	3067.631	-0.001525902	5	5	-1.085136	0	0	0	0	0	0	0	0	0	0	0	0	0	54	0	
2	1374	-1.083287	-0.000156359	3068.631	-0.001525902	5	5	-1.084636	0	0	0	0	0	0	0	0	0	0	0	0	0	54	0	
2	1375	-1.082673	-0.000156114	3069.631	-0.001525902	5	5	-1.084136	0	0	0	0	0	0	0	0	0	0	0	0	0	54	0	
2	1376	-1.082366	-0.000155868	3070.631	-0.001525902	5	5	-1.083637	0	0	0	0	0	0	0	0	0	0	0	0	0	54	0	
2	1377	-1.081753	-0.000155561	3071.631	-0.001525902	5	5	-1.083136	0	0	0	0	0	0	0	0	0	0	0	0	0	54	0	
2	1378	-1.081446	-0.000155316	3072.631	-0.001525902	5	5	-1.082636	0	0	0	0	0	0	0	0	0	0	0	0	0	54	0	
2	1379	-1.080833	-0.000155132	3073.631	-0.001525902	5	5	-1.082137	0	0	0	0	0	0	0	0	0	0	0	0	0	54	0	
2	1380	-1.08022	-0.000154887	3074.631	-0.001525902	5	5	-1.081636	0	0	0	0	0	0	0	0	0	0	0	0	0	54	0	
2	1381	-1.079913	-0.00015458	3075.631	-0.001525902	5	5	-1.081136	0	0	0	0	0	0	0	0	0	0	0	0	0	54	0	
2	1382	-1.079299	-0.000154335	3076.631	-0.001525902	5	5	-1.080637	0	0	0	0	0	0	0	0	0	0	0	0	0	54	0	
2	1383	-1.078686	-0.000154089	3077.631	-0.001525902	5	5	-1.080136	0	0	0	0	0	0	0	0	0	0	0	0	0	54	0	
2	1384	-1.078379	-0.000153844	3078.631	-0.001525902	5	5	-1.079636	0	0	0	0	0	0	0	0	0	0	0	0	0	54	0	
2	1385	-1.077766	-0.000153537	3079.631	-0.001525902	5	5	-1.079136	0	0	0	0	0	0	0	0	0	0	0	0	0	54	0	
2	1386	-1.077459	-0.000153292	3080.631	-0.001525902	5	5	-1.078636	0	0	0	0	0	0	0	0	0	0	0	0	0	54	0	
2	1387	-1.076846	-0.00015323	3081.631	-0.001525902	5	5	-1.078136	0	0	0	0	0	0	0	0	0	0	0	0	0	54	0	
2	1388	-1.076539	-0.000153108	3082.631	-0.001525902	5	5	-1.077636	0	0	0	0	0	0	0	0	0	0	0	0	0	54	0	
2	1389	-1.075926	-0.000152801	3083.631	-0.001525902	5	5	-1.077137	0	0	0	0	0	0	0	0	0	0	0	0	0	54	0	
2	1390	-1.075312	-0.000152556	3084.631	-0.001525902	5	5	-1.076636	0	0	0	0	0	0	0	0	0	0	0	0	0	54	0	
2	1391	-1.075006	-0.000152188	3085.631	-0.001525902	5	5	-1.076136	0	0	0	0	0	0	0	0	0	0	0	0	0	54	0	
2	1392	-1.074392	-0.00015182	3086.631	-0.001525902	5	5	-1.075637	0	0	0	0	0	0	0	0	0	0	0	0	0	54	0	
2	1393	-1.073779	-0.000151574	3087.631	-0.001525902	5	5	-1.075136	0	0	0	0	0	0	0	0	0	0	0	0	0	54	0	
2	1394	-1.073472	-0.000151329	3088.631	-0.001525902	5	5	-1.074636	0	0	0	0	0	0	0	0	0	0	0	0	0	54	0	
2	1395	-1.072859	-0.000150961	3089.631	-0.001525902	5	5	-1.074136	0	0	0	0	0	0	0	0	0	0	0	0	0	54	0	
2	1396	-1.072552	-0.000150593	3090.631	-0.001525902	5	5	-1.073636	0	0	0	0	0	0	0	0	0	0	0	0	0	54	0	
2	1397	-1.071939	-0.000150225	3091.631	-0.001525902	5	5	-1.073136	0	0	0	0	0	0	0	0	0	0	0	0	0	54	0	
2	1398	-1.071325	-0.000149979	3092.631	-0.001525902	5	5	-1.072636	0	0	0	0	0	0	0	0	0	0	0	0	0	54	0	
2	1399	-1.071018	-0.000149734	3093.631	-0.001525902	5	5	-1.072137	0	0	0	0	0	0	0	0	0	0	0	0	0	54	0	
2	1400	-1.070405	-0.00014955	3094.631	-0.001525902	5	5	-1.071636	0	0	0	0	0	0	0	0	0	0	0	0	0	54	0	
2	1401	-1.069792	-0.000149366	3095.631	-0.001525902	5	5	-1.071136	0	0	0	0	0	0	0	0	0	0	0	0	0	54	0	
2	1402	-1.069485	-0.000149182	3096.631	-0.001525902	5	5	-1.070637	0	0	0	0	0	0	0	0	0	0	0	0	0	54	0	
2	1403	-1.068871	-0.000148753	3097.631	-0.001525902	5	5	-1.070136	0	0	0	0	0	0	0	0	0	0	0	0	0	54	0	
2	1404	-1.068258	-0.00014863	3098.631	-0.001525902	5	5	-1.069636	0	0	0	0	0	0	0	0	0	0	0	0	0	54	0	
2	1405	-1.067951	-0.000148262	3099.631	-0.001525902	5	5	-1.069137	0	0	0	0	0	0	0	0	0	0	0	0	0	54	0	
2	1406	-1.067338	-0.000148016	3100.631	-0.001525902	5	5	-1.068636	0	0	0	0	0	0	0	0	0	0	0	0	0	54	0	
2	1407	-1.066724	-0.000147771	3101.631	-0.001525902	5	5	-1.068136	0	0	0	0	0	0	0	0	0	0	0	0	0	54	0	
2	1408	-1.066418	-0.000147403	3102.631	-0.001525902	5	5	-1.067636	0	0	0	0	0	0	0	0	0	0	0	0	0	54	0	
2	1409	-1.065804	-0.000147096	3103.631	-0.001525902	5	5	-1.067137	0	0	0	0	0	0	0	0	0	0	0	0	0	54	0	
2	1410	-1.065498	-0.00014679	3104.631	-0.001525902	5	5	-1.066636	0	0	0	0	0	0	0	0	0	0	0	0	0	54	0	
2	1411	-1.064884	-0.000146422	3105.631	-0.001525902	5	5	-1.066136	0	0	0	0	0	0	0	0	0	0	0	0	0	54	0	
2	1412	-1.064271	-0.000146115	3106.631	-0.001525902	5	5	-1.065637	0	0	0	0	0	0	0	0	0	0	0	0	0	54	0	
2	1413	-1.063964	-0.000145808	3107.631	-0.001525902	5	5	-1.065136	0	0	0	0	0	0	0	0	0	0	0	0	0	54	0	
2	1414	-1.063351	-0.000145501	3108.631	-0.001525902	5	5	-1.064636	0	0	0	0	0	0	0	0	0	0	0	0	0	54	0	
2	1415	-1.062737	-0.000145256	3109.631	-0.001525902	5	5	-1.064137	0	0	0	0	0	0	0	0	0	0	0	0	0	54	0	
2	1416	-1.062431	-0.000144949	3110.631	-0.001525902	5	5	-1.063636	0	0	0	0	0	0	0	0	0	0	0	0	0	54	0	
2	1417	-1.061817	-0.000144704	3111.631	-0.001525902	5	5	-1.063136	0	0	0	0	0	0	0	0	0	0	0	0	0	54	0	
2	1418	-1.06151	-0.000144459	3112.631	-0.001525902	5	5	-1.062636	0	0	0	0	0	0	0	0	0	0	0	0	0	54	0	
2	1419	-1.060897	-0.000144213	3113.631	-0.001525902	5	5	-1.062136	0	0	0	0	0	0	0	0	0	0	0	0	0	54	0	
2	1420	-1.060284	-0.000143968	3114.631	-0.001525902	5	5	-1.061636	0	0	0	0	0	0	0	0	0	0	0	0	0	54	0	
2	1421	-1.05967	-0.000143661	3115.631	-0.001525902	5	5	-1.061136	0	0	0	0	0	0	0	0	0	0	0	0	0	54	0	
2	1422	-1.059363	-0.000143416	3116.631	-0.001525902	5	5	-1.060637	0	0	0	0	0	0	0	0	0	0	0	0	0	54	0	
2	1423	-1.05875	-0.000143109	3117.631	-0.001525902	5	5	-1.060136	0	0	0	0	0	0	0	0	0	0	0	0	0	54	0	
2	1424	-1.058443	-0.000142864	3118.631	-0.001525902	5	5	-1.059636	0	0	0	0	0	0	0	0	0	0	0	0	0	54	0	
2	1425	-1.05783	-0.00014268	3119.631	-0.001525902	5	5	-1.059137	0	0	0	0	0	0	0	0	0	0	0	0	0	54	0	
2	1426	-1.057217	-0.000142434	3120.631	-0.001525902	5	5	-1.058636	0	0	0	0	0	0	0	0	0	0	0	0	0	54	0	
2	1427	-1.05691	-0.00014225	3121.631	-0.001525902	5	5	-1.058136	0	0	0	0	0	0	0	0	0	0	0	0	0	54	0	
2	1428	-1.056296	-0.000142005	3122.631	-0.001525902	5	5	-1.057636	0	0	0	0	0	0	0	0	0	0	0	0	0	54	0	
2	1429	-1.055683	-0.000141882	3123.631	-0.001525902	5	5	-1.057136	0	0	0	0	0	0	0	0	0	0	0	0	0	54	0	
2	1430	-1.055376	-0.000141698	3124.631	-0.001525902	5	5	-1.056636	0	0	0	0	0	0	0	0	0	0	0	0	0	54	0	
2	1431	-1.054763	-0.000141453	3125.631	-0.001525902	5	5	-1.056136	0	0	0	0	0	0	0	0	0	0	0	0	0	54	0	
2	1432	-1.054456	-0.000141146	3126.631	-0.001525902	5	5	-1.055637	0	0	0	0	0	0	0	0	0	0	0	0	0	54	0	
2	1433	-1.053843	-0.000140901	3127.631	-0.001525902	5	5	-1.055136	0	0	0	0	0	0	0	0	0	0	0	0	0	54	0	
2	1434	-1.053229	-0.000140717	3128.631	-0.001525902	5	5	-1.054636	0	0	0	0	0	0	0	0	0	0	0	0	0	54	0	
2	1435	-1.052923	-0.000140533	3129.631	-0.001525902	5	5	-1.054137	0	0	0	0	0	0	0	0	0	0	0	0	0	54	0	
2	1436	-1.052309	-0.000140196	3130.631	-0.001525902	6	6	-1.053636	0	0	0	0	0	0	0	0	0	0	0	0	0	54	0	
2	1437	-1.052003	-0.000139987	3131.631	-0.001525902	6	6	-1.053136	0	0	0	0	0	0	0	0	0	0	0	0	0	54	0	
2	1438	-1.051389	-0.000139778	3132.631	-0.001525902	6	6	-1.052637	0	0	0	0	0	0	0	0	0	0	0	0	0	54	0	
2	1439	-1.050776	-0.000139601	3133.631	-0.001525902	6	6	-1.052136	0	0	0	0	0	0	0	0	0	0	0	0	0	54	0	
2	1440	-1.050469	-0.00013941	3134.631	-0.001525902	6	6	-1.051636	0	0	0	0	0	0	0	0	0	0	0	0	0	54	0	
2	1441	-1.049856	-0.000139545	3135.631	-0.001525902	6	6	-1.051136	0	0	0	0	0	0	0	0	0	0	0	0	0	54	0	
2	1442	-1.049242	-0.000139374	3136.631	-0.001525902	6	6	-1.050636	0	0	0	0	0	0	0	0	0	0	0	0	0	54	0	
2	1443	-1.048936	-0.00013914	3137.631	-0.001525902	6	6	-1.050136	0	0	0	0	0	0	0	0	0	0	0	0	0	54	0	
2	1444	-1.048322	-0.000138889	3138.631	-0.001525902	6	6	-1.049636	0	0	0	0	0	0	0	0	0	0	0	0	0	54	0	
2	1445	-1.048015	-0.000138625	3139.631	-0.001525902	6	6	-1.049137	0	0	0	0	0	0	0	0	0	0	0	0	0	54	0	
2	1446	-1.047402	-0.000138355	3140.631	-0.001525902	6	6	-1.048636	0	0	0	0	0	0	0	0	0	0	0	0	0	54	0	
2	1447	-1.046789	-0.000138079	3141.631	-0.001525902	6	6	-1.048136	0	0	0	0	0	0	0	0	0	0	0	0	0	54	0	
2	1448	-1.046175	-0.000137797	3142.631	-0.001525902	6	6	-1.047637	0	0	0	0	0	0	0	0	0	0	0	0	0	54	0	
2	1449	-1.045868	-0.000137552	3143.631	-0.001525902	6	6	-1.047136	0	0	0	0	0	0	0	0	0	0	0	0	0	54	0	
2	1450	-1.045255	-0.00013727	3144.631	-0.001525902	6	6	-1.046636	0	0	0	0	0	0	0	0	0	0	0	0	0	54	0	
2	1451	-1.044948	-0.000137	3145.631	-0.001525902	6	6	-1.046136	0	0	0	0	0	0	0	0	0	0	0	0	0	54	0	
2	1452	-1.044335	-0.00013673	3146.631	-0.001525902	6	6	-1.045636	0	0	0	0	0	0	0	0	0	0	0	0	0	54	0	
2	1453	-1.043722	-0.000136484	3147.631	-0.001525902	6	6	-1.045136	0	0	0	0	0	0	0	0	0	0	0	0	0	54	0	
2	1454	-1.043415	-0.000136208	3148.631	-0.001525902	6	6	-1.044636	0	0	0	0	0	0	0	0	0	0	0	0	0	54	0	
2	1455	-1.042801	-0.00013592	3149.631	-0.001525902	6	6	-1.044137	0	0	0	0	0	0	0	0	0	0	0	0	0	54	0	
2	1456	-1.042495	-0.000135613	3150.631	-0.001525902	6	6	-1.043636	0	0	0	0	0	0	0	0	0	0	0	0	0	54	0	
2	1457	-1.041881	-0.00013535	3151.631	-0.001525902	6	6	-1.04509	0	0	0	0	0	0	0	0	0	0	0	0	0	54	0	
2	1458	-1.041268	-0.000135141	3152.631	-0.001525902	6	6	-1.042637	0	0	0	0	0	0	0	0	0	0	0	0	0	54	0	
2	1459	-1.040961	-0.000134963	3153.631	-0.001525902	6	6	-1.042136	0	0	0	0	0	0	0	0	0	0	0	0	0	54	0	
2	1460	-1.040348	-0.000134804	3154.631	-0.001525902	6	6	-1.041636	0	0	0	0	0	0	0	0	0	0	0	0	0	54	0	
2	1461	-1.040041	-0.000134589	3155.631	-0.001525902	6	6	-1.041137	0	0	0	0	0	0	0	0	0	0	0	0	0	54	0	
2	1462	-1.039428	-0.000134393	3156.631	-0.001525902	6	6	-1.040636	0	0	0	0	0	0	0	0	0	0	0	0	0	54	0	
2	1463	-1.038814	-0.000134239	3157.631	-0.001525902	6	6	-1.040136	0	0	0	0	0	0	0	0	0	0	0	0	0	54	0	
2	1464	-1.038507	-0.00013408	3158.631	-0.001525902	6	6	-1.039636	0	0	0	0	0	0	0	0	0	0	0	0	0	54	0	
2	1465	-1.037894	-0.00013389	3159.631	-0.001525902	6	6	-1.039136	0	0	0	0	0	0	0	0	0	0	0	0	0	54	0	
2	1466	-1.037281	-0.000133675	3160.631	-0.001525902	6	6	-1.038636	0	0	0	0	0	0	0	0	0	0	0	0	0	54	0	
2	1467	-1.036974	-0.000133466	3161.631	-0.001525902	6	6	-1.038136	0	0	0	0	0	0	0	0	0	0	0	0	0	54	0	
2	1468	-1.036361	-0.000133258	3162.631	-0.001525902	6	6	-1.037637	0	0	0	0	0	0	0	0	0	0	0	0	0	54	0	
2	1469	-1.035747	-0.000133043	3163.631	-0.001525902	6	6	-1.037136	0	0	0	0	0	0	0	0	0	0	0	0	0	54	0	
2	1470	-1.03544	-0.000132927	3164.631	-0.001525902	6	6	-1.036636	0	0	0	0	0	0	0	0	0	0	0	0	0	54	0	
2	1471	-1.034827	-0.000132693	3165.631	-0.001525902	6	6	-1.036137	0	0	0	0	0	0	0	0	0	0	0	0	0	54	0	
2	1472	-1.034214	-0.000132528	3166.631	-0.001525902	6	6	-1.035636	0	0	0	0	0	0	0	0	0	0	0	0	0	54	0	
2	1473	-1.033907	-0.000132497	3167.631	-0.001525902	6	6	-1.035136	0	0	0	0	0	0	0	0	0	0	0	0	0	54	0	
2	1474	-1.033293	-0.000132792	3168.631	-0.001525902	6	6	-1.034636	0	0	0	0	0	0	0	0	0	0	0	0	0	54	0	
2	1475	-1.032987	-0.000132976	3169.631	-0.001525902	6	6	-1.034136	0	0	0	0	0	0	0	0	0	0	0	0	0	54	0	
2	1476	-1.032373	-0.000133141	3170.631	-0.001525902	6	6	-1.033636	0	0	0	0	0	0	0	0	0	0	0	0	0	54	0	
2	1477	-1.032067	-0.000133258	3171.631	-0.001525902	6	6	-1.033136	0	0	0	0	0	0	0	0	0	0	0	0	0	54	0	
2	1478	-1.031453	-0.000133288	3172.631	-0.001525902	6	6	-1.032637	0	0	0	0	0	0	0	0	0	0	0	0	0	54	0	
2	1479	-1.03084	-0.000133288	3173.631	-0.001525902	6	6	-1.032136	0	0	0	0	0	0	0	0	0	0	0	0	0	54	0	
2	1480	-1.030226	-0.000133264	3174.631	-0.001525902	6	6	-1.031636	0	0	0	0	0	0	0	0	0	0	0	0	0	54	0	
2	1481	-1.02992	-0.000133203	3175.631	-0.001525902	6	6	-1.031137	0	0	0	0	0	0	0	0	0	0	0	0	0	54	0	
2	1482	-1.029306	-0.000133037	3176.631	-0.001525902	6	6	-1.030636	0	0	0	0	0	0	0	0	0	0	0	0	0	54	0	
2	1483	-1.029	-0.000132828	3177.631	-0.001525902	6	6	-1.030136	0	0	0	0	0	0	0	0	0	0	0	0	0	54	0	
2	1484	-1.028386	-0.000132651	3178.631	-0.001525902	6	6	-1.029637	0	0	0	0	0	0	0	0	0	0	0	0	0	54	0	
2	1485	-1.027773	-0.000132546	3179.631	-0.001525902	6	6	-1.029136	0	0	0	0	0	0	0	0	0	0	0	0	0	54	0	
2	1486	-1.027466	-0.000132638	3180.631	-0.001525902	6	6	-1.028636	0	0	0	0	0	0	0	0	0	0	0	0	0	54	0	
2	1487	-1.026853	-0.000132663	3181.631	-0.001525902	6	6	-1.028136	0	0	0	0	0	0	0	0	0	0	0	0	0	54	0	
2	1488	-1.026546	-0.000132736	3182.631	-0.001525902	6	6	-1.027636	0	0	0	0	0	0	0	0	0	0	0	0	0	54	0	
2	1489	-1.025933	-0.00013262	3183.631	-0.001525902	6	6	-1.027136	0	0	0	0	0	0	0	0	0	0	0	0	0	54	0	
2	1490	-1.025319	-0.000132516	3184.631	-0.001525902	6	6	-1.026636	0	0	0	0	0	0	0	0	0	0	0	0	0	54	0	
2	1491	-1.025012	-0.000132424	3185.631	-0.001525902	6	6	-1.026137	0	0	0	0	0	0	0	0	0	0	0	0	0	54	0	
2	1492	-1.024399	-0.000132276	3186.631	-0.001525902	6	6	-1.025636	0	0	0	0	0	0	0	0	0	0	0	0	0	54	0	
2	1493	-1.023786	-0.000132117	3187.631	-0.001525902	6	6	-1.025136	0	0	0	0	0	0	0	0	0	0	0	0	0	54	0	
2	1494	-1.023479	-0.000131927	3188.631	-0.001525902	6	6	-1.024637	0	0	0	0	0	0	0	0	0	0	0	0	0	54	0	
2	1495	-1.022865	-0.000131773	3189.631	-0.001525902	6	6	-1.024136	0	0	0	0	0	0	0	0	0	0	0	0	0	54	0	
2	1496	-1.022252	-0.000131589	3190.631	-0.001525902	6	6	-1.023636	0	0	0	0	0	0	0	0	0	0	0	0	0	54	0	
2	1497	-1.021945	-0.000131405	3191.631	-0.001525902	6	6	-1.023136	0	0	0	0	0	0	0	0	0	0	0	0	0	54	0	
2	1498	-1.021639	-0.00013124	3192.631	-0.001525902	6	6	-1.022636	0	0	0	0	0	0	0	0	0	0	0	0	0	54	0	
2	1499	-1.021025	-0.000131062	3193.631	-0.001525902	6	6	-1.022136	0	0	0	0	0	0	0	0	0	0	0	0	0	54	0	
2	1500	-1.020412	-0.000130921	3194.631	-0.001525902	6	6	-1.021636	0	0	0	0	0	0	0	0	0	0	0	0	0	54	0	
2	1501	-1.020105	-0.00013078	3195.631	-0.001525902	6	6	-1.021137	0	0	0	0	0	0	0	0	0	0	0	0	0	54	0	
2	1502	-1.019492	-0.000130559	3196.631	-0.001525902	6	6	-1.020636	0	0	0	0	0	0	0	0	0	0	0	0	0	54	0	
2	1503	-1.019185	-0.000130313	3197.631	-0.001525902	6	6	-1.020136	0	0	0	0	0	0	0	0	0	0	0	0	0	54	0	
2	1504	-1.018572	-0.000130074	3198.631	-0.001525902	6	6	-1.019637	0	0	0	0	0	0	0	0	0	0	0	0	0	54	0	
2	1505	-1.017958	-0.000129786	3199.631	-0.001525902	6	6	-1.019136	0	0	0	0	0	0	0	0	0	0	0	0	0	54	0	
2	1506	-1.017651	-0.000129528	3200.631	-0.001525902	6	6	-1.018636	0	0	0	0	0	0	0	0	0	0	0	0	0	54	0	
2	1507	-1.017038	-0.000129283	3201.631	-0.001525902	6	6	-1.018137	0	0	0	0	0	0	0	0	0	0	0	0	0	54	0	
2	1508	-1.016731	-0.000129019	3202.631	-0.001525902	6	6	-1.017636	0	0	0	0	0	0	0	0	0	0	0	0	0	54	0	
2	1509	-1.016118	-0.000128768	3203.631	-0.001525902	6	6	-1.017136	0	0	0	0	0	0	0	0	0	0	0	0	0	54	0	
2	1510	-1.015504	-0.00012851	3204.631	-0.001525902	6	6	-1.016636	0	0	0	0	0	0	0	0	0	0	0	0	0	54	0	
2	1511	-1.015198	-0.000128259	3205.631	-0.001525902	6	6	-1.016136	0	0	0	0	0	0	0	0	0	0	0	0	0	54	0	
2	1512	-1.014584	-0.000128013	3206.631	-0.001525902	6	6	-1.015636	0	0	0	0	0	0	0	0	0	0	0	0	0	54	0	
2	1513	-1.014278	-0.000127792	3207.631	-0.001525902	6	6	-1.015136	0	0	0	0	0	0	0	0	0	0	0	0	0	54	0	
2	1514	-1.013664	-0.000127547	3208.631	-0.001525902	6	6	-1.014637	0	0	0	0	0	0	0	0	0	0	0	0	0	54	0	
2	1515	-1.013051	-0.000127308	3209.631	-0.001525902	6	6	-1.014136	0	0	0	0	0	0	0	0	0	0	0	0	0	54	0	
2	1516	-1.012744	-0.000127062	3210.631	-0.001525902	6	6	-1.013636	0	0	0	0	0	0	0	0	0	0	0	0	0	54	0	
2	1517	-1.012131	-0.000126811	3211.631	-0.001525902	6	6	-1.013137	0	0	0	0	0	0	0	0	0	0	0	0	0	54	0	
2	1518	-1.011517	-0.000126553	3212.631	-0.001525902	6	6	-1.012636	0	0	0	0	0	0	0	0	0	0	0	0	0	54	0	
2	1519	-1.010904	-0.000126296	3213.631	-0.001525902	6	6	-1.012136	0	0	0	0	0	0	0	0	0	0	0	0	0	54	0	
2	1520	-1.010597	-0.000126044	3214.631	-0.001525902	6	6	-1.011636	0	0	0	0	0	0	0	0	0	0	0	0	0	54	0	
2	1521	-1.010291	-0.00012578	3215.631	-0.001525902	6	6	-1.011136	0	0	0	0	0	0	0	0	0	0	0	0	0	54	0	
2	1522	-1.009677	-0.000125535	3216.631	-0.001525902	6	6	-1.010636	0	0	0	0	0	0	0	0	0	0	0	0	0	54	0	
2	1523	-1.009064	-0.000125302	3217.631	-0.001525902	6	6	-1.010136	0	0	0	0	0	0	0	0	0	0	0	0	0	54	0	
2	1524	-1.00845	-0.000125069	3218.631	-0.001525902	6	6	-1.009637	0	0	0	0	0	0	0	0	0	0	0	0	0	54	0	
2	1525	-1.008144	-0.000124897	3219.631	-0.001525902	6	6	-1.009136	0	0	0	0	0	0	0	0	0	0	0	0	0	54	0	
2	1526	-1.00753	-0.000124695	3220.631	-0.001525902	6	6	-1.008636	0	0	0	0	0	0	0	0	0	0	0	0	0	54	0	
2	1527	-1.007223	-0.000124455	3221.631	-0.001525902	6	6	-1.008137	0	0	0	0	0	0	0	0	0	0	0	0	0	54	0	
2	1528	-1.00661	-0.000124204	3222.631	-0.001525902	6	6	-1.007636	0	0	0	0	0	0	0	0	0	0	0	0	0	54	0	
2	1529	-1.005997	-0.000123952	3223.631	-0.001525902	6	6	-1.007136	0	0	0	0	0	0	0	0	0	0	0	0	0	54	0	
2	1530	-1.00569	-0.000123725	3224.631	-0.001525902	6	6	-1.006637	0	0	0	0	0	0	0	0	0	0	0	0	0	54	0	
2	1531	-1.005077	-0.000123505	3225.631	-0.001525902	6	6	-1.006136	0	0	0	0	0	0	0	0	0	0	0	0	0	54	0	
2	1532	-1.00477	-0.00012329	3226.631	-0.001525902	6	6	-1.005636	0	0	0	0	0	0	0	0	0	0	0	0	0	54	0	
2	1533	-1.004156	-0.000123057	3227.631	-0.001525902	6	6	-1.005136	0	0	0	0	0	0	0	0	0	0	0	0	0	54	0	
2	1534	-1.003543	-0.000122811	3228.631	-0.001525902	6	6	-1.004636	0	0	0	0	0	0	0	0	0	0	0	0	0	54	0	
2	1535	-1.00293	-0.000122572	3229.631	-0.001525902	6	6	-1.004136	0	0	0	0	0	0	0	0	0	0	0	0	0	54	0	
2	1536	-1.002623	-0.000122339	3230.631	-0.001525902	6	6	-1.003636	0	0	0	0	0	0	0	0	0	0	0	0	0	54	0	
2	1537	-1.002009	-0.000122088	3231.631	-0.001525902	6	6	-1.003137	0	0	0	0	0	0	0	0	0	0	0	0	0	54	0	
2	1538	-1.001703	-0.00012183	3232.631	-0.001525902	6	6	-1.002636	0	0	0	0	0	0	0	0	0	0	0	0	0	54	0	
2	1539	-1.001089	-0.000121591	3233.631	-0.001525902	6	6	-1.002136	0	0	0	0	0	0	0	0	0	0	0	0	0	54	0	
2	1540	-1.000783	-0.00012137	3234.631	-0.001525902	6	6	-1.001637	0	0	0	0	0	0	0	0	0	0	0	0	0	54	0	
2	1541	-1.000169	-0.000121161	3235.631	-0.001525902	6	6	-1.001136	0	0	0	0	0	0	0	0	0	0	0	0	0	54	0	
2	1542	-0.9995558	-0.00012094	3236.631	-0.001525902	6	6	-1.000636	0	0	0	0	0	0	0	0	0	0	0	0	0	54	0	
2	1543	-0.9992491	-0.000120732	3237.631	-0.001525902	6	6	-1.000136	0	0	0	0	0	0	0	0	0	0	0	0	0	54	0	
2	1544	-0.9986356	-0.000120505	3238.631	-0.001525902	6	6	-0.9996365	0	0	0	0	0	0	0	0	0	0	0	0	0	54	0	
2	1545	-0.9980223	-0.000120284	3239.631	-0.001525902	6	6	-0.9991364	0	0	0	0	0	0	0	0	0	0	0	0	0	54	0	
2	1546	-0.9977155	-0.000120076	3240.631	-0.001525902	6	6	-0.9986365	0	0	0	0	0	0	0	0	0	0	0	0	0	54	0	
2	1547	-0.9971021	-0.000119824	3241.631	-0.001525902	6	6	-0.9981365	0	0	0	0	0	0	0	0	0	0	0	0	0	54	0	
2	1548	-0.9967954	-0.000119585	3242.631	-0.001525902	6	6	-0.9976364	0	0	0	0	0	0	0	0	0	0	0	0	0	54	0	
2	1549	-0.996182	-0.000119481	3243.631	-0.001525902	6	6	-0.9971365	0	0	0	0	0	0	0	0	0	0	0	0	0	54	0	
2	1550	-0.9955686	-0.000119585	3244.631	-0.001525902	6	6	-0.9966365	0	0	0	0	0	0	0	0	0	0	0	0	0	54	0	
2	1551	-0.9949552	-0.000119665	3245.631	-0.001525902	6	6	-0.9961365	0	0	0	0	0	0	0	0	0	0	0	0	0	54	0	
2	1552	-0.9946485	-0.000119916	3246.631	-0.001525902	6	6	-0.9956365	0	0	0	0	0	0	0	0	0	0	0	0	0	54	0	
2	1553	-0.9943418	-0.00012026	3247.631	-0.001525902	6	6	-0.9951364	0	0	0	0	0	0	0	0	0	0	0	0	0	54	0	
2	1554	-0.9937283	-0.00012056	3248.631	-0.001525902	6	6	-0.995613	0	0	0	0	0	0	0	0	0	0	0	0	0	54	0	
2	1555	-0.9931149	-0.000120707	3249.631	-0.001525902	6	6	-0.9941365	0	0	0	0	0	0	0	0	0	0	0	0	0	54	0	
2	1556	-0.9925016	-0.00012072	3250.631	-0.001525902	6	6	-0.9936365	0	0	0	0	0	0	0	0	0	0	0	0	0	54	0	
2	1557	-0.9921948	-0.000120701	3251.631	-0.001525902	6	6	-0.9931365	0	0	0	0	0	0	0	0	0	0	0	0	0	54	0	
2	1558	-0.9915814	-0.000120671	3252.631	-0.001525902	6	6	-0.9926364	0	0	0	0	0	0	0	0	0	0	0	0	0	54	0	
2	1559	-0.9912747	-0.000120634	3253.631	-0.001525902	6	6	-0.9921365	0	0	0	0	0	0	0	0	0	0	0	0	0	54	0	
2	1560	-0.9906613	-0.000120554	3254.631	-0.001525902	6	6	-0.9916365	0	0	0	0	0	0	0	0	0	0	0	0	0	54	0	
2	1561	-0.9900479	-0.000120511	3255.631	-0.001525902	6	6	-0.9911365	0	0	0	0	0	0	0	0	0	0	0	0	0	54	0	
2	1562	-0.9897412	-0.000120487	3256.631	-0.001525902	6	6	-0.9906365	0	0	0	0	0	0	0	0	0	0	0	0	0	54	0	
2	1563	-0.9891278	-0.000120437	3257.631	-0.001525902	6	6	-0.9901364	0	0	0	0	0	0	0	0	0	0	0	0	0	54	0	
2	1564	-0.9888211	-0.000120364	3258.631	-0.001525902	6	6	-0.9896365	0	0	0	0	0	0	0	0	0	0	0	0	0	54	0	
2	1565	-0.9882076	-0.00012029	3259.631	-0.001525902	6	6	-0.9891365	0	0	0	0	0	0	0	0	0	0	0	0	0	54	0	
2	1566	-0.9875942	-0.00012018	3260.631	-0.001525902	6	6	-0.9886364	0	0	0	0	0	0	0	0	0	0	0	0	0	54	0	
2	1567	-0.9872875	-0.000120069	3261.631	-0.001525902	6	6	-0.9881365	0	0	0	0	0	0	0	0	0	0	0	0	0	54	0	
2	1568	-0.9866741	-0.000119941	3262.631	-0.001525902	6	6	-0.9876364	0	0	0	0	0	0	0	0	0	0	0	0	0	54	0	
2	1569	-0.9860607	-0.000119793	3263.631	-0.001525902	6	6	-0.9871365	0	0	0	0	0	0	0	0	0	0	0	0	0	54	0	
2	1570	-0.9854473	-0.000119634	3264.631	-0.001525902	6	6	-0.9866365	0	0	0	0	0	0	0	0	0	0	0	0	0	54	0	
2	1571	-0.9851406	-0.000119481	3265.631	-0.001525902	6	6	-0.9861364	0	0	0	0	0	0	0	0	0	0	0	0	0	54	0	
2	1572	-0.9845272	-0.000119321	3266.631	-0.001525902	6	6	-0.9856365	0	0	0	0	0	0	0	0	0	0	0	0	0	54	0	
2	1573	-0.9842204	-0.000119131	3267.631	-0.001525902	6	6	-0.9851364	0	0	0	0	0	0	0	0	0	0	0	0	0	54	0	
2	1574	-0.9836071	-0.000118928	3268.631	-0.001525902	6	6	-0.9846365	0	0	0	0	0	0	0	0	0	0	0	0	0	54	0	
2	1575	-0.9829937	-0.000118714	3269.631	-0.001525902	6	6	-0.9841365	0	0	0	0	0	0	0	0	0	0	0	0	0	54	0	
2	1576	-0.9826869	-0.000118518	3270.631	-0.001525902	6	6	-0.9836364	0	0	0	0	0	0	0	0	0	0	0	0	0	54	0	
2	1577	-0.9820735	-0.000118303	3271.631	-0.001525902	6	6	-0.9831365	0	0	0	0	0	0	0	0	0	0	0	0	0	54	0	
2	1578	-0.9817668	-0.0001181	3272.631	-0.001525902	6	6	-0.9826365	0	0	0	0	0	0	0	0	0	0	0	0	0	54	0	
2	1579	-0.9811534	-0.000117873	3273.631	-0.001525902	6	6	-0.9821365	0	0	0	0	0	0	0	0	0	0	0	0	0	54	0	
2	1580	-0.98054	-0.000117653	3274.631	-0.001525902	6	6	-0.9816365	0	0	0	0	0	0	0	0	0	0	0	0	0	54	0	
2	1581	-0.9802333	-0.000117426	3275.631	-0.001525902	6	6	-0.9811364	0	0	0	0	0	0	0	0	0	0	0	0	0	54	0	
2	1582	-0.9796199	-0.000117199	3276.631	-0.001525902	6	6	-0.9806365	0	0	0	0	0	0	0	0	0	0	0	0	0	54	0	
2	1583	-0.9790065	-0.000116972	3277.631	-0.001525902	6	6	-0.9801365	0	0	0	0	0	0	0	0	0	0	0	0	0	54	0	
2	1584	-0.9786997	-0.000116757	3278.631	-0.001525902	6	6	-0.9796365	0	0	0	0	0	0	0	0	0	0	0	0	0	54	0	
2	1585	-0.9780864	-0.000116518	3279.631	-0.001525902	6	6	-0.9791365	0	0	0	0	0	0	0	0	0	0	0	0	0	54	0	
2	1586	-0.9777796	-0.000116285	3280.631	-0.001525902	6	6	-0.9786364	0	0	0	0	0	0	0	0	0	0	0	0	0	54	0	
2	1587	-0.9771662	-0.000116052	3281.631	-0.001525902	6	6	-0.9781365	0	0	0	0	0	0	0	0	0	0	0	0	0	54	0	
2	1588	-0.9765528	-0.000115818	3282.631	-0.001525902	6	6	-0.9776365	0	0	0	0	0	0	0	0	0	0	0	0	0	54	0	
2	1589	-0.9762461	-0.000115585	3283.631	-0.001525902	6	6	-0.9771364	0	0	0	0	0	0	0	0	0	0	0	0	0	54	0	
2	1590	-0.9756327	-0.000115358	3284.631	-0.001525902	6	6	-0.9766365	0	0	0	0	0	0	0	0	0	0	0	0	0	54	0	
2	1591	-0.9750193	-0.000115131	3285.631	-0.001525902	6	6	-0.9761364	0	0	0	0	0	0	0	0	0	0	0	0	0	54	0	
2	1592	-0.9747126	-0.000114892	3286.631	-0.001525902	6	6	-0.9756365	0	0	0	0	0	0	0	0	0	0	0	0	0	54	0	
2	1593	-0.9740992	-0.000114659	3287.631	-0.001525902	6	6	-0.9751365	0	0	0	0	0	0	0	0	0	0	0	0	0	54	0	
2	1594	-0.9734858	-0.000114426	3288.631	-0.001525902	6	6	-0.9746364	0	0	0	0	0	0	0	0	0	0	0	0	0	54	0	
2	1595	-0.973179	-0.000114205	3289.631	-0.001525902	6	6	-0.9741365	0	0	0	0	0	0	0	0	0	0	0	0	0	54	0	
2	1596	-0.9725657	-0.000114003	3290.631	-0.001525902	6	6	-0.9736364	0	0	0	0	0	0	0	0	0	0	0	0	0	54	0	
2	1597	-0.9719522	-0.0001138	3291.631	-0.001525902	6	6	-0.9731365	0	0	0	0	0	0	0	0	0	0	0	0	0	54	0	
2	1598	-0.9716455	-0.000113598	3292.631	-0.001525902	6	6	-0.9726365	0	0	0	0	0	0	0	0	0	0	0	0	0	54	0	
2	1599	-0.9710321	-0.000113389	3293.631	-0.001525902	6	6	-0.9721364	0	0	0	0	0	0	0	0	0	0	0	0	0	54	0	
2	1600	-0.9707254	-0.000113193	3294.631	-0.001525902	6	6	-0.9716365	0	0	0	0	0	0	0	0	0	0	0	0	0	54	0	
2	1601	-0.970112	-0.000112991	3295.631	-0.001525902	6	6	-0.9711365	0	0	0	0	0	0	0	0	0	0	0	0	0	54	0	
2	1602	-0.9694986	-0.000112807	3296.631	-0.001525902	6	6	-0.9706365	0	0	0	0	0	0	0	0	0	0	0	0	0	54	0	
2	1603	-0.9691918	-0.000112623	3297.631	-0.001525902	6	6	-0.9701365	0	0	0	0	0	0	0	0	0	0	0	0	0	54	0	
2	1604	-0.9685785	-0.000112439	3298.631	-0.001525902	6	6	-0.9696364	0	0	0	0	0	0	0	0	0	0	0	0	0	54	0	
2	1605	-0.9682717	-0.000112255	3299.631	-0.001525902	6	6	-0.9691365	0	0	0	0	0	0	0	0	0	0	0	0	0	54	0	
2	1606	-0.9676583	-0.000112071	3300.631	-0.001525902	6	6	-0.9686365	0	0	0	0	0	0	0	0	0	0	0	0	0	54	0	
2	1607	-0.9670449	-0.000111905	3301.631	-0.001525902	6	6	-0.9681365	0	0	0	0	0	0	0	0	0	0	0	0	0	54	0	
2	1608	-0.9667382	-0.000111758	3302.631	-0.001525902	6	6	-0.9676365	0	0	0	0	0	0	0	0	0	0	0	0	0	54	0	
2	1609	-0.9661248	-0.000111592	3303.631	-0.001525902	6	6	-0.9671364	0	0	0	0	0	0	0	0	0	0	0	0	0	54	0	
2	1610	-0.9658181	-0.000111433	3304.631	-0.001525902	6	6	-0.9666365	0	0	0	0	0	0	0	0	0	0	0	0	0	54	0	
2	1611	-0.9652047	-0.000111255	3305.631	-0.001525902	6	6	-0.9661365	0	0	0	0	0	0	0	0	0	0	0	0	0	54	0	
2	1612	-0.9645913	-0.000111077	3306.631	-0.001525902	6	6	-0.9656364	0	0	0	0	0	0	0	0	0	0	0	0	0	54	0	
2	1613	-0.9642845	-0.000110899	3307.631	-0.001525902	6	6	-0.9651365	0	0	0	0	0	0	0	0	0	0	0	0	0	54	0	
2	1614	-0.9636711	-0.000110746	3308.631	-0.001525902	6	6	-0.9646364	0	0	0	0	0	0	0	0	0	0	0	0	0	54	0	
2	1615	-0.9630578	-0.000110586	3309.631	-0.001525902	6	6	-0.9641365	0	0	0	0	0	0	0	0	0	0	0	0	0	54	0	
2	1616	-0.962751	-0.00011042	3310.631	-0.001525902	6	6	-0.9636365	0	0	0	0	0	0	0	0	0	0	0	0	0	54	0	
2	1617	-0.9621376	-0.000110255	3311.631	-0.001525902	6	6	-0.9631364	0	0	0	0	0	0	0	0	0	0	0	0	0	54	0	
2	1618	-0.9618309	-0.000110089	3312.631	-0.001525902	6	6	-0.9626365	0	0	0	0	0	0	0	0	0	0	0	0	0	54	0	
2	1619	-0.9612175	-0.000109924	3313.631	-0.001525902	6	6	-0.9621364	0	0	0	0	0	0	0	0	0	0	0	0	0	54	0	
2	1620	-0.9606041	-0.000109758	3314.631	-0.001525902	6	6	-0.9616365	0	0	0	0	0	0	0	0	0	0	0	0	0	54	0	
2	1621	-0.9602974	-0.000109598	3315.631	-0.001525902	6	6	-0.9611365	0	0	0	0	0	0	0	0	0	0	0	0	0	54	0	
2	1622	-0.959684	-0.000109414	3316.631	-0.001525902	6	6	-0.9606364	0	0	0	0	0	0	0	0	0	0	0	0	0	54	0	
2	1623	-0.9590706	-0.000109249	3317.631	-0.001525902	6	6	-0.9601365	0	0	0	0	0	0	0	0	0	0	0	0	0	54	0	
2	1624	-0.9587638	-0.000109077	3318.631	-0.001525902	6	6	-0.9596364	0	0	0	0	0	0	0	0	0	0	0	0	0	54	0	
2	1625	-0.9581504	-0.000108911	3319.631	-0.001525902	6	6	-0.9591365	0	0	0	0	0	0	0	0	0	0	0	0	0	54	0	
2	1626	-0.957537	-0.000108752	3320.631	-0.001525902	6	6	-0.9586365	0	0	0	0	0	0	0	0	0	0	0	0	0	54	0	
2	1627	-0.9572303	-0.000111144	3321.631	-0.001525902	6	6	-0.9581364	0	0	0	0	0	0	0	0	0	0	0	0	0	54	0	
2	1628	-0.9566169	-0.000111641	3322.631	-0.001525902	6	6	-0.9576365	0	0	0	0	0	0	0	0	0	0	0	0	0	54	0	
2	1629	-0.9563102	-0.000110881	3323.631	-0.001525902	6	6	-0.9571365	0	0	0	0	0	0	0	0	0	0	0	0	0	54	0	
2	1630	-0.9556968	-0.000110378	3324.631	-0.001525902	6	6	-0.9566365	0	0	0	0	0	0	0	0	0	0	0	0	0	54	0	
2	1631	-0.9550834	-0.000109991	3325.631	-0.001525902	6	6	-0.9561365	0	0	0	0	0	0	0	0	0	0	0	0	0	54	0	
2	1632	-0.9547766	-0.000109703	3326.631	-0.001525902	6	6	-0.9556364	0	0	0	0	0	0	0	0	0	0	0	0	0	54	0	
2	1633	-0.9541633	-0.000109451	3327.631	-0.001525902	6	6	-0.9551365	0	0	0	0	0	0	0	0	0	0	0	0	0	54	0	
2	1634	-0.9535499	-0.000109194	3328.631	-0.001525902	6	6	-0.9546365	0	0	0	0	0	0	0	0	0	0	0	0	0	54	0	
2	1635	-0.9532431	-0.000108967	3329.631	-0.001525902	6	6	-0.9541365	0	0	0	0	0	0	0	0	0	0	0	0	0	54	0	
2	1636	-0.9526297	-0.000108752	3330.631	-0.001525902	6	6	-0.9536365	0	0	0	0	0	0	0	0	0	0	0	0	0	54	0	
2	1637	-0.952323	-0.000108507	3331.631	-0.001525902	6	6	-0.9531364	0	0	0	0	0	0	0	0	0	0	0	0	0	54	0	
2	1638	-0.9517096	-0.000108304	3332.631	-0.001525902	6	6	-0.9526365	0	0	0	0	0	0	0	0	0	0	0	0	0	54	0	
2	1639	-0.9510962	-0.00010812	3333.631	-0.001525902	6	6	-0.9521365	0	0	0	0	0	0	0	0	0	0	0	0	0	54	0	
2	1640	-0.9507895	-0.000107905	3334.631	-0.001525902	6	6	-0.9516364	0	0	0	0	0	0	0	0	0	0	0	0	0	54	0	
2	1641	-0.9501761	-0.000107691	3335.631	-0.001525902	6	6	-0.9511365	0	0	0	0	0	0	0	0	0	0	0	0	0	54	0	
2	1642	-0.9498693	-0.000107501	3336.631	-0.001525902	6	6	-0.9506364	0	0	0	0	0	0	0	0	0	0	0	0	0	54	0	
2	1643	-0.9492559	-0.00010731	3337.631	-0.001525902	6	6	-0.9501365	0	0	0	0	0	0	0	0	0	0	0	0	0	54	0	
2	1644	-0.9486426	-0.000107114	3338.631	-0.001525902	6	6	-0.9496365	0	0	0	0	0	0	0	0	0	0	0	0	0	54	0	
2	1645	-0.9480291	-0.000106942	3339.631	-0.001525902	6	6	-0.9491364	0	0	0	0	0	0	0	0	0	0	0	0	0	54	0	
2	1646	-0.9477224	-0.000106789	3340.631	-0.001525902	6	6	-0.9486365	0	0	0	0	0	0	0	0	0	0	0	0	0	54	0	
2	1647	-0.947109	-0.000107255	3341.631	-0.001525902	6	6	-0.9481364	0	0	0	0	0	0	0	0	0	0	0	0	0	54	0	
2	1648	-0.9468023	-0.00010685	3342.631	-0.001525902	6	6	-0.9476365	0	0	0	0	0	0	0	0	0	0	0	0	0	54	0	
2	1649	-0.9461889	-0.000106642	3343.631	-0.001525902	6	6	-0.9471365	0	0	0	0	0	0	0	0	0	0	0	0	0	54	0	
2	1650	-0.9455755	-0.000106452	3344.631	-0.001525902	6	6	-0.9466364	0	0	0	0	0	0	0	0	0	0	0	0	0	54	0	
2	1651	-0.9452688	-0.000106249	3345.631	-0.001525902	6	6	-0.9461365	0	0	0	0	0	0	0	0	0	0	0	0	0	54	0	
2	1652	-0.9446554	-0.000106053	3346.631	-0.001525902	6	6	-0.9456365	0	0	0	0	0	0	0	0	0	0	0	0	0	54	0	
2	1653	-0.944042	-0.000105826	3347.631	-0.001525902	6	6	-0.9451365	0	0	0	0	0	0	0	0	0	0	0	0	0	54	0	
2	1654	-0.9437352	-0.000105642	3348.631	-0.001525902	6	6	-0.9446365	0	0	0	0	0	0	0	0	0	0	0	0	0	54	0	
2	1655	-0.9431219	-0.00010547	3349.631	-0.001525902	6	6	-0.9441364	0	0	0	0	0	0	0	0	0	0	0	0	0	54	0	
2	1656	-0.9425084	-0.000105305	3350.631	-0.001525902	6	6	-0.9436365	0	0	0	0	0	0	0	0	0	0	0	0	0	54	0	
2	1657	-0.9422017	-0.000105176	3351.631	-0.001525902	6	6	-0.9431365	0	0	0	0	0	0	0	0	0	0	0	0	0	54	0	
2	1658	-0.9415883	-0.000105029	3352.631	-0.001525902	6	6	-0.9426365	0	0	0	0	0	0	0	0	0	0	0	0	0	54	0	
2	1659	-0.9409749	-0.000104869	3353.631	-0.001525902	6	6	-0.9421365	0	0	0	0	0	0	0	0	0	0	0	0	0	54	0	
2	1660	-0.9406682	-0.000104703	3354.631	-0.001525902	6	6	-0.9416364	0	0	0	0	0	0	0	0	0	0	0	0	0	54	0	
2	1661	-0.9400548	-0.000104519	3355.631	-0.001525902	6	6	-0.9411365	0	0	0	0	0	0	0	0	0	0	0	0	0	54	0	
2	1662	-0.939748	-0.000104366	3356.631	-0.001525902	6	6	-0.9406365	0	0	0	0	0	0	0	0	0	0	0	0	0	54	0	
2	1663	-0.9391347	-0.000104188	3357.631	-0.001525902	6	6	-0.9401364	0	0	0	0	0	0	0	0	0	0	0	0	0	54	0	
2	1664	-0.9385212	-0.000104262	3358.631	-0.001525902	6	6	-0.9396365	0	0	0	0	0	0	0	0	0	0	0	0	0	54	0	
2	1665	-0.9382145	-0.000104121	3359.631	-0.001525902	6	6	-0.9391364	0	0	0	0	0	0	0	0	0	0	0	0	0	54	0	
2	1666	-0.9376011	-0.00010398	3360.631	-0.001525902	6	6	-0.9386365	0	0	0	0	0	0	0	0	0	0	0	0	0	54	0	
2	1667	-0.9372944	-0.000103832	3361.631	-0.001525902	6	6	-0.9381365	0	0	0	0	0	0	0	0	0	0	0	0	0	54	0	
2	1668	-0.936681	-0.000103685	3362.631	-0.001525902	6	6	-0.9376364	0	0	0	0	0	0	0	0	0	0	0	0	0	54	0	
2	1669	-0.9360676	-0.000103532	3363.631	-0.001525902	6	6	-0.9371365	0	0	0	0	0	0	0	0	0	0	0	0	0	54	0	
2	1670	-0.9357609	-0.000103385	3364.631	-0.001525902	6	6	-0.9366364	0	0	0	0	0	0	0	0	0	0	0	0	0	54	0	
2	1671	-0.9351475	-0.000103237	3365.631	-0.001525902	6	6	-0.9361365	0	0	0	0	0	0	0	0	0	0	0	0	0	54	0	
2	1672	-0.9345341	-0.000103096	3366.631	-0.001525902	6	6	-0.9356365	0	0	0	0	0	0	0	0	0	0	0	0	0	54	0	
2	1673	-0.9342273	-0.000102949	3367.631	-0.001525902	6	6	-0.9351364	0	0	0	0	0	0	0	0	0	0	0	0	0	54	0	
2	1674	-0.9336139	-0.000102802	3368.631	-0.001525902	6	6	-0.9346365	0	0	0	0	0	0	0	0	0	0	0	0	0	54	0	
2	1675	-0.9333072	-0.000102655	3369.631	-0.001525902	6	6	-0.9341365	0	0	0	0	0	0	0	0	0	0	0	0	0	54	0	
2	1676	-0.9326938	-0.000102507	3370.631	-0.001525902	6	6	-0.9336365	0	0	0	0	0	0	0	0	0	0	0	0	0	54	0	
2	1677	-0.9323871	-0.00010236	3371.631	-0.001525902	6	6	-0.9331365	0	0	0	0	0	0	0	0	0	0	0	0	0	54	0	
2	1678	-0.931467	-0.000102207	3372.631	-0.001525902	6	6	-0.9326364	0	0	0	0	0	0	0	0	0	0	0	0	0	54	0	
2	1679	-0.9311603	-0.000102066	3373.631	-0.001525902	6	6	-0.933113	0	0	0	0	0	0	0	0	0	0	0	0	0	54	0	
2	1680	-0.9305469	-0.000101925	3374.631	-0.001525902	6	6	-0.9316365	0	0	0	0	0	0	0	0	0	0	0	0	0	54	0	
2	1681	-0.9302402	-0.000101777	3375.631	-0.001525902	6	6	-0.9311365	0	0	0	0	0	0	0	0	0	0	0	0	0	54	0	
2	1682	-0.9296268	-0.000101624	3376.631	-0.001525902	6	6	-0.9306365	0	0	0	0	0	0	0	0	0	0	0	0	0	54	0	
2	1683	-0.9290133	-0.000101471	3377.631	-0.001525902	6	6	-0.9301364	0	0	0	0	0	0	0	0	0	0	0	0	0	54	0	
2	1684	-0.9287066	-0.000101317	3378.631	-0.001525902	6	6	-0.9296365	0	0	0	0	0	0	0	0	0	0	0	0	0	54	0	
2	1685	-0.9280932	-0.000101164	3379.631	-0.001525902	6	6	-0.9291365	0	0	0	0	0	0	0	0	0	0	0	0	0	54	0	
2	1686	-0.9277865	-0.000101023	3380.631	-0.001525902	6	6	-0.9286364	0	0	0	0	0	0	0	0	0	0	0	0	0	54	0	
2	1687	-0.9271731	-0.000100882	3381.631	-0.001525902	6	6	-0.9281365	0	0	0	0	0	0	0	0	0	0	0	0	0	54	0	
2	1688	-0.9268664	-0.000100747	3382.631	-0.001525902	6	6	-0.9276364	0	0	0	0	0	0	0	0	0	0	0	0	0	54	0	
2	1689	-0.926253	-0.000100612	3383.631	-0.001525902	6	6	-0.9271365	0	0	0	0	0	0	0	0	0	0	0	0	0	54	0	
2	1690	-0.9256396	-0.000100471	3384.631	-0.001525902	6	6	-0.9266365	0	0	0	0	0	0	0	0	0	0	0	0	0	54	0	
2	1691	-0.9253328	-0.000100324	3385.631	-0.001525902	6	6	-0.9261364	0	0	0	0	0	0	0	0	0	0	0	0	0	54	0	
2	1692	-0.9247195	-0.000100183	3386.631	-0.001525902	6	6	-0.9256365	0	0	0	0	0	0	0	0	0	0	0	0	0	54	0	
2	1693	-0.924106	-0.000100048	3387.631	-0.001525902	6	6	-0.9251364	0	0	0	0	0	0	0	0	0	0	0	0	0	54	0	
2	1694	-0.9237993	-9.99E-05	3388.631	-0.001525902	6	6	-0.9246365	0	0	0	0	0	0	0	0	0	0	0	0	0	54	0	
2	1695	-0.9231859	-9.98E-05	3389.631	-0.001525902	6	6	-0.9241365	0	0	0	0	0	0	0	0	0	0	0	0	0	54	0	
2	1696	-0.9225725	-9.97E-05	3390.631	-0.001525902	6	6	-0.9236364	0	0	0	0	0	0	0	0	0	0	0	0	0	54	0	
2	1697	-0.9222658	-9.96E-05	3391.631	-0.001525902	6	6	-0.9231365	0	0	0	0	0	0	0	0	0	0	0	0	0	54	0	
2	1698	-0.9216524	-9.94E-05	3392.631	-0.001525902	6	6	-0.9226364	0	0	0	0	0	0	0	0	0	0	0	0	0	54	0	
2	1699	-0.9213457	-9.93E-05	3393.631	-0.001525902	6	6	-0.9221365	0	0	0	0	0	0	0	0	0	0	0	0	0	54	0	
2	1700	-0.9207323	-9.92E-05	3394.631	-0.001525902	6	6	-0.9216365	0	0	0	0	0	0	0	0	0	0	0	0	0	54	0	
2	1701	-0.9201189	-9.97E-05	3395.631	-0.001525902	6	6	-0.9211364	0	0	0	0	0	0	0	0	0	0	0	0	0	54	0	
2	1702	-0.9198121	-9.98E-05	3396.631	-0.001525902	6	6	-0.9206365	0	0	0	0	0	0	0	0	0	0	0	0	0	54	0	
2	1703	-0.9191988	-9.94E-05	3397.631	-0.001525902	6	6	-0.9201365	0	0	0	0	0	0	0	0	0	0	0	0	0	54	0	
2	1704	-0.9185853	-9.92E-05	3398.631	-0.001525902	6	6	-0.9196365	0	0	0	0	0	0	0	0	0	0	0	0	0	54	0	
2	1705	-0.9182786	-9.90E-05	3399.631	-0.001525902	6	6	-0.9191365	0	0	0	0	0	0	0	0	0	0	0	0	0	54	0	
2	1706	-0.9176652	-9.89E-05	3400.631	-0.001525902	6	6	-0.9186364	0	0	0	0	0	0	0	0	0	0	0	0	0	54	0	
2	1707	-0.9170518	-9.87E-05	3401.631	-0.001525902	6	6	-0.9181365	0	0	0	0	0	0	0	0	0	0	0	0	0	54	0	
2	1708	-0.9167451	-9.86E-05	3402.631	-0.001525902	6	6	-0.9176365	0	0	0	0	0	0	0	0	0	0	0	0	0	54	0	
2	1709	-0.9161317	-9.84E-05	3403.631	-0.001525902	6	6	-0.9171364	0	0	0	0	0	0	0	0	0	0	0	0	0	54	0	
2	1710	-0.9158249	-9.83E-05	3404.631	-0.001525902	6	6	-0.9166365	0	0	0	0	0	0	0	0	0	0	0	0	0	54	0	
2	1711	-0.9152116	-9.82E-05	3405.631	-0.001525902	6	6	-0.9161364	0	0	0	0	0	0	0	0	0	0	0	0	0	54	0	
2	1712	-0.9145981	-9.80E-05	3406.631	-0.001525902	6	6	-0.9156365	0	0	0	0	0	0	0	0	0	0	0	0	0	54	0	
2	1713	-0.9142914	-9.79E-05	3407.631	-0.001525902	6	6	-0.9151365	0	0	0	0	0	0	0	0	0	0	0	0	0	54	0	
2	1714	-0.913678	-9.77E-05	3408.631	-0.001525902	6	6	-0.9146364	0	0	0	0	0	0	0	0	0	0	0	0	0	54	0	
2	1715	-0.9130646	-9.76E-05	3409.631	-0.001525902	6	6	-0.9141365	0	0	0	0	0	0	0	0	0	0	0	0	0	54	0	
2	1716	-0.9127579	-9.74E-05	3410.631	-0.001525902	6	6	-0.9136364	0	0	0	0	0	0	0	0	0	0	0	0	0	54	0	
2	1717	-0.9121445	-9.72E-05	3411.631	-0.001525902	6	6	-0.9131365	0	0	0	0	0	0	0	0	0	0	0	0	0	54	0	
2	1718	-0.9115311	-9.71E-05	3412.631	-0.001525902	6	6	-0.9126365	0	0	0	0	0	0	0	0	0	0	0	0	0	54	0	
2	1719	-0.9112244	-9.69E-05	3413.631	-0.001525902	6	6	-0.9121364	0	0	0	0	0	0	0	0	0	0	0	0	0	54	0	
2	1720	-0.910611	-9.68E-05	3414.631	-0.001525902	6	6	-0.9116365	0	0	0	0	0	0	0	0	0	0	0	0	0	54	0	
2	1721	-0.9103042	-9.67E-05	3415.631	-0.001525902	6	6	-0.9111364	0	0	0	0	0	0	0	0	0	0	0	0	0	54	0	
2	1722	-0.9096909	-9.65E-05	3416.631	-0.001525902	6	6	-0.9106365	0	0	0	0	0	0	0	0	0	0	0	0	0	54	0	
2	1723	-0.9090774	-9.64E-05	3417.631	-0.001525902	6	6	-0.9101365	0	0	0	0	0	0	0	0	0	0	0	0	0	54	0	
2	1724	-0.9087707	-9.63E-05	3418.631	-0.001525902	6	6	-0.9096364	0	0	0	0	0	0	0	0	0	0	0	0	0	54	0	
2	1725	-0.9081573	-9.61E-05	3419.631	-0.001525902	6	6	-0.9091365	0	0	0	0	0	0	0	0	0	0	0	0	0	54	0	
2	1726	-0.9075439	-9.60E-05	3420.631	-0.001525902	6	6	-0.9086365	0	0	0	0	0	0	0	0	0	0	0	0	0	54	0	
2	1727	-0.9072372	-9.59E-05	3421.631	-0.001525902	6	6	-0.9081365	0	0	0	0	0	0	0	0	0	0	0	0	0	54	0	
2	1728	-0.9066238	-9.58E-05	3422.631	-0.001525902	6	6	-0.9076365	0	0	0	0	0	0	0	0	0	0	0	0	0	54	0	
2	1729	-0.9060103	-9.56E-05	3423.631	-0.001525902	6	6	-0.9071364	0	0	0	0	0	0	0	0	0	0	0	0	0	54	0	
2	1730	-0.9057037	-9.55E-05	3424.631	-0.001525902	6	6	-0.9066365	0	0	0	0	0	0	0	0	0	0	0	0	0	54	0	
2	1731	-0.9050902	-9.54E-05	3425.631	-0.001525902	6	6	-0.9061365	0	0	0	0	0	0	0	0	0	0	0	0	0	54	0	
2	1732	-0.9047835	-9.53E-05	3426.631	-0.001525902	6	6	-0.9056364	0	0	0	0	0	0	0	0	0	0	0	0	0	54	0	
2	1733	-0.9041701	-9.51E-05	3427.631	-0.001525902	6	6	-0.9051365	0	0	0	0	0	0	0	0	0	0	0	0	0	54	0	
2	1734	-0.9035567	-9.50E-05	3428.631	-0.001525902	6	6	-0.9046364	0	0	0	0	0	0	0	0	0	0	0	0	0	54	0	
2	1735	-0.90325	-9.49E-05	3429.631	-0.001525902	6	6	-0.9041365	0	0	0	0	0	0	0	0	0	0	0	0	0	54	0	
2	1736	-0.9026366	-9.48E-05	3430.631	-0.001525902	6	6	-0.9036365	0	0	0	0	0	0	0	0	0	0	0	0	0	54	0	
2	1737	-0.9020232	-9.47E-05	3431.631	-0.001525902	6	6	-0.9031364	0	0	0	0	0	0	0	0	0	0	0	0	0	54	0	
2	1738	-0.9017165	-9.46E-05	3432.631	-0.001525902	6	6	-0.9026365	0	0	0	0	0	0	0	0	0	0	0	0	0	54	0	
2	1739	-0.9011031	-9.46E-05	3433.631	-0.001525902	6	6	-0.9021364	0	0	0	0	0	0	0	0	0	0	0	0	0	54	0	
2	1740	-0.9007964	-9.45E-05	3434.631	-0.001525902	6	6	-0.9016365	0	0	0	0	0	0	0	0	0	0	0	0	0	54	0	
2	1741	-0.900183	-9.44E-05	3435.631	-0.001525902	6	6	-0.9011365	0	0	0	0	0	0	0	0	0	0	0	0	0	54	0	
2	1742	-0.8995695	-9.43E-05	3436.631	-0.001525902	6	6	-0.9006364	0	0	0	0	0	0	0	0	0	0	0	0	0	54	0	
2	1743	-0.8992628	-9.42E-05	3437.631	-0.001525902	6	6	-0.9001365	0	0	0	0	0	0	0	0	0	0	0	0	0	54	0	
2	1744	-0.8986494	-9.41E-05	3438.631	-0.001525902	6	6	-0.8996364	0	0	0	0	0	0	0	0	0	0	0	0	0	54	0	
2	1745	-0.8983427	-9.40E-05	3439.631	-0.001525902	6	6	-0.8991365	0	0	0	0	0	0	0	0	0	0	0	0	0	54	0	
2	1746	-0.8977293	-9.40E-05	3440.631	-0.001525902	6	6	-0.8986365	0	0	0	0	0	0	0	0	0	0	0	0	0	54	0	
2	1747	-0.8971159	-9.39E-05	3441.631	-0.001525902	6	6	-0.8981364	0	0	0	0	0	0	0	0	0	0	0	0	0	54	0	
2	1748	-0.8968092	-9.38E-05	3442.631	-0.001525902	6	6	-0.8976365	0	0	0	0	0	0	0	0	0	0	0	0	0	54	0	
2	1749	-0.8961958	-9.37E-05	3443.631	-0.001525902	6	6	-0.8971364	0	0	0	0	0	0	0	0	0	0	0	0	0	54	0	
2	1750	-0.8955823	-9.35E-05	3444.631	-0.001525902	6	6	-0.8966365	0	0	0	0	0	0	0	0	0	0	0	0	0	54	0	
2	1751	-0.8952757	-9.35E-05	3445.631	-0.001525902	6	6	-0.8961365	0	0	0	0	0	0	0	0	0	0	0	0	0	54	0	
2	1752	-0.8946622	-9.34E-05	3446.631	-0.001525902	6	6	-0.8956364	0	0	0	0	0	0	0	0	0	0	0	0	0	54	0	
2	1753	-0.8940488	-9.33E-05	3447.631	-0.001525902	6	6	-0.8951365	0	0	0	0	0	0	0	0	0	0	0	0	0	54	0	
2	1754	-0.8937421	-9.31E-05	3448.631	-0.001525902	6	6	-0.8946365	0	0	0	0	0	0	0	0	0	0	0	0	0	54	0	
2	1755	-0.8931287	-9.30E-05	3449.631	-0.001525902	6	6	-0.8941364	0	0	0	0	0	0	0	0	0	0	0	0	0	54	0	
2	1756	-0.8925153	-9.29E-05	3450.631	-0.001525902	6	6	-0.8936365	0	0	0	0	0	0	0	0	0	0	0	0	0	54	0	
2	1757	-0.8922086	-9.28E-05	3451.631	-0.001525902	6	6	-0.8931364	0	0	0	0	0	0	0	0	0	0	0	0	0	54	0	
2	1758	-0.8915952	-9.27E-05	3452.631	-0.001525902	6	6	-0.8926365	0	0	0	0	0	0	0	0	0	0	0	0	0	54	0	
2	1759	-0.8912885	-9.26E-05	3453.631	-0.001525902	6	6	-0.8921365	0	0	0	0	0	0	0	0	0	0	0	0	0	54	0	
2	1760	-0.890675	-9.26E-05	3454.631	-0.001525902	6	6	-0.8916364	0	0	0	0	0	0	0	0	0	0	0	0	0	54	0	
2	1761	-0.8900616	-9.25E-05	3455.631	-0.001525902	6	6	-0.8911365	0	0	0	0	0	0	0	0	0	0	0	0	0	54	0	
2	1762	-0.8897549	-9.24E-05	3456.631	-0.001525902	6	6	-0.8906364	0	0	0	0	0	0	0	0	0	0	0	0	0	54	0	
2	1763	-0.8891415	-9.23E-05	3457.631	-0.001525902	6	6	-0.8901365	0	0	0	0	0	0	0	0	0	0	0	0	0	54	0	
2	1764	-0.8885281	-9.22E-05	3458.631	-0.001525902	6	6	-0.8896365	0	0	0	0	0	0	0	0	0	0	0	0	0	54	0	
2	1765	-0.8882214	-9.21E-05	3459.631	-0.001525902	6	6	-0.8891364	0	0	0	0	0	0	0	0	0	0	0	0	0	54	0	
2	1766	-0.887608	-9.20E-05	3460.631	-0.001525902	6	6	-0.8886365	0	0	0	0	0	0	0	0	0	0	0	0	0	54	0	
2	1767	-0.8873013	-9.19E-05	3461.631	-0.001525902	6	6	-0.8881364	0	0	0	0	0	0	0	0	0	0	0	0	0	54	0	
2	1768	-0.8866879	-9.18E-05	3462.631	-0.001525902	6	6	-0.8876365	0	0	0	0	0	0	0	0	0	0	0	0	0	54	0	
2	1769	-0.8860744	-9.17E-05	3463.631	-0.001525902	6	6	-0.8871365	0	0	0	0	0	0	0	0	0	0	0	0	0	54	0	
2	1770	-0.8857678	-9.16E-05	3464.631	-0.001525902	6	6	-0.8866364	0	0	0	0	0	0	0	0	0	0	0	0	0	54	0	
2	1771	-0.8851543	-9.15E-05	3465.631	-0.001525902	6	6	-0.8861365	0	0	0	0	0	0	0	0	0	0	0	0	0	54	0	
2	1772	-0.8848476	-9.14E-05	3466.631	-0.001525902	6	6	-0.8856364	0	0	0	0	0	0	0	0	0	0	0	0	0	54	0	
2	1773	-0.8842342	-9.13E-05	3467.631	-0.001525902	6	6	-0.8851365	0	0	0	0	0	0	0	0	0	0	0	0	0	54	0	
2	1774	-0.8836208	-9.12E-05	3468.631	-0.001525902	6	6	-0.8846365	0	0	0	0	0	0	0	0	0	0	0	0	0	54	0	
2	1775	-0.8830074	-9.11E-05	3469.631	-0.001525902	6	6	-0.8841364	0	0	0	0	0	0	0	0	0	0	0	0	0	54	0	
2	1776	-0.8827007	-9.10E-05	3470.631	-0.001525902	6	6	-0.8836365	0	0	0	0	0	0	0	0	0	0	0	0	0	54	0	
2	1777	-0.8820872	-9.09E-05	3471.631	-0.001525902	6	6	-0.8831365	0	0	0	0	0	0	0	0	0	0	0	0	0	54	0	
2	1778	-0.8817806	-9.09E-05	3472.631	-0.001525902	6	6	-0.8826365	0	0	0	0	0	0	0	0	0	0	0	0	0	54	0	
2	1779	-0.8811671	-9.12E-05	3473.631	-0.001525902	6	6	-0.8821365	0	0	0	0	0	0	0	0	0	0	0	0	0	54	0	
2	1780	-0.8805537	-9.09E-05	3474.631	-0.001525902	6	6	-0.8816364	0	0	0	0	0	0	0	0	0	0	0	0	0	54	0	
2	1781	-0.880247	-9.07E-05	3475.631	-0.001525902	6	6	-0.8811365	0	0	0	0	0	0	0	0	0	0	0	0	0	54	0	
2	1782	-0.8796336	-9.06E-05	3476.631	-0.001525902	6	6	-0.8806365	0	0	0	0	0	0	0	0	0	0	0	0	0	54	0	
2	1783	-0.8793269	-9.04E-05	3477.631	-0.001525902	6	6	-0.8801364	0	0	0	0	0	0	0	0	0	0	0	0	0	54	0	
2	1784	-0.8787135	-9.03E-05	3478.631	-0.001525902	6	6	-0.8796365	0	0	0	0	0	0	0	0	0	0	0	0	0	54	0	
2	1785	-0.8784068	-9.02E-05	3479.631	-0.001525902	6	6	-0.8791364	0	0	0	0	0	0	0	0	0	0	0	0	0	54	0	
2	1786	-0.8774866	-9.01E-05	3480.631	-0.001525902	6	6	-0.8786365	0	0	0	0	0	0	0	0	0	0	0	0	0	54	0	
2	1787	-0.87718	-9.00E-05	3481.631	-0.001525902	6	6	-0.8781365	0	0	0	0	0	0	0	0	0	0	0	0	0	54	0	
2	1788	-0.8768733	-8.99E-05	3482.631	-0.001525902	6	6	-0.8776364	0	0	0	0	0	0	0	0	0	0	0	0	0	54	0	
2	1789	-0.8762599	-8.98E-05	3483.631	-0.001525902	6	6	-0.8771365	0	0	0	0	0	0	0	0	0	0	0	0	0	54	0	
2	1790	-0.8756464	-8.97E-05	3484.631	-0.001525902	6	6	-0.8766364	0	0	0	0	0	0	0	0	0	0	0	0	0	54	0	
2	1791	-0.8753397	-8.96E-05	3485.631	-0.001525902	6	6	-0.8761365	0	0	0	0	0	0	0	0	0	0	0	0	0	54	0	
2	1792	-0.8747263	-8.96E-05	3486.631	-0.001525902	6	6	-0.8756365	0	0	0	0	0	0	0	0	0	0	0	0	0	54	0	
2	1793	-0.8741129	-8.95E-05	3487.631	-0.001525902	6	6	-0.8751364	0	0	0	0	0	0	0	0	0	0	0	0	0	54	0	
2	1794	-0.8738062	-8.94E-05	3488.631	-0.001525902	6	6	-0.8746365	0	0	0	0	0	0	0	0	0	0	0	0	0	54	0	
2	1795	-0.8731928	-8.93E-05	3489.631	-0.001525902	6	6	-0.8741364	0	0	0	0	0	0	0	0	0	0	0	0	0	54	0	
2	1796	-0.8728861	-8.93E-05	3490.631	-0.001525902	6	6	-0.8736365	0	0	0	0	0	0	0	0	0	0	0	0	0	54	0	
2	1797	-0.8722727	-8.93E-05	3491.631	-0.001525902	6	6	-0.8731365	0	0	0	0	0	0	0	0	0	0	0	0	0	54	0	
2	1798	-0.8716592	-8.92E-05	3492.631	-0.001525902	6	6	-0.8726364	0	0	0	0	0	0	0	0	0	0	0	0	0	54	0	
2	1799	-0.8713526	-8.92E-05	3493.631	-0.001525902	6	6	-0.8721365	0	0	0	0	0	0	0	0	0	0	0	0	0	54	0	
2	1800	-0.8707391	-8.91E-05	3494.631	-0.001525902	6	6	-0.8716365	0	0	0	0	0	0	0	0	0	0	0	0	0	54	0	
2	1801	-0.8701257	-8.91E-05	3495.631	-0.001525902	6	6	-0.8711365	0	0	0	0	0	0	0	0	0	0	0	0	0	54	0	
2	1802	-0.869819	-8.90E-05	3496.631	-0.001525902	6	6	-0.8706365	0	0	0	0	0	0	0	0	0	0	0	0	0	54	0	
2	1803	-0.8692056	-8.90E-05	3497.631	-0.001525902	6	6	-0.8701364	0	0	0	0	0	0	0	0	0	0	0	0	0	54	0	
2	1804	-0.8685922	-8.89E-05	3498.631	-0.001525902	6	6	-0.870613	0	0	0	0	0	0	0	0	0	0	0	0	0	54	0	
2	1805	-0.8682855	-8.89E-05	3499.631	-0.001525902	6	6	-0.8691365	0	0	0	0	0	0	0	0	0	0	0	0	0	54	0	
2	1806	-0.8676721	-8.88E-05	3500.631	-0.001525902	6	6	-0.8686364	0	0	0	0	0	0	0	0	0	0	0	0	0	54	0	
2	1807	-0.8673654	-8.87E-05	3501.631	-0.001525902	6	6	-0.8681365	0	0	0	0	0	0	0	0	0	0	0	0	0	54	0	
2	1808	-0.866752	-8.87E-05	3502.631	-0.001525902	6	6	-0.8676364	0	0	0	0	0	0	0	0	0	0	0	0	0	54	0	
2	1809	-0.8661385	-8.86E-05	3503.631	-0.001525902	6	6	-0.8671365	0	0	0	0	0	0	0	0	0	0	0	0	0	54	0	
2	1810	-0.8658319	-8.85E-05	3504.631	-0.001525902	6	6	-0.8666365	0	0	0	0	0	0	0	0	0	0	0	0	0	54	0	
2	1811	-0.8652184	-8.84E-05	3505.631	-0.001525902	6	6	-0.8661364	0	0	0	0	0	0	0	0	0	0	0	0	0	54	0	
2	1812	-0.8649117	-8.83E-05	3506.631	-0.001525902	6	6	-0.8656365	0	0	0	0	0	0	0	0	0	0	0	0	0	54	0	
2	1813	-0.8642983	-8.82E-05	3507.631	-0.001525902	6	6	-0.8651364	0	0	0	0	0	0	0	0	0	0	0	0	0	54	0	
2	1814	-0.8636849	-8.81E-05	3508.631	-0.001525902	6	6	-0.8646365	0	0	0	0	0	0	0	0	0	0	0	0	0	54	0	
2	1815	-0.8633782	-8.80E-05	3509.631	-0.001525902	6	6	-0.8641365	0	0	0	0	0	0	0	0	0	0	0	0	0	54	0	
2	1816	-0.8627648	-8.79E-05	3510.631	-0.001525902	6	6	-0.8636364	0	0	0	0	0	0	0	0	0	0	0	0	0	54	0	
2	1817	-0.8624581	-8.78E-05	3511.631	-0.001525902	6	6	-0.8631365	0	0	0	0	0	0	0	0	0	0	0	0	0	54	0	
2	1818	-0.8618447	-8.78E-05	3512.631	-0.001525902	6	6	-0.8626364	0	0	0	0	0	0	0	0	0	0	0	0	0	54	0	
2	1819	-0.8612312	-8.77E-05	3513.631	-0.001525902	6	6	-0.8621365	0	0	0	0	0	0	0	0	0	0	0	0	0	54	0	
2	1820	-0.8609245	-8.76E-05	3514.631	-0.001525902	6	6	-0.8616365	0	0	0	0	0	0	0	0	0	0	0	0	0	54	0	
2	1821	-0.8603111	-8.75E-05	3515.631	-0.001525902	6	6	-0.8611364	0	0	0	0	0	0	0	0	0	0	0	0	0	54	0	
2	1822	-0.8600044	-8.75E-05	3516.631	-0.001525902	6	6	-0.8606365	0	0	0	0	0	0	0	0	0	0	0	0	0	54	0	
2	1823	-0.859391	-8.74E-05	3517.631	-0.001525902	6	6	-0.8601364	0	0	0	0	0	0	0	0	0	0	0	0	0	54	0	
2	1824	-0.8587776	-8.73E-05	3518.631	-0.001525902	6	6	-0.8596365	0	0	0	0	0	0	0	0	0	0	0	0	0	54	0	
2	1825	-0.8584709	-8.73E-05	3519.631	-0.001525902	6	6	-0.8591365	0	0	0	0	0	0	0	0	0	0	0	0	0	54	0	
2	1826	-0.8578575	-8.72E-05	3520.631	-0.001525902	6	6	-0.8586364	0	0	0	0	0	0	0	0	0	0	0	0	0	54	0	
2	1827	-0.8572441	-8.71E-05	3521.631	-0.001525902	6	6	-0.8581365	0	0	0	0	0	0	0	0	0	0	0	0	0	54	0	
2	1828	-0.8569373	-8.70E-05	3522.631	-0.001525902	6	6	-0.8576365	0	0	0	0	0	0	0	0	0	0	0	0	0	54	0	
2	1829	-0.8563239	-8.69E-05	3523.631	-0.001525902	6	6	-0.8571364	0	0	0	0	0	0	0	0	0	0	0	0	0	54	0	
2	1830	-0.8560172	-8.68E-05	3524.631	-0.001525902	6	6	-0.8566365	0	0	0	0	0	0	0	0	0	0	0	0	0	54	0	
2	1831	-0.8554038	-8.67E-05	3525.631	-0.001525902	6	6	-0.8561364	0	0	0	0	0	0	0	0	0	0	0	0	0	54	0	
2	1832	-0.8547904	-8.66E-05	3526.631	-0.001525902	6	6	-0.8556365	0	0	0	0	0	0	0	0	0	0	0	0	0	54	0	
2	1833	-0.8544837	-8.65E-05	3527.631	-0.001525902	6	6	-0.8551365	0	0	0	0	0	0	0	0	0	0	0	0	0	54	0	
2	1834	-0.8538703	-8.64E-05	3528.631	-0.001525902	6	6	-0.8546364	0	0	0	0	0	0	0	0	0	0	0	0	0	54	0	
2	1835	-0.8532569	-8.63E-05	3529.631	-0.001525902	6	6	-0.8541365	0	0	0	0	0	0	0	0	0	0	0	0	0	54	0	
2	1836	-0.8529502	-8.62E-05	3530.631	-0.001525902	6	6	-0.8536364	0	0	0	0	0	0	0	0	0	0	0	0	0	54	0	
2	1837	-0.8523368	-8.61E-05	3531.631	-0.001525902	6	6	-0.8531365	0	0	0	0	0	0	0	0	0	0	0	0	0	54	0	
2	1838	-0.85203	-8.60E-05	3532.631	-0.001525902	6	6	-0.8526365	0	0	0	0	0	0	0	0	0	0	0	0	0	54	0	
2	1839	-0.8514166	-8.59E-05	3533.631	-0.001525902	6	6	-0.8521364	0	0	0	0	0	0	0	0	0	0	0	0	0	54	0	
2	1840	-0.8508032	-8.58E-05	3534.631	-0.001525902	6	6	-0.8516365	0	0	0	0	0	0	0	0	0	0	0	0	0	54	0	
2	1841	-0.8504965	-8.57E-05	3535.631	-0.001525902	6	6	-0.8511364	0	0	0	0	0	0	0	0	0	0	0	0	0	54	0	
2	1842	-0.8498831	-8.55E-05	3536.631	-0.001525902	6	6	-0.8506365	0	0	0	0	0	0	0	0	0	0	0	0	0	54	0	
2	1843	-0.8492697	-8.54E-05	3537.631	-0.001525902	6	6	-0.8501365	0	0	0	0	0	0	0	0	0	0	0	0	0	54	0	
2	1844	-0.848963	-8.53E-05	3538.631	-0.001525902	6	6	-0.8496364	0	0	0	0	0	0	0	0	0	0	0	0	0	54	0	
2	1845	-0.8483496	-8.52E-05	3539.631	-0.001525902	6	6	-0.8491365	0	0	0	0	0	0	0	0	0	0	0	0	0	54	0	
2	1846	-0.8480428	-8.51E-05	3540.631	-0.001525902	6	6	-0.8486364	0	0	0	0	0	0	0	0	0	0	0	0	0	54	0	
2	1847	-0.8474295	-8.50E-05	3541.631	-0.001525902	6	6	-0.8481365	0	0	0	0	0	0	0	0	0	0	0	0	0	54	0	
2	1848	-0.846816	-8.49E-05	3542.631	-0.001525902	6	6	-0.8476365	0	0	0	0	0	0	0	0	0	0	0	0	0	54	0	
2	1849	-0.8465093	-8.48E-05	3543.631	-0.001525902	6	6	-0.8471364	0	0	0	0	0	0	0	0	0	0	0	0	0	54	0	
2	1850	-0.8458959	-8.46E-05	3544.631	-0.001525902	6	6	-0.8466365	0	0	0	0	0	0	0	0	0	0	0	0	0	54	0	
2	1851	-0.8452825	-8.45E-05	3545.631	-0.001525902	6	6	-0.8461365	0	0	0	0	0	0	0	0	0	0	0	0	0	54	0	
2	1852	-0.8449758	-8.44E-05	3546.631	-0.001525902	6	6	-0.8456364	0	0	0	0	0	0	0	0	0	0	0	0	0	54	0	
2	1853	-0.8443624	-8.43E-05	3547.631	-0.001525902	6	6	-0.8451365	0	0	0	0	0	0	0	0	0	0	0	0	0	54	0	
2	1854	-0.843749	-8.42E-05	3548.631	-0.001525902	6	6	-0.8446364	0	0	0	0	0	0	0	0	0	0	0	0	0	54	0	
2	1855	-0.8434423	-8.41E-05	3549.631	-0.001525902	6	6	-0.8441365	0	0	0	0	0	0	0	0	0	0	0	0	0	54	0	
2	1856	-0.8428289	-8.40E-05	3550.631	-0.001525902	6	6	-0.8436365	0	0	0	0	0	0	0	0	0	0	0	0	0	54	0	
2	1857	-0.8425221	-8.39E-05	3551.631	-0.001525902	6	6	-0.8431364	0	0	0	0	0	0	0	0	0	0	0	0	0	54	0	
2	1858	-0.8419088	-8.39E-05	3552.631	-0.001525902	6	6	-0.8426365	0	0	0	0	0	0	0	0	0	0	0	0	0	54	0	
2	1859	-0.8412953	-8.43E-05	3553.631	-0.001525902	6	6	-0.8421364	0	0	0	0	0	0	0	0	0	0	0	0	0	54	0	
2	1860	-0.8409886	-8.39E-05	3554.631	-0.001525902	6	6	-0.8416365	0	0	0	0	0	0	0	0	0	0	0	0	0	54	0	
2	1861	-0.8403752	-8.36E-05	3555.631	-0.001525902	6	6	-0.8411365	0	0	0	0	0	0	0	0	0	0	0	0	0	54	0	
2	1862	-0.8400685	-8.36E-05	3556.631	-0.001525902	6	6	-0.8406364	0	0	0	0	0	0	0	0	0	0	0	0	0	54	0	
2	1863	-0.8394551	-8.35E-05	3557.631	-0.001525902	6	6	-0.8401365	0	0	0	0	0	0	0	0	0	0	0	0	0	54	0	
2	1864	-0.8388417	-8.34E-05	3558.631	-0.001525902	6	6	-0.8396364	0	0	0	0	0	0	0	0	0	0	0	0	0	54	0	
2	1865	-0.838535	-8.32E-05	3559.631	-0.001525902	6	6	-0.8391365	0	0	0	0	0	0	0	0	0	0	0	0	0	54	0	
2	1866	-0.8379216	-8.31E-05	3560.631	-0.001525902	6	6	-0.8386365	0	0	0	0	0	0	0	0	0	0	0	0	0	54	0	
2	1867	-0.8373081	-8.32E-05	3561.631	-0.001525902	6	6	-0.8381364	0	0	0	0	0	0	0	0	0	0	0	0	0	54	0	
2	1868	-0.8370014	-8.32E-05	3562.631	-0.001525902	6	6	-0.8376365	0	0	0	0	0	0	0	0	0	0	0	0	0	54	0	
2	1869	-0.836388	-8.32E-05	3563.631	-0.001525902	6	6	-0.8371364	0	0	0	0	0	0	0	0	0	0	0	0	0	54	0	
2	1870	-0.8360813	-8.31E-05	3564.631	-0.001525902	6	6	-0.8366365	0	0	0	0	0	0	0	0	0	0	0	0	0	54	0	
2	1871	-0.8354679	-8.30E-05	3565.631	-0.001525902	6	6	-0.8361365	0	0	0	0	0	0	0	0	0	0	0	0	0	54	0	
2	1872	-0.8348545	-8.29E-05	3566.631	-0.001525902	6	6	-0.8356364	0	0	0	0	0	0	0	0	0	0	0	0	0	54	0	
2	1873	-0.8345478	-8.29E-05	3567.631	-0.001525902	6	6	-0.8351365	0	0	0	0	0	0	0	0	0	0	0	0	0	54	0	
2	1874	-0.8339344	-8.28E-05	3568.631	-0.001525902	6	6	-0.8346364	0	0	0	0	0	0	0	0	0	0	0	0	0	54	0	
2	1875	-0.833321	-8.27E-05	3569.631	-0.001525902	6	6	-0.8341364	0	0	0	0	0	0	0	0	0	0	0	0	0	54	0	
2	1876	-0.8330142	-8.26E-05	3570.631	-0.001525902	6	6	-0.8336365	0	0	0	0	0	0	0	0	0	0	0	0	0	54	0	
2	1877	-0.8324009	-8.25E-05	3571.631	-0.001525902	6	6	-0.8331364	0	0	0	0	0	0	0	0	0	0	0	0	0	54	0	
2	1878	-0.8317874	-8.24E-05	3572.631	-0.001525902	6	6	-0.8326365	0	0	0	0	0	0	0	0	0	0	0	0	0	54	0	
2	1879	-0.8314807	-8.23E-05	3573.631	-0.001525902	6	6	-0.8321365	0	0	0	0	0	0	0	0	0	0	0	0	0	54	0	
2	1880	-0.8308673	-8.22E-05	3574.631	-0.001525902	6	6	-0.8316364	0	0	0	0	0	0	0	0	0	0	0	0	0	54	0	
2	1881	-0.8305606	-8.21E-05	3575.631	-0.001525902	6	6	-0.8311365	0	0	0	0	0	0	0	0	0	0	0	0	0	54	0	
2	1882	-0.8299472	-8.20E-05	3576.631	-0.001525902	6	6	-0.8306364	0	0	0	0	0	0	0	0	0	0	0	0	0	54	0	
2	1883	-0.8293338	-8.20E-05	3577.631	-0.001525902	6	6	-0.8301365	0	0	0	0	0	0	0	0	0	0	0	0	0	54	0	
2	1884	-0.8290271	-8.19E-05	3578.631	-0.001525902	6	6	-0.8296365	0	0	0	0	0	0	0	0	0	0	0	0	0	54	0	
2	1885	-0.8284137	-8.18E-05	3579.631	-0.001525902	6	6	-0.8291364	0	0	0	0	0	0	0	0	0	0	0	0	0	54	0	
2	1886	-0.8278002	-8.17E-05	3580.631	-0.001525902	6	6	-0.8286365	0	0	0	0	0	0	0	0	0	0	0	0	0	54	0	
2	1887	-0.8274935	-8.16E-05	3581.631	-0.001525902	6	6	-0.8281364	0	0	0	0	0	0	0	0	0	0	0	0	0	54	0	
2	1888	-0.8268801	-8.15E-05	3582.631	-0.001525902	6	6	-0.8276365	0	0	0	0	0	0	0	0	0	0	0	0	0	54	0	
2	1889	-0.8265734	-8.14E-05	3583.631	-0.001525902	6	6	-0.8271365	0	0	0	0	0	0	0	0	0	0	0	0	0	54	0	
2	1890	-0.82596	-8.13E-05	3584.631	-0.001525902	6	6	-0.8266364	0	0	0	0	0	0	0	0	0	0	0	0	0	54	0	
2	1891	-0.8256533	-8.12E-05	3585.631	-0.001525902	6	6	-0.8261365	0	0	0	0	0	0	0	0	0	0	0	0	0	54	0	
2	1892	-0.8247332	-8.11E-05	3586.631	-0.001525902	6	6	-0.8256364	0	0	0	0	0	0	0	0	0	0	0	0	0	54	0	
2	1893	-0.8244265	-8.10E-05	3587.631	-0.001525902	6	6	-0.8251365	0	0	0	0	0	0	0	0	0	0	0	0	0	54	0	
2	1894	-0.8238131	-8.09E-05	3588.631	-0.001525902	6	6	-0.8246365	0	0	0	0	0	0	0	0	0	0	0	0	0	54	0	
2	1895	-0.8235064	-8.08E-05	3589.631	-0.001525902	6	6	-0.8241364	0	0	0	0	0	0	0	0	0	0	0	0	0	54	0	
2	1896	-0.822893	-8.07E-05	3590.631	-0.001525902	6	6	-0.8236365	0	0	0	0	0	0	0	0	0	0	0	0	0	54	0	
2	1897	-0.8222795	-8.06E-05	3591.631	-0.001525902	6	6	-0.8231364	0	0	0	0	0	0	0	0	0	0	0	0	0	54	0	
2	1898	-0.8219728	-8.05E-05	3592.631	-0.001525902	6	6	-0.8226364	0	0	0	0	0	0	0	0	0	0	0	0	0	54	0	
2	1899	-0.8213594	-8.04E-05	3593.631	-0.001525902	6	6	-0.8221365	0	0	0	0	0	0	0	0	0	0	0	0	0	54	0	
2	1900	-0.8210527	-8.03E-05	3594.631	-0.001525902	6	6	-0.8216364	0	0	0	0	0	0	0	0	0	0	0	0	0	54	0	
2	1901	-0.8204393	-8.02E-05	3595.631	-0.001525902	6	6	-0.8211365	0	0	0	0	0	0	0	0	0	0	0	0	0	54	0	
2	1902	-0.8198259	-8.01E-05	3596.631	-0.001525902	6	6	-0.8206365	0	0	0	0	0	0	0	0	0	0	0	0	0	54	0	
2	1903	-0.8195192	-8.00E-05	3597.631	-0.001525902	6	6	-0.8201364	0	0	0	0	0	0	0	0	0	0	0	0	0	54	0	
2	1904	-0.8189058	-7.99E-05	3598.631	-0.001525902	6	6	-0.8196365	0	0	0	0	0	0	0	0	0	0	0	0	0	54	0	
2	1905	-0.8182923	-7.98E-05	3599.631	-0.001525902	6	6	-0.8191364	0	0	0	0	0	0	0	0	0	0	0	0	0	54	0	
2	1906	-0.8179857	-7.97E-05	3600.631	-0.001525902	6	6	-0.8186365	0	0	0	0	0	0	0	0	0	0	0	0	0	54	0	
2	1907	-0.8173722	-7.96E-05	3601.631	-0.001525902	6	6	-0.8181365	0	0	0	0	0	0	0	0	0	0	0	0	0	54	0	
2	1908	-0.8170655	-7.95E-05	3602.631	-0.001525902	6	6	-0.8176364	0	0	0	0	0	0	0	0	0	0	0	0	0	54	0	
2	1909	-0.8164521	-7.94E-05	3603.631	-0.001525902	6	6	-0.8171365	0	0	0	0	0	0	0	0	0	0	0	0	0	54	0	
2	1910	-0.8158387	-7.93E-05	3604.631	-0.001525902	6	6	-0.8166364	0	0	0	0	0	0	0	0	0	0	0	0	0	54	0	
2	1911	-0.815532	-7.92E-05	3605.631	-0.001525902	6	6	-0.8161365	0	0	0	0	0	0	0	0	0	0	0	0	0	54	0	
2	1912	-0.8149186	-7.92E-05	3606.631	-0.001525902	6	6	-0.8156365	0	0	0	0	0	0	0	0	0	0	0	0	0	54	0	
2	1913	-0.8143052	-7.91E-05	3607.631	-0.001525902	6	6	-0.8151364	0	0	0	0	0	0	0	0	0	0	0	0	0	54	0	
2	1914	-0.8139985	-7.90E-05	3608.631	-0.001525902	6	6	-0.8146365	0	0	0	0	0	0	0	0	0	0	0	0	0	54	0	
2	1915	-0.813385	-7.89E-05	3609.631	-0.001525902	6	6	-0.8141364	0	0	0	0	0	0	0	0	0	0	0	0	0	54	0	
2	1916	-0.8130783	-7.88E-05	3610.631	-0.001525902	6	6	-0.8136365	0	0	0	0	0	0	0	0	0	0	0	0	0	54	0	
2	1917	-0.8124649	-7.87E-05	3611.631	-0.001525902	6	6	-0.8131365	0	0	0	0	0	0	0	0	0	0	0	0	0	54	0	
2	1918	-0.8118515	-7.86E-05	3612.631	-0.001525902	6	6	-0.8126364	0	0	0	0	0	0	0	0	0	0	0	0	0	54	0	
2	1919	-0.8115448	-7.85E-05	3613.631	-0.001525902	6	6	-0.8121365	0	0	0	0	0	0	0	0	0	0	0	0	0	54	0	
2	1920	-0.8109314	-7.84E-05	3614.631	-0.001525902	6	6	-0.8116364	0	0	0	0	0	0	0	0	0	0	0	0	0	54	0	
2	1921	-0.8106247	-7.84E-05	3615.631	-0.001525902	6	6	-0.8111365	0	0	0	0	0	0	0	0	0	0	0	0	0	54	0	
2	1922	-0.8100113	-7.82E-05	3616.631	-0.001525902	6	6	-0.8106365	0	0	0	0	0	0	0	0	0	0	0	0	0	54	0	
2	1923	-0.8093979	-7.81E-05	3617.631	-0.001525902	6	6	-0.8101364	0	0	0	0	0	0	0	0	0	0	0	0	0	54	0	
2	1924	-0.8090912	-7.80E-05	3618.631	-0.001525902	6	6	-0.8096365	0	0	0	0	0	0	0	0	0	0	0	0	0	54	0	
2	1925	-0.8084778	-7.79E-05	3619.631	-0.001525902	6	6	-0.8091365	0	0	0	0	0	0	0	0	0	0	0	0	0	54	0	
2	1926	-0.8078643	-7.78E-05	3620.631	-0.001525902	6	6	-0.8086364	0	0	0	0	0	0	0	0	0	0	0	0	0	54	0	
2	1927	-0.8075576	-7.77E-05	3621.631	-0.001525902	6	6	-0.8081365	0	0	0	0	0	0	0	0	0	0	0	0	0	54	0	
2	1928	-0.8069442	-7.76E-05	3622.631	-0.001525902	6	6	-0.8076364	0	0	0	0	0	0	0	0	0	0	0	0	0	54	0	
2	1929	-0.8063308	-7.75E-05	3623.631	-0.001525902	6	6	-0.808113	0	0	0	0	0	0	0	0	0	0	0	0	0	54	0	
2	1930	-0.8060241	-7.74E-05	3624.631	-0.001525902	6	6	-0.8066365	0	0	0	0	0	0	0	0	0	0	0	0	0	54	0	
2	1931	-0.8054107	-7.73E-05	3625.631	-0.001525902	6	6	-0.8061364	0	0	0	0	0	0	0	0	0	0	0	0	0	54	0	
2	1932	-0.805104	-7.72E-05	3626.631	-0.001525902	6	6	-0.8056365	0	0	0	0	0	0	0	0	0	0	0	0	0	54	0	
2	1933	-0.8044906	-7.71E-05	3627.631	-0.001525902	6	6	-0.8051364	0	0	0	0	0	0	0	0	0	0	0	0	0	54	0	
2	1934	-0.8038771	-7.69E-05	3628.631	-0.001525902	6	6	-0.8046365	0	0	0	0	0	0	0	0	0	0	0	0	0	54	0	
2	1935	-0.8035704	-7.68E-05	3629.631	-0.001525902	6	6	-0.8041365	0	0	0	0	0	0	0	0	0	0	0	0	0	54	0	
2	1936	-0.802957	-7.67E-05	3630.631	-0.001525902	6	6	-0.8036364	0	0	0	0	0	0	0	0	0	0	0	0	0	54	0	
2	1937	-0.8026503	-7.66E-05	3631.631	-0.001525902	6	6	-0.8031365	0	0	0	0	0	0	0	0	0	0	0	0	0	54	0	
2	1938	-0.8020369	-7.65E-05	3632.631	-0.001525902	6	6	-0.8026364	0	0	0	0	0	0	0	0	0	0	0	0	0	54	0	
2	1939	-0.8014235	-7.64E-05	3633.631	-0.001525902	6	6	-0.8021365	0	0	0	0	0	0	0	0	0	0	0	0	0	54	0	
2	1940	-0.8008101	-7.63E-05	3634.631	-0.001525902	6	6	-0.8016365	0	0	0	0	0	0	0	0	0	0	0	0	0	54	0	
2	1941	-0.8005034	-7.62E-05	3635.631	-0.001525902	6	6	-0.8011364	0	0	0	0	0	0	0	0	0	0	0	0	0	54	0	
2	1942	-0.79989	-7.60E-05	3636.631	-0.001525902	6	6	-0.8006365	0	0	0	0	0	0	0	0	0	0	0	0	0	54	0	
2	1943	-0.7995833	-7.59E-05	3637.631	-0.001525902	6	6	-0.8001364	0	0	0	0	0	0	0	0	0	0	0	0	0	54	0	
2	1944	-0.7989699	-7.58E-05	3638.631	-0.001525902	6	6	-0.7996365	0	0	0	0	0	0	0	0	0	0	0	0	0	54	0	
2	1945	-0.7983564	-7.57E-05	3639.631	-0.001525902	6	6	-0.7991365	0	0	0	0	0	0	0	0	0	0	0	0	0	54	0	
2	1946	-0.7980497	-7.56E-05	3640.631	-0.001525902	6	6	-0.7986364	0	0	0	0	0	0	0	0	0	0	0	0	0	54	0	
2	1947	-0.7974363	-7.55E-05	3641.631	-0.001525902	6	6	-0.7981365	0	0	0	0	0	0	0	0	0	0	0	0	0	54	0	
2	1948	-0.7968229	-7.54E-05	3642.631	-0.001525902	6	6	-0.7976364	0	0	0	0	0	0	0	0	0	0	0	0	0	54	0	
2	1949	-0.7965162	-7.53E-05	3643.631	-0.001525902	6	6	-0.7971364	0	0	0	0	0	0	0	0	0	0	0	0	0	54	0	
2	1950	-0.7959028	-7.51E-05	3644.631	-0.001525902	6	6	-0.7966365	0	0	0	0	0	0	0	0	0	0	0	0	0	54	0	
2	1951	-0.7955961	-7.50E-05	3645.631	-0.001525902	6	6	-0.7961364	0	0	0	0	0	0	0	0	0	0	0	0	0	54	0	
2	1952	-0.7949827	-7.49E-05	3646.631	-0.001525902	6	6	-0.7956365	0	0	0	0	0	0	0	0	0	0	0	0	0	54	0	
2	1953	-0.7943692	-7.48E-05	3647.631	-0.001525902	6	6	-0.7951365	0	0	0	0	0	0	0	0	0	0	0	0	0	54	0	
2	1954	-0.7940626	-7.47E-05	3648.631	-0.001525902	6	6	-0.7946364	0	0	0	0	0	0	0	0	0	0	0	0	0	54	0	
2	1955	-0.7934491	-7.45E-05	3649.631	-0.001525902	6	6	-0.7941365	0	0	0	0	0	0	0	0	0	0	0	0	0	54	0	
2	1956	-0.7928357	-7.44E-05	3650.631	-0.001525902	6	6	-0.7936364	0	0	0	0	0	0	0	0	0	0	0	0	0	54	0	
2	1957	-0.792529	-7.43E-05	3651.631	-0.001525902	6	6	-0.7931365	0	0	0	0	0	0	0	0	0	0	0	0	0	54	0	
2	1958	-0.7919156	-7.42E-05	3652.631	-0.001525902	6	6	-0.7926365	0	0	0	0	0	0	0	0	0	0	0	0	0	54	0	
2	1959	-0.7916089	-7.41E-05	3653.631	-0.001525902	6	6	-0.7921364	0	0	0	0	0	0	0	0	0	0	0	0	0	54	0	
2	1960	-0.7909955	-7.40E-05	3654.631	-0.001525902	6	6	-0.7916365	0	0	0	0	0	0	0	0	0	0	0	0	0	54	0	
2	1961	-0.7903821	-7.39E-05	3655.631	-0.001525902	6	6	-0.7911364	0	0	0	0	0	0	0	0	0	0	0	0	0	54	0	
2	1962	-0.7900754	-7.38E-05	3656.631	-0.001525902	6	6	-0.7906365	0	0	0	0	0	0	0	0	0	0	0	0	0	54	0	
2	1963	-0.789462	-7.37E-05	3657.631	-0.001525902	6	6	-0.7901365	0	0	0	0	0	0	0	0	0	0	0	0	0	54	0	
2	1964	-0.7888485	-7.36E-05	3658.631	-0.001525902	6	6	-0.7896364	0	0	0	0	0	0	0	0	0	0	0	0	0	54	0	
2	1965	-0.7885419	-7.37E-05	3659.631	-0.001525902	6	6	-0.7891365	0	0	0	0	0	0	0	0	0	0	0	0	0	54	0	
2	1966	-0.7879284	-7.39E-05	3660.631	-0.001525902	6	6	-0.7886364	0	0	0	0	0	0	0	0	0	0	0	0	0	54	0	
2	1967	-0.7876217	-7.37E-05	3661.631	-0.001525902	6	6	-0.7881365	0	0	0	0	0	0	0	0	0	0	0	0	0	54	0	
2	1968	-0.7870083	-7.36E-05	3662.631	-0.001525902	6	6	-0.7876365	0	0	0	0	0	0	0	0	0	0	0	0	0	54	0	
2	1969	-0.7863949	-7.35E-05	3663.631	-0.001525902	6	6	-0.7871364	0	0	0	0	0	0	0	0	0	0	0	0	0	54	0	
2	1970	-0.7857814	-7.33E-05	3664.631	-0.001525902	6	6	-0.7866365	0	0	0	0	0	0	0	0	0	0	0	0	0	54	0	
2	1971	-0.7854748	-7.32E-05	3665.631	-0.001525902	6	6	-0.7861364	0	0	0	0	0	0	0	0	0	0	0	0	0	54	0	
2	1972	-0.7848613	-7.31E-05	3666.631	-0.001525902	6	6	-0.7856364	0	0	0	0	0	0	0	0	0	0	0	0	0	54	0	
2	1973	-0.7845547	-7.30E-05	3667.631	-0.001525902	6	6	-0.7851365	0	0	0	0	0	0	0	0	0	0	0	0	0	54	0	
2	1974	-0.7839412	-7.29E-05	3668.631	-0.001525902	6	6	-0.7846364	0	0	0	0	0	0	0	0	0	0	0	0	0	54	0	
2	1975	-0.7833278	-7.28E-05	3669.631	-0.001525902	6	6	-0.7841365	0	0	0	0	0	0	0	0	0	0	0	0	0	54	0	
2	1976	-0.7830211	-7.26E-05	3670.631	-0.001525902	6	6	-0.7836365	0	0	0	0	0	0	0	0	0	0	0	0	0	54	0	
2	1977	-0.7824077	-7.25E-05	3671.631	-0.001525902	6	6	-0.7831364	0	0	0	0	0	0	0	0	0	0	0	0	0	54	0	
2	1978	-0.782101	-7.24E-05	3672.631	-0.001525902	6	6	-0.7826365	0	0	0	0	0	0	0	0	0	0	0	0	0	54	0	
2	1979	-0.7814876	-7.23E-05	3673.631	-0.001525902	6	6	-0.7821364	0	0	0	0	0	0	0	0	0	0	0	0	0	54	0	
2	1980	-0.7808742	-7.22E-05	3674.631	-0.001525902	6	6	-0.7816365	0	0	0	0	0	0	0	0	0	0	0	0	0	54	0	
2	1981	-0.7805675	-7.21E-05	3675.631	-0.001525902	6	6	-0.7811365	0	0	0	0	0	0	0	0	0	0	0	0	0	54	0	
2	1982	-0.7799541	-7.20E-05	3676.631	-0.001525902	6	6	-0.7806364	0	0	0	0	0	0	0	0	0	0	0	0	0	54	0	
2	1983	-0.7793406	-7.19E-05	3677.631	-0.001525902	6	6	-0.7801365	0	0	0	0	0	0	0	0	0	0	0	0	0	54	0	
2	1984	-0.779034	-7.18E-05	3678.631	-0.001525902	6	6	-0.7796364	0	0	0	0	0	0	0	0	0	0	0	0	0	54	0	
2	1985	-0.7784205	-7.16E-05	3679.631	-0.001525902	6	6	-0.7791365	0	0	0	0	0	0	0	0	0	0	0	0	0	54	0	
2	1986	-0.7778071	-7.15E-05	3680.631	-0.001525902	6	6	-0.7786365	0	0	0	0	0	0	0	0	0	0	0	0	0	54	0	
2	1987	-0.7775004	-7.14E-05	3681.631	-0.001525902	6	6	-0.7781364	0	0	0	0	0	0	0	0	0	0	0	0	0	54	0	
2	1988	-0.776887	-7.13E-05	3682.631	-0.001525902	6	6	-0.7776365	0	0	0	0	0	0	0	0	0	0	0	0	0	54	0	
2	1989	-0.7762735	-7.12E-05	3683.631	-0.001525902	6	6	-0.7771364	0	0	0	0	0	0	0	0	0	0	0	0	0	54	0	
2	1990	-0.7759669	-7.11E-05	3684.631	-0.001525902	6	6	-0.7766365	0	0	0	0	0	0	0	0	0	0	0	0	0	54	0	
2	1991	-0.7753534	-7.11E-05	3685.631	-0.001525902	6	6	-0.7761365	0	0	0	0	0	0	0	0	0	0	0	0	0	54	0	
2	1992	-0.7750468	-7.10E-05	3686.631	-0.001525902	6	6	-0.7756364	0	0	0	0	0	0	0	0	0	0	0	0	0	54	0	
2	1993	-0.7744333	-7.09E-05	3687.631	-0.001525902	6	6	-0.7751365	0	0	0	0	0	0	0	0	0	0	0	0	0	54	0	
2	1994	-0.7738199	-7.08E-05	3688.631	-0.001525902	6	6	-0.7746364	0	0	0	0	0	0	0	0	0	0	0	0	0	54	0	
2	1995	-0.7735132	-7.07E-05	3689.631	-0.001525902	6	6	-0.7741364	0	0	0	0	0	0	0	0	0	0	0	0	0	54	0	
2	1996	-0.7728998	-7.05E-05	3690.631	-0.001525902	6	6	-0.7736365	0	0	0	0	0	0	0	0	0	0	0	0	0	54	0	
2	1997	-0.7725931	-7.04E-05	3691.631	-0.001525902	6	6	-0.7731364	0	0	0	0	0	0	0	0	0	0	0	0	0	54	0	
2	1998	-0.7719797	-7.03E-05	3692.631	-0.001525902	6	6	-0.7726365	0	0	0	0	0	0	0	0	0	0	0	0	0	54	0	
2	1999	-0.7713663	-7.02E-05	3693.631	-0.001525902	6	6	-0.7721364	0	0	0	0	0	0	0	0	0	0	0	0	0	54	0	
2	2000	-0.7710596	-7.01E-05	3694.631	-0.001525902	6	6	-0.7716364	0	0	0	0	0	0	0	0	0	0	0	0	0	54	0	
2	2001	-0.7704462	-7.00E-05	3695.631	-0.001525902	6	6	-0.7711365	0	0	0	0	0	0	0	0	0	0	0	0	0	54	0	
2	2002	-0.7698327	-6.99E-05	3696.631	-0.001525902	6	6	-0.7706364	0	0	0	0	0	0	0	0	0	0	0	0	0	54	0	
2	2003	-0.769526	-6.98E-05	3697.631	-0.001525902	6	6	-0.7701365	0	0	0	0	0	0	0	0	0	0	0	0	0	54	0	
2	2004	-0.7689126	-6.97E-05	3698.631	-0.001525902	6	6	-0.7696365	0	0	0	0	0	0	0	0	0	0	0	0	0	54	0	
2	2005	-0.7682992	-6.96E-05	3699.631	-0.001525902	6	6	-0.7691364	0	0	0	0	0	0	0	0	0	0	0	0	0	54	0	
2	2006	-0.7679925	-6.95E-05	3700.631	-0.001525902	6	6	-0.7686365	0	0	0	0	0	0	0	0	0	0	0	0	0	54	0	
2	2007	-0.7673791	-6.94E-05	3701.631	-0.001525902	6	6	-0.7681364	0	0	0	0	0	0	0	0	0	0	0	0	0	54	0	
2	2008	-0.7670724	-6.93E-05	3702.631	-0.001525902	6	6	-0.7676365	0	0	0	0	0	0	0	0	0	0	0	0	0	54	0	
2	2009	-0.766459	-6.91E-05	3703.631	-0.001525902	6	6	-0.7671365	0	0	0	0	0	0	0	0	0	0	0	0	0	54	0	
2	2010	-0.7661523	-6.90E-05	3704.631	-0.001525902	6	6	-0.7666364	0	0	0	0	0	0	0	0	0	0	0	0	0	54	0	
2	2011	-0.7655389	-6.89E-05	3705.631	-0.001525902	6	6	-0.7661365	0	0	0	0	0	0	0	0	0	0	0	0	0	54	0	
2	2012	-0.7649254	-6.88E-05	3706.631	-0.001525902	6	6	-0.7656364	0	0	0	0	0	0	0	0	0	0	0	0	0	54	0	
2	2013	-0.764312	-6.87E-05	3707.631	-0.001525902	6	6	-0.7651365	0	0	0	0	0	0	0	0	0	0	0	0	0	54	0	
2	2014	-0.7640053	-6.86E-05	3708.631	-0.001525902	6	6	-0.7646365	0	0	0	0	0	0	0	0	0	0	0	0	0	54	0	
2	2015	-0.7633919	-6.85E-05	3709.631	-0.001525902	6	6	-0.7641364	0	0	0	0	0	0	0	0	0	0	0	0	0	54	0	
2	2016	-0.7630852	-6.84E-05	3710.631	-0.001525902	6	6	-0.7636365	0	0	0	0	0	0	0	0	0	0	0	0	0	54	0	
2	2017	-0.7624718	-6.83E-05	3711.631	-0.001525902	6	6	-0.7631364	0	0	0	0	0	0	0	0	0	0	0	0	0	54	0	
2	2018	-0.7618584	-6.82E-05	3712.631	-0.001525902	6	6	-0.7626364	0	0	0	0	0	0	0	0	0	0	0	0	0	54	0	
2	2019	-0.7615517	-6.81E-05	3713.631	-0.001525902	6	6	-0.7621365	0	0	0	0	0	0	0	0	0	0	0	0	0	54	0	
2	2020	-0.7609382	-6.81E-05	3714.631	-0.001525902	6	6	-0.7616364	0	0	0	0	0	0	0	0	0	0	0	0	0	54	0	
2	2021	-0.7606316	-6.80E-05	3715.631	-0.001525902	6	6	-0.7611365	0	0	0	0	0	0	0	0	0	0	0	0	0	54	0	
2	2022	-0.7600181	-6.79E-05	3716.631	-0.001525902	6	6	-0.7606364	0	0	0	0	0	0	0	0	0	0	0	0	0	54	0	
2	2023	-0.7594047	-6.78E-05	3717.631	-0.001525902	6	6	-0.7601364	0	0	0	0	0	0	0	0	0	0	0	0	0	54	0	
2	2024	-0.759098	-6.77E-05	3718.631	-0.001525902	6	6	-0.7596365	0	0	0	0	0	0	0	0	0	0	0	0	0	54	0	
2	2025	-0.7584846	-6.76E-05	3719.631	-0.001525902	6	6	-0.7591364	0	0	0	0	0	0	0	0	0	0	0	0	0	54	0	
2	2026	-0.7578712	-6.75E-05	3720.631	-0.001525902	6	6	-0.7586365	0	0	0	0	0	0	0	0	0	0	0	0	0	54	0	
2	2027	-0.7575645	-6.74E-05	3721.631	-0.001525902	6	6	-0.7581365	0	0	0	0	0	0	0	0	0	0	0	0	0	54	0	
2	2028	-0.7569511	-6.73E-05	3722.631	-0.001525902	6	6	-0.7576364	0	0	0	0	0	0	0	0	0	0	0	0	0	54	0	
2	2029	-0.7563376	-6.72E-05	3723.631	-0.001525902	6	6	-0.7571365	0	0	0	0	0	0	0	0	0	0	0	0	0	54	0	
2	2030	-0.756031	-6.71E-05	3724.631	-0.001525902	6	6	-0.7566364	0	0	0	0	0	0	0	0	0	0	0	0	0	54	0	
2	2031	-0.7554175	-6.70E-05	3725.631	-0.001525902	6	6	-0.7561365	0	0	0	0	0	0	0	0	0	0	0	0	0	54	0	
2	2032	-0.7551109	-6.69E-05	3726.631	-0.001525902	6	6	-0.7556365	0	0	0	0	0	0	0	0	0	0	0	0	0	54	0	
2	2033	-0.7544974	-6.68E-05	3727.631	-0.001525902	6	6	-0.7551364	0	0	0	0	0	0	0	0	0	0	0	0	0	54	0	
2	2034	-0.753884	-6.67E-05	3728.631	-0.001525902	6	6	-0.7546365	0	0	0	0	0	0	0	0	0	0	0	0	0	54	0	
2	2035	-0.7532706	-6.66E-05	3729.631	-0.001525902	6	6	-0.7541364	0	0	0	0	0	0	0	0	0	0	0	0	0	54	0	
2	2036	-0.7529639	-6.65E-05	3730.631	-0.001525902	6	6	-0.7536365	0	0	0	0	0	0	0	0	0	0	0	0	0	54	0	
2	2037	-0.7523504	-6.64E-05	3731.631	-0.001525902	6	6	-0.7531365	0	0	0	0	0	0	0	0	0	0	0	0	0	54	0	
2	2038	-0.7520438	-6.63E-05	3732.631	-0.001525902	6	6	-0.7526364	0	0	0	0	0	0	0	0	0	0	0	0	0	54	0	
2	2039	-0.7514303	-6.62E-05	3733.631	-0.001525902	6	6	-0.7521365	0	0	0	0	0	0	0	0	0	0	0	0	0	54	0	
2	2040	-0.7508169	-6.61E-05	3734.631	-0.001525902	6	6	-0.7516364	0	0	0	0	0	0	0	0	0	0	0	0	0	54	0	
2	2041	-0.7505102	-6.60E-05	3735.631	-0.001525902	6	6	-0.7511364	0	0	0	0	0	0	0	0	0	0	0	0	0	54	0	
2	2042	-0.7498968	-6.59E-05	3736.631	-0.001525902	6	6	-0.7506365	0	0	0	0	0	0	0	0	0	0	0	0	0	54	0	
2	2043	-0.7495901	-6.58E-05	3737.631	-0.001525902	6	6	-0.7501364	0	0	0	0	0	0	0	0	0	0	0	0	0	54	0	
2	2044	-0.7489767	-6.57E-05	3738.631	-0.001525902	6	6	-0.7496365	0	0	0	0	0	0	0	0	0	0	0	0	0	54	0	
2	2045	-0.7483633	-6.56E-05	3739.631	-0.001525902	6	6	-0.7491364	0	0	0	0	0	0	0	0	0	0	0	0	0	54	0	
2	2046	-0.7480566	-6.55E-05	3740.631	-0.001525902	6	6	-0.7486364	0	0	0	0	0	0	0	0	0	0	0	0	0	54	0	
2	2047	-0.7474432	-6.54E-05	3741.631	-0.001525902	6	6	-0.7481365	0	0	0	0	0	0	0	0	0	0	0	0	0	54	0	
2	2048	-0.7471365	-6.53E-05	3742.631	-0.001525902	6	6	-0.7476364	0	0	0	0	0	0	0	0	0	0	0	0	0	54	0	
2	2049	-0.7465231	-6.52E-05	3743.631	-0.001525902	6	6	-0.7471365	0	0	0	0	0	0	0	0	0	0	0	0	0	54	0	
2	2050	-0.7459096	-6.52E-05	3744.631	-0.001525902	6	6	-0.7466365	0	0	0	0	0	0	0	0	0	0	0	0	0	54	0	
2	2051	-0.7452962	-6.51E-05	3745.631	-0.001525902	6	6	-0.7461364	0	0	0	0	0	0	0	0	0	0	0	0	0	54	0	
2	2052	-0.7449895	-6.50E-05	3746.631	-0.001525902	6	6	-0.7456365	0	0	0	0	0	0	0	0	0	0	0	0	0	54	0	
2	2053	-0.7443761	-6.48E-05	3747.631	-0.001525902	6	6	-0.7451364	0	0	0	0	0	0	0	0	0	0	0	0	0	54	0	
2	2054	-0.7437627	-6.47E-05	3748.631	-0.001525902	6	6	-0.745613	0	0	0	0	0	0	0	0	0	0	0	0	0	54	0	
2	2055	-0.743456	-6.46E-05	3749.631	-0.001525902	6	6	-0.7441365	0	0	0	0	0	0	0	0	0	0	0	0	0	54	0	
2	2056	-0.7428426	-6.45E-05	3750.631	-0.001525902	6	6	-0.7436364	0	0	0	0	0	0	0	0	0	0	0	0	0	54	0	
2	2057	-0.7425359	-6.44E-05	3751.631	-0.001525902	6	6	-0.7431365	0	0	0	0	0	0	0	0	0	0	0	0	0	54	0	
2	2058	-0.7419224	-6.45E-05	3752.631	-0.001525902	6	6	-0.7426364	0	0	0	0	0	0	0	0	0	0	0	0	0	54	0	
2	2059	-0.741309	-6.46E-05	3753.631	-0.001525902	6	6	-0.7421365	0	0	0	0	0	0	0	0	0	0	0	0	0	54	0	
2	2060	-0.7410023	-6.43E-05	3754.631	-0.001525902	6	6	-0.7416365	0	0	0	0	0	0	0	0	0	0	0	0	0	54	0	
2	2061	-0.7403889	-6.42E-05	3755.631	-0.001525902	6	6	-0.7411364	0	0	0	0	0	0	0	0	0	0	0	0	0	54	0	
2	2062	-0.7400822	-6.40E-05	3756.631	-0.001525902	6	6	-0.7406365	0	0	0	0	0	0	0	0	0	0	0	0	0	54	0	
2	2063	-0.7394688	-6.39E-05	3757.631	-0.001525902	6	6	-0.7401364	0	0	0	0	0	0	0	0	0	0	0	0	0	54	0	
2	2064	-0.7388554	-6.38E-05	3758.631	-0.001525902	6	6	-0.7396365	0	0	0	0	0	0	0	0	0	0	0	0	0	54	0	
2	2065	-0.7385487	-6.37E-05	3759.631	-0.001525902	6	6	-0.7391365	0	0	0	0	0	0	0	0	0	0	0	0	0	54	0	
2	2066	-0.7379353	-6.36E-05	3760.631	-0.001525902	6	6	-0.7386364	0	0	0	0	0	0	0	0	0	0	0	0	0	54	0	
2	2067	-0.7373219	-6.35E-05	3761.631	-0.001525902	6	6	-0.7381365	0	0	0	0	0	0	0	0	0	0	0	0	0	54	0	
2	2068	-0.7370152	-6.34E-05	3762.631	-0.001525902	6	6	-0.7376364	0	0	0	0	0	0	0	0	0	0	0	0	0	54	0	
2	2069	-0.7364017	-6.33E-05	3763.631	-0.001525902	6	6	-0.7371364	0	0	0	0	0	0	0	0	0	0	0	0	0	54	0	
2	2070	-0.7360951	-6.32E-05	3764.631	-0.001525902	6	6	-0.7366365	0	0	0	0	0	0	0	0	0	0	0	0	0	54	0	
2	2071	-0.7354816	-6.31E-05	3765.631	-0.001525902	6	6	-0.7361364	0	0	0	0	0	0	0	0	0	0	0	0	0	54	0	
2	2072	-0.7348682	-6.30E-05	3766.631	-0.001525902	6	6	-0.7356365	0	0	0	0	0	0	0	0	0	0	0	0	0	54	0	
2	2073	-0.7345615	-6.29E-05	3767.631	-0.001525902	6	6	-0.7351364	0	0	0	0	0	0	0	0	0	0	0	0	0	54	0	
2	2074	-0.7339481	-6.28E-05	3768.631	-0.001525902	6	6	-0.7346364	0	0	0	0	0	0	0	0	0	0	0	0	0	54	0	
2	2075	-0.7333347	-6.27E-05	3769.631	-0.001525902	6	6	-0.7341365	0	0	0	0	0	0	0	0	0	0	0	0	0	54	0	
2	2076	-0.733028	-6.26E-05	3770.631	-0.001525902	6	6	-0.7336364	0	0	0	0	0	0	0	0	0	0	0	0	0	54	0	
2	2077	-0.7324145	-6.25E-05	3771.631	-0.001525902	6	6	-0.7331365	0	0	0	0	0	0	0	0	0	0	0	0	0	54	0	
2	2078	-0.7318012	-6.24E-05	3772.631	-0.001525902	6	6	-0.7326365	0	0	0	0	0	0	0	0	0	0	0	0	0	54	0	
2	2079	-0.7314944	-6.23E-05	3773.631	-0.001525902	6	6	-0.7321364	0	0	0	0	0	0	0	0	0	0	0	0	0	54	0	
2	2080	-0.730881	-6.22E-05	3774.631	-0.001525902	6	6	-0.7316365	0	0	0	0	0	0	0	0	0	0	0	0	0	54	0	
2	2081	-0.7305743	-6.21E-05	3775.631	-0.001525902	6	6	-0.7311364	0	0	0	0	0	0	0	0	0	0	0	0	0	54	0	
2	2082	-0.7299609	-6.20E-05	3776.631	-0.001525902	6	6	-0.7306365	0	0	0	0	0	0	0	0	0	0	0	0	0	54	0	
2	2083	-0.7293475	-6.18E-05	3777.631	-0.001525902	6	6	-0.7301365	0	0	0	0	0	0	0	0	0	0	0	0	0	54	0	
2	2084	-0.7290408	-6.17E-05	3778.631	-0.001525902	6	6	-0.7296364	0	0	0	0	0	0	0	0	0	0	0	0	0	54	0	
2	2085	-0.7284274	-6.16E-05	3779.631	-0.001525902	6	6	-0.7291365	0	0	0	0	0	0	0	0	0	0	0	0	0	54	0	
2	2086	-0.727814	-6.15E-05	3780.631	-0.001525902	6	6	-0.7286364	0	0	0	0	0	0	0	0	0	0	0	0	0	54	0	
2	2087	-0.7275073	-6.14E-05	3781.631	-0.001525902	6	6	-0.7281365	0	0	0	0	0	0	0	0	0	0	0	0	0	54	0	
2	2088	-0.7268938	-6.13E-05	3782.631	-0.001525902	6	6	-0.7276365	0	0	0	0	0	0	0	0	0	0	0	0	0	54	0	
2	2089	-0.7265871	-6.12E-05	3783.631	-0.001525902	6	6	-0.7271364	0	0	0	0	0	0	0	0	0	0	0	0	0	54	0	
2	2090	-0.7259737	-6.11E-05	3784.631	-0.001525902	6	6	-0.7266365	0	0	0	0	0	0	0	0	0	0	0	0	0	54	0	
2	2091	-0.7253603	-6.11E-05	3785.631	-0.001525902	6	6	-0.7261364	0	0	0	0	0	0	0	0	0	0	0	0	0	54	0	
2	2092	-0.7250536	-6.10E-05	3786.631	-0.001525902	6	6	-0.7256364	0	0	0	0	0	0	0	0	0	0	0	0	0	54	0	
2	2093	-0.7244402	-6.09E-05	3787.631	-0.001525902	6	6	-0.7251365	0	0	0	0	0	0	0	0	0	0	0	0	0	54	0	
2	2094	-0.7238268	-6.08E-05	3788.631	-0.001525902	6	6	-0.7246364	0	0	0	0	0	0	0	0	0	0	0	0	0	54	0	
2	2095	-0.7235201	-6.07E-05	3789.631	-0.001525902	6	6	-0.7241365	0	0	0	0	0	0	0	0	0	0	0	0	0	54	0	
2	2096	-0.7229066	-6.06E-05	3790.631	-0.001525902	6	6	-0.7236364	0	0	0	0	0	0	0	0	0	0	0	0	0	54	0	
2	2097	-0.7226	-6.05E-05	3791.631	-0.001525902	6	6	-0.7231364	0	0	0	0	0	0	0	0	0	0	0	0	0	54	0	
2	2098	-0.7219865	-6.05E-05	3792.631	-0.001525902	6	6	-0.7226365	0	0	0	0	0	0	0	0	0	0	0	0	0	54	0	
2	2099	-0.7213731	-6.04E-05	3793.631	-0.001525902	6	6	-0.7221364	0	0	0	0	0	0	0	0	0	0	0	0	0	54	0	
2	2100	-0.7210664	-6.03E-05	3794.631	-0.001525902	6	6	-0.7216365	0	0	0	0	0	0	0	0	0	0	0	0	0	54	0	
2	2101	-0.720453	-6.02E-05	3795.631	-0.001525902	6	6	-0.7211365	0	0	0	0	0	0	0	0	0	0	0	0	0	54	0	
2	2102	-0.7198396	-6.01E-05	3796.631	-0.001525902	6	6	-0.7206364	0	0	0	0	0	0	0	0	0	0	0	0	0	54	0	
2	2103	-0.7195329	-6.00E-05	3797.631	-0.001525902	6	6	-0.7201365	0	0	0	0	0	0	0	0	0	0	0	0	0	54	0	
2	2104	-0.7189195	-5.99E-05	3798.631	-0.001525902	6	6	-0.7196364	0	0	0	0	0	0	0	0	0	0	0	0	0	54	0	
2	2105	-0.7183061	-5.98E-05	3799.631	-0.001525902	6	6	-0.7191365	0	0	0	0	0	0	0	0	0	0	0	0	0	54	0	
2	2106	-0.7179993	-5.97E-05	3800.631	-0.001525902	6	6	-0.7186365	0	0	0	0	0	0	0	0	0	0	0	0	0	54	0	
2	2107	-0.7173859	-5.96E-05	3801.631	-0.001525902	6	6	-0.7181364	0	0	0	0	0	0	0	0	0	0	0	0	0	54	0	
2	2108	-0.7170792	-5.95E-05	3802.631	-0.001525902	6	6	-0.7176365	0	0	0	0	0	0	0	0	0	0	0	0	0	54	0	
2	2109	-0.7164658	-5.94E-05	3803.631	-0.001525902	6	6	-0.7171364	0	0	0	0	0	0	0	0	0	0	0	0	0	54	0	
2	2110	-0.7158524	-5.93E-05	3804.631	-0.001525902	6	6	-0.7166365	0	0	0	0	0	0	0	0	0	0	0	0	0	54	0	
2	2111	-0.7155457	-5.92E-05	3805.631	-0.001525902	6	6	-0.7161365	0	0	0	0	0	0	0	0	0	0	0	0	0	54	0	
2	2112	-0.7149323	-5.91E-05	3806.631	-0.001525902	6	6	-0.7156364	0	0	0	0	0	0	0	0	0	0	0	0	0	54	0	
2	2113	-0.7146256	-5.90E-05	3807.631	-0.001525902	6	6	-0.7151365	0	0	0	0	0	0	0	0	0	0	0	0	0	54	0	
2	2114	-0.7140122	-5.89E-05	3808.631	-0.001525902	6	6	-0.7146364	0	0	0	0	0	0	0	0	0	0	0	0	0	54	0	
2	2115	-0.7133988	-5.88E-05	3809.631	-0.001525902	6	6	-0.7141364	0	0	0	0	0	0	0	0	0	0	0	0	0	54	0	
2	2116	-0.7130921	-5.87E-05	3810.631	-0.001525902	6	6	-0.7136365	0	0	0	0	0	0	0	0	0	0	0	0	0	54	0	
2	2117	-0.7124786	-5.86E-05	3811.631	-0.001525902	6	6	-0.7131364	0	0	0	0	0	0	0	0	0	0	0	0	0	54	0	
2	2118	-0.7118652	-5.85E-05	3812.631	-0.001525902	6	6	-0.7126365	0	0	0	0	0	0	0	0	0	0	0	0	0	54	0	
2	2119	-0.7115585	-5.84E-05	3813.631	-0.001525902	6	6	-0.7121364	0	0	0	0	0	0	0	0	0	0	0	0	0	54	0	
2	2120	-0.7109451	-5.83E-05	3814.631	-0.001525902	6	6	-0.7116364	0	0	0	0	0	0	0	0	0	0	0	0	0	54	0	
2	2121	-0.7103317	-5.82E-05	3815.631	-0.001525902	6	6	-0.7111365	0	0	0	0	0	0	0	0	0	0	0	0	0	54	0	
2	2122	-0.710025	-5.81E-05	3816.631	-0.001525902	6	6	-0.7106364	0	0	0	0	0	0	0	0	0	0	0	0	0	54	0	
2	2123	-0.7094116	-5.80E-05	3817.631	-0.001525902	6	6	-0.7101365	0	0	0	0	0	0	0	0	0	0	0	0	0	54	0	
2	2124	-0.7091049	-5.79E-05	3818.631	-0.001525902	6	6	-0.7096364	0	0	0	0	0	0	0	0	0	0	0	0	0	54	0	
2	2125	-0.7084914	-5.78E-05	3819.631	-0.001525902	6	6	-0.7091364	0	0	0	0	0	0	0	0	0	0	0	0	0	54	0	
2	2126	-0.7078781	-5.77E-05	3820.631	-0.001525902	6	6	-0.7086365	0	0	0	0	0	0	0	0	0	0	0	0	0	54	0	
2	2127	-0.7075713	-5.76E-05	3821.631	-0.001525902	6	6	-0.7081364	0	0	0	0	0	0	0	0	0	0	0	0	0	54	0	
2	2128	-0.7069579	-5.75E-05	3822.631	-0.001525902	6	6	-0.7076365	0	0	0	0	0	0	0	0	0	0	0	0	0	54	0	
2	2129	-0.7066512	-5.74E-05	3823.631	-0.001525902	6	6	-0.7071365	0	0	0	0	0	0	0	0	0	0	0	0	0	54	0	
2	2130	-0.7060378	-5.73E-05	3824.631	-0.001525902	6	6	-0.7066364	0	0	0	0	0	0	0	0	0	0	0	0	0	54	0	
2	2131	-0.7054244	-5.72E-05	3825.631	-0.001525902	6	6	-0.7061365	0	0	0	0	0	0	0	0	0	0	0	0	0	54	0	
2	2132	-0.7051177	-5.71E-05	3826.631	-0.001525902	6	6	-0.7056364	0	0	0	0	0	0	0	0	0	0	0	0	0	54	0	
2	2133	-0.7045043	-5.70E-05	3827.631	-0.001525902	6	6	-0.7051365	0	0	0	0	0	0	0	0	0	0	0	0	0	54	0	
2	2134	-0.7041976	-5.69E-05	3828.631	-0.001525902	6	6	-0.7046365	0	0	0	0	0	0	0	0	0	0	0	0	0	54	0	
2	2135	-0.7035842	-5.68E-05	3829.631	-0.001525902	6	6	-0.7041364	0	0	0	0	0	0	0	0	0	0	0	0	0	54	0	
2	2136	-0.7029707	-5.67E-05	3830.631	-0.001525902	6	6	-0.7036365	0	0	0	0	0	0	0	0	0	0	0	0	0	54	0	
2	2137	-0.7026641	-5.66E-05	3831.631	-0.001525902	6	6	-0.7031364	0	0	0	0	0	0	0	0	0	0	0	0	0	54	0	
2	2138	-0.7020506	-5.68E-05	3832.631	-0.001525902	6	6	-0.7026364	0	0	0	0	0	0	0	0	0	0	0	0	0	54	0	
2	2139	-0.701744	-5.66E-05	3833.631	-0.001525902	6	6	-0.7021365	0	0	0	0	0	0	0	0	0	0	0	0	0	54	0	
2	2140	-0.7011305	-5.65E-05	3834.631	-0.001525902	6	6	-0.7016364	0	0	0	0	0	0	0	0	0	0	0	0	0	54	0	
2	2141	-0.7005171	-5.63E-05	3835.631	-0.001525902	6	6	-0.7011365	0	0	0	0	0	0	0	0	0	0	0	0	0	54	0	
2	2142	-0.6999037	-5.62E-05	3836.631	-0.001525902	6	6	-0.7006364	0	0	0	0	0	0	0	0	0	0	0	0	0	54	0	
2	2143	-0.699597	-5.61E-05	3837.631	-0.001525902	6	6	-0.7001364	0	0	0	0	0	0	0	0	0	0	0	0	0	54	0	
2	2144	-0.6989836	-5.60E-05	3838.631	-0.001525902	6	6	-0.6996365	0	0	0	0	0	0	0	0	0	0	0	0	0	54	0	
2	2145	-0.6986769	-5.59E-05	3839.631	-0.001525902	6	6	-0.6991364	0	0	0	0	0	0	0	0	0	0	0	0	0	54	0	
2	2146	-0.6980634	-5.58E-05	3840.631	-0.001525902	6	6	-0.6986365	0	0	0	0	0	0	0	0	0	0	0	0	0	54	0	
2	2147	-0.69745	-5.57E-05	3841.631	-0.001525902	6	6	-0.6981364	0	0	0	0	0	0	0	0	0	0	0	0	0	54	0	
2	2148	-0.6971433	-5.56E-05	3842.631	-0.001525902	6	6	-0.6976364	0	0	0	0	0	0	0	0	0	0	0	0	0	54	0	
2	2149	-0.6965299	-5.55E-05	3843.631	-0.001525902	6	6	-0.6971365	0	0	0	0	0	0	0	0	0	0	0	0	0	54	0	
2	2150	-0.6959165	-5.54E-05	3844.631	-0.001525902	6	6	-0.6966364	0	0	0	0	0	0	0	0	0	0	0	0	0	54	0	
2	2151	-0.6956098	-5.53E-05	3845.631	-0.001525902	6	6	-0.6961365	0	0	0	0	0	0	0	0	0	0	0	0	0	54	0	
2	2152	-0.6949964	-5.52E-05	3846.631	-0.001525902	6	6	-0.6956365	0	0	0	0	0	0	0	0	0	0	0	0	0	54	0	
2	2153	-0.6946897	-5.50E-05	3847.631	-0.001525902	6	6	-0.6951364	0	0	0	0	0	0	0	0	0	0	0	0	0	54	0	
2	2154	-0.6940763	-5.49E-05	3848.631	-0.001525902	6	6	-0.6946365	0	0	0	0	0	0	0	0	0	0	0	0	0	54	0	
2	2155	-0.6934628	-5.48E-05	3849.631	-0.001525902	6	6	-0.6941364	0	0	0	0	0	0	0	0	0	0	0	0	0	54	0	
2	2156	-0.6931562	-5.47E-05	3850.631	-0.001525902	6	6	-0.6936365	0	0	0	0	0	0	0	0	0	0	0	0	0	54	0	
2	2157	-0.6925427	-5.46E-05	3851.631	-0.001525902	6	6	-0.6931365	0	0	0	0	0	0	0	0	0	0	0	0	0	54	0	
2	2158	-0.6919293	-5.45E-05	3852.631	-0.001525902	6	6	-0.6926364	0	0	0	0	0	0	0	0	0	0	0	0	0	54	0	
2	2159	-0.6916226	-5.44E-05	3853.631	-0.001525902	6	6	-0.6921365	0	0	0	0	0	0	0	0	0	0	0	0	0	54	0	
2	2160	-0.6910092	-5.43E-05	3854.631	-0.001525902	6	6	-0.6916364	0	0	0	0	0	0	0	0	0	0	0	0	0	54	0	
2	2161	-0.6903958	-5.42E-05	3855.631	-0.001525902	6	6	-0.6911364	0	0	0	0	0	0	0	0	0	0	0	0	0	54	0	
2	2162	-0.6900891	-5.41E-05	3856.631	-0.001525902	6	6	-0.6906365	0	0	0	0	0	0	0	0	0	0	0	0	0	54	0	
2	2163	-0.6894757	-5.40E-05	3857.631	-0.001525902	6	6	-0.6901364	0	0	0	0	0	0	0	0	0	0	0	0	0	54	0	
2	2164	-0.689169	-5.39E-05	3858.631	-0.001525902	6	6	-0.6896365	0	0	0	0	0	0	0	0	0	0	0	0	0	54	0	
2	2165	-0.6885555	-5.38E-05	3859.631	-0.001525902	6	6	-0.6891364	0	0	0	0	0	0	0	0	0	0	0	0	0	54	0	
2	2166	-0.6879421	-5.36E-05	3860.631	-0.001525902	6	6	-0.6886364	0	0	0	0	0	0	0	0	0	0	0	0	0	54	0	
2	2167	-0.6876354	-5.35E-05	3861.631	-0.001525902	6	6	-0.6881365	0	0	0	0	0	0	0	0	0	0	0	0	0	54	0	
2	2168	-0.687022	-5.34E-05	3862.631	-0.001525902	6	6	-0.6876364	0	0	0	0	0	0	0	0	0	0	0	0	0	54	0	
2	2169	-0.6864086	-5.33E-05	3863.631	-0.001525902	6	6	-0.6871365	0	0	0	0	0	0	0	0	0	0	0	0	0	54	0	
2	2170	-0.6861019	-5.32E-05	3864.631	-0.001525902	6	6	-0.6866364	0	0	0	0	0	0	0	0	0	0	0	0	0	54	0	
2	2171	-0.6854885	-5.31E-05	3865.631	-0.001525902	6	6	-0.6861364	0	0	0	0	0	0	0	0	0	0	0	0	0	54	0	
2	2172	-0.6851818	-5.30E-05	3866.631	-0.001525902	6	6	-0.6856365	0	0	0	0	0	0	0	0	0	0	0	0	0	54	0	
2	2173	-0.6845684	-5.29E-05	3867.631	-0.001525902	6	6	-0.6851364	0	0	0	0	0	0	0	0	0	0	0	0	0	54	0	
2	2174	-0.683955	-5.28E-05	3868.631	-0.001525902	6	6	-0.6846365	0	0	0	0	0	0	0	0	0	0	0	0	0	54	0	
2	2175	-0.6836482	-5.27E-05	3869.631	-0.001525902	6	6	-0.6841365	0	0	0	0	0	0	0	0	0	0	0	0	0	54	0	
2	2176	-0.6830348	-5.26E-05	3870.631	-0.001525902	6	6	-0.6836364	0	0	0	0	0	0	0	0	0	0	0	0	0	54	0	
2	2177	-0.6827281	-5.25E-05	3871.631	-0.001525902	6	6	-0.6831365	0	0	0	0	0	0	0	0	0	0	0	0	0	54	0	
2	2178	-0.6821147	-5.24E-05	3872.631	-0.001525902	6	6	-0.6826364	0	0	0	0	0	0	0	0	0	0	0	0	0	54	0	
2	2179	-0.6815013	-5.23E-05	3873.631	-0.001525902	6	6	-0.683113	0	0	0	0	0	0	0	0	0	0	0	0	0	54	0	
2	2180	-0.6808879	-5.22E-05	3874.631	-0.001525902	6	6	-0.6816365	0	0	0	0	0	0	0	0	0	0	0	0	0	54	0	
2	2181	-0.6805812	-5.21E-05	3875.631	-0.001525902	6	6	-0.6811364	0	0	0	0	0	0	0	0	0	0	0	0	0	54	0	
2	2182	-0.6799678	-5.20E-05	3876.631	-0.001525902	6	6	-0.6806365	0	0	0	0	0	0	0	0	0	0	0	0	0	54	0	
2	2183	-0.6796611	-5.19E-05	3877.631	-0.001525902	6	6	-0.6801364	0	0	0	0	0	0	0	0	0	0	0	0	0	54	0	
2	2184	-0.6790476	-5.18E-05	3878.631	-0.001525902	6	6	-0.6796364	0	0	0	0	0	0	0	0	0	0	0	0	0	54	0	
2	2185	-0.6784343	-5.17E-05	3879.631	-0.001525902	6	6	-0.6791365	0	0	0	0	0	0	0	0	0	0	0	0	0	54	0	
2	2186	-0.6781275	-5.16E-05	3880.631	-0.001525902	6	6	-0.6786364	0	0	0	0	0	0	0	0	0	0	0	0	0	54	0	
2	2187	-0.6775141	-5.15E-05	3881.631	-0.001525902	6	6	-0.6781365	0	0	0	0	0	0	0	0	0	0	0	0	0	54	0	
2	2188	-0.6769007	-5.14E-05	3882.631	-0.001525902	6	6	-0.6776364	0	0	0	0	0	0	0	0	0	0	0	0	0	54	0	
2	2189	-0.676594	-5.13E-05	3883.631	-0.001525902	6	6	-0.6771364	0	0	0	0	0	0	0	0	0	0	0	0	0	54	0	
2	2190	-0.6759806	-5.12E-05	3884.631	-0.001525902	6	6	-0.6766365	0	0	0	0	0	0	0	0	0	0	0	0	0	54	0	
2	2191	-0.6756739	-5.11E-05	3885.631	-0.001525902	6	6	-0.6761364	0	0	0	0	0	0	0	0	0	0	0	0	0	54	0	
2	2192	-0.6750605	-5.10E-05	3886.631	-0.001525902	6	6	-0.6756365	0	0	0	0	0	0	0	0	0	0	0	0	0	54	0	
2	2193	-0.6744471	-5.09E-05	3887.631	-0.001525902	6	6	-0.6751364	0	0	0	0	0	0	0	0	0	0	0	0	0	54	0	
2	2194	-0.6741403	-5.08E-05	3888.631	-0.001525902	6	6	-0.6746364	0	0	0	0	0	0	0	0	0	0	0	0	0	54	0	
2	2195	-0.6735269	-5.07E-05	3889.631	-0.001525902	6	6	-0.6741365	0	0	0	0	0	0	0	0	0	0	0	0	0	54	0	
2	2196	-0.6732202	-5.06E-05	3890.631	-0.001525902	6	6	-0.6736364	0	0	0	0	0	0	0	0	0	0	0	0	0	54	0	
2	2197	-0.6726068	-5.05E-05	3891.631	-0.001525902	6	6	-0.6731365	0	0	0	0	0	0	0	0	0	0	0	0	0	54	0	
2	2198	-0.6719934	-5.04E-05	3892.631	-0.001525902	6	6	-0.6726364	0	0	0	0	0	0	0	0	0	0	0	0	0	54	0	
2	2199	-0.6716867	-5.03E-05	3893.631	-0.001525902	6	6	-0.6721364	0	0	0	0	0	0	0	0	0	0	0	0	0	54	0	
2	2200	-0.6710733	-5.02E-05	3894.631	-0.001525902	6	6	-0.6716365	0	0	0	0	0	0	0	0	0	0	0	0	0	54	0	
2	2201	-0.6704599	-5.01E-05	3895.631	-0.001525902	6	6	-0.6711364	0	0	0	0	0	0	0	0	0	0	0	0	0	54	0	
2	2202	-0.6701532	-5.00E-05	3896.631	-0.001525902	6	6	-0.6706365	0	0	0	0	0	0	0	0	0	0	0	0	0	54	0	
2	2203	-0.6695397	-4.99E-05	3897.631	-0.001525902	6	6	-0.6701365	0	0	0	0	0	0	0	0	0	0	0	0	0	54	0	
2	2204	-0.6692331	-4.98E-05	3898.631	-0.001525902	6	6	-0.6696364	0	0	0	0	0	0	0	0	0	0	0	0	0	54	0	
2	2205	-0.6686196	-4.97E-05	3899.631	-0.001525902	6	6	-0.6691365	0	0	0	0	0	0	0	0	0	0	0	0	0	54	0	
2	2206	-0.6680062	-4.96E-05	3900.631	-0.001525902	6	6	-0.6686364	0	0	0	0	0	0	0	0	0	0	0	0	0	54	0	
2	2207	-0.6676995	-4.95E-05	3901.631	-0.001525902	6	6	-0.6681365	0	0	0	0	0	0	0	0	0	0	0	0	0	54	0	
2	2208	-0.6670861	-4.94E-05	3902.631	-0.001525902	6	6	-0.6676365	0	0	0	0	0	0	0	0	0	0	0	0	0	54	0	
2	2209	-0.6664727	-4.93E-05	3903.631	-0.001525902	6	6	-0.6671364	0	0	0	0	0	0	0	0	0	0	0	0	0	54	0	
2	2210	-0.666166	-4.92E-05	3904.631	-0.001525902	6	6	-0.6666365	0	0	0	0	0	0	0	0	0	0	0	0	0	54	0	
2	2211	-0.6655526	-4.91E-05	3905.631	-0.001525902	6	6	-0.6661364	0	0	0	0	0	0	0	0	0	0	0	0	0	54	0	
2	2212	-0.6649392	-4.90E-05	3906.631	-0.001525902	6	6	-0.6656364	0	0	0	0	0	0	0	0	0	0	0	0	0	54	0	
2	2213	-0.6646324	-4.89E-05	3907.631	-0.001525902	6	6	-0.6651365	0	0	0	0	0	0	0	0	0	0	0	0	0	54	0	
2	2214	-0.664019	-4.88E-05	3908.631	-0.001525902	6	6	-0.6646364	0	0	0	0	0	0	0	0	0	0	0	0	0	54	0	
2	2215	-0.6637123	-4.87E-05	3909.631	-0.001525902	6	6	-0.6641365	0	0	0	0	0	0	0	0	0	0	0	0	0	54	0	
2	2216	-0.6630989	-4.86E-05	3910.631	-0.001525902	6	6	-0.6636364	0	0	0	0	0	0	0	0	0	0	0	0	0	54	0	
2	2217	-0.6624855	-4.85E-05	3911.631	-0.001525902	6	6	-0.6631364	0	0	0	0	0	0	0	0	0	0	0	0	0	54	0	
2	2218	-0.6621788	-4.84E-05	3912.631	-0.001525902	6	6	-0.6626365	0	0	0	0	0	0	0	0	0	0	0	0	0	54	0	
2	2219	-0.6615654	-4.83E-05	3913.631	-0.001525902	6	6	-0.6621364	0	0	0	0	0	0	0	0	0	0	0	0	0	54	0	
2	2220	-0.660952	-4.82E-05	3914.631	-0.001525902	6	6	-0.6616365	0	0	0	0	0	0	0	0	0	0	0	0	0	54	0	
2	2221	-0.6606453	-4.81E-05	3915.631	-0.001525902	6	6	-0.6611364	0	0	0	0	0	0	0	0	0	0	0	0	0	54	0	
2	2222	-0.6600319	-4.80E-05	3916.631	-0.001525902	6	6	-0.6606364	0	0	0	0	0	0	0	0	0	0	0	0	0	54	0	
2	2223	-0.6597252	-4.79E-05	3917.631	-0.001525902	6	6	-0.6601365	0	0	0	0	0	0	0	0	0	0	0	0	0	54	0	
2	2224	-0.6591117	-4.80E-05	3918.631	-0.001525902	6	6	-0.6596364	0	0	0	0	0	0	0	0	0	0	0	0	0	54	0	
2	2225	-0.6584983	-4.80E-05	3919.631	-0.001525902	6	6	-0.6591365	0	0	0	0	0	0	0	0	0	0	0	0	0	54	0	
2	2226	-0.6578849	-4.78E-05	3920.631	-0.001525902	6	6	-0.6586365	0	0	0	0	0	0	0	0	0	0	0	0	0	54	0	
2	2227	-0.6575782	-4.77E-05	3921.631	-0.001525902	6	6	-0.6581364	0	0	0	0	0	0	0	0	0	0	0	0	0	54	0	
2	2228	-0.6569648	-4.75E-05	3922.631	-0.001525902	6	6	-0.6576365	0	0	0	0	0	0	0	0	0	0	0	0	0	54	0	
2	2229	-0.6566581	-4.74E-05	3923.631	-0.001525902	6	6	-0.6571364	0	0	0	0	0	0	0	0	0	0	0	0	0	54	0	
2	2230	-0.6560447	-4.73E-05	3924.631	-0.001525902	6	6	-0.6566365	0	0	0	0	0	0	0	0	0	0	0	0	0	54	0	
2	2231	-0.655738	-4.72E-05	3925.631	-0.001525902	6	6	-0.6561365	0	0	0	0	0	0	0	0	0	0	0	0	0	54	0	
2	2232	-0.6551245	-4.71E-05	3926.631	-0.001525902	6	6	-0.6556364	0	0	0	0	0	0	0	0	0	0	0	0	0	54	0	
2	2233	-0.6545112	-4.70E-05	3927.631	-0.001525902	6	6	-0.6551365	0	0	0	0	0	0	0	0	0	0	0	0	0	54	0	
2	2234	-0.6542044	-4.68E-05	3928.631	-0.001525902	6	6	-0.6546364	0	0	0	0	0	0	0	0	0	0	0	0	0	54	0	
2	2235	-0.653591	-4.67E-05	3929.631	-0.001525902	6	6	-0.6541364	0	0	0	0	0	0	0	0	0	0	0	0	0	54	0	
2	2236	-0.6529776	-4.66E-05	3930.631	-0.001525902	6	6	-0.6536365	0	0	0	0	0	0	0	0	0	0	0	0	0	54	0	
2	2237	-0.6526709	-4.65E-05	3931.631	-0.001525902	6	6	-0.6531364	0	0	0	0	0	0	0	0	0	0	0	0	0	54	0	
2	2238	-0.6520575	-4.64E-05	3932.631	-0.001525902	6	6	-0.6526365	0	0	0	0	0	0	0	0	0	0	0	0	0	54	0	
2	2239	-0.6514441	-4.63E-05	3933.631	-0.001525902	6	6	-0.6521364	0	0	0	0	0	0	0	0	0	0	0	0	0	54	0	
2	2240	-0.6511374	-4.62E-05	3934.631	-0.001525902	6	6	-0.6516364	0	0	0	0	0	0	0	0	0	0	0	0	0	54	0	
2	2241	-0.650524	-4.61E-05	3935.631	-0.001525902	6	6	-0.6511365	0	0	0	0	0	0	0	0	0	0	0	0	0	54	0	
2	2242	-0.6499106	-4.60E-05	3936.631	-0.001525902	6	6	-0.6506364	0	0	0	0	0	0	0	0	0	0	0	0	0	54	0	
2	2243	-0.6496038	-4.58E-05	3937.631	-0.001525902	6	6	-0.6501365	0	0	0	0	0	0	0	0	0	0	0	0	0	54	0	
2	2244	-0.6489905	-4.57E-05	3938.631	-0.001525902	6	6	-0.6496364	0	0	0	0	0	0	0	0	0	0	0	0	0	54	0	
2	2245	-0.6486837	-4.56E-05	3939.631	-0.001525902	6	6	-0.6491364	0	0	0	0	0	0	0	0	0	0	0	0	0	54	0	
2	2246	-0.6480703	-4.55E-05	3940.631	-0.001525902	6	6	-0.6486365	0	0	0	0	0	0	0	0	0	0	0	0	0	54	0	
2	2247	-0.6474569	-4.54E-05	3941.631	-0.001525902	6	6	-0.6481364	0	0	0	0	0	0	0	0	0	0	0	0	0	54	0	
2	2248	-0.6471502	-4.53E-05	3942.631	-0.001525902	6	6	-0.6476365	0	0	0	0	0	0	0	0	0	0	0	0	0	54	0	
2	2249	-0.6465368	-4.52E-05	3943.631	-0.001525902	6	6	-0.6471364	0	0	0	0	0	0	0	0	0	0	0	0	0	54	0	
2	2250	-0.6462301	-4.51E-05	3944.631	-0.001525902	6	6	-0.6466364	0	0	0	0	0	0	0	0	0	0	0	0	0	54	0	
2	2251	-0.6456167	-4.50E-05	3945.631	-0.001525902	6	6	-0.6461365	0	0	0	0	0	0	0	0	0	0	0	0	0	54	0	
2	2252	-0.6450033	-4.49E-05	3946.631	-0.001525902	6	6	-0.6456364	0	0	0	0	0	0	0	0	0	0	0	0	0	54	0	
2	2253	-0.6446965	-4.48E-05	3947.631	-0.001525902	6	6	-0.6451365	0	0	0	0	0	0	0	0	0	0	0	0	0	54	0	
2	2254	-0.6440831	-4.47E-05	3948.631	-0.001525902	6	6	-0.6446365	0	0	0	0	0	0	0	0	0	0	0	0	0	54	0	
2	2255	-0.6434698	-4.46E-05	3949.631	-0.001525902	6	6	-0.6441364	0	0	0	0	0	0	0	0	0	0	0	0	0	54	0	
2	2256	-0.643163	-4.45E-05	3950.631	-0.001525902	6	6	-0.6436365	0	0	0	0	0	0	0	0	0	0	0	0	0	54	0	
2	2257	-0.6425496	-4.44E-05	3951.631	-0.001525902	6	6	-0.6431364	0	0	0	0	0	0	0	0	0	0	0	0	0	54	0	
2	2258	-0.6422429	-4.43E-05	3952.631	-0.001525902	6	6	-0.6426364	0	0	0	0	0	0	0	0	0	0	0	0	0	54	0	
2	2259	-0.6416295	-4.42E-05	3953.631	-0.001525902	6	6	-0.6421365	0	0	0	0	0	0	0	0	0	0	0	0	0	54	0	
2	2260	-0.6410161	-4.41E-05	3954.631	-0.001525902	6	6	-0.6416364	0	0	0	0	0	0	0	0	0	0	0	0	0	54	0	
2	2261	-0.6407093	-4.40E-05	3955.631	-0.001525902	6	6	-0.6411365	0	0	0	0	0	0	0	0	0	0	0	0	0	54	0	
2	2262	-0.6400959	-4.39E-05	3956.631	-0.001525902	6	6	-0.6406364	0	0	0	0	0	0	0	0	0	0	0	0	0	54	0	
2	2263	-0.6394826	-4.38E-05	3957.631	-0.001525902	6	6	-0.6401364	0	0	0	0	0	0	0	0	0	0	0	0	0	54	0	
2	2264	-0.6391758	-4.37E-05	3958.631	-0.001525902	6	6	-0.6396365	0	0	0	0	0	0	0	0	0	0	0	0	0	54	0	
2	2265	-0.6385624	-4.36E-05	3959.631	-0.001525902	6	6	-0.6391364	0	0	0	0	0	0	0	0	0	0	0	0	0	54	0	
2	2266	-0.637949	-4.35E-05	3960.631	-0.001525902	6	6	-0.6386365	0	0	0	0	0	0	0	0	0	0	0	0	0	54	0	
2	2267	-0.6376423	-4.34E-05	3961.631	-0.001525902	6	6	-0.6381364	0	0	0	0	0	0	0	0	0	0	0	0	0	54	0	
2	2268	-0.6370289	-4.33E-05	3962.631	-0.001525902	6	6	-0.6376364	0	0	0	0	0	0	0	0	0	0	0	0	0	54	0	
2	2269	-0.6367222	-4.32E-05	3963.631	-0.001525902	6	6	-0.6371365	0	0	0	0	0	0	0	0	0	0	0	0	0	54	0	
2	2270	-0.6361088	-4.31E-05	3964.631	-0.001525902	6	6	-0.6366364	0	0	0	0	0	0	0	0	0	0	0	0	0	54	0	
2	2271	-0.6354954	-4.30E-05	3965.631	-0.001525902	6	6	-0.6361365	0	0	0	0	0	0	0	0	0	0	0	0	0	54	0	
2	2272	-0.6351886	-4.29E-05	3966.631	-0.001525902	6	6	-0.6356364	0	0	0	0	0	0	0	0	0	0	0	0	0	54	0	
2	2273	-0.6345752	-4.28E-05	3967.631	-0.001525902	6	6	-0.6351364	0	0	0	0	0	0	0	0	0	0	0	0	0	54	0	
2	2274	-0.6339619	-4.27E-05	3968.631	-0.001525902	6	6	-0.6346365	0	0	0	0	0	0	0	0	0	0	0	0	0	54	0	
2	2275	-0.6336551	-4.26E-05	3969.631	-0.001525902	6	6	-0.6341364	0	0	0	0	0	0	0	0	0	0	0	0	0	54	0	
2	2276	-0.6330417	-4.25E-05	3970.631	-0.001525902	6	6	-0.6336365	0	0	0	0	0	0	0	0	0	0	0	0	0	54	0	
2	2277	-0.632735	-4.24E-05	3971.631	-0.001525902	6	6	-0.6331365	0	0	0	0	0	0	0	0	0	0	0	0	0	54	0	
2	2278	-0.6321216	-4.23E-05	3972.631	-0.001525902	6	6	-0.6326364	0	0	0	0	0	0	0	0	0	0	0	0	0	54	0	
2	2279	-0.6315082	-4.21E-05	3973.631	-0.001525902	6	6	-0.6321365	0	0	0	0	0	0	0	0	0	0	0	0	0	54	0	
2	2280	-0.6312014	-4.20E-05	3974.631	-0.001525902	6	6	-0.6316364	0	0	0	0	0	0	0	0	0	0	0	0	0	54	0	
2	2281	-0.6305881	-4.19E-05	3975.631	-0.001525902	6	6	-0.6311364	0	0	0	0	0	0	0	0	0	0	0	0	0	54	0	
2	2282	-0.6299747	-4.18E-05	3976.631	-0.001525902	6	6	-0.6306365	0	0	0	0	0	0	0	0	0	0	0	0	0	54	0	
2	2283	-0.6296679	-4.17E-05	3977.631	-0.001525902	6	6	-0.6301364	0	0	0	0	0	0	0	0	0	0	0	0	0	54	0	
2	2284	-0.6290545	-4.16E-05	3978.631	-0.001525902	6	6	-0.6296365	0	0	0	0	0	0	0	0	0	0	0	0	0	54	0	
2	2285	-0.6284411	-4.15E-05	3979.631	-0.001525902	6	6	-0.6291364	0	0	0	0	0	0	0	0	0	0	0	0	0	54	0	
2	2286	-0.6281344	-4.14E-05	3980.631	-0.001525902	6	6	-0.6286364	0	0	0	0	0	0	0	0	0	0	0	0	0	54	0	
2	2287	-0.627521	-4.13E-05	3981.631	-0.001525902	6	6	-0.6281365	0	0	0	0	0	0	0	0	0	0	0	0	0	54	0	
2	2288	-0.6269076	-4.12E-05	3982.631	-0.001525902	6	6	-0.6276364	0	0	0	0	0	0	0	0	0	0	0	0	0	54	0	
2	2289	-0.6266009	-4.11E-05	3983.631	-0.001525902	6	6	-0.6271365	0	0	0	0	0	0	0	0	0	0	0	0	0	54	0	
2	2290	-0.6259875	-4.10E-05	3984.631	-0.001525902	6	6	-0.6266364	0	0	0	0	0	0	0	0	0	0	0	0	0	54	0	
2	2291	-0.6256807	-4.09E-05	3985.631	-0.001525902	6	6	-0.6261364	0	0	0	0	0	0	0	0	0	0	0	0	0	54	0	
2	2292	-0.6250674	-4.07E-05	3986.631	-0.001525902	6	6	-0.6256365	0	0	0	0	0	0	0	0	0	0	0	0	0	54	0	
2	2293	-0.624454	-4.06E-05	3987.631	-0.001525902	6	6	-0.6251364	0	0	0	0	0	0	0	0	0	0	0	0	0	54	0	
2	2294	-0.6241472	-4.05E-05	3988.631	-0.001525902	6	6	-0.6246365	0	0	0	0	0	0	0	0	0	0	0	0	0	54	0	
2	2295	-0.6235338	-4.04E-05	3989.631	-0.001525902	6	6	-0.6241364	0	0	0	0	0	0	0	0	0	0	0	0	0	54	0	
2	2296	-0.6229204	-4.03E-05	3990.631	-0.001525902	6	6	-0.6236364	0	0	0	0	0	0	0	0	0	0	0	0	0	54	0	
2	2297	-0.6226137	-4.02E-05	3991.631	-0.001525902	6	6	-0.6231365	0	0	0	0	0	0	0	0	0	0	0	0	0	54	0	
2	2298	-0.6220003	-4.01E-05	3992.631	-0.001525902	6	6	-0.6226364	0	0	0	0	0	0	0	0	0	0	0	0	0	54	0	
2	2299	-0.6213869	-4.00E-05	3993.631	-0.001525902	6	6	-0.6221365	0	0	0	0	0	0	0	0	0	0	0	0	0	54	0	
2	2300	-0.6210802	-3.99E-05	3994.631	-0.001525902	6	6	-0.6216365	0	0	0	0	0	0	0	0	0	0	0	0	0	54	0	
2	2301	-0.6204668	-3.98E-05	3995.631	-0.001525902	6	6	-0.6211364	0	0	0	0	0	0	0	0	0	0	0	0	0	54	0	
2	2302	-0.62016	-3.97E-05	3996.631	-0.001525902	6	6	-0.6206365	0	0	0	0	0	0	0	0	0	0	0	0	0	54	0	
2	2303	-0.6195467	-3.96E-05	3997.631	-0.001525902	6	6	-0.6201364	0	0	0	0	0	0	0	0	0	0	0	0	0	54	0	
2	2304	-0.6189332	-3.95E-05	3998.631	-0.001525902	6	6	-0.6196364	0	0	0	0	0	0	0	0	0	0	0	0	0	54	0	
2	2305	-0.6186265	-3.94E-05	3999.631	-0.001525902	6	6	-0.6191365	0	0	0	0	0	0	0	0	0	0	0	0	0	54	0	
2	2306	-0.6180131	-3.93E-05	4000.631	-0.001525902	6	6	-0.6186364	0	0	0	0	0	0	0	0	0	0	0	0	0	54	0	
2	2307	-0.6177064	-3.92E-05	4001.631	-0.001525902	6	6	-0.6181365	0	0	0	0	0	0	0	0	0	0	0	0	0	54	0	
2	2308	-0.617093	-3.91E-05	4002.631	-0.001525902	6	6	-0.6176364	0	0	0	0	0	0	0	0	0	0	0	0	0	54	0	
2	2309	-0.6164796	-3.90E-05	4003.631	-0.001525902	6	6	-0.6171364	0	0	0	0	0	0	0	0	0	0	0	0	0	54	0	
2	2310	-0.6161729	-3.89E-05	4004.631	-0.001525902	6	6	-0.6166365	0	0	0	0	0	0	0	0	0	0	0	0	0	54	0	
2	2311	-0.6155595	-3.87E-05	4005.631	-0.001525902	6	6	-0.6161364	0	0	0	0	0	0	0	0	0	0	0	0	0	54	0	
2	2312	-0.614946	-3.86E-05	4006.631	-0.001525902	6	6	-0.6156365	0	0	0	0	0	0	0	0	0	0	0	0	0	54	0	
2	2313	-0.6146393	-3.85E-05	4007.631	-0.001525902	6	6	-0.6151364	0	0	0	0	0	0	0	0	0	0	0	0	0	54	0	
2	2314	-0.6140259	-3.84E-05	4008.631	-0.001525902	6	6	-0.6146364	0	0	0	0	0	0	0	0	0	0	0	0	0	54	0	
2	2315	-0.6137192	-3.83E-05	4009.631	-0.001525902	6	6	-0.6141365	0	0	0	0	0	0	0	0	0	0	0	0	0	54	0	
2	2316	-0.6131058	-3.82E-05	4010.631	-0.001525902	6	6	-0.6136364	0	0	0	0	0	0	0	0	0	0	0	0	0	54	0	
2	2317	-0.6124924	-3.81E-05	4011.631	-0.001525902	6	6	-0.6131365	0	0	0	0	0	0	0	0	0	0	0	0	0	54	0	
2	2318	-0.6121857	-3.80E-05	4012.631	-0.001525902	6	6	-0.6126364	0	0	0	0	0	0	0	0	0	0	0	0	0	54	0	
2	2319	-0.6115723	-3.79E-05	4013.631	-0.001525902	6	6	-0.6121364	0	0	0	0	0	0	0	0	0	0	0	0	0	54	0	
2	2320	-0.6109589	-3.78E-05	4014.631	-0.001525902	6	6	-0.6116365	0	0	0	0	0	0	0	0	0	0	0	0	0	54	0	
2	2321	-0.6106521	-3.77E-05	4015.631	-0.001525902	6	6	-0.6111364	0	0	0	0	0	0	0	0	0	0	0	0	0	54	0	
2	2322	-0.6100388	-3.76E-05	4016.631	-0.001525902	6	6	-0.6106365	0	0	0	0	0	0	0	0	0	0	0	0	0	54	0	
2	2323	-0.609732	-3.75E-05	4017.631	-0.001525902	6	6	-0.6101364	0	0	0	0	0	0	0	0	0	0	0	0	0	54	0	
2	2324	-0.6091186	-3.74E-05	4018.631	-0.001525902	6	6	-0.6096364	0	0	0	0	0	0	0	0	0	0	0	0	0	54	0	
2	2325	-0.6085052	-3.73E-05	4019.631	-0.001525902	6	6	-0.6091365	0	0	0	0	0	0	0	0	0	0	0	0	0	54	0	
2	2326	-0.6081985	-3.72E-05	4020.631	-0.001525902	6	6	-0.6086364	0	0	0	0	0	0	0	0	0	0	0	0	0	54	0	
2	2327	-0.6075851	-3.71E-05	4021.631	-0.001525902	6	6	-0.6081364	0	0	0	0	0	0	0	0	0	0	0	0	0	54	0	
2	2328	-0.6069717	-3.70E-05	4022.631	-0.001525902	6	6	-0.6076365	0	0	0	0	0	0	0	0	0	0	0	0	0	54	0	
2	2329	-0.606665	-3.69E-05	4023.631	-0.001525902	6	6	-0.6071364	0	0	0	0	0	0	0	0	0	0	0	0	0	54	0	
2	2330	-0.6060516	-3.68E-05	4024.631	-0.001525902	6	6	-0.6066365	0	0	0	0	0	0	0	0	0	0	0	0	0	54	0	
2	2331	-0.6057448	-3.67E-05	4025.631	-0.001525902	6	6	-0.6061364	0	0	0	0	0	0	0	0	0	0	0	0	0	54	0	
2	2332	-0.6051314	-3.66E-05	4026.631	-0.001525902	6	6	-0.6056364	0	0	0	0	0	0	0	0	0	0	0	0	0	54	0	
2	2333	-0.604518	-3.65E-05	4027.631	-0.001525902	6	6	-0.6051365	0	0	0	0	0	0	0	0	0	0	0	0	0	54	0	
2	2334	-0.6042113	-3.64E-05	4028.631	-0.001525902	6	6	-0.6046364	0	0	0	0	0	0	0	0	0	0	0	0	0	54	0	
2	2335	-0.6035979	-3.62E-05	4029.631	-0.001525902	6	6	-0.6041365	0	0	0	0	0	0	0	0	0	0	0	0	0	54	0	
2	2336	-0.6029845	-3.61E-05	4030.631	-0.001525902	6	6	-0.6036364	0	0	0	0	0	0	0	0	0	0	0	0	0	54	0	
2	2337	-0.6026778	-3.60E-05	4031.631	-0.001525902	6	6	-0.6031364	0	0	0	0	0	0	0	0	0	0	0	0	0	54	0	
2	2338	-0.6020644	-3.59E-05	4032.631	-0.001525902	6	6	-0.6026365	0	0	0	0	0	0	0	0	0	0	0	0	0	54	0	
2	2339	-0.6017576	-3.58E-05	4033.631	-0.001525902	6	6	-0.6021364	0	0	0	0	0	0	0	0	0	0	0	0	0	54	0	
2	2340	-0.6011443	-3.57E-05	4034.631	-0.001525902	6	6	-0.6016365	0	0	0	0	0	0	0	0	0	0	0	0	0	54	0	
2	2341	-0.6005309	-3.56E-05	4035.631	-0.001525902	6	6	-0.6011364	0	0	0	0	0	0	0	0	0	0	0	0	0	54	0	
2	2342	-0.5999174	-3.55E-05	4036.631	-0.001525902	6	6	-0.6006364	0	0	0	0	0	0	0	0	0	0	0	0	0	54	0	
2	2343	-0.5996107	-3.54E-05	4037.631	-0.001525902	6	6	-0.6001365	0	0	0	0	0	0	0	0	0	0	0	0	0	54	0	
2	2344	-0.5989973	-3.53E-05	4038.631	-0.001525902	6	6	-0.5996364	0	0	0	0	0	0	0	0	0	0	0	0	0	54	0	
2	2345	-0.5986906	-3.52E-05	4039.631	-0.001525902	6	6	-0.5991365	0	0	0	0	0	0	0	0	0	0	0	0	0	54	0	
2	2346	-0.5980772	-3.51E-05	4040.631	-0.001525902	6	6	-0.5986364	0	0	0	0	0	0	0	0	0	0	0	0	0	54	0	
2	2347	-0.5977705	-3.50E-05	4041.631	-0.001525902	6	6	-0.5981364	0	0	0	0	0	0	0	0	0	0	0	0	0	54	0	
2	2348	-0.5971571	-3.49E-05	4042.631	-0.001525902	6	6	-0.5976365	0	0	0	0	0	0	0	0	0	0	0	0	0	54	0	
2	2349	-0.5965437	-3.48E-05	4043.631	-0.001525902	6	6	-0.5971364	0	0	0	0	0	0	0	0	0	0	0	0	0	54	0	
2	2350	-0.5962369	-3.47E-05	4044.631	-0.001525902	6	6	-0.5966364	0	0	0	0	0	0	0	0	0	0	0	0	0	54	0	
2	2351	-0.5956236	-3.46E-05	4045.631	-0.001525902	6	6	-0.5961365	0	0	0	0	0	0	0	0	0	0	0	0	0	54	0	
2	2352	-0.5950101	-3.45E-05	4046.631	-0.001525902	6	6	-0.5956364	0	0	0	0	0	0	0	0	0	0	0	0	0	54	0	
2	2353	-0.5947034	-3.44E-05	4047.631	-0.001525902	6	6	-0.5951365	0	0	0	0	0	0	0	0	0	0	0	0	0	54	0	
2	2354	-0.59409	-3.43E-05	4048.631	-0.001525902	6	6	-0.5946364	0	0	0	0	0	0	0	0	0	0	0	0	0	54	0	
2	2355	-0.5934766	-3.42E-05	4049.631	-0.001525902	6	6	-0.5941364	0	0	0	0	0	0	0	0	0	0	0	0	0	54	0	
2	2356	-0.5931699	-3.41E-05	4050.631	-0.001525902	6	6	-0.5936365	0	0	0	0	0	0	0	0	0	0	0	0	0	54	0	
2	2357	-0.5925565	-3.40E-05	4051.631	-0.001525902	6	6	-0.5931364	0	0	0	0	0	0	0	0	0	0	0	0	0	54	0	
2	2358	-0.5919431	-3.39E-05	4052.631	-0.001525902	6	6	-0.5926365	0	0	0	0	0	0	0	0	0	0	0	0	0	54	0	
2	2359	-0.5916364	-3.39E-05	4053.631	-0.001525902	6	6	-0.5921364	0	0	0	0	0	0	0	0	0	0	0	0	0	54	0	
2	2360	-0.591023	-3.38E-05	4054.631	-0.001525902	6	6	-0.5916364	0	0	0	0	0	0	0	0	0	0	0	0	0	54	0	
2	2361	-0.5907162	-3.37E-05	4055.631	-0.001525902	6	6	-0.5911365	0	0	0	0	0	0	0	0	0	0	0	0	0	54	0	
2	2362	-0.5901029	-3.36E-05	4056.631	-0.001525902	6	6	-0.5906364	0	0	0	0	0	0	0	0	0	0	0	0	0	54	0	
2	2363	-0.5894894	-3.35E-05	4057.631	-0.001525902	6	6	-0.5901365	0	0	0	0	0	0	0	0	0	0	0	0	0	54	0	
2	2364	-0.588876	-3.34E-05	4058.631	-0.001525902	6	6	-0.5896364	0	0	0	0	0	0	0	0	0	0	0	0	0	54	0	
2	2365	-0.5885693	-3.33E-05	4059.631	-0.001525902	6	6	-0.5891364	0	0	0	0	0	0	0	0	0	0	0	0	0	54	0	
2	2366	-0.5879559	-3.32E-05	4060.631	-0.001525902	6	6	-0.5886365	0	0	0	0	0	0	0	0	0	0	0	0	0	54	0	
2	2367	-0.5876492	-3.31E-05	4061.631	-0.001525902	6	6	-0.5881364	0	0	0	0	0	0	0	0	0	0	0	0	0	54	0	
2	2368	-0.5870358	-3.30E-05	4062.631	-0.001525902	6	6	-0.5876365	0	0	0	0	0	0	0	0	0	0	0	0	0	54	0	
2	2369	-0.5864223	-3.29E-05	4063.631	-0.001525902	6	6	-0.5871364	0	0	0	0	0	0	0	0	0	0	0	0	0	54	0	
2	2370	-0.5861157	-3.28E-05	4064.631	-0.001525902	6	6	-0.5866364	0	0	0	0	0	0	0	0	0	0	0	0	0	54	0	
2	2371	-0.5855022	-3.27E-05	4065.631	-0.001525902	6	6	-0.5861365	0	0	0	0	0	0	0	0	0	0	0	0	0	54	0	
2	2372	-0.5851955	-3.26E-05	4066.631	-0.001525902	6	6	-0.5856364	0	0	0	0	0	0	0	0	0	0	0	0	0	54	0	
2	2373	-0.5845821	-3.25E-05	4067.631	-0.001525902	6	6	-0.5851365	0	0	0	0	0	0	0	0	0	0	0	0	0	54	0	
2	2374	-0.5839687	-3.24E-05	4068.631	-0.001525902	6	6	-0.5846364	0	0	0	0	0	0	0	0	0	0	0	0	0	54	0	
2	2375	-0.583662	-3.23E-05	4069.631	-0.001525902	6	6	-0.5841364	0	0	0	0	0	0	0	0	0	0	0	0	0	54	0	
2	2376	-0.5830486	-3.21E-05	4070.631	-0.001525902	6	6	-0.5836365	0	0	0	0	0	0	0	0	0	0	0	0	0	54	0	
2	2377	-0.5824352	-3.20E-05	4071.631	-0.001525902	6	6	-0.5831364	0	0	0	0	0	0	0	0	0	0	0	0	0	54	0	
2	2378	-0.5821285	-3.20E-05	4072.631	-0.001525902	6	6	-0.5826364	0	0	0	0	0	0	0	0	0	0	0	0	0	54	0	
2	2379	-0.5815151	-3.18E-05	4073.631	-0.001525902	6	6	-0.5821365	0	0	0	0	0	0	0	0	0	0	0	0	0	54	0	
2	2380	-0.5812083	-3.18E-05	4074.631	-0.001525902	6	6	-0.5816364	0	0	0	0	0	0	0	0	0	0	0	0	0	54	0	
2	2381	-0.580595	-3.17E-05	4075.631	-0.001525902	6	6	-0.5811365	0	0	0	0	0	0	0	0	0	0	0	0	0	54	0	
2	2382	-0.5799815	-3.15E-05	4076.631	-0.001525902	6	6	-0.5806364	0	0	0	0	0	0	0	0	0	0	0	0	0	54	0	
2	2383	-0.5796748	-3.14E-05	4077.631	-0.001525902	6	6	-0.5801364	0	0	0	0	0	0	0	0	0	0	0	0	0	54	0	
2	2384	-0.5790614	-3.14E-05	4078.631	-0.001525902	6	6	-0.5796365	0	0	0	0	0	0	0	0	0	0	0	0	0	54	0	
2	2385	-0.5787547	-3.12E-05	4079.631	-0.001525902	6	6	-0.5791364	0	0	0	0	0	0	0	0	0	0	0	0	0	54	0	
2	2386	-0.5781413	-3.11E-05	4080.631	-0.001525902	6	6	-0.5786365	0	0	0	0	0	0	0	0	0	0	0	0	0	54	0	
2	2387	-0.5775279	-3.10E-05	4081.631	-0.001525902	6	6	-0.5781364	0	0	0	0	0	0	0	0	0	0	0	0	0	54	0	
2	2388	-0.5772212	-3.09E-05	4082.631	-0.001525902	6	6	-0.5776364	0	0	0	0	0	0	0	0	0	0	0	0	0	54	0	
2	2389	-0.5766078	-3.08E-05	4083.631	-0.001525902	6	6	-0.5771365	0	0	0	0	0	0	0	0	0	0	0	0	0	54	0	
2	2390	-0.5759943	-3.07E-05	4084.631	-0.001525902	6	6	-0.5766364	0	0	0	0	0	0	0	0	0	0	0	0	0	54	0	
2	2391	-0.5756876	-3.06E-05	4085.631	-0.001525902	6	6	-0.5761365	0	0	0	0	0	0	0	0	0	0	0	0	0	54	0	
2	2392	-0.5750742	-3.05E-05	4086.631	-0.001525902	6	6	-0.5756364	0	0	0	0	0	0	0	0	0	0	0	0	0	54	0	
2	2393	-0.5744608	-3.04E-05	4087.631	-0.001525902	6	6	-0.5751364	0	0	0	0	0	0	0	0	0	0	0	0	0	54	0	
2	2394	-0.5741541	-3.03E-05	4088.631	-0.001525902	6	6	-0.5746365	0	0	0	0	0	0	0	0	0	0	0	0	0	54	0	
2	2395	-0.5735407	-3.02E-05	4089.631	-0.001525902	6	6	-0.5741364	0	0	0	0	0	0	0	0	0	0	0	0	0	54	0	
2	2396	-0.573234	-3.01E-05	4090.631	-0.001525902	6	6	-0.5736365	0	0	0	0	0	0	0	0	0	0	0	0	0	54	0	
2	2397	-0.5726206	-3.00E-05	4091.631	-0.001525902	6	6	-0.5731364	0	0	0	0	0	0	0	0	0	0	0	0	0	54	0	
2	2398	-0.5720072	-2.99E-05	4092.631	-0.001525902	6	6	-0.5726364	0	0	0	0	0	0	0	0	0	0	0	0	0	54	0	
2	2399	-0.5717005	-2.98E-05	4093.631	-0.001525902	6	6	-0.5721365	0	0	0	0	0	0	0	0	0	0	0	0	0	54	0	
2	2400	-0.571087	-2.97E-05	4094.631	-0.001525902	6	6	-0.5716364	0	0	0	0	0	0	0	0	0	0	0	0	0	54	0	
2	2401	-0.5704736	-2.96E-05	4095.631	-0.001525902	6	6	-0.5711364	0	0	0	0	0	0	0	0	0	0	0	0	0	54	0	
2	2402	-0.5701669	-2.95E-05	4096.631	-0.001525902	6	6	-0.5706365	0	0	0	0	0	0	0	0	0	0	0	0	0	54	0	
2	2403	-0.5695535	-2.94E-05	4097.631	-0.001525902	6	6	-0.5701364	0	0	0	0	0	0	0	0	0	0	0	0	0	54	0	
2	2404	-0.5692468	-2.93E-05	4098.631	-0.001525902	6	6	-0.5696365	0	0	0	0	0	0	0	0	0	0	0	0	0	54	0	
2	2405	-0.5686334	-2.92E-05	4099.631	-0.001525902	6	6	-0.5691364	0	0	0	0	0	0	0	0	0	0	0	0	0	54	0	
2	2406	-0.56802	-2.91E-05	4100.631	-0.001525902	6	6	-0.5686364	0	0	0	0	0	0	0	0	0	0	0	0	0	54	0	
2	2407	-0.5674065	-2.90E-05	4101.631	-0.001525902	6	6	-0.5681365	0	0	0	0	0	0	0	0	0	0	0	0	0	54	0	
2	2408	-0.5670999	-2.89E-05	4102.631	-0.001525902	6	6	-0.5676364	0	0	0	0	0	0	0	0	0	0	0	0	0	54	0	
2	2409	-0.5664864	-2.88E-05	4103.631	-0.001525902	6	6	-0.5671365	0	0	0	0	0	0	0	0	0	0	0	0	0	54	0	
2	2410	-0.5661798	-2.87E-05	4104.631	-0.001525902	6	6	-0.5666364	0	0	0	0	0	0	0	0	0	0	0	0	0	54	0	
2	2411	-0.5655663	-2.86E-05	4105.631	-0.001525902	6	6	-0.5661364	0	0	0	0	0	0	0	0	0	0	0	0	0	54	0	
2	2412	-0.5652596	-2.85E-05	4106.631	-0.001525902	6	6	-0.5656365	0	0	0	0	0	0	0	0	0	0	0	0	0	54	0	
2	2413	-0.5646462	-2.84E-05	4107.631	-0.001525902	6	6	-0.5651364	0	0	0	0	0	0	0	0	0	0	0	0	0	54	0	
2	2414	-0.5640328	-2.83E-05	4108.631	-0.001525902	6	6	-0.5646365	0	0	0	0	0	0	0	0	0	0	0	0	0	54	0	
2	2415	-0.5637261	-2.82E-05	4109.631	-0.001525902	6	6	-0.5641364	0	0	0	0	0	0	0	0	0	0	0	0	0	54	0	
2	2416	-0.5631127	-2.81E-05	4110.631	-0.001525902	6	6	-0.5636364	0	0	0	0	0	0	0	0	0	0	0	0	0	54	0	
2	2417	-0.5624992	-2.80E-05	4111.631	-0.001525902	6	6	-0.5631365	0	0	0	0	0	0	0	0	0	0	0	0	0	54	0	
2	2418	-0.5621926	-2.79E-05	4112.631	-0.001525902	6	6	-0.5626364	0	0	0	0	0	0	0	0	0	0	0	0	0	54	0	
2	2419	-0.5615791	-2.78E-05	4113.631	-0.001525902	6	6	-0.5621365	0	0	0	0	0	0	0	0	0	0	0	0	0	54	0	
2	2420	-0.5612724	-2.77E-05	4114.631	-0.001525902	6	6	-0.5616364	0	0	0	0	0	0	0	0	0	0	0	0	0	54	0	
2	2421	-0.560659	-2.76E-05	4115.631	-0.001525902	6	6	-0.5611364	0	0	0	0	0	0	0	0	0	0	0	0	0	54	0	
2	2422	-0.5600456	-2.75E-05	4116.631	-0.001525902	6	6	-0.5606365	0	0	0	0	0	0	0	0	0	0	0	0	0	54	0	
2	2423	-0.5594322	-2.74E-05	4117.631	-0.001525902	6	6	-0.5601364	0	0	0	0	0	0	0	0	0	0	0	0	0	54	0	
2	2424	-0.5591255	-2.73E-05	4118.631	-0.001525902	6	6	-0.5596364	0	0	0	0	0	0	0	0	0	0	0	0	0	54	0	
2	2425	-0.5585121	-2.72E-05	4119.631	-0.001525902	6	6	-0.5591365	0	0	0	0	0	0	0	0	0	0	0	0	0	54	0	
2	2426	-0.5582054	-2.71E-05	4120.631	-0.001525902	6	6	-0.5586364	0	0	0	0	0	0	0	0	0	0	0	0	0	54	0	
2	2427	-0.557592	-2.70E-05	4121.631	-0.001525902	6	6	-0.5581365	0	0	0	0	0	0	0	0	0	0	0	0	0	54	0	
2	2428	-0.5569785	-2.69E-05	4122.631	-0.001525902	6	6	-0.5576364	0	0	0	0	0	0	0	0	0	0	0	0	0	54	0	
2	2429	-0.5566719	-2.68E-05	4123.631	-0.001525902	6	6	-0.5571364	0	0	0	0	0	0	0	0	0	0	0	0	0	54	0	
2	2430	-0.5560584	-2.67E-05	4124.631	-0.001525902	6	6	-0.5566365	0	0	0	0	0	0	0	0	0	0	0	0	0	54	0	
2	2431	-0.5557517	-2.66E-05	4125.631	-0.001525902	6	6	-0.5561364	0	0	0	0	0	0	0	0	0	0	0	0	0	54	0	
2	2432	-0.5551383	-2.65E-05	4126.631	-0.001525902	6	6	-0.5556365	0	0	0	0	0	0	0	0	0	0	0	0	0	54	0	
2	2433	-0.5545249	-2.64E-05	4127.631	-0.001525902	6	6	-0.5551364	0	0	0	0	0	0	0	0	0	0	0	0	0	54	0	
2	2434	-0.5542182	-2.63E-05	4128.631	-0.001525902	6	6	-0.5546364	0	0	0	0	0	0	0	0	0	0	0	0	0	54	0	
2	2435	-0.5536048	-2.62E-05	4129.631	-0.001525902	6	6	-0.5541365	0	0	0	0	0	0	0	0	0	0	0	0	0	54	0	
2	2436	-0.5529913	-2.61E-05	4130.631	-0.001525902	6	6	-0.5536364	0	0	0	0	0	0	0	0	0	0	0	0	0	54	0	
2	2437	-0.5526847	-2.60E-05	4131.631	-0.001525902	6	6	-0.5531365	0	0	0	0	0	0	0	0	0	0	0	0	0	54	0	
2	2438	-0.5520712	-2.59E-05	4132.631	-0.001525902	6	6	-0.5526364	0	0	0	0	0	0	0	0	0	0	0	0	0	54	0	
2	2439	-0.5517645	-2.58E-05	4133.631	-0.001525902	6	6	-0.5521364	0	0	0	0	0	0	0	0	0	0	0	0	0	54	0	
2	2440	-0.5511511	-2.56E-05	4134.631	-0.001525902	6	6	-0.5516365	0	0	0	0	0	0	0	0	0	0	0	0	0	54	0	
2	2441	-0.5505377	-2.55E-05	4135.631	-0.001525902	6	6	-0.5511364	0	0	0	0	0	0	0	0	0	0	0	0	0	54	0	
2	2442	-0.550231	-2.55E-05	4136.631	-0.001525902	6	6	-0.5506365	0	0	0	0	0	0	0	0	0	0	0	0	0	54	0	
2	2443	-0.5496176	-2.54E-05	4137.631	-0.001525902	6	6	-0.5501364	0	0	0	0	0	0	0	0	0	0	0	0	0	54	0	
2	2444	-0.5493109	-2.52E-05	4138.631	-0.001525902	6	6	-0.5496364	0	0	0	0	0	0	0	0	0	0	0	0	0	54	0	
2	2445	-0.5486975	-2.51E-05	4139.631	-0.001525902	6	6	-0.5491365	0	0	0	0	0	0	0	0	0	0	0	0	0	54	0	
2	2446	-0.5483907	-2.50E-05	4140.631	-0.001525902	6	6	-0.5486364	0	0	0	0	0	0	0	0	0	0	0	0	0	54	0	
2	2447	-0.5477774	-2.49E-05	4141.631	-0.001525902	6	6	-0.5481364	0	0	0	0	0	0	0	0	0	0	0	0	0	54	0	
2	2448	-0.547164	-2.48E-05	4142.631	-0.001525902	6	6	-0.5476364	0	0	0	0	0	0	0	0	0	0	0	0	0	54	0	
2	2449	-0.5468572	-2.47E-05	4143.631	-0.001525902	6	6	-0.5471364	0	0	0	0	0	0	0	0	0	0	0	0	0	54	0	
2	2450	-0.5462438	-2.46E-05	4144.631	-0.001525902	6	6	-0.5466365	0	0	0	0	0	0	0	0	0	0	0	0	0	54	0	
2	2451	-0.5456304	-2.45E-05	4145.631	-0.001525902	6	6	-0.5461364	0	0	0	0	0	0	0	0	0	0	0	0	0	54	0	
2	2452	-0.5453237	-2.44E-05	4146.631	-0.001525902	6	6	-0.5456364	0	0	0	0	0	0	0	0	0	0	0	0	0	54	0	
2	2453	-0.5447103	-2.43E-05	4147.631	-0.001525902	6	6	-0.5451365	0	0	0	0	0	0	0	0	0	0	0	0	0	54	0	
2	2454	-0.5444036	-2.42E-05	4148.631	-0.001525902	6	6	-0.5446364	0	0	0	0	0	0	0	0	0	0	0	0	0	54	0	
2	2455	-0.5437902	-2.41E-05	4149.631	-0.001525902	6	6	-0.5441365	0	0	0	0	0	0	0	0	0	0	0	0	0	54	0	
2	2456	-0.5431768	-2.40E-05	4150.631	-0.001525902	6	6	-0.5436364	0	0	0	0	0	0	0	0	0	0	0	0	0	54	0	
2	2457	-0.54287	-2.39E-05	4151.631	-0.001525902	6	6	-0.5431364	0	0	0	0	0	0	0	0	0	0	0	0	0	54	0	
2	2458	-0.5422567	-2.38E-05	4152.631	-0.001525902	6	6	-0.5426365	0	0	0	0	0	0	0	0	0	0	0	0	0	54	0	
2	2459	-0.5416432	-2.37E-05	4153.631	-0.001525902	6	6	-0.5421364	0	0	0	0	0	0	0	0	0	0	0	0	0	54	0	
2	2460	-0.5413365	-2.36E-05	4154.631	-0.001525902	6	6	-0.5416365	0	0	0	0	0	0	0	0	0	0	0	0	0	54	0	
2	2461	-0.5407231	-2.35E-05	4155.631	-0.001525902	6	6	-0.5411364	0	0	0	0	0	0	0	0	0	0	0	0	0	54	0	
2	2462	-0.5404164	-2.34E-05	4156.631	-0.001525902	6	6	-0.5406364	0	0	0	0	0	0	0	0	0	0	0	0	0	54	0	
2	2463	-0.539803	-2.33E-05	4157.631	-0.001525902	6	6	-0.5401365	0	0	0	0	0	0	0	0	0	0	0	0	0	54	0	
2	2464	-0.5391896	-2.32E-05	4158.631	-0.001525902	6	6	-0.5396364	0	0	0	0	0	0	0	0	0	0	0	0	0	54	0	
2	2465	-0.5388829	-2.31E-05	4159.631	-0.001525902	6	6	-0.5391365	0	0	0	0	0	0	0	0	0	0	0	0	0	54	0	
2	2466	-0.5382695	-2.30E-05	4160.631	-0.001525902	6	6	-0.5386364	0	0	0	0	0	0	0	0	0	0	0	0	0	54	0	
2	2467	-0.5376561	-2.29E-05	4161.631	-0.001525902	6	6	-0.5381364	0	0	0	0	0	0	0	0	0	0	0	0	0	54	0	
2	2468	-0.5373493	-2.28E-05	4162.631	-0.001525902	6	6	-0.5376365	0	0	0	0	0	0	0	0	0	0	0	0	0	54	0	
2	2469	-0.5367359	-2.27E-05	4163.631	-0.001525902	6	6	-0.5371364	0	0	0	0	0	0	0	0	0	0	0	0	0	54	0	
2	2470	-0.5364292	-2.26E-05	4164.631	-0.001525902	6	6	-0.5366364	0	0	0	0	0	0	0	0	0	0	0	0	0	54	0	
2	2471	-0.5358158	-2.25E-05	4165.631	-0.001525902	6	6	-0.5361364	0	0	0	0	0	0	0	0	0	0	0	0	0	54	0	
2	2472	-0.5352024	-2.24E-05	4166.631	-0.001525902	6	6	-0.5356364	0	0	0	0	0	0	0	0	0	0	0	0	0	54	0	
2	2473	-0.5348957	-2.23E-05	4167.631	-0.001525902	6	6	-0.5351365	0	0	0	0	0	0	0	0	0	0	0	0	0	54	0	
2	2474	-0.5342823	-2.22E-05	4168.631	-0.001525902	6	6	-0.5346364	0	0	0	0	0	0	0	0	0	0	0	0	0	54	0	
2	2475	-0.5339755	-2.21E-05	4169.631	-0.001525902	6	6	-0.5341364	0	0	0	0	0	0	0	0	0	0	0	0	0	54	0	
2	2476	-0.5333622	-2.20E-05	4170.631	-0.001525902	6	6	-0.5336365	0	0	0	0	0	0	0	0	0	0	0	0	0	54	0	
2	2477	-0.5327488	-2.19E-05	4171.631	-0.001525902	6	6	-0.5331364	0	0	0	0	0	0	0	0	0	0	0	0	0	54	0	
2	2478	-0.532442	-2.18E-05	4172.631	-0.001525902	6	6	-0.5326365	0	0	0	0	0	0	0	0	0	0	0	0	0	54	0	
2	2479	-0.5318286	-2.17E-05	4173.631	-0.001525902	6	6	-0.5321364	0	0	0	0	0	0	0	0	0	0	0	0	0	54	0	
2	2480	-0.5312152	-2.16E-05	4174.631	-0.001525902	6	6	-0.5316364	0	0	0	0	0	0	0	0	0	0	0	0	0	54	0	
2	2481	-0.5309085	-2.15E-05	4175.631	-0.001525902	6	6	-0.5311365	0	0	0	0	0	0	0	0	0	0	0	0	0	54	0	
2	2482	-0.5302951	-2.14E-05	4176.631	-0.001525902	6	6	-0.5306364	0	0	0	0	0	0	0	0	0	0	0	0	0	54	0	
2	2483	-0.5296817	-2.13E-05	4177.631	-0.001525902	6	6	-0.5301365	0	0	0	0	0	0	0	0	0	0	0	0	0	54	0	
2	2484	-0.529375	-2.12E-05	4178.631	-0.001525902	6	6	-0.5296364	0	0	0	0	0	0	0	0	0	0	0	0	0	54	0	
2	2485	-0.5287616	-2.11E-05	4179.631	-0.001525902	6	6	-0.5291364	0	0	0	0	0	0	0	0	0	0	0	0	0	54	0	
2	2486	-0.5281481	-2.10E-05	4180.631	-0.001525902	6	6	-0.5286365	0	0	0	0	0	0	0	0	0	0	0	0	0	54	0	
2	2487	-0.5278414	-2.08E-05	4181.631	-0.001525902	6	6	-0.5281364	0	0	0	0	0	0	0	0	0	0	0	0	0	54	0	
2	2488	-0.527228	-2.08E-05	4182.631	-0.001525902	6	6	-0.5276365	0	0	0	0	0	0	0	0	0	0	0	0	0	54	0	
2	2489	-0.5269213	-2.07E-05	4183.631	-0.001525902	6	6	-0.5271364	0	0	0	0	0	0	0	0	0	0	0	0	0	54	0	
2	2490	-0.5263079	-2.05E-05	4184.631	-0.001525902	6	6	-0.5266364	0	0	0	0	0	0	0	0	0	0	0	0	0	54	0	
2	2491	-0.5256945	-2.04E-05	4185.631	-0.001525902	6	6	-0.5261365	0	0	0	0	0	0	0	0	0	0	0	0	0	54	0	
2	2492	-0.5253878	-2.03E-05	4186.631	-0.001525902	6	6	-0.5256364	0	0	0	0	0	0	0	0	0	0	0	0	0	54	0	
2	2493	-0.5247744	-2.02E-05	4187.631	-0.001525902	6	6	-0.5251364	0	0	0	0	0	0	0	0	0	0	0	0	0	54	0	
2	2494	-0.524161	-2.02E-05	4188.631	-0.001525902	6	6	-0.5246364	0	0	0	0	0	0	0	0	0	0	0	0	0	54	0	
2	2495	-0.5238543	-2.00E-05	4189.631	-0.001525902	6	6	-0.5241364	0	0	0	0	0	0	0	0	0	0	0	0	0	54	0	
2	2496	-0.5232409	-1.99E-05	4190.631	-0.001525902	6	6	-0.5236365	0	0	0	0	0	0	0	0	0	0	0	0	0	54	0	
2	2497	-0.5226274	-1.98E-05	4191.631	-0.001525902	6	6	-0.5231364	0	0	0	0	0	0	0	0	0	0	0	0	0	54	0	
2	2498	-0.5223207	-1.97E-05	4192.631	-0.001525902	6	6	-0.5226364	0	0	0	0	0	0	0	0	0	0	0	0	0	54	0	
2	2499	-0.5217073	-1.96E-05	4193.631	-0.001525902	6	6	-0.5221364	0	0	0	0	0	0	0	0	0	0	0	0	0	54	0	
2	2500	-0.5214006	-1.95E-05	4194.631	-0.001525902	6	6	-0.5216364	0	0	0	0	0	0	0	0	0	0	0	0	0	54	0	
2	2501	-0.5207872	-1.94E-05	4195.631	-0.001525902	6	6	-0.5211365	0	0	0	0	0	0	0	0	0	0	0	0	0	54	0	
2	2502	-0.5204805	-1.93E-05	4196.631	-0.001525902	6	6	-0.5206364	0	0	0	0	0	0	0	0	0	0	0	0	0	54	0	
2	2503	-0.5198671	-1.92E-05	4197.631	-0.001525902	6	6	-0.5201364	0	0	0	0	0	0	0	0	0	0	0	0	0	54	0	
2	2504	-0.5192537	-1.91E-05	4198.631	-0.001525902	6	6	-0.5196365	0	0	0	0	0	0	0	0	0	0	0	0	0	54	0	
2	2505	-0.5189469	-1.90E-05	4199.631	-0.001525902	6	6	-0.5191364	0	0	0	0	0	0	0	0	0	0	0	0	0	54	0	
2	2506	-0.5183336	-1.89E-05	4200.631	-0.001525902	6	6	-0.5186365	0	0	0	0	0	0	0	0	0	0	0	0	0	54	0	
2	2507	-0.5177201	-1.88E-05	4201.631	-0.001525902	6	6	-0.5181364	0	0	0	0	0	0	0	0	0	0	0	0	0	54	0	
2	2508	-0.5174134	-1.87E-05	4202.631	-0.001525902	6	6	-0.5176364	0	0	0	0	0	0	0	0	0	0	0	0	0	54	0	
2	2509	-0.5168	-1.86E-05	4203.631	-0.001525902	6	6	-0.5171365	0	0	0	0	0	0	0	0	0	0	0	0	0	54	0	
2	2510	-0.5164933	-1.85E-05	4204.631	-0.001525902	6	6	-0.5166364	0	0	0	0	0	0	0	0	0	0	0	0	0	54	0	
2	2511	-0.5158799	-1.84E-05	4205.631	-0.001525902	6	6	-0.5161365	0	0	0	0	0	0	0	0	0	0	0	0	0	54	0	
2	2512	-0.5152665	-1.83E-05	4206.631	-0.001525902	6	6	-0.5156364	0	0	0	0	0	0	0	0	0	0	0	0	0	54	0	
2	2513	-0.5149598	-1.82E-05	4207.631	-0.001525902	6	6	-0.5151364	0	0	0	0	0	0	0	0	0	0	0	0	0	54	0	
2	2514	-0.5143464	-1.81E-05	4208.631	-0.001525902	6	6	-0.5146365	0	0	0	0	0	0	0	0	0	0	0	0	0	54	0	
2	2515	-0.513733	-1.80E-05	4209.631	-0.001525902	6	6	-0.5141364	0	0	0	0	0	0	0	0	0	0	0	0	0	54	0	
2	2516	-0.5134262	-1.79E-05	4210.631	-0.001525902	6	6	-0.5136365	0	0	0	0	0	0	0	0	0	0	0	0	0	54	0	
2	2517	-0.5128129	-1.78E-05	4211.631	-0.001525902	6	6	-0.5131364	0	0	0	0	0	0	0	0	0	0	0	0	0	54	0	
2	2518	-0.5121994	-1.77E-05	4212.631	-0.001525902	6	6	-0.5126364	0	0	0	0	0	0	0	0	0	0	0	0	0	54	0	
2	2519	-0.5118927	-1.76E-05	4213.631	-0.001525902	6	6	-0.5121365	0	0	0	0	0	0	0	0	0	0	0	0	0	54	0	
2	2520	-0.5112793	-1.75E-05	4214.631	-0.001525902	6	6	-0.5116364	0	0	0	0	0	0	0	0	0	0	0	0	0	54	0	
2	2521	-0.5106659	-1.74E-05	4215.631	-0.001525902	6	6	-0.5111364	0	0	0	0	0	0	0	0	0	0	0	0	0	54	0	
2	2522	-0.5103592	-1.73E-05	4216.631	-0.001525902	6	6	-0.5106364	0	0	0	0	0	0	0	0	0	0	0	0	0	54	0	
2	2523	-0.5097458	-1.72E-05	4217.631	-0.001525902	6	6	-0.5101364	0	0	0	0	0	0	0	0	0	0	0	0	0	54	0	
2	2524	-0.5091323	-1.70E-05	4218.631	-0.001525902	6	6	-0.5096365	0	0	0	0	0	0	0	0	0	0	0	0	0	54	0	
2	2525	-0.5088257	-1.69E-05	4219.631	-0.001525902	6	6	-0.5091364	0	0	0	0	0	0	0	0	0	0	0	0	0	54	0	
2	2526	-0.5082122	-1.68E-05	4220.631	-0.001525902	6	6	-0.5086364	0	0	0	0	0	0	0	0	0	0	0	0	0	54	0	
2	2527	-0.5079055	-1.67E-05	4221.631	-0.001525902	6	6	-0.5081365	0	0	0	0	0	0	0	0	0	0	0	0	0	54	0	
2	2528	-0.5072921	-1.66E-05	4222.631	-0.001525902	6	6	-0.5076364	0	0	0	0	0	0	0	0	0	0	0	0	0	54	0	
2	2529	-0.5069854	-1.65E-05	4223.631	-0.001525902	6	6	-0.5071365	0	0	0	0	0	0	0	0	0	0	0	0	0	54	0	
2	2530	-0.506372	-1.64E-05	4224.631	-0.001525902	6	6	-0.5066364	0	0	0	0	0	0	0	0	0	0	0	0	0	54	0	
2	2531	-0.5057586	-1.63E-05	4225.631	-0.001525902	6	6	-0.5061364	0	0	0	0	0	0	0	0	0	0	0	0	0	54	0	
2	2532	-0.5054519	-1.62E-05	4226.631	-0.001525902	6	6	-0.5056365	0	0	0	0	0	0	0	0	0	0	0	0	0	54	0	
2	2533	-0.5048385	-1.61E-05	4227.631	-0.001525902	6	6	-0.5051364	0	0	0	0	0	0	0	0	0	0	0	0	0	54	0	
2	2534	-0.5042251	-1.60E-05	4228.631	-0.001525902	6	6	-0.5046365	0	0	0	0	0	0	0	0	0	0	0	0	0	54	0	
2	2535	-0.5039183	-1.59E-05	4229.631	-0.001525902	6	6	-0.5041364	0	0	0	0	0	0	0	0	0	0	0	0	0	54	0	
2	2536	-0.503305	-1.58E-05	4230.631	-0.001525902	6	6	-0.5036364	0	0	0	0	0	0	0	0	0	0	0	0	0	54	0	
2	2537	-0.5029982	-1.57E-05	4231.631	-0.001525902	6	6	-0.5031365	0	0	0	0	0	0	0	0	0	0	0	0	0	54	0	
2	2538	-0.5023848	-1.56E-05	4232.631	-0.001525902	6	6	-0.5026364	0	0	0	0	0	0	0	0	0	0	0	0	0	54	0	
2	2539	-0.5017714	-1.55E-05	4233.631	-0.001525902	6	6	-0.5021365	0	0	0	0	0	0	0	0	0	0	0	0	0	54	0	
2	2540	-0.5014647	-1.53E-05	4234.631	-0.001525902	6	6	-0.5016364	0	0	0	0	0	0	0	0	0	0	0	0	0	54	0	
2	2541	-0.5008513	-1.52E-05	4235.631	-0.001525902	6	6	-0.5011364	0	0	0	0	0	0	0	0	0	0	0	0	0	54	0	
2	2542	-0.5002379	-1.51E-05	4236.631	-0.001525902	6	6	-0.5006365	0	0	0	0	0	0	0	0	0	0	0	0	0	54	0	
2	2543	-0.4999312	-1.50E-05	4237.631	-0.001525902	6	6	-0.5001364	0	0	0	0	0	0	0	0	0	0	0	0	0	54	0	
2	2544	-0.4993177	-1.49E-05	4238.631	-0.001525902	6	6	-0.4996364	0	0	0	0	0	0	0	0	0	0	0	0	0	54	0	
2	2545	-0.499011	-1.48E-05	4239.631	-0.001525902	6	6	-0.4991364	0	0	0	0	0	0	0	0	0	0	0	0	0	54	0	
2	2546	-0.4983976	-1.47E-05	4240.631	-0.001525902	6	6	-0.4986365	0	0	0	0	0	0	0	0	0	0	0	0	0	54	0	
2	2547	-0.4977842	-1.46E-05	4241.631	-0.001525902	6	6	-0.4981364	0	0	0	0	0	0	0	0	0	0	0	0	0	54	0	
2	2548	-0.4971708	-1.45E-05	4242.631	-0.001525902	6	6	-0.4976364	0	0	0	0	0	0	0	0	0	0	0	0	0	54	0	
2	2549	-0.4968641	-1.44E-05	4243.631	-0.001525902	6	6	-0.4971364	0	0	0	0	0	0	0	0	0	0	0	0	0	54	0	
2	2550	-0.4962507	-1.42E-05	4244.631	-0.001525902	6	6	-0.4966365	0	0	0	0	0	0	0	0	0	0	0	0	0	54	0	
2	2551	-0.495944	-1.41E-05	4245.631	-0.001525902	7	7	-0.4961364	0	0	0	0	0	0	0	0	0	0	0	0	0	54	0	
2	2552	-0.4953306	-1.40E-05	4246.631	-0.001525902	7	7	-0.4956364	0	0	0	0	0	0	0	0	0	0	0	0	0	54	0	
2	2553	-0.4947172	-1.39E-05	4247.631	-0.001525902	7	7	-0.4951364	0	0	0	0	0	0	0	0	0	0	0	0	0	54	0	
2	2554	-0.4944105	-1.38E-05	4248.631	-0.001525902	7	7	-0.4946364	0	0	0	0	0	0	0	0	0	0	0	0	0	54	0	
2	2555	-0.493797	-1.37E-05	4249.631	-0.001525902	7	7	-0.4941365	0	0	0	0	0	0	0	0	0	0	0	0	0	54	0	
2	2556	-0.4931836	-1.36E-05	4250.631	-0.001525902	7	7	-0.4936364	0	0	0	0	0	0	0	0	0	0	0	0	0	54	0	
2	2557	-0.4928769	-1.35E-05	4251.631	-0.001525902	7	7	-0.4931364	0	0	0	0	0	0	0	0	0	0	0	0	0	54	0	
2	2558	-0.4922635	-1.34E-05	4252.631	-0.001525902	7	7	-0.4926364	0	0	0	0	0	0	0	0	0	0	0	0	0	54	0	
2	2559	-0.4919568	-1.33E-05	4253.631	-0.001525902	7	7	-0.4921364	0	0	0	0	0	0	0	0	0	0	0	0	0	54	0	
2	2560	-0.4913434	-1.32E-05	4254.631	-0.001525902	7	7	-0.4916364	0	0	0	0	0	0	0	0	0	0	0	0	0	54	0	
2	2561	-0.4910367	-1.31E-05	4255.631	-0.001525902	7	7	-0.4911364	0	0	0	0	0	0	0	0	0	0	0	0	0	54	0	
2	2562	-0.4904233	-1.30E-05	4256.631	-0.001525902	7	7	-0.4906364	0	0	0	0	0	0	0	0	0	0	0	0	0	54	0	
2	2563	-0.4898098	-1.28E-05	4257.631	-0.001525902	7	7	-0.4901364	0	0	0	0	0	0	0	0	0	0	0	0	0	54	0	
2	2564	-0.4895031	-1.27E-05	4258.631	-0.001525902	7	7	-0.4896365	0	0	0	0	0	0	0	0	0	0	0	0	0	54	0	
2	2565	-0.4888897	-1.26E-05	4259.631	-0.001525902	7	7	-0.4891364	0	0	0	0	0	0	0	0	0	0	0	0	0	54	0	
2	2566	-0.4882763	-1.25E-05	4260.631	-0.001525902	7	7	-0.4886364	0	0	0	0	0	0	0	0	0	0	0	0	0	54	0	
2	2567	-0.4879696	-1.24E-05	4261.631	-0.001525902	7	7	-0.4881364	0	0	0	0	0	0	0	0	0	0	0	0	0	54	0	
2	2568	-0.4873562	-1.23E-05	4262.631	-0.001525902	7	7	-0.4876364	0	0	0	0	0	0	0	0	0	0	0	0	0	54	0	
2	2569	-0.4867428	-1.22E-05	4263.631	-0.001525902	7	7	-0.4871365	0	0	0	0	0	0	0	0	0	0	0	0	0	54	0	
2	2570	-0.4864361	-1.21E-05	4264.631	-0.001525902	7	7	-0.4866364	0	0	0	0	0	0	0	0	0	0	0	0	0	54	0	
2	2571	-0.4858227	-1.20E-05	4265.631	-0.001525902	7	7	-0.4861364	0	0	0	0	0	0	0	0	0	0	0	0	0	54	0	
2	2572	-0.4852093	-1.19E-05	4266.631	-0.001525902	7	7	-0.4856364	0	0	0	0	0	0	0	0	0	0	0	0	0	54	0	
2	2573	-0.4849026	-1.18E-05	4267.631	-0.001525902	7	7	-0.4851364	0	0	0	0	0	0	0	0	0	0	0	0	0	54	0	
2	2574	-0.4842891	-1.17E-05	4268.631	-0.001525902	7	7	-0.4846364	0	0	0	0	0	0	0	0	0	0	0	0	0	54	0	
2	2575	-0.4839824	-1.16E-05	4269.631	-0.001525902	7	7	-0.4841364	0	0	0	0	0	0	0	0	0	0	0	0	0	54	0	
2	2576	-0.483369	-1.15E-05	4270.631	-0.001525902	7	7	-0.4836364	0	0	0	0	0	0	0	0	0	0	0	0	0	54	0	
2	2577	-0.4827556	-1.14E-05	4271.631	-0.001525902	7	7	-0.4831364	0	0	0	0	0	0	0	0	0	0	0	0	0	54	0	
2	2578	-0.4824489	-1.13E-05	4272.631	-0.001525902	7	7	-0.4826365	0	0	0	0	0	0	0	0	0	0	0	0	0	54	0	
2	2579	-0.4818355	-1.12E-05	4273.631	-0.001525902	7	7	-0.4821364	0	0	0	0	0	0	0	0	0	0	0	0	0	54	0	
2	2580	-0.4815288	-1.12E-05	4274.631	-0.001525902	7	7	-0.4816364	0	0	0	0	0	0	0	0	0	0	0	0	0	54	0	
2	2581	-0.4809154	-1.11E-05	4275.631	-0.001525902	7	7	-0.4811364	0	0	0	0	0	0	0	0	0	0	0	0	0	54	0	
2	2582	-0.4803019	-1.10E-05	4276.631	-0.001525902	7	7	-0.4806364	0	0	0	0	0	0	0	0	0	0	0	0	0	54	0	
2	2583	-0.4796886	-1.09E-05	4277.631	-0.001525902	7	7	-0.4801364	0	0	0	0	0	0	0	0	0	0	0	0	0	54	0	
2	2584	-0.4793818	-1.08E-05	4278.631	-0.001525902	7	7	-0.4796364	0	0	0	0	0	0	0	0	0	0	0	0	0	54	0	
2	2585	-0.4790751	-1.07E-05	4279.631	-0.001525902	7	7	-0.4791364	0	0	0	0	0	0	0	0	0	0	0	0	0	54	0	
2	2586	-0.4784617	-1.06E-05	4280.631	-0.001525902	7	7	-0.4786364	0	0	0	0	0	0	0	0	0	0	0	0	0	54	0	
2	2587	-0.4778483	-1.05E-05	4281.631	-0.001525902	7	7	-0.4781365	0	0	0	0	0	0	0	0	0	0	0	0	0	54	0	
2	2588	-0.4775416	-1.04E-05	4282.631	-0.001525902	7	7	-0.4776364	0	0	0	0	0	0	0	0	0	0	0	0	0	54	0	
2	2589	-0.4769282	-1.03E-05	4283.631	-0.001525902	7	7	-0.4771364	0	0	0	0	0	0	0	0	0	0	0	0	0	54	0	
2	2590	-0.4763148	-1.03E-05	4284.631	-0.001525902	7	7	-0.4766364	0	0	0	0	0	0	0	0	0	0	0	0	0	54	0	
2	2591	-0.4760081	-1.02E-05	4285.631	-0.001525902	7	7	-0.4761364	0	0	0	0	0	0	0	0	0	0	0	0	0	54	0	
2	2592	-0.4753947	-1.01E-05	4286.631	-0.001525902	7	7	-0.4756365	0	0	0	0	0	0	0	0	0	0	0	0	0	54	0	
2	2593	-0.4747812	-1.00E-05	4287.631	-0.001525902	7	7	-0.4751364	0	0	0	0	0	0	0	0	0	0	0	0	0	54	0	
2	2594	-0.4744745	-9.92E-06	4288.631	-0.001525902	7	7	-0.4746364	0	0	0	0	0	0	0	0	0	0	0	0	0	54	0	
2	2595	-0.4738611	-9.84E-06	4289.631	-0.001525902	7	7	-0.4741364	0	0	0	0	0	0	0	0	0	0	0	0	0	54	0	
2	2596	-0.4732477	-9.75E-06	4290.631	-0.001525902	7	7	-0.4736364	0	0	0	0	0	0	0	0	0	0	0	0	0	54	0	
2	2597	-0.472941	-9.68E-06	4291.631	-0.001525902	7	7	-0.4731364	0	0	0	0	0	0	0	0	0	0	0	0	0	54	0	
2	2598	-0.4723276	-9.60E-06	4292.631	-0.001525902	7	7	-0.4726364	0	0	0	0	0	0	0	0	0	0	0	0	0	54	0	
2	2599	-0.4720209	-9.51E-06	4293.631	-0.001525902	7	7	-0.4721364	0	0	0	0	0	0	0	0	0	0	0	0	0	54	0	
2	2600	-0.4714075	-9.43E-06	4294.631	-0.001525902	7	7	-0.4716364	0	0	0	0	0	0	0	0	0	0	0	0	0	54	0	
2	2601	-0.4707941	-9.34E-06	4295.631	-0.001525902	7	7	-0.4711365	0	0	0	0	0	0	0	0	0	0	0	0	0	54	0	
2	2602	-0.4701806	-9.26E-06	4296.631	-0.001525902	7	7	-0.4706364	0	0	0	0	0	0	0	0	0	0	0	0	0	54	0	
2	2603	-0.4698739	-9.18E-06	4297.631	-0.001525902	7	7	-0.4701364	0	0	0	0	0	0	0	0	0	0	0	0	0	54	0	
2	2604	-0.4692605	-9.11E-06	4298.631	-0.001525902	7	7	-0.4696364	0	0	0	0	0	0	0	0	0	0	0	0	0	54	0	
2	2605	-0.4686471	-9.03E-06	4299.631	-0.001525902	7	7	-0.4691364	0	0	0	0	0	0	0	0	0	0	0	0	0	54	0	
2	2606	-0.4683404	-8.95E-06	4300.631	-0.001525902	7	7	-0.4686364	0	0	0	0	0	0	0	0	0	0	0	0	0	54	0	
2	2607	-0.467727	-8.87E-06	4301.631	-0.001525902	7	7	-0.4681364	0	0	0	0	0	0	0	0	0	0	0	0	0	54	0	
2	2608	-0.4674203	-8.78E-06	4302.631	-0.001525902	7	7	-0.4676364	0	0	0	0	0	0	0	0	0	0	0	0	0	54	0	
2	2609	-0.4668069	-8.71E-06	4303.631	-0.001525902	7	7	-0.4671364	0	0	0	0	0	0	0	0	0	0	0	0	0	54	0	
2	2610	-0.4661935	-8.64E-06	4304.631	-0.001525902	7	7	-0.4666364	0	0	0	0	0	0	0	0	0	0	0	0	0	54	0	
2	2611	-0.4658867	-8.56E-06	4305.631	-0.001525902	7	7	-0.4661364	0	0	0	0	0	0	0	0	0	0	0	0	0	54	0	
2	2612	-0.4652734	-8.48E-06	4306.631	-0.001525902	7	7	-0.4656364	0	0	0	0	0	0	0	0	0	0	0	0	0	54	0	
2	2613	-0.4646599	-8.39E-06	4307.631	-0.001525902	7	7	-0.4651364	0	0	0	0	0	0	0	0	0	0	0	0	0	54	0	
2	2614	-0.4643532	-8.31E-06	4308.631	-0.001525902	7	7	-0.4646364	0	0	0	0	0	0	0	0	0	0	0	0	0	54	0	
2	2615	-0.4637398	-8.23E-06	4309.631	-0.001525902	7	7	-0.4641365	0	0	0	0	0	0	0	0	0	0	0	0	0	54	0	
2	2616	-0.4631264	-8.15E-06	4310.631	-0.001525902	7	7	-0.4636364	0	0	0	0	0	0	0	0	0	0	0	0	0	54	0	
2	2617	-0.4628197	-8.09E-06	4311.631	-0.001525902	7	7	-0.4631364	0	0	0	0	0	0	0	0	0	0	0	0	0	54	0	
2	2618	-0.4622063	-8.01E-06	4312.631	-0.001525902	7	7	-0.4626364	0	0	0	0	0	0	0	0	0	0	0	0	0	54	0	
2	2619	-0.4618996	-7.93E-06	4313.631	-0.001525902	7	7	-0.4621364	0	0	0	0	0	0	0	0	0	0	0	0	0	54	0	
2	2620	-0.4612862	-7.85E-06	4314.631	-0.001525902	7	7	-0.4616364	0	0	0	0	0	0	0	0	0	0	0	0	0	54	0	
2	2621	-0.4609795	-7.77E-06	4315.631	-0.001525902	7	7	-0.4611364	0	0	0	0	0	0	0	0	0	0	0	0	0	54	0	
2	2622	-0.460366	-7.69E-06	4316.631	-0.001525902	7	7	-0.4606364	0	0	0	0	0	0	0	0	0	0	0	0	0	54	0	
2	2623	-0.4597526	-7.63E-06	4317.631	-0.001525902	7	7	-0.4601364	0	0	0	0	0	0	0	0	0	0	0	0	0	54	0	
2	2624	-0.4594459	-7.55E-06	4318.631	-0.001525902	7	7	-0.4596364	0	0	0	0	0	0	0	0	0	0	0	0	0	54	0	
2	2625	-0.4588325	-7.47E-06	4319.631	-0.001525902	7	7	-0.4591364	0	0	0	0	0	0	0	0	0	0	0	0	0	54	0	
2	2626	-0.4585258	-7.39E-06	4320.631	-0.001525902	7	7	-0.4586364	0	0	0	0	0	0	0	0	0	0	0	0	0	54	0	
2	2627	-0.4579124	-7.31E-06	4321.631	-0.001525902	7	7	-0.4581364	0	0	0	0	0	0	0	0	0	0	0	0	0	54	0	
2	2628	-0.457299	-7.24E-06	4322.631	-0.001525902	7	7	-0.4576364	0	0	0	0	0	0	0	0	0	0	0	0	0	54	0	
2	2629	-0.4569923	-7.16E-06	4323.631	-0.001525902	7	7	-0.4571365	0	0	0	0	0	0	0	0	0	0	0	0	0	54	0	
2	2630	-0.4563788	-7.10E-06	4324.631	-0.001525902	7	7	-0.4566364	0	0	0	0	0	0	0	0	0	0	0	0	0	54	0	
2	2631	-0.4557655	-7.02E-06	4325.631	-0.001525902	7	7	-0.4561364	0	0	0	0	0	0	0	0	0	0	0	0	0	54	0	
2	2632	-0.4554587	-6.95E-06	4326.631	-0.001525902	7	7	-0.4556364	0	0	0	0	0	0	0	0	0	0	0	0	0	54	0	
2	2633	-0.4548453	-6.87E-06	4327.631	-0.001525902	7	7	-0.4551364	0	0	0	0	0	0	0	0	0	0	0	0	0	54	0	
2	2634	-0.4542319	-6.79E-06	4328.631	-0.001525902	7	7	-0.4546364	0	0	0	0	0	0	0	0	0	0	0	0	0	54	0	
2	2635	-0.4536185	-6.72E-06	4329.631	-0.001525902	7	7	-0.4541364	0	0	0	0	0	0	0	0	0	0	0	0	0	54	0	
2	2636	-0.4533118	-6.66E-06	4330.631	-0.001525902	7	7	-0.4536364	0	0	0	0	0	0	0	0	0	0	0	0	0	54	0	
2	2637	-0.4526984	-6.58E-06	4331.631	-0.001525902	7	7	-0.4531364	0	0	0	0	0	0	0	0	0	0	0	0	0	54	0	
2	2638	-0.4523917	-6.51E-06	4332.631	-0.001525902	7	7	-0.4526365	0	0	0	0	0	0	0	0	0	0	0	0	0	54	0	
2	2639	-0.4517783	-6.44E-06	4333.631	-0.001525902	7	7	-0.4521364	0	0	0	0	0	0	0	0	0	0	0	0	0	54	0	
2	2640	-0.4514716	-6.37E-06	4334.631	-0.001525902	7	7	-0.4516364	0	0	0	0	0	0	0	0	0	0	0	0	0	54	0	
2	2641	-0.4508581	-6.29E-06	4335.631	-0.001525902	7	7	-0.4511364	0	0	0	0	0	0	0	0	0	0	0	0	0	54	0	
2	2642	-0.4502447	-6.22E-06	4336.631	-0.001525902	7	7	-0.4506364	0	0	0	0	0	0	0	0	0	0	0	0	0	54	0	
2	2643	-0.449938	-6.16E-06	4337.631	-0.001525902	7	7	-0.4501364	0	0	0	0	0	0	0	0	0	0	0	0	0	54	0	
2	2644	-0.4493246	-6.08E-06	4338.631	-0.001525902	7	7	-0.4496364	0	0	0	0	0	0	0	0	0	0	0	0	0	54	0	
2	2645	-0.4487112	-6.01E-06	4339.631	-0.001525902	7	7	-0.4491364	0	0	0	0	0	0	0	0	0	0	0	0	0	54	0	
2	2646	-0.4484045	-5.94E-06	4340.631	-0.001525902	7	7	-0.4486364	0	0	0	0	0	0	0	0	0	0	0	0	0	54	0	
2	2647	-0.4477911	-5.87E-06	4341.631	-0.001525902	7	7	-0.4481364	0	0	0	0	0	0	0	0	0	0	0	0	0	54	0	
2	2648	-0.4474844	-5.79E-06	4342.631	-0.001525902	7	7	-0.4476364	0	0	0	0	0	0	0	0	0	0	0	0	0	54	0	
2	2649	-0.446871	-5.73E-06	4343.631	-0.001525902	7	7	-0.4471364	0	0	0	0	0	0	0	0	0	0	0	0	0	54	0	
2	2650	-0.4462576	-5.66E-06	4344.631	-0.001525902	7	7	-0.4466364	0	0	0	0	0	0	0	0	0	0	0	0	0	54	0	
2	2651	-0.4459508	-5.58E-06	4345.631	-0.001525902	7	7	-0.4461364	0	0	0	0	0	0	0	0	0	0	0	0	0	54	0	
2	2652	-0.4453374	-5.51E-06	4346.631	-0.001525902	7	7	-0.4456365	0	0	0	0	0	0	0	0	0	0	0	0	0	54	0	
2	2653	-0.444724	-5.44E-06	4347.631	-0.001525902	7	7	-0.4451364	0	0	0	0	0	0	0	0	0	0	0	0	0	54	0	
2	2654	-0.4444173	-5.36E-06	4348.631	-0.001525902	7	7	-0.4446364	0	0	0	0	0	0	0	0	0	0	0	0	0	54	0	
2	2655	-0.4438039	-5.30E-06	4349.631	-0.001525902	7	7	-0.4441364	0	0	0	0	0	0	0	0	0	0	0	0	0	54	0	
2	2656	-0.4434972	-5.23E-06	4350.631	-0.001525902	7	7	-0.4436364	0	0	0	0	0	0	0	0	0	0	0	0	0	54	0	
2	2657	-0.4428838	-5.16E-06	4351.631	-0.001525902	7	7	-0.4431364	0	0	0	0	0	0	0	0	0	0	0	0	0	54	0	
2	2658	-0.4422704	-5.09E-06	4352.631	-0.001525902	7	7	-0.4426364	0	0	0	0	0	0	0	0	0	0	0	0	0	54	0	
2	2659	-0.4416569	-5.02E-06	4353.631	-0.001525902	7	7	-0.4421364	0	0	0	0	0	0	0	0	0	0	0	0	0	54	0	
2	2660	-0.4413503	-4.94E-06	4354.631	-0.001525902	7	7	-0.4416364	0	0	0	0	0	0	0	0	0	0	0	0	0	54	0	
2	2661	-0.4407368	-4.87E-06	4355.631	-0.001525902	7	7	-0.4411364	0	0	0	0	0	0	0	0	0	0	0	0	0	54	0	
2	2662	-0.4404301	-4.81E-06	4356.631	-0.001525902	7	7	-0.4406364	0	0	0	0	0	0	0	0	0	0	0	0	0	54	0	
2	2663	-0.4398167	-4.73E-06	4357.631	-0.001525902	7	7	-0.4401364	0	0	0	0	0	0	0	0	0	0	0	0	0	54	0	
2	2664	-0.4392033	-4.66E-06	4358.631	-0.001525902	7	7	-0.4396364	0	0	0	0	0	0	0	0	0	0	0	0	0	54	0	
2	2665	-0.4388966	-4.59E-06	4359.631	-0.001525902	7	7	-0.4391364	0	0	0	0	0	0	0	0	0	0	0	0	0	54	0	
2	2666	-0.4382832	-4.52E-06	4360.631	-0.001525902	7	7	-0.4386364	0	0	0	0	0	0	0	0	0	0	0	0	0	54	0	
2	2667	-0.4379765	-4.45E-06	4361.631	-0.001525902	7	7	-0.4381364	0	0	0	0	0	0	0	0	0	0	0	0	0	54	0	
2	2668	-0.4373631	-4.38E-06	4362.631	-0.001525902	7	7	-0.4376364	0	0	0	0	0	0	0	0	0	0	0	0	0	54	0	
2	2669	-0.4370564	-4.31E-06	4363.631	-0.001525902	7	7	-0.4371364	0	0	0	0	0	0	0	0	0	0	0	0	0	54	0	
2	2670	-0.4364429	-4.24E-06	4364.631	-0.001525902	7	7	-0.4366364	0	0	0	0	0	0	0	0	0	0	0	0	0	54	0	
2	2671	-0.4358295	-4.16E-06	4365.631	-0.001525902	7	7	-0.4361364	0	0	0	0	0	0	0	0	0	0	0	0	0	54	0	
2	2672	-0.4352161	-4.09E-06	4366.631	-0.001525902	7	7	-0.4356364	0	0	0	0	0	0	0	0	0	0	0	0	0	54	0	
2	2673	-0.4349094	-4.02E-06	4367.631	-0.001525902	7	7	-0.4351364	0	0	0	0	0	0	0	0	0	0	0	0	0	54	0	
2	2674	-0.434296	-3.94E-06	4368.631	-0.001525902	7	7	-0.4346364	0	0	0	0	0	0	0	0	0	0	0	0	0	54	0	
2	2675	-0.4339893	-3.88E-06	4369.631	-0.001525902	7	7	-0.4341365	0	0	0	0	0	0	0	0	0	0	0	0	0	54	0	
2	2676	-0.4333759	-3.81E-06	4370.631	-0.001525902	7	7	-0.4336364	0	0	0	0	0	0	0	0	0	0	0	0	0	54	0	
2	2677	-0.4327625	-3.73E-06	4371.631	-0.001525902	7	7	-0.4331364	0	0	0	0	0	0	0	0	0	0	0	0	0	54	0	
2	2678	-0.4324558	-3.66E-06	4372.631	-0.001525902	7	7	-0.4326364	0	0	0	0	0	0	0	0	0	0	0	0	0	54	0	
2	2679	-0.4318424	-3.58E-06	4373.631	-0.001525902	7	7	-0.4321364	0	0	0	0	0	0	0	0	0	0	0	0	0	54	0	
2	2680	-0.4312289	-3.50E-06	4374.631	-0.001525902	7	7	-0.4316364	0	0	0	0	0	0	0	0	0	0	0	0	0	54	0	
2	2681	-0.4309222	-3.44E-06	4375.631	-0.001525902	7	7	-0.4311364	0	0	0	0	0	0	0	0	0	0	0	0	0	54	0	
2	2682	-0.4303088	-3.36E-06	4376.631	-0.001525902	7	7	-0.4306364	0	0	0	0	0	0	0	0	0	0	0	0	0	54	0	
2	2683	-0.4296954	-3.28E-06	4377.631	-0.001525902	7	7	-0.4301364	0	0	0	0	0	0	0	0	0	0	0	0	0	54	0	
2	2684	-0.4293887	-3.20E-06	4378.631	-0.001525902	7	7	-0.4296364	0	0	0	0	0	0	0	0	0	0	0	0	0	54	0	
2	2685	-0.4287753	-3.13E-06	4379.631	-0.001525902	7	7	-0.4291364	0	0	0	0	0	0	0	0	0	0	0	0	0	54	0	
2	2686	-0.4284686	-3.04E-06	4380.631	-0.001525902	7	7	-0.4286364	0	0	0	0	0	0	0	0	0	0	0	0	0	54	0	
2	2687	-0.4278552	-2.98E-06	4381.631	-0.001525902	7	7	-0.4281364	0	0	0	0	0	0	0	0	0	0	0	0	0	54	0	
2	2688	-0.4272417	-2.93E-06	4382.631	-0.001525902	7	7	-0.4276364	0	0	0	0	0	0	0	0	0	0	0	0	0	54	0	
2	2689	-0.426935	-2.86E-06	4383.631	-0.001525902	7	7	-0.4271365	0	0	0	0	0	0	0	0	0	0	0	0	0	54	0	
2	2690	-0.4263216	-2.79E-06	4384.631	-0.001525902	7	7	-0.4266364	0	0	0	0	0	0	0	0	0	0	0	0	0	54	0	
2	2691	-0.4257082	-2.73E-06	4385.631	-0.001525902	7	7	-0.4261364	0	0	0	0	0	0	0	0	0	0	0	0	0	54	0	
2	2692	-0.4254015	-2.66E-06	4386.631	-0.001525902	7	7	-0.4256364	0	0	0	0	0	0	0	0	0	0	0	0	0	54	0	
2	2693	-0.4247881	-2.59E-06	4387.631	-0.001525902	7	7	-0.4251364	0	0	0	0	0	0	0	0	0	0	0	0	0	54	0	
2	2694	-0.4244814	-2.54E-06	4388.631	-0.001525902	7	7	-0.4246364	0	0	0	0	0	0	0	0	0	0	0	0	0	54	0	
2	2695	-0.423868	-2.48E-06	4389.631	-0.001525902	7	7	-0.4241364	0	0	0	0	0	0	0	0	0	0	0	0	0	54	0	
2	2696	-0.4232546	-2.42E-06	4390.631	-0.001525902	7	7	-0.4236364	0	0	0	0	0	0	0	0	0	0	0	0	0	54	0	
2	2697	-0.4229479	-2.34E-06	4391.631	-0.001525902	7	7	-0.4231364	0	0	0	0	0	0	0	0	0	0	0	0	0	54	0	
2	2698	-0.4223345	-2.28E-06	4392.631	-0.001525902	7	7	-0.4226364	0	0	0	0	0	0	0	0	0	0	0	0	0	54	0	
2	2699	-0.421721	-2.21E-06	4393.631	-0.001525902	7	7	-0.4221364	0	0	0	0	0	0	0	0	0	0	0	0	0	54	0	
2	2700	-0.4214143	-2.14E-06	4394.631	-0.001525902	7	7	-0.4216364	0	0	0	0	0	0	0	0	0	0	0	0	0	54	0	
2	2701	-0.4208009	-2.07E-06	4395.631	-0.001525902	7	7	-0.4211364	0	0	0	0	0	0	0	0	0	0	0	0	0	54	0	
2	2702	-0.4204942	-2.00E-06	4396.631	-0.001525902	7	7	-0.4206364	0	0	0	0	0	0	0	0	0	0	0	0	0	54	0	
2	2703	-0.4198808	-1.93E-06	4397.631	-0.001525902	7	7	-0.4201364	0	0	0	0	0	0	0	0	0	0	0	0	0	54	0	
2	2704	-0.4192674	-1.85E-06	4398.631	-0.001525902	7	7	-0.4196364	0	0	0	0	0	0	0	0	0	0	0	0	0	54	0	
2	2705	-0.4189607	-1.78E-06	4399.631	-0.001525902	7	7	-0.4191364	0	0	0	0	0	0	0	0	0	0	0	0	0	54	0	
2	2706	-0.4183473	-1.71E-06	4400.631	-0.001525902	7	7	-0.4186364	0	0	0	0	0	0	0	0	0	0	0	0	0	54	0	
2	2707	-0.4177338	-1.64E-06	4401.631	-0.001525902	7	7	-0.4181364	0	0	0	0	0	0	0	0	0	0	0	0	0	54	0	
2	2708	-0.4174272	-1.56E-06	4402.631	-0.001525902	7	7	-0.4176364	0	0	0	0	0	0	0	0	0	0	0	0	0	54	0	
2	2709	-0.4168137	-1.48E-06	4403.631	-0.001525902	7	7	-0.4171364	0	0	0	0	0	0	0	0	0	0	0	0	0	54	0	
2	2710	-0.416507	-1.39E-06	4404.631	-0.001525902	7	7	-0.4166364	0	0	0	0	0	0	0	0	0	0	0	0	0	54	0	
2	2711	-0.4158936	-1.30E-06	4405.631	-0.001525902	7	7	-0.4161364	0	0	0	0	0	0	0	0	0	0	0	0	0	54	0	
2	2712	-0.4152802	-1.20E-06	4406.631	-0.001525902	7	7	-0.4156365	0	0	0	0	0	0	0	0	0	0	0	0	0	54	0	
2	2713	-0.4149735	-1.12E-06	4407.631	-0.001525902	7	7	-0.4151364	0	0	0	0	0	0	0	0	0	0	0	0	0	54	0	
2	2714	-0.4143601	-1.01E-06	4408.631	-0.001525902	7	7	-0.4146364	0	0	0	0	0	0	0	0	0	0	0	0	0	54	0	
2	2715	-0.4140534	-9.08E-07	4409.631	-0.001525902	8	8	-0.4141364	0	0	0	0	0	0	0	0	0	0	0	0	0	54	0	
2	2716	-0.41344	-8.04E-07	4410.631	-0.001525902	8	8	-0.4136364	0	0	0	0	0	0	0	0	0	0	0	0	0	54	0	
2	2717	-0.4128266	-6.95E-07	4411.631	-0.001525902	8	8	-0.4131364	0	0	0	0	0	0	0	0	0	0	0	0	0	54	0	
2	2718	-0.4125198	-5.77E-07	4412.631	-0.001525902	8	8	-0.4126364	0	0	0	0	0	0	0	0	0	0	0	0	0	54	0	
2	2719	-0.4119065	-4.62E-07	4413.631	-0.001525902	8	8	-0.4121364	0	0	0	0	0	0	0	0	0	0	0	0	0	54	0	
2	2720	-0.411293	-3.64E-07	4414.631	-0.001525902	8	8	-0.4116364	0	0	0	0	0	0	0	0	0	0	0	0	0	54	0	
2	2721	-0.4109863	-2.57E-07	4415.631	-0.001525902	8	8	-0.4111364	0	0	0	0	0	0	0	0	0	0	0	0	0	54	0	
2	2722	-0.4103729	-1.55E-07	4416.631	-0.001525902	8	8	-0.4106364	0	0	0	0	0	0	0	0	0	0	0	0	0	54	0	
2	2723	-0.4097595	-2.18E-08	4417.631	-0.001525902	9	521	-0.4101364	0	0	0	0	0	0	0	0	0	0	0	0	0	54	0	
2	2724	-0.4094528	6.01E-10	4418.631	-0.001525902	9	521	-0.4096364	0	0	0	0	0	0	0	0	0	0	0	0	0	54	0	
2	2725	-0.4088394	2.09E-08	4419.631	-0.001525902	9	521	-0.4091364	0	0	0	0	0	0	0	0	0	0	0	0	0	54	0	
2	2726	-0.4085327	3.77E-08	4420.631	-0.001525902	9	521	-0.4086364	0	0	0	0	0	0	0	0	0	0	0	0	0	54	0	
2	2727	-0.4079193	5.81E-08	4421.631	-0.001525902	9	521	-0.4081364	0	0	0	0	0	0	0	0	0	0	0	0	0	54	0	
2	2728	-0.4076126	8.20E-08	4422.631	-0.001525902	9	521	-0.4076364	0	0	0	0	0	0	0	0	0	0	0	0	0	54	0	
2	2729	-0.4069991	1.10E-07	4423.631	-0.001525902	9	521	-0.4071364	0	0	0	0	0	0	0	0	0	0	0	0	0	54	0	
2	2730	-0.4063857	1.56E-07	4424.631	-0.001525902	9	521	-0.4066364	0	0	0	0	0	0	0	0	0	0	0	0	0	54	0	
2	2731	-0.4057723	1.95E-07	4425.631	-0.001525902	9	521	-0.4061364	0	0	0	0	0	0	0	0	0	0	0	0	0	54	0	
2	2732	-0.4054656	7.89E-07	4426.631	-0.001525902	8	8	-0.4056364	0	0	0	0	0	0	0	0	0	0	0	0	0	54	0	
2	2733	-0.4048522	8.64E-07	4427.631	-0.001525902	8	8	-0.4051364	0	0	0	0	0	0	0	0	0	0	0	0	0	54	0	
2	2734	-0.4045455	9.50E-07	4428.631	-0.001525902	8	8	-0.4046364	0	0	0	0	0	0	0	0	0	0	0	0	0	54	0	
2	2735	-0.4039321	1.03E-06	4429.631	-0.001525902	8	8	-0.4041364	0	0	0	0	0	0	0	0	0	0	0	0	0	54	0	
2	2736	-0.4033187	1.11E-06	4430.631	-0.001525902	8	8	-0.4036364	0	0	0	0	0	0	0	0	0	0	0	0	0	54	0	
2	2737	-0.4030119	1.17E-06	4431.631	-0.001525902	8	8	-0.4031364	0	0	0	0	0	0	0	0	0	0	0	0	0	54	0	
2	2738	-0.4023986	1.24E-06	4432.631	-0.001525902	8	8	-0.4026364	0	0	0	0	0	0	0	0	0	0	0	0	0	54	0	
2	2739	-0.4017851	1.30E-06	4433.631	-0.001525902	8	8	-0.4021364	0	0	0	0	0	0	0	0	0	0	0	0	0	54	0	
2	2740	-0.4014784	1.37E-06	4434.631	-0.001525902	8	8	-0.4016364	0	0	0	0	0	0	0	0	0	0	0	0	0	54	0	
2	2741	-0.400865	1.44E-06	4435.631	-0.001525902	8	8	-0.4011364	0	0	0	0	0	0	0	0	0	0	0	0	0	54	0	
2	2742	-0.4002516	1.52E-06	4436.631	-0.001525902	8	8	-0.4006364	0	0	0	0	0	0	0	0	0	0	0	0	0	54	0	
2	2743	-0.3999449	1.59E-06	4437.631	-0.001525902	8	520	-0.4001364	0	0	0	0	0	0	0	0	0	0	0	0	0	54	0	
2	2744	-0.3996382	1.65E-06	4438.631	-0.001525902	8	520	-0.3996364	0	0	0	0	0	0	0	0	0	0	0	0	0	54	0	
2	2745	-0.3990248	1.72E-06	4439.631	-0.001525902	8	520	-0.3991364	0	0	0	0	0	0	0	0	0	0	0	0	0	54	0	
2	2746	-0.3984114	1.76E-06	4440.631	-0.001525902	8	520	-0.3986364	0	0	0	0	0	0	0	0	0	0	0	0	0	54	0	
2	2747	-0.3977979	1.81E-06	4441.631	-0.001525902	8	520	-0.3981364	0	0	0	0	0	0	0	0	0	0	0	0	0	54	0	
2	2748	-0.3974912	2.21E-06	4442.631	-0.001525902	7	7	-0.3976364	0	0	0	0	0	0	0	0	0	0	0	0	0	54	0	
2	2749	-0.3968778	2.30E-06	4443.631	-0.001525902	7	7	-0.3971364	0	0	0	0	0	0	0	0	0	0	0	0	0	54	0	
2	2750	-0.3962644	2.40E-06	4444.631	-0.001525902	7	7	-0.3966364	0	0	0	0	0	0	0	0	0	0	0	0	0	54	0	
2	2751	-0.3959577	2.50E-06	4445.631	-0.001525902	7	7	-0.3961364	0	0	0	0	0	0	0	0	0	0	0	0	0	54	0	
2	2752	-0.3953443	2.59E-06	4446.631	-0.001525902	7	7	-0.3956364	0	0	0	0	0	0	0	0	0	0	0	0	0	54	0	
2	2753	-0.3950376	2.70E-06	4447.631	-0.001525902	7	7	-0.3951364	0	0	0	0	0	0	0	0	0	0	0	0	0	54	0	
2	2754	-0.3944242	2.81E-06	4448.631	-0.001525902	7	7	-0.3946364	0	0	0	0	0	0	0	0	0	0	0	0	0	54	0	
2	2755	-0.3938108	2.92E-06	4449.631	-0.001525902	7	7	-0.3941364	0	0	0	0	0	0	0	0	0	0	0	0	0	54	0	
2	2756	-0.3935041	3.02E-06	4450.631	-0.001525902	7	7	-0.3936364	0	0	0	0	0	0	0	0	0	0	0	0	0	54	0	
2	2757	-0.3928907	3.14E-06	4451.631	-0.001525902	7	7	-0.3931364	0	0	0	0	0	0	0	0	0	0	0	0	0	54	0	
2	2758	-0.3925839	3.24E-06	4452.631	-0.001525902	7	7	-0.3926364	0	0	0	0	0	0	0	0	0	0	0	0	0	54	0	
2	2759	-0.3919705	3.35E-06	4453.631	-0.001525902	7	7	-0.3921364	0	0	0	0	0	0	0	0	0	0	0	0	0	54	0	
2	2760	-0.3916638	3.46E-06	4454.631	-0.001525902	7	7	-0.3916364	0	0	0	0	0	0	0	0	0	0	0	0	0	54	0	
2	2761	-0.3910504	3.58E-06	4455.631	-0.001525902	7	7	-0.3911364	0	0	0	0	0	0	0	0	0	0	0	0	0	54	0	
2	2762	-0.3907437	3.69E-06	4456.631	-0.001525902	7	7	-0.3906364	0	0	0	0	0	0	0	0	0	0	0	0	0	54	0	
2	2763	-0.3901303	3.81E-06	4457.631	-0.001525902	7	7	-0.3901364	0	0	0	0	0	0	0	0	0	0	0	0	0	54	0	
2	2764	-0.3895169	3.93E-06	4458.631	-0.001525902	7	7	-0.3896364	0	0	0	0	0	0	0	0	0	0	0	0	0	54	0	
2	2765	-0.3892102	4.04E-06	4459.631	-0.001525902	7	7	-0.3891364	0	0	0	0	0	0	0	0	0	0	0	0	0	54	0	
2	2766	-0.3885968	4.17E-06	4460.631	-0.001525902	7	7	-0.3886364	0	0	0	0	0	0	0	0	0	0	0	0	0	54	0	
2	2767	-0.3879834	4.29E-06	4461.631	-0.001525902	7	7	-0.3881364	0	0	0	0	0	0	0	0	0	0	0	0	0	54	0	
2	2768	-0.3876766	4.42E-06	4462.631	-0.001525902	7	7	-0.3876364	0	0	0	0	0	0	0	0	0	0	0	0	0	54	0	
2	2769	-0.3870632	4.55E-06	4463.631	-0.001525902	7	7	-0.3871364	0	0	0	0	0	0	0	0	0	0	0	0	0	54	0	
2	2770	-0.3867565	4.67E-06	4464.631	-0.001525902	7	7	-0.3866364	0	0	0	0	0	0	0	0	0	0	0	0	0	54	0	
2	2771	-0.3861431	4.81E-06	4465.631	-0.001525902	7	7	-0.3861364	0	0	0	0	0	0	0	0	0	0	0	0	0	54	0	
2	2772	-0.3855297	4.93E-06	4466.631	-0.001525902	7	7	-0.3856364	0	0	0	0	0	0	0	0	0	0	0	0	0	54	0	
2	2773	-0.385223	5.06E-06	4467.631	-0.001525902	7	7	-0.3851364	0	0	0	0	0	0	0	0	0	0	0	0	0	54	0	
2	2774	-0.3846096	5.20E-06	4468.631	-0.001525902	7	7	-0.3846364	0	0	0	0	0	0	0	0	0	0	0	0	0	54	0	
2	2775	-0.3839962	5.35E-06	4469.631	-0.001525902	7	7	-0.3841364	0	0	0	0	0	0	0	0	0	0	0	0	0	54	0	
2	2776	-0.3836895	5.49E-06	4470.631	-0.001525902	7	7	-0.3836364	0	0	0	0	0	0	0	0	0	0	0	0	0	54	0	
2	2777	-0.383076	5.64E-06	4471.631	-0.001525902	7	7	-0.3831364	0	0	0	0	0	0	0	0	0	0	0	0	0	54	0	
2	2778	-0.3827693	5.78E-06	4472.631	-0.001525902	7	7	-0.3826364	0	0	0	0	0	0	0	0	0	0	0	0	0	54	0	
2	2779	-0.3821559	5.94E-06	4473.631	-0.001525902	7	7	-0.3821364	0	0	0	0	0	0	0	0	0	0	0	0	0	54	0	
2	2780	-0.3815425	6.09E-06	4474.631	-0.001525902	7	7	-0.3816364	0	0	0	0	0	0	0	0	0	0	0	0	0	54	0	
2	2781	-0.3812358	6.25E-06	4475.631	-0.001525902	7	7	-0.3811364	0	0	0	0	0	0	0	0	0	0	0	0	0	54	0	
2	2782	-0.3806224	6.40E-06	4476.631	-0.001525902	7	7	-0.3806364	0	0	0	0	0	0	0	0	0	0	0	0	0	54	0	
2	2783	-0.380009	6.56E-06	4477.631	-0.001525902	7	7	-0.3801364	0	0	0	0	0	0	0	0	0	0	0	0	0	54	0	
2	2784	-0.3797023	6.71E-06	4478.631	-0.001525902	7	7	-0.3796364	0	0	0	0	0	0	0	0	0	0	0	0	0	54	0	
2	2785	-0.3790888	6.86E-06	4479.631	-0.001525902	7	7	-0.3791364	0	0	0	0	0	0	0	0	0	0	0	0	0	54	0	
2	2786	-0.3784755	7.02E-06	4480.631	-0.001525902	7	7	-0.3786364	0	0	0	0	0	0	0	0	0	0	0	0	0	54	0	
2	2787	-0.3781687	7.18E-06	4481.631	-0.001525902	7	7	-0.3781364	0	0	0	0	0	0	0	0	0	0	0	0	0	54	0	
2	2788	-0.3775553	7.34E-06	4482.631	-0.001525902	7	7	-0.3776364	0	0	0	0	0	0	0	0	0	0	0	0	0	54	0	
2	2789	-0.3769419	7.49E-06	4483.631	-0.001525902	7	7	-0.3771364	0	0	0	0	0	0	0	0	0	0	0	0	0	54	0	
2	2790	-0.3766352	7.65E-06	4484.631	-0.001525902	7	7	-0.3766364	0	0	0	0	0	0	0	0	0	0	0	0	0	54	0	
2	2791	-0.3760218	7.81E-06	4485.631	-0.001525902	7	7	-0.3761364	0	0	0	0	0	0	0	0	0	0	0	0	0	54	0	
2	2792	-0.3757151	7.98E-06	4486.631	-0.001525902	7	7	-0.3756364	0	0	0	0	0	0	0	0	0	0	0	0	0	54	0	
2	2793	-0.3751017	8.15E-06	4487.631	-0.001525902	7	7	-0.3751364	0	0	0	0	0	0	0	0	0	0	0	0	0	54	0	
2	2794	-0.3744883	8.32E-06	4488.631	-0.001525902	7	7	-0.3746364	0	0	0	0	0	0	0	0	0	0	0	0	0	54	0	
2	2795	-0.3741816	8.49E-06	4489.631	-0.001525902	7	7	-0.3741364	0	0	0	0	0	0	0	0	0	0	0	0	0	54	0	
2	2796	-0.3735681	8.66E-06	4490.631	-0.001525902	7	7	-0.3736364	0	0	0	0	0	0	0	0	0	0	0	0	0	54	0	
2	2797	-0.3732615	8.83E-06	4491.631	-0.001525902	7	7	-0.3731364	0	0	0	0	0	0	0	0	0	0	0	0	0	54	0	
2	2798	-0.372648	9.01E-06	4492.631	-0.001525902	7	7	-0.3726364	0	0	0	0	0	0	0	0	0	0	0	0	0	54	0	
2	2799	-0.3720346	9.19E-06	4493.631	-0.001525902	7	7	-0.3721364	0	0	0	0	0	0	0	0	0	0	0	0	0	54	0	
2	2800	-0.3717279	9.37E-06	4494.631	-0.001525902	7	7	-0.3716364	0	0	0	0	0	0	0	0	0	0	0	0	0	54	0	
2	2801	-0.3711145	9.55E-06	4495.631	-0.001525902	7	7	-0.3711364	0	0	0	0	0	0	0	0	0	0	0	0	0	54	0	
2	2802	-0.3705011	9.74E-06	4496.631	-0.001525902	7	7	-0.3706364	0	0	0	0	0	0	0	0	0	0	0	0	0	54	0	
2	2803	-0.3701944	9.93E-06	4497.631	-0.001525902	7	7	-0.3701364	0	0	0	0	0	0	0	0	0	0	0	0	0	54	0	
2	2804	-0.369581	1.01E-05	4498.631	-0.001525902	7	7	-0.3696364	0	0	0	0	0	0	0	0	0	0	0	0	0	54	0	
2	2805	-0.3692743	1.03E-05	4499.631	-0.001525902	7	7	-0.3691364	0	0	0	0	0	0	0	0	0	0	0	0	0	54	0	
2	2806	-0.3686608	1.05E-05	4500.631	-0.001525902	7	7	-0.3686364	0	0	0	0	0	0	0	0	0	0	0	0	0	54	0	
2	2807	-0.3680474	1.07E-05	4501.631	-0.001525902	7	7	-0.3681364	0	0	0	0	0	0	0	0	0	0	0	0	0	54	0	
2	2808	-0.367434	1.09E-05	4502.631	-0.001525902	7	7	-0.3676364	0	0	0	0	0	0	0	0	0	0	0	0	0	54	0	
2	2809	-0.3671273	1.10E-05	4503.631	-0.001525902	7	7	-0.3671364	0	0	0	0	0	0	0	0	0	0	0	0	0	54	0	
2	2810	-0.3668206	1.12E-05	4504.631	-0.001525902	7	7	-0.3666364	0	0	0	0	0	0	0	0	0	0	0	0	0	54	0	
2	2811	-0.3662072	1.14E-05	4505.631	-0.001525902	7	7	-0.3661364	0	0	0	0	0	0	0	0	0	0	0	0	0	54	0	
2	2812	-0.3655938	1.16E-05	4506.631	-0.001525902	7	7	-0.3656364	0	0	0	0	0	0	0	0	0	0	0	0	0	54	0	
2	2813	-0.3652871	1.18E-05	4507.631	-0.001525902	7	7	-0.3651364	0	0	0	0	0	0	0	0	0	0	0	0	0	54	0	
2	2814	-0.3646737	1.20E-05	4508.631	-0.001525902	7	7	-0.3646364	0	0	0	0	0	0	0	0	0	0	0	0	0	54	0	
2	2815	-0.3640603	1.22E-05	4509.631	-0.001525902	7	7	-0.3641364	0	0	0	0	0	0	0	0	0	0	0	0	0	54	0	
2	2816	-0.3637536	1.23E-05	4510.631	-0.001525902	7	7	-0.3636364	0	0	0	0	0	0	0	0	0	0	0	0	0	54	0	
2	2817	-0.3631401	1.25E-05	4511.631	-0.001525902	7	7	-0.3631364	0	0	0	0	0	0	0	0	0	0	0	0	0	54	0	
2	2818	-0.3625267	1.27E-05	4512.631	-0.001525902	7	7	-0.3626364	0	0	0	0	0	0	0	0	0	0	0	0	0	54	0	
2	2819	-0.36222	1.29E-05	4513.631	-0.001525902	7	7	-0.3621364	0	0	0	0	0	0	0	0	0	0	0	0	0	54	0	
2	2820	-0.3616066	1.31E-05	4514.631	-0.001525902	7	7	-0.3616364	0	0	0	0	0	0	0	0	0	0	0	0	0	54	0	
2	2821	-0.3609932	1.33E-05	4515.631	-0.001525902	7	7	-0.3611364	0	0	0	0	0	0	0	0	0	0	0	0	0	54	0	
2	2822	-0.3606865	1.35E-05	4516.631	-0.001525902	7	7	-0.3606364	0	0	0	0	0	0	0	0	0	0	0	0	0	54	0	
2	2823	-0.3600731	1.36E-05	4517.631	-0.001525902	7	7	-0.3601364	0	0	0	0	0	0	0	0	0	0	0	0	0	54	0	
2	2824	-0.3594597	1.38E-05	4518.631	-0.001525902	7	7	-0.3596364	0	0	0	0	0	0	0	0	0	0	0	0	0	54	0	
2	2825	-0.3591529	1.40E-05	4519.631	-0.001525902	7	7	-0.3591364	0	0	0	0	0	0	0	0	0	0	0	0	0	54	0	
2	2826	-0.3585396	1.42E-05	4520.631	-0.001525902	7	7	-0.3586364	0	0	0	0	0	0	0	0	0	0	0	0	0	54	0	
2	2827	-0.3582328	1.44E-05	4521.631	-0.001525902	7	7	-0.3581364	0	0	0	0	0	0	0	0	0	0	0	0	0	54	0	
2	2828	-0.3576194	1.46E-05	4522.631	-0.001525902	7	7	-0.3576364	0	0	0	0	0	0	0	0	0	0	0	0	0	54	0	
2	2829	-0.357006	1.48E-05	4523.631	-0.001525902	7	7	-0.3571364	0	0	0	0	0	0	0	0	0	0	0	0	0	54	0	
2	2830	-0.3566993	1.50E-05	4524.631	-0.001525902	7	7	-0.3566364	0	0	0	0	0	0	0	0	0	0	0	0	0	54	0	
2	2831	-0.3560859	1.52E-05	4525.631	-0.001525902	7	7	-0.3561364	0	0	0	0	0	0	0	0	0	0	0	0	0	54	0	
2	2832	-0.3557792	1.54E-05	4526.631	-0.001525902	7	7	-0.3556364	0	0	0	0	0	0	0	0	0	0	0	0	0	54	0	
2	2833	-0.3551658	1.56E-05	4527.631	-0.001525902	7	7	-0.3551364	0	0	0	0	0	0	0	0	0	0	0	0	0	54	0	
2	2834	-0.3545524	1.58E-05	4528.631	-0.001525902	7	7	-0.3546364	0	0	0	0	0	0	0	0	0	0	0	0	0	54	0	
2	2835	-0.3542457	1.60E-05	4529.631	-0.001525902	7	7	-0.3541364	0	0	0	0	0	0	0	0	0	0	0	0	0	54	0	
2	2836	-0.3536322	1.61E-05	4530.631	-0.001525902	7	7	-0.3536364	0	0	0	0	0	0	0	0	0	0	0	0	0	54	0	
2	2837	-0.3530188	1.63E-05	4531.631	-0.001525902	7	7	-0.3531364	0	0	0	0	0	0	0	0	0	0	0	0	0	54	0	
2	2838	-0.3527121	1.65E-05	4532.631	-0.001525902	7	7	-0.3526364	0	0	0	0	0	0	0	0	0	0	0	0	0	54	0	
2	2839	-0.3520987	1.67E-05	4533.631	-0.001525902	7	7	-0.3521364	0	0	0	0	0	0	0	0	0	0	0	0	0	54	0	
2	2840	-0.351792	1.69E-05	4534.631	-0.001525902	7	7	-0.3516364	0	0	0	0	0	0	0	0	0	0	0	0	0	54	0	
2	2841	-0.3511786	1.71E-05	4535.631	-0.001525902	7	7	-0.3511364	0	0	0	0	0	0	0	0	0	0	0	0	0	54	0	
2	2842	-0.3505652	1.73E-05	4536.631	-0.001525902	7	7	-0.3506364	0	0	0	0	0	0	0	0	0	0	0	0	0	54	0	
2	2843	-0.3502585	1.75E-05	4537.631	-0.001525902	7	7	-0.3501364	0	0	0	0	0	0	0	0	0	0	0	0	0	54	0	
2	2844	-0.349645	1.77E-05	4538.631	-0.001525902	7	7	-0.3496364	0	0	0	0	0	0	0	0	0	0	0	0	0	54	0	
2	2845	-0.3490316	1.79E-05	4539.631	-0.001525902	7	7	-0.3491364	0	0	0	0	0	0	0	0	0	0	0	0	0	54	0	
2	2846	-0.3487249	1.80E-05	4540.631	-0.001525902	7	7	-0.3486364	0	0	0	0	0	0	0	0	0	0	0	0	0	54	0	
2	2847	-0.3481115	1.82E-05	4541.631	-0.001525902	7	7	-0.3481364	0	0	0	0	0	0	0	0	0	0	0	0	0	54	0	
2	2848	-0.3474981	1.84E-05	4542.631	-0.001525902	6	6	-0.3476364	0	0	0	0	0	0	0	0	0	0	0	0	0	54	0	
2	2849	-0.3471914	1.85E-05	4543.631	-0.001525902	6	6	-0.3471364	0	0	0	0	0	0	0	0	0	0	0	0	0	54	0	
2	2850	-0.346578	1.87E-05	4544.631	-0.001525902	6	6	-0.3466364	0	0	0	0	0	0	0	0	0	0	0	0	0	54	0	
2	2851	-0.3462713	1.89E-05	4545.631	-0.001525902	6	6	-0.3461364	0	0	0	0	0	0	0	0	0	0	0	0	0	54	0	
2	2852	-0.3456579	1.91E-05	4546.631	-0.001525902	6	6	-0.3456364	0	0	0	0	0	0	0	0	0	0	0	0	0	54	0	
2	2853	-0.3450445	1.93E-05	4547.631	-0.001525902	6	6	-0.3451364	0	0	0	0	0	0	0	0	0	0	0	0	0	54	0	
2	2854	-0.344431	1.94E-05	4548.631	-0.001525902	6	6	-0.3446364	0	0	0	0	0	0	0	0	0	0	0	0	0	54	0	
2	2855	-0.3441243	1.96E-05	4549.631	-0.001525902	6	6	-0.3441364	0	0	0	0	0	0	0	0	0	0	0	0	0	54	0	
2	2856	-0.3438176	1.98E-05	4550.631	-0.001525902	6	6	-0.3436364	0	0	0	0	0	0	0	0	0	0	0	0	0	54	0	
2	2857	-0.3432042	2.00E-05	4551.631	-0.001525902	6	6	-0.3431364	0	0	0	0	0	0	0	0	0	0	0	0	0	54	0	
2	2858	-0.3425908	2.02E-05	4552.631	-0.001525902	6	6	-0.3426364	0	0	0	0	0	0	0	0	0	0	0	0	0	54	0	
2	2859	-0.3422841	2.03E-05	4553.631	-0.001525902	6	6	-0.3421364	0	0	0	0	0	0	0	0	0	0	0	0	0	54	0	
2	2860	-0.3416707	2.05E-05	4554.631	-0.001525902	6	6	-0.3416364	0	0	0	0	0	0	0	0	0	0	0	0	0	54	0	
2	2861	-0.3410573	2.07E-05	4555.631	-0.001525902	6	6	-0.3411364	0	0	0	0	0	0	0	0	0	0	0	0	0	54	0	
2	2862	-0.3407506	2.09E-05	4556.631	-0.001525902	6	6	-0.3406364	0	0	0	0	0	0	0	0	0	0	0	0	0	54	0	
2	2863	-0.3401372	2.11E-05	4557.631	-0.001525902	6	6	-0.3401364	0	0	0	0	0	0	0	0	0	0	0	0	0	54	0	
2	2864	-0.3395237	2.13E-05	4558.631	-0.001525902	6	6	-0.3396364	0	0	0	0	0	0	0	0	0	0	0	0	0	54	0	
2	2865	-0.339217	2.15E-05	4559.631	-0.001525902	6	6	-0.3391364	0	0	0	0	0	0	0	0	0	0	0	0	0	54	0	
2	2866	-0.3386036	2.17E-05	4560.631	-0.001525902	6	6	-0.3386364	0	0	0	0	0	0	0	0	0	0	0	0	0	54	0	
2	2867	-0.3379902	2.19E-05	4561.631	-0.001525902	6	6	-0.3381364	0	0	0	0	0	0	0	0	0	0	0	0	0	54	0	
2	2868	-0.3376835	2.21E-05	4562.631	-0.001525902	6	6	-0.3376364	0	0	0	0	0	0	0	0	0	0	0	0	0	54	0	
2	2869	-0.3370701	2.23E-05	4563.631	-0.001525902	6	6	-0.3371364	0	0	0	0	0	0	0	0	0	0	0	0	0	54	0	
2	2870	-0.3367634	2.25E-05	4564.631	-0.001525902	6	6	-0.3366364	0	0	0	0	0	0	0	0	0	0	0	0	0	54	0	
2	2871	-0.33615	2.26E-05	4565.631	-0.001525902	6	6	-0.3361364	0	0	0	0	0	0	0	0	0	0	0	0	0	54	0	
2	2872	-0.3355366	2.28E-05	4566.631	-0.001525902	6	6	-0.3356364	0	0	0	0	0	0	0	0	0	0	0	0	0	54	0	
2	2873	-0.3352298	2.30E-05	4567.631	-0.001525902	6	6	-0.3351364	0	0	0	0	0	0	0	0	0	0	0	0	0	54	0	
2	2874	-0.3346165	2.32E-05	4568.631	-0.001525902	6	6	-0.3346364	0	0	0	0	0	0	0	0	0	0	0	0	0	54	0	
2	2875	-0.334003	2.33E-05	4569.631	-0.001525902	6	6	-0.3341364	0	0	0	0	0	0	0	0	0	0	0	0	0	54	0	
2	2876	-0.3336963	2.35E-05	4570.631	-0.001525902	6	6	-0.3336364	0	0	0	0	0	0	0	0	0	0	0	0	0	54	0	
2	2877	-0.3330829	2.37E-05	4571.631	-0.001525902	6	6	-0.3331364	0	0	0	0	0	0	0	0	0	0	0	0	0	54	0	
2	2878	-0.3324695	2.38E-05	4572.631	-0.001525902	6	6	-0.3326364	0	0	0	0	0	0	0	0	0	0	0	0	0	54	0	
2	2879	-0.3321628	2.40E-05	4573.631	-0.001525902	6	6	-0.3321364	0	0	0	0	0	0	0	0	0	0	0	0	0	54	0	
2	2880	-0.3315494	2.42E-05	4574.631	-0.001525902	6	6	-0.3316364	0	0	0	0	0	0	0	0	0	0	0	0	0	54	0	
2	2881	-0.3312427	2.43E-05	4575.631	-0.001525902	6	6	-0.3311364	0	0	0	0	0	0	0	0	0	0	0	0	0	54	0	
2	2882	-0.3306293	2.45E-05	4576.631	-0.001525902	6	6	-0.3306364	0	0	0	0	0	0	0	0	0	0	0	0	0	54	0	
2	2883	-0.3300158	2.47E-05	4577.631	-0.001525902	6	6	-0.3301364	0	0	0	0	0	0	0	0	0	0	0	0	0	54	0	
2	2884	-0.3297091	2.48E-05	4578.631	-0.001525902	6	6	-0.3296364	0	0	0	0	0	0	0	0	0	0	0	0	0	54	0	
2	2885	-0.3290957	2.50E-05	4579.631	-0.001525902	6	6	-0.3291364	0	0	0	0	0	0	0	0	0	0	0	0	0	54	0	
2	2886	-0.328789	2.52E-05	4580.631	-0.001525902	6	6	-0.3286364	0	0	0	0	0	0	0	0	0	0	0	0	0	54	0	
2	2887	-0.3281756	2.53E-05	4581.631	-0.001525902	6	6	-0.3281364	0	0	0	0	0	0	0	0	0	0	0	0	0	54	0	
2	2888	-0.3275622	2.55E-05	4582.631	-0.001525902	6	6	-0.3276364	0	0	0	0	0	0	0	0	0	0	0	0	0	54	0	
2	2889	-0.3272555	2.56E-05	4583.631	-0.001525902	6	6	-0.3271364	0	0	0	0	0	0	0	0	0	0	0	0	0	54	0	
2	2890	-0.3266421	2.58E-05	4584.631	-0.001525902	6	6	-0.3266364	0	0	0	0	0	0	0	0	0	0	0	0	0	54	0	
2	2891	-0.3260287	2.60E-05	4585.631	-0.001525902	6	6	-0.3261364	0	0	0	0	0	0	0	0	0	0	0	0	0	54	0	
2	2892	-0.3257219	2.61E-05	4586.631	-0.001525902	6	6	-0.3256364	0	0	0	0	0	0	0	0	0	0	0	0	0	54	0	
2	2893	-0.3251086	2.63E-05	4587.631	-0.001525902	6	6	-0.3251364	0	0	0	0	0	0	0	0	0	0	0	0	0	54	0	
2	2894	-0.3244951	2.64E-05	4588.631	-0.001525902	6	6	-0.3246364	0	0	0	0	0	0	0	0	0	0	0	0	0	54	0	
2	2895	-0.3241884	2.66E-05	4589.631	-0.001525902	6	6	-0.3241364	0	0	0	0	0	0	0	0	0	0	0	0	0	54	0	
2	2896	-0.323575	2.68E-05	4590.631	-0.001525902	6	6	-0.3236364	0	0	0	0	0	0	0	0	0	0	0	0	0	54	0	
2	2897	-0.3232683	2.69E-05	4591.631	-0.001525902	6	6	-0.3231364	0	0	0	0	0	0	0	0	0	0	0	0	0	54	0	
2	2898	-0.3226549	2.71E-05	4592.631	-0.001525902	6	6	-0.3226364	0	0	0	0	0	0	0	0	0	0	0	0	0	54	0	
2	2899	-0.3220415	2.72E-05	4593.631	-0.001525902	6	6	-0.3221364	0	0	0	0	0	0	0	0	0	0	0	0	0	54	0	
2	2900	-0.3217348	2.74E-05	4594.631	-0.001525902	6	6	-0.3216364	0	0	0	0	0	0	0	0	0	0	0	0	0	54	0	
2	2901	-0.3211214	2.76E-05	4595.631	-0.001525902	6	6	-0.3211364	0	0	0	0	0	0	0	0	0	0	0	0	0	54	0	
2	2902	-0.3205079	2.77E-05	4596.631	-0.001525902	6	6	-0.3206364	0	0	0	0	0	0	0	0	0	0	0	0	0	54	0	
2	2903	-0.3202012	2.79E-05	4597.631	-0.001525902	6	6	-0.3201364	0	0	0	0	0	0	0	0	0	0	0	0	0	54	0	
2	2904	-0.3195878	2.80E-05	4598.631	-0.001525902	6	6	-0.3196364	0	0	0	0	0	0	0	0	0	0	0	0	0	54	0	
2	2905	-0.3189744	2.82E-05	4599.631	-0.001525902	6	6	-0.3191364	0	0	0	0	0	0	0	0	0	0	0	0	0	54	0	
2	2906	-0.3186677	2.83E-05	4600.631	-0.001525902	6	6	-0.3186364	0	0	0	0	0	0	0	0	0	0	0	0	0	54	0	
2	2907	-0.3180543	2.85E-05	4601.631	-0.001525902	6	6	-0.3181364	0	0	0	0	0	0	0	0	0	0	0	0	0	54	0	
2	2908	-0.3177476	2.86E-05	4602.631	-0.001525902	6	6	-0.3176364	0	0	0	0	0	0	0	0	0	0	0	0	0	54	0	
2	2909	-0.3171342	2.88E-05	4603.631	-0.001525902	6	6	-0.3171364	0	0	0	0	0	0	0	0	0	0	0	0	0	54	0	
2	2910	-0.3165208	2.90E-05	4604.631	-0.001525902	6	6	-0.3166364	0	0	0	0	0	0	0	0	0	0	0	0	0	54	0	
2	2911	-0.3162141	2.91E-05	4605.631	-0.001525902	6	6	-0.3161364	0	0	0	0	0	0	0	0	0	0	0	0	0	54	0	
2	2912	-0.3156007	2.93E-05	4606.631	-0.001525902	6	6	-0.3156364	0	0	0	0	0	0	0	0	0	0	0	0	0	54	0	
2	2913	-0.3152939	2.94E-05	4607.631	-0.001525902	6	6	-0.3151364	0	0	0	0	0	0	0	0	0	0	0	0	0	54	0	
2	2914	-0.3146805	2.96E-05	4608.631	-0.001525902	6	6	-0.3146364	0	0	0	0	0	0	0	0	0	0	0	0	0	54	0	
2	2915	-0.3140671	2.98E-05	4609.631	-0.001525902	6	6	-0.3141364	0	0	0	0	0	0	0	0	0	0	0	0	0	54	0	
2	2916	-0.3137604	2.99E-05	4610.631	-0.001525902	6	6	-0.3136364	0	0	0	0	0	0	0	0	0	0	0	0	0	54	0	
2	2917	-0.313147	3.01E-05	4611.631	-0.001525902	6	6	-0.3131364	0	0	0	0	0	0	0	0	0	0	0	0	0	54	0	
2	2918	-0.3125336	3.02E-05	4612.631	-0.001525902	6	6	-0.3126364	0	0	0	0	0	0	0	0	0	0	0	0	0	54	0	
2	2919	-0.3119202	3.04E-05	4613.631	-0.001525902	6	6	-0.3121364	0	0	0	0	0	0	0	0	0	0	0	0	0	54	0	
2	2920	-0.3116135	3.05E-05	4614.631	-0.001525902	6	6	-0.3116364	0	0	0	0	0	0	0	0	0	0	0	0	0	54	0	
2	2921	-0.3113068	3.07E-05	4615.631	-0.001525902	6	6	-0.3111364	0	0	0	0	0	0	0	0	0	0	0	0	0	54	0	
2	2922	-0.3106934	3.09E-05	4616.631	-0.001525902	6	6	-0.3106364	0	0	0	0	0	0	0	0	0	0	0	0	0	54	0	
2	2923	-0.3100799	3.10E-05	4617.631	-0.001525902	6	6	-0.3101364	0	0	0	0	0	0	0	0	0	0	0	0	0	54	0	
2	2924	-0.3094665	3.12E-05	4618.631	-0.001525902	6	6	-0.3096364	0	0	0	0	0	0	0	0	0	0	0	0	0	54	0	
2	2925	-0.3091598	3.14E-05	4619.631	-0.001525902	6	6	-0.3091364	0	0	0	0	0	0	0	0	0	0	0	0	0	54	0	
2	2926	-0.3085464	3.15E-05	4620.631	-0.001525902	6	6	-0.3086364	0	0	0	0	0	0	0	0	0	0	0	0	0	54	0	
2	2927	-0.3082397	3.17E-05	4621.631	-0.001525902	6	6	-0.3081364	0	0	0	0	0	0	0	0	0	0	0	0	0	54	0	
2	2928	-0.3076263	3.18E-05	4622.631	-0.001525902	6	6	-0.3076364	0	0	0	0	0	0	0	0	0	0	0	0	0	54	0	
2	2929	-0.3070129	3.20E-05	4623.631	-0.001525902	6	6	-0.3071364	0	0	0	0	0	0	0	0	0	0	0	0	0	54	0	
2	2930	-0.3067062	3.21E-05	4624.631	-0.001525902	6	6	-0.3066364	0	0	0	0	0	0	0	0	0	0	0	0	0	54	0	
2	2931	-0.3060927	3.23E-05	4625.631	-0.001525902	6	6	-0.3061364	0	0	0	0	0	0	0	0	0	0	0	0	0	54	0	
2	2932	-0.305786	3.24E-05	4626.631	-0.001525902	6	6	-0.3056364	0	0	0	0	0	0	0	0	0	0	0	0	0	54	0	
2	2933	-0.3051726	3.26E-05	4627.631	-0.001525902	6	6	-0.3051364	0	0	0	0	0	0	0	0	0	0	0	0	0	54	0	
2	2934	-0.3045592	3.27E-05	4628.631	-0.001525902	6	6	-0.3046364	0	0	0	0	0	0	0	0	0	0	0	0	0	54	0	
2	2935	-0.3039458	3.29E-05	4629.631	-0.001525902	6	6	-0.3041364	0	0	0	0	0	0	0	0	0	0	0	0	0	54	0	
2	2936	-0.3036391	3.30E-05	4630.631	-0.001525902	6	6	-0.3036364	0	0	0	0	0	0	0	0	0	0	0	0	0	54	0	
2	2937	-0.3030257	3.32E-05	4631.631	-0.001525902	6	6	-0.3031364	0	0	0	0	0	0	0	0	0	0	0	0	0	54	0	
2	2938	-0.3024123	3.33E-05	4632.631	-0.001525902	6	6	-0.3026364	0	0	0	0	0	0	0	0	0	0	0	0	0	54	0	
2	2939	-0.3021056	3.35E-05	4633.631	-0.001525902	6	6	-0.3021364	0	0	0	0	0	0	0	0	0	0	0	0	0	54	0	
2	2940	-0.3017989	3.36E-05	4634.631	-0.001525902	6	6	-0.3016364	0	0	0	0	0	0	0	0	0	0	0	0	0	54	0	
2	2941	-0.3011855	3.38E-05	4635.631	-0.001525902	6	6	-0.3011364	0	0	0	0	0	0	0	0	0	0	0	0	0	54	0	
2	2942	-0.300572	3.40E-05	4636.631	-0.001525902	6	6	-0.3006364	0	0	0	0	0	0	0	0	0	0	0	0	0	54	0	
2	2943	-0.3002653	3.41E-05	4637.631	-0.001525902	6	6	-0.3001364	0	0	0	0	0	0	0	0	0	0	0	0	0	54	0	
2	2944	-0.2996519	3.43E-05	4638.631	-0.001525902	6	6	-0.2996364	0	0	0	0	0	0	0	0	0	0	0	0	0	54	0	
2	2945	-0.2990385	3.44E-05	4639.631	-0.001525902	6	6	-0.2991364	0	0	0	0	0	0	0	0	0	0	0	0	0	54	0	
2	2946	-0.2987318	3.46E-05	4640.631	-0.001525902	6	6	-0.2986364	0	0	0	0	0	0	0	0	0	0	0	0	0	54	0	
2	2947	-0.2981184	3.47E-05	4641.631	-0.001525902	6	6	-0.2981364	0	0	0	0	0	0	0	0	0	0	0	0	0	54	0	
2	2948	-0.2978117	3.49E-05	4642.631	-0.001525902	6	6	-0.2976364	0	0	0	0	0	0	0	0	0	0	0	0	0	54	0	
2	2949	-0.2971983	3.50E-05	4643.631	-0.001525902	6	6	-0.2971364	0	0	0	0	0	0	0	0	0	0	0	0	0	54	0	
2	2950	-0.2965848	3.52E-05	4644.631	-0.001525902	6	6	-0.2966364	0	0	0	0	0	0	0	0	0	0	0	0	0	54	0	
2	2951	-0.2962781	3.54E-05	4645.631	-0.001525902	6	6	-0.2961364	0	0	0	0	0	0	0	0	0	0	0	0	0	54	0	
2	2952	-0.2956647	3.55E-05	4646.631	-0.001525902	6	6	-0.2956364	0	0	0	0	0	0	0	0	0	0	0	0	0	54	0	
2	2953	-0.2950513	3.57E-05	4647.631	-0.001525902	6	6	-0.2951364	0	0	0	0	0	0	0	0	0	0	0	0	0	54	0	
2	2954	-0.2947446	3.58E-05	4648.631	-0.001525902	6	6	-0.2946364	0	0	0	0	0	0	0	0	0	0	0	0	0	54	0	
2	2955	-0.2941312	3.60E-05	4649.631	-0.001525902	6	6	-0.2941364	0	0	0	0	0	0	0	0	0	0	0	0	0	54	0	
2	2956	-0.2935178	3.61E-05	4650.631	-0.001525902	6	6	-0.2936364	0	0	0	0	0	0	0	0	0	0	0	0	0	54	0	
2	2957	-0.2932111	3.63E-05	4651.631	-0.001525902	6	6	-0.2931364	0	0	0	0	0	0	0	0	0	0	0	0	0	54	0	
2	2958	-0.2925977	3.64E-05	4652.631	-0.001525902	6	6	-0.2926364	0	0	0	0	0	0	0	0	0	0	0	0	0	54	0	
2	2959	-0.292291	3.66E-05	4653.631	-0.001525902	6	6	-0.2921364	0	0	0	0	0	0	0	0	0	0	0	0	0	54	0	
2	2960	-0.2916776	3.67E-05	4654.631	-0.001525902	6	6	-0.2916364	0	0	0	0	0	0	0	0	0	0	0	0	0	54	0	
2	2961	-0.2910641	3.69E-05	4655.631	-0.001525902	6	6	-0.2911364	0	0	0	0	0	0	0	0	0	0	0	0	0	54	0	
2	2962	-0.2907574	3.70E-05	4656.631	-0.001525902	6	6	-0.2906364	0	0	0	0	0	0	0	0	0	0	0	0	0	54	0	
2	2963	-0.290144	3.72E-05	4657.631	-0.001525902	6	6	-0.2901364	0	0	0	0	0	0	0	0	0	0	0	0	0	54	0	
2	2964	-0.2895306	3.74E-05	4658.631	-0.001525902	6	6	-0.2896364	0	0	0	0	0	0	0	0	0	0	0	0	0	54	0	
2	2965	-0.2892239	3.75E-05	4659.631	-0.001525902	6	6	-0.2891364	0	0	0	0	0	0	0	0	0	0	0	0	0	54	0	
2	2966	-0.2886105	3.77E-05	4660.631	-0.001525902	6	6	-0.2886364	0	0	0	0	0	0	0	0	0	0	0	0	0	54	0	
2	2967	-0.2879971	3.78E-05	4661.631	-0.001525902	6	6	-0.2881364	0	0	0	0	0	0	0	0	0	0	0	0	0	54	0	
2	2968	-0.2876904	3.80E-05	4662.631	-0.001525902	6	6	-0.2876364	0	0	0	0	0	0	0	0	0	0	0	0	0	54	0	
2	2969	-0.287077	3.82E-05	4663.631	-0.001525902	6	6	-0.2871364	0	0	0	0	0	0	0	0	0	0	0	0	0	54	0	
2	2970	-0.2867703	3.83E-05	4664.631	-0.001525902	6	6	-0.2866364	0	0	0	0	0	0	0	0	0	0	0	0	0	54	0	
2	2971	-0.2861568	3.85E-05	4665.631	-0.001525902	6	6	-0.2861364	0	0	0	0	0	0	0	0	0	0	0	0	0	54	0	
2	2972	-0.2855434	3.86E-05	4666.631	-0.001525902	6	6	-0.2856364	0	0	0	0	0	0	0	0	0	0	0	0	0	54	0	
2	2973	-0.2852367	3.88E-05	4667.631	-0.001525902	6	6	-0.2851364	0	0	0	0	0	0	0	0	0	0	0	0	0	54	0	
2	2974	-0.2846233	3.90E-05	4668.631	-0.001525902	6	6	-0.2846364	0	0	0	0	0	0	0	0	0	0	0	0	0	54	0	
2	2975	-0.2843166	3.91E-05	4669.631	-0.001525902	6	6	-0.2841364	0	0	0	0	0	0	0	0	0	0	0	0	0	54	0	
2	2976	-0.2837032	3.93E-05	4670.631	-0.001525902	6	6	-0.2836364	0	0	0	0	0	0	0	0	0	0	0	0	0	54	0	
2	2977	-0.2830898	3.94E-05	4671.631	-0.001525902	6	6	-0.2831364	0	0	0	0	0	0	0	0	0	0	0	0	0	54	0	
2	2978	-0.2824764	3.96E-05	4672.631	-0.001525902	6	6	-0.2826364	0	0	0	0	0	0	0	0	0	0	0	0	0	54	0	
2	2979	-0.2821697	3.98E-05	4673.631	-0.001525902	6	6	-0.2821364	0	0	0	0	0	0	0	0	0	0	0	0	0	54	0	
2	2980	-0.2815562	3.99E-05	4674.631	-0.001525902	6	6	-0.2816364	0	0	0	0	0	0	0	0	0	0	0	0	0	54	0	
2	2981	-0.2812496	4.01E-05	4675.631	-0.001525902	6	6	-0.2811364	0	0	0	0	0	0	0	0	0	0	0	0	0	54	0	
2	2982	-0.2806361	4.03E-05	4676.631	-0.001525902	6	6	-0.2806364	0	0	0	0	0	0	0	0	0	0	0	0	0	54	0	
2	2983	-0.2803294	4.04E-05	4677.631	-0.001525902	6	6	-0.2801364	0	0	0	0	0	0	0	0	0	0	0	0	0	54	0	
2	2984	-0.279716	4.06E-05	4678.631	-0.001525902	6	6	-0.2796364	0	0	0	0	0	0	0	0	0	0	0	0	0	54	0	
2	2985	-0.2791026	4.08E-05	4679.631	-0.001525902	6	6	-0.2791364	0	0	0	0	0	0	0	0	0	0	0	0	0	54	0	
2	2986	-0.2787959	4.09E-05	4680.631	-0.001525902	6	6	-0.2786364	0	0	0	0	0	0	0	0	0	0	0	0	0	54	0	
2	2987	-0.2781825	4.11E-05	4681.631	-0.001525902	6	6	-0.2781364	0	0	0	0	0	0	0	0	0	0	0	0	0	54	0	
2	2988	-0.2778758	4.13E-05	4682.631	-0.001525902	6	6	-0.2776364	0	0	0	0	0	0	0	0	0	0	0	0	0	54	0	
2	2989	-0.2772624	4.14E-05	4683.631	-0.001525902	6	6	-0.2771364	0	0	0	0	0	0	0	0	0	0	0	0	0	54	0	
2	2990	-0.2766489	4.16E-05	4684.631	-0.001525902	6	6	-0.2766364	0	0	0	0	0	0	0	0	0	0	0	0	0	54	0	
2	2991	-0.2763422	4.18E-05	4685.631	-0.001525902	6	6	-0.2761364	0	0	0	0	0	0	0	0	0	0	0	0	0	54	0	
2	2992	-0.2757288	4.19E-05	4686.631	-0.001525902	6	6	-0.2756364	0	0	0	0	0	0	0	0	0	0	0	0	0	54	0	
2	2993	-0.2751154	4.21E-05	4687.631	-0.001525902	6	6	-0.2751364	0	0	0	0	0	0	0	0	0	0	0	0	0	54	0	
2	2994	-0.274502	4.23E-05	4688.631	-0.001525902	6	6	-0.2746364	0	0	0	0	0	0	0	0	0	0	0	0	0	54	0	
2	2995	-0.2741953	4.24E-05	4689.631	-0.001525902	6	6	-0.2741364	0	0	0	0	0	0	0	0	0	0	0	0	0	54	0	
2	2996	-0.2735819	4.26E-05	4690.631	-0.001525902	6	6	-0.2736364	0	0	0	0	0	0	0	0	0	0	0	0	0	54	0	
2	2997	-0.2732752	4.28E-05	4691.631	-0.001525902	6	6	-0.2731364	0	0	0	0	0	0	0	0	0	0	0	0	0	54	0	
2	2998	-0.2726618	4.30E-05	4692.631	-0.001525902	6	6	-0.2726364	0	0	0	0	0	0	0	0	0	0	0	0	0	54	0	
2	2999	-0.2720484	4.31E-05	4693.631	-0.001525902	6	6	-0.2721364	0	0	0	0	0	0	0	0	0	0	0	0	0	54	0	
2	3000	-0.2717416	4.33E-05	4694.631	-0.001525902	6	6	-0.2716364	0	0	0	0	0	0	0	0	0	0	0	0	0	54	0	
2	3001	-0.2711282	4.35E-05	4695.631	-0.001525902	6	6	-0.2711364	0	0	0	0	0	0	0	0	0	0	0	0	0	54	0	
2	3002	-0.2705148	4.37E-05	4696.631	-0.001525902	6	6	-0.2706364	0	0	0	0	0	0	0	0	0	0	0	0	0	54	0	
2	3003	-0.2702081	4.38E-05	4697.631	-0.001525902	6	6	-0.2701364	0	0	0	0	0	0	0	0	0	0	0	0	0	54	0	
2	3004	-0.2695947	4.40E-05	4698.631	-0.001525902	6	6	-0.2696364	0	0	0	0	0	0	0	0	0	0	0	0	0	54	0	
2	3005	-0.269288	4.42E-05	4699.631	-0.001525902	6	6	-0.2691364	0	0	0	0	0	0	0	0	0	0	0	0	0	54	0	
2	3006	-0.2686746	4.43E-05	4700.631	-0.001525902	6	6	-0.2686364	0	0	0	0	0	0	0	0	0	0	0	0	0	54	0	
2	3007	-0.2680612	4.45E-05	4701.631	-0.001525902	6	6	-0.2681364	0	0	0	0	0	0	0	0	0	0	0	0	0	54	0	
2	3008	-0.2677545	4.47E-05	4702.631	-0.001525902	6	6	-0.2676364	0	0	0	0	0	0	0	0	0	0	0	0	0	54	0	
2	3009	-0.267141	4.49E-05	4703.631	-0.001525902	6	6	-0.2671364	0	0	0	0	0	0	0	0	0	0	0	0	0	54	0	
2	3010	-0.2668343	4.50E-05	4704.631	-0.001525902	6	6	-0.2666364	0	0	0	0	0	0	0	0	0	0	0	0	0	54	0	
2	3011	-0.2659142	4.52E-05	4705.631	-0.001525902	6	6	-0.2661364	0	0	0	0	0	0	0	0	0	0	0	0	0	54	0	
2	3012	-0.2656075	4.54E-05	4706.631	-0.001525902	6	6	-0.2656364	0	0	0	0	0	0	0	0	0	0	0	0	0	54	0	
2	3013	-0.2653008	4.55E-05	4707.631	-0.001525902	6	6	-0.2651364	0	0	0	0	0	0	0	0	0	0	0	0	0	54	0	
2	3014	-0.2646874	4.57E-05	4708.631	-0.001525902	6	6	-0.2646364	0	0	0	0	0	0	0	0	0	0	0	0	0	54	0	
2	3015	-0.264074	4.59E-05	4709.631	-0.001525902	6	6	-0.2641364	0	0	0	0	0	0	0	0	0	0	0	0	0	54	0	
2	3016	-0.2637673	4.61E-05	4710.631	-0.001525902	6	6	-0.2636364	0	0	0	0	0	0	0	0	0	0	0	0	0	54	0	
2	3017	-0.2631539	4.62E-05	4711.631	-0.001525902	6	6	-0.2631364	0	0	0	0	0	0	0	0	0	0	0	0	0	54	0	
2	3018	-0.2625405	4.64E-05	4712.631	-0.001525902	6	6	-0.2626364	0	0	0	0	0	0	0	0	0	0	0	0	0	54	0	
2	3019	-0.2622337	4.66E-05	4713.631	-0.001525902	6	6	-0.2621364	0	0	0	0	0	0	0	0	0	0	0	0	0	54	0	
2	3020	-0.2616203	4.68E-05	4714.631	-0.001525902	6	6	-0.2616364	0	0	0	0	0	0	0	0	0	0	0	0	0	54	0	
2	3021	-0.2610069	4.70E-05	4715.631	-0.001525902	6	6	-0.2611364	0	0	0	0	0	0	0	0	0	0	0	0	0	54	0	
2	3022	-0.2607002	4.71E-05	4716.631	-0.001525902	6	6	-0.2606364	0	0	0	0	0	0	0	0	0	0	0	0	0	54	0	
2	3023	-0.2600868	4.73E-05	4717.631	-0.001525902	6	6	-0.2601364	0	0	0	0	0	0	0	0	0	0	0	0	0	54	0	
2	3024	-0.2597801	4.75E-05	4718.631	-0.001525902	6	6	-0.2596364	0	0	0	0	0	0	0	0	0	0	0	0	0	54	0	
2	3025	-0.2591667	4.77E-05	4719.631	-0.001525902	6	6	-0.2591364	0	0	0	0	0	0	0	0	0	0	0	0	0	54	0	
2	3026	-0.2585533	4.78E-05	4720.631	-0.001525902	6	6	-0.2586364	0	0	0	0	0	0	0	0	0	0	0	0	0	54	0	
2	3027	-0.2582466	4.80E-05	4721.631	-0.001525902	6	6	-0.2581364	0	0	0	0	0	0	0	0	0	0	0	0	0	54	0	
2	3028	-0.2576331	4.82E-05	4722.631	-0.001525902	6	6	-0.2576364	0	0	0	0	0	0	0	0	0	0	0	0	0	54	0	
2	3029	-0.2570197	4.84E-05	4723.631	-0.001525902	6	6	-0.2571364	0	0	0	0	0	0	0	0	0	0	0	0	0	54	0	
2	3030	-0.256713	4.86E-05	4724.631	-0.001525902	6	6	-0.2566364	0	0	0	0	0	0	0	0	0	0	0	0	0	54	0	
2	3031	-0.2560996	4.87E-05	4725.631	-0.001525902	6	6	-0.2561364	0	0	0	0	0	0	0	0	0	0	0	0	0	54	0	
2	3032	-0.2557929	4.89E-05	4726.631	-0.001525902	6	6	-0.2556364	0	0	0	0	0	0	0	0	0	0	0	0	0	54	0	
2	3033	-0.2551795	4.91E-05	4727.631	-0.001525902	6	6	-0.2551364	0	0	0	0	0	0	0	0	0	0	0	0	0	54	0	
2	3034	-0.2545661	4.93E-05	4728.631	-0.001525902	6	6	-0.2546364	0	0	0	0	0	0	0	0	0	0	0	0	0	54	0	
2	3035	-0.2542594	4.95E-05	4729.631	-0.001525902	6	6	-0.2541364	0	0	0	0	0	0	0	0	0	0	0	0	0	54	0	
2	3036	-0.253646	4.96E-05	4730.631	-0.001525902	6	6	-0.2536364	0	0	0	0	0	0	0	0	0	0	0	0	0	54	0	
2	3037	-0.2530326	4.98E-05	4731.631	-0.001525902	6	6	-0.2531364	0	0	0	0	0	0	0	0	0	0	0	0	0	54	0	
2	3038	-0.2527258	5.00E-05	4732.631	-0.001525902	6	6	-0.2526364	0	0	0	0	0	0	0	0	0	0	0	0	0	54	0	
2	3039	-0.2521124	5.02E-05	4733.631	-0.001525902	6	6	-0.2521364	0	0	0	0	0	0	0	0	0	0	0	0	0	54	0	
2	3040	-0.2518057	5.03E-05	4734.631	-0.001525902	6	6	-0.2516364	0	0	0	0	0	0	0	0	0	0	0	0	0	54	0	
2	3041	-0.2511923	5.05E-05	4735.631	-0.001525902	6	6	-0.2511364	0	0	0	0	0	0	0	0	0	0	0	0	0	54	0	
2	3042	-0.2505789	5.07E-05	4736.631	-0.001525902	6	6	-0.2506364	0	0	0	0	0	0	0	0	0	0	0	0	0	54	0	
2	3043	-0.2502722	5.09E-05	4737.631	-0.001525902	6	6	-0.2501364	0	0	0	0	0	0	0	0	0	0	0	0	0	54	0	
2	3044	-0.2496588	5.10E-05	4738.631	-0.001525902	6	6	-0.2496364	0	0	0	0	0	0	0	0	0	0	0	0	0	54	0	
2	3045	-0.2490454	5.12E-05	4739.631	-0.001525902	6	6	-0.2491364	0	0	0	0	0	0	0	0	0	0	0	0	0	54	0	
2	3046	-0.2487387	5.14E-05	4740.631	-0.001525902	6	6	-0.2486364	0	0	0	0	0	0	0	0	0	0	0	0	0	54	0	
2	3047	-0.2481253	5.15E-05	4741.631	-0.001525902	6	6	-0.2481364	0	0	0	0	0	0	0	0	0	0	0	0	0	54	0	
2	3048	-0.2478185	5.17E-05	4742.631	-0.001525902	6	6	-0.2476364	0	0	0	0	0	0	0	0	0	0	0	0	0	54	0	
2	3049	-0.2472051	5.19E-05	4743.631	-0.001525902	6	6	-0.2471364	0	0	0	0	0	0	0	0	0	0	0	0	0	54	0	
2	3050	-0.2465917	5.21E-05	4744.631	-0.001525902	6	6	-0.2466364	0	0	0	0	0	0	0	0	0	0	0	0	0	54	0	
2	3051	-0.246285	5.22E-05	4745.631	-0.001525902	6	6	-0.2461364	0	0	0	0	0	0	0	0	0	0	0	0	0	54	0	
2	3052	-0.2456716	5.24E-05	4746.631	-0.001525902	6	6	-0.2456364	0	0	0	0	0	0	0	0	0	0	0	0	0	54	0	
2	3053	-0.2453649	5.26E-05	4747.631	-0.001525902	6	6	-0.2451364	0	0	0	0	0	0	0	0	0	0	0	0	0	54	0	
2	3054	-0.2447515	5.27E-05	4748.631	-0.001525902	6	6	-0.2446364	0	0	0	0	0	0	0	0	0	0	0	0	0	54	0	
2	3055	-0.2441381	5.29E-05	4749.631	-0.001525902	6	6	-0.2441364	0	0	0	0	0	0	0	0	0	0	0	0	0	54	0	
2	3056	-0.2438314	5.31E-05	4750.631	-0.001525902	6	6	-0.2436364	0	0	0	0	0	0	0	0	0	0	0	0	0	54	0	
2	3057	-0.243218	5.33E-05	4751.631	-0.001525902	6	6	-0.2431364	0	0	0	0	0	0	0	0	0	0	0	0	0	54	0	
2	3058	-0.2426045	5.34E-05	4752.631	-0.001525902	6	6	-0.2426364	0	0	0	0	0	0	0	0	0	0	0	0	0	54	0	
2	3059	-0.2422978	5.36E-05	4753.631	-0.001525902	6	6	-0.2421364	0	0	0	0	0	0	0	0	0	0	0	0	0	54	0	
2	3060	-0.2416844	5.38E-05	4754.631	-0.001525902	6	6	-0.2416364	0	0	0	0	0	0	0	0	0	0	0	0	0	54	0	
2	3061	-0.241071	5.40E-05	4755.631	-0.001525902	6	6	-0.2411364	0	0	0	0	0	0	0	0	0	0	0	0	0	54	0	
2	3062	-0.2407643	5.41E-05	4756.631	-0.001525902	6	6	-0.2406364	0	0	0	0	0	0	0	0	0	0	0	0	0	54	0	
2	3063	-0.2401509	5.43E-05	4757.631	-0.001525902	6	6	-0.2401364	0	0	0	0	0	0	0	0	0	0	0	0	0	54	0	
2	3064	-0.2395375	5.45E-05	4758.631	-0.001525902	6	6	-0.2396364	0	0	0	0	0	0	0	0	0	0	0	0	0	54	0	
2	3065	-0.2392308	5.47E-05	4759.631	-0.001525902	6	6	-0.2391364	0	0	0	0	0	0	0	0	0	0	0	0	0	54	0	
2	3066	-0.2386174	5.49E-05	4760.631	-0.001525902	6	6	-0.2386364	0	0	0	0	0	0	0	0	0	0	0	0	0	54	0	
2	3067	-0.2383106	5.50E-05	4761.631	-0.001525902	6	6	-0.2381364	0	0	0	0	0	0	0	0	0	0	0	0	0	54	0	
2	3068	-0.2376972	5.52E-05	4762.631	-0.001525902	6	6	-0.2376364	0	0	0	0	0	0	0	0	0	0	0	0	0	54	0	
2	3069	-0.2370838	5.54E-05	4763.631	-0.001525902	6	6	-0.2371364	0	0	0	0	0	0	0	0	0	0	0	0	0	54	0	
2	3070	-0.2367771	5.56E-05	4764.631	-0.001525902	6	6	-0.2366364	0	0	0	0	0	0	0	0	0	0	0	0	0	54	0	
2	3071	-0.2361637	5.57E-05	4765.631	-0.001525902	6	6	-0.2361364	0	0	0	0	0	0	0	0	0	0	0	0	0	54	0	
2	3072	-0.235857	5.59E-05	4766.631	-0.001525902	6	6	-0.2356364	0	0	0	0	0	0	0	0	0	0	0	0	0	54	0	
2	3073	-0.2352436	5.60E-05	4767.631	-0.001525902	6	6	-0.2351364	0	0	0	0	0	0	0	0	0	0	0	0	0	54	0	
2	3074	-0.2349369	5.62E-05	4768.631	-0.001525902	6	6	-0.2346364	0	0	0	0	0	0	0	0	0	0	0	0	0	54	0	
2	3075	-0.2343235	5.64E-05	4769.631	-0.001525902	6	6	-0.2341364	0	0	0	0	0	0	0	0	0	0	0	0	0	54	0	
2	3076	-0.2340168	5.65E-05	4770.631	-0.001525902	6	6	-0.2336364	0	0	0	0	0	0	0	0	0	0	0	0	0	54	0	
2	3077	-0.2334034	5.67E-05	4771.631	-0.001525902	6	6	-0.2331364	0	0	0	0	0	0	0	0	0	0	0	0	0	54	0	
2	3078	-0.2327899	5.69E-05	4772.631	-0.001525902	6	6	-0.2326364	0	0	0	0	0	0	0	0	0	0	0	0	0	54	0	
2	3079	-0.2324832	5.71E-05	4773.631	-0.001525902	6	6	-0.2321364	0	0	0	0	0	0	0	0	0	0	0	0	0	54	0	
2	3080	-0.2318698	5.72E-05	4774.631	-0.001525902	6	6	-0.2316364	0	0	0	0	0	0	0	0	0	0	0	0	0	54	0	
2	3081	-0.2315631	5.74E-05	4775.631	-0.001525902	6	6	-0.2311364	0	0	0	0	0	0	0	0	0	0	0	0	0	54	0	
2	3082	-0.2309497	5.76E-05	4776.631	-0.001525902	6	6	-0.2306364	0	0	0	0	0	0	0	0	0	0	0	0	0	54	0	
2	3083	-0.2303363	5.78E-05	4777.631	-0.001525902	6	6	-0.2301364	0	0	0	0	0	0	0	0	0	0	0	0	0	54	0	
2	3084	-0.2297229	5.80E-05	4778.631	-0.001525902	6	6	-0.2296364	0	0	0	0	0	0	0	0	0	0	0	0	0	54	0	
2	3085	-0.2294162	5.81E-05	4779.631	-0.001525902	6	6	-0.2291364	0	0	0	0	0	0	0	0	0	0	0	0	0	54	0	
2	3086	-0.2288028	5.83E-05	4780.631	-0.001525902	6	6	-0.2286364	0	0	0	0	0	0	0	0	0	0	0	0	0	54	0	
2	3087	-0.2281893	5.85E-05	4781.631	-0.001525902	6	6	-0.2281364	0	0	0	0	0	0	0	0	0	0	0	0	0	54	0	
2	3088	-0.2278826	5.87E-05	4782.631	-0.001525902	6	6	-0.2276364	0	0	0	0	0	0	0	0	0	0	0	0	0	54	0	
2	3089	-0.2272692	5.89E-05	4783.631	-0.001525902	6	6	-0.2271364	0	0	0	0	0	0	0	0	0	0	0	0	0	54	0	
2	3090	-0.2269625	5.91E-05	4784.631	-0.001525902	6	6	-0.2266364	0	0	0	0	0	0	0	0	0	0	0	0	0	54	0	
2	3091	-0.2263491	5.93E-05	4785.631	-0.001525902	6	6	-0.2261364	0	0	0	0	0	0	0	0	0	0	0	0	0	54	0	
2	3092	-0.2257357	5.95E-05	4786.631	-0.001525902	6	6	-0.2256364	0	0	0	0	0	0	0	0	0	0	0	0	0	54	0	
2	3093	-0.225429	5.96E-05	4787.631	-0.001525902	6	6	-0.2251364	0	0	0	0	0	0	0	0	0	0	0	0	0	54	0	
2	3094	-0.2248156	5.98E-05	4788.631	-0.001525902	6	6	-0.2246364	0	0	0	0	0	0	0	0	0	0	0	0	0	54	0	
2	3095	-0.2245089	6.00E-05	4789.631	-0.001525902	6	6	-0.2241364	0	0	0	0	0	0	0	0	0	0	0	0	0	54	0	
2	3096	-0.2238955	6.02E-05	4790.631	-0.001525902	6	6	-0.2236364	0	0	0	0	0	0	0	0	0	0	0	0	0	54	0	
2	3097	-0.2235887	6.04E-05	4791.631	-0.001525902	6	6	-0.2231364	0	0	0	0	0	0	0	0	0	0	0	0	0	54	0	
2	3098	-0.2229753	6.06E-05	4792.631	-0.001525902	6	6	-0.2226364	0	0	0	0	0	0	0	0	0	0	0	0	0	54	0	
2	3099	-0.2223619	6.08E-05	4793.631	-0.001525902	6	6	-0.2221364	0	0	0	0	0	0	0	0	0	0	0	0	0	54	0	
2	3100	-0.2220552	6.10E-05	4794.631	-0.001525902	6	6	-0.2216364	0	0	0	0	0	0	0	0	0	0	0	0	0	54	0	
2	3101	-0.2214418	6.11E-05	4795.631	-0.001525902	6	6	-0.2211364	0	0	0	0	0	0	0	0	0	0	0	0	0	54	0	
2	3102	-0.2208284	6.13E-05	4796.631	-0.001525902	6	6	-0.2206364	0	0	0	0	0	0	0	0	0	0	0	0	0	54	0	
2	3103	-0.2205217	6.15E-05	4797.631	-0.001525902	6	6	-0.2201364	0	0	0	0	0	0	0	0	0	0	0	0	0	54	0	
2	3104	-0.2199083	6.17E-05	4798.631	-0.001525902	6	6	-0.2196364	0	0	0	0	0	0	0	0	0	0	0	0	0	54	0	
2	3105	-0.2192949	6.19E-05	4799.631	-0.001525902	6	6	-0.2191364	0	0	0	0	0	0	0	0	0	0	0	0	0	54	0	
2	3106	-0.2189882	6.21E-05	4800.631	-0.001525902	6	6	-0.2186364	0	0	0	0	0	0	0	0	0	0	0	0	0	54	0	
2	3107	-0.2183747	6.23E-05	4801.631	-0.001525902	6	6	-0.2181364	0	0	0	0	0	0	0	0	0	0	0	0	0	54	0	
2	3108	-0.2177613	6.25E-05	4802.631	-0.001525902	6	6	-0.2176364	0	0	0	0	0	0	0	0	0	0	0	0	0	54	0	
2	3109	-0.2174546	6.27E-05	4803.631	-0.001525902	6	6	-0.2171364	0	0	0	0	0	0	0	0	0	0	0	0	0	54	0	
2	3110	-0.2168412	6.29E-05	4804.631	-0.001525902	6	6	-0.2166364	0	0	0	0	0	0	0	0	0	0	0	0	0	54	0	
2	3111	-0.2162278	6.31E-05	4805.631	-0.001525902	6	6	-0.2161364	0	0	0	0	0	0	0	0	0	0	0	0	0	54	0	
2	3112	-0.2159211	6.32E-05	4806.631	-0.001525902	6	6	-0.2156364	0	0	0	0	0	0	0	0	0	0	0	0	0	54	0	
2	3113	-0.2153077	6.34E-05	4807.631	-0.001525902	6	6	-0.2151364	0	0	0	0	0	0	0	0	0	0	0	0	0	54	0	
2	3114	-0.215001	6.36E-05	4808.631	-0.001525902	6	6	-0.2146364	0	0	0	0	0	0	0	0	0	0	0	0	0	54	0	
2	3115	-0.2143876	6.38E-05	4809.631	-0.001525902	6	6	-0.2141364	0	0	0	0	0	0	0	0	0	0	0	0	0	54	0	
2	3116	-0.2137741	6.40E-05	4810.631	-0.001525902	6	6	-0.2136364	0	0	0	0	0	0	0	0	0	0	0	0	0	54	0	
2	3117	-0.2134674	6.42E-05	4811.631	-0.001525902	6	6	-0.2131364	0	0	0	0	0	0	0	0	0	0	0	0	0	54	0	
2	3118	-0.212854	6.44E-05	4812.631	-0.001525902	6	6	-0.2126364	0	0	0	0	0	0	0	0	0	0	0	0	0	54	0	
2	3119	-0.2122406	6.46E-05	4813.631	-0.001525902	6	6	-0.2121364	0	0	0	0	0	0	0	0	0	0	0	0	0	54	0	
2	3120	-0.2119339	6.48E-05	4814.631	-0.001525902	6	6	-0.2116364	0	0	0	0	0	0	0	0	0	0	0	0	0	54	0	
2	3121	-0.2113205	6.50E-05	4815.631	-0.001525902	6	6	-0.2111364	0	0	0	0	0	0	0	0	0	0	0	0	0	54	0	
2	3122	-0.2110138	6.52E-05	4816.631	-0.001525902	6	6	-0.2106364	0	0	0	0	0	0	0	0	0	0	0	0	0	54	0	
2	3123	-0.2104004	6.54E-05	4817.631	-0.001525902	6	6	-0.2101364	0	0	0	0	0	0	0	0	0	0	0	0	0	54	0	
2	3124	-0.209787	6.56E-05	4818.631	-0.001525902	6	6	-0.2096364	0	0	0	0	0	0	0	0	0	0	0	0	0	54	0	
2	3125	-0.2094803	6.58E-05	4819.631	-0.001525902	6	6	-0.2091364	0	0	0	0	0	0	0	0	0	0	0	0	0	54	0	
2	3126	-0.2088668	6.60E-05	4820.631	-0.001525902	6	6	-0.2086364	0	0	0	0	0	0	0	0	0	0	0	0	0	54	0	
2	3127	-0.2085601	6.62E-05	4821.631	-0.001525902	6	6	-0.2081364	0	0	0	0	0	0	0	0	0	0	0	0	0	54	0	
2	3128	-0.2079467	6.64E-05	4822.631	-0.001525902	6	6	-0.2076364	0	0	0	0	0	0	0	0	0	0	0	0	0	54	0	
2	3129	-0.2073333	6.66E-05	4823.631	-0.001525902	6	6	-0.2071364	0	0	0	0	0	0	0	0	0	0	0	0	0	54	0	
2	3130	-0.2070266	6.68E-05	4824.631	-0.001525902	6	6	-0.2066364	0	0	0	0	0	0	0	0	0	0	0	0	0	54	0	
2	3131	-0.2064132	6.70E-05	4825.631	-0.001525902	6	6	-0.2061364	0	0	0	0	0	0	0	0	0	0	0	0	0	54	0	
2	3132	-0.2057998	6.72E-05	4826.631	-0.001525902	6	6	-0.2056364	0	0	0	0	0	0	0	0	0	0	0	0	0	54	0	
2	3133	-0.2054931	6.74E-05	4827.631	-0.001525902	6	6	-0.2051364	0	0	0	0	0	0	0	0	0	0	0	0	0	54	0	
2	3134	-0.2048797	6.76E-05	4828.631	-0.001525902	6	6	-0.2046364	0	0	0	0	0	0	0	0	0	0	0	0	0	54	0	
2	3135	-0.204573	6.78E-05	4829.631	-0.001525902	6	6	-0.2041364	0	0	0	0	0	0	0	0	0	0	0	0	0	54	0	
2	3136	-0.2039595	6.81E-05	4830.631	-0.001525902	6	6	-0.2036364	0	0	0	0	0	0	0	0	0	0	0	0	0	54	0	
2	3137	-0.2033461	6.83E-05	4831.631	-0.001525902	6	6	-0.2031364	0	0	0	0	0	0	0	0	0	0	0	0	0	54	0	
2	3138	-0.2030394	6.85E-05	4832.631	-0.001525902	6	6	-0.2026364	0	0	0	0	0	0	0	0	0	0	0	0	0	54	0	
2	3139	-0.202426	6.87E-05	4833.631	-0.001525902	6	6	-0.2021364	0	0	0	0	0	0	0	0	0	0	0	0	0	54	0	
2	3140	-0.2018126	6.89E-05	4834.631	-0.001525902	6	6	-0.2016364	0	0	0	0	0	0	0	0	0	0	0	0	0	54	0	
2	3141	-0.2015059	6.91E-05	4835.631	-0.001525902	6	6	-0.2011364	0	0	0	0	0	0	0	0	0	0	0	0	0	54	0	
2	3142	-0.2008925	6.93E-05	4836.631	-0.001525902	6	6	-0.2006364	0	0	0	0	0	0	0	0	0	0	0	0	0	54	0	
2	3143	-0.2002791	6.95E-05	4837.631	-0.001525902	6	6	-0.2001364	0	0	0	0	0	0	0	0	0	0	0	0	0	54	0	
2	3144	-0.1999724	6.97E-05	4838.631	-0.001525902	6	6	-0.1996364	0	0	0	0	0	0	0	0	0	0	0	0	0	54	0	
2	3145	-0.1993589	6.99E-05	4839.631	-0.001525902	6	6	-0.1991364	0	0	0	0	0	0	0	0	0	0	0	0	0	54	0	
2	3146	-0.1987455	7.01E-05	4840.631	-0.001525902	6	6	-0.1986364	0	0	0	0	0	0	0	0	0	0	0	0	0	54	0	
2	3147	-0.1984388	7.03E-05	4841.631	-0.001525902	6	6	-0.1981364	0	0	0	0	0	0	0	0	0	0	0	0	0	54	0	
2	3148	-0.1978254	7.05E-05	4842.631	-0.001525902	6	6	-0.1976364	0	0	0	0	0	0	0	0	0	0	0	0	0	54	0	
2	3149	-0.1975187	7.07E-05	4843.631	-0.001525902	6	6	-0.1971364	0	0	0	0	0	0	0	0	0	0	0	0	0	54	0	
2	3150	-0.1969053	7.09E-05	4844.631	-0.001525902	6	6	-0.1966364	0	0	0	0	0	0	0	0	0	0	0	0	0	54	0	
2	3151	-0.1962919	7.11E-05	4845.631	-0.001525902	6	6	-0.1961364	0	0	0	0	0	0	0	0	0	0	0	0	0	54	0	
2	3152	-0.1959852	7.13E-05	4846.631	-0.001525902	6	6	-0.1956364	0	0	0	0	0	0	0	0	0	0	0	0	0	54	0	
2	3153	-0.1953718	7.15E-05	4847.631	-0.001525902	6	6	-0.1951364	0	0	0	0	0	0	0	0	0	0	0	0	0	54	0	
2	3154	-0.1947584	7.17E-05	4848.631	-0.001525902	6	6	-0.1946364	0	0	0	0	0	0	0	0	0	0	0	0	0	54	0	
2	3155	-0.1944516	7.19E-05	4849.631	-0.001525902	6	6	-0.1941364	0	0	0	0	0	0	0	0	0	0	0	0	0	54	0	
2	3156	-0.1938382	7.21E-05	4850.631	-0.001525902	6	6	-0.1936364	0	0	0	0	0	0	0	0	0	0	0	0	0	54	0	
2	3157	-0.1935315	7.23E-05	4851.631	-0.001525902	6	6	-0.1931364	0	0	0	0	0	0	0	0	0	0	0	0	0	54	0	
2	3158	-0.1929181	7.26E-05	4852.631	-0.001525902	6	6	-0.1926364	0	0	0	0	0	0	0	0	0	0	0	0	0	54	0	
2	3159	-0.1923047	7.28E-05	4853.631	-0.001525902	6	6	-0.1921364	0	0	0	0	0	0	0	0	0	0	0	0	0	54	0	
2	3160	-0.191998	7.30E-05	4854.631	-0.001525902	6	6	-0.1916364	0	0	0	0	0	0	0	0	0	0	0	0	0	54	0	
2	3161	-0.1913846	7.32E-05	4855.631	-0.001525902	6	6	-0.1911364	0	0	0	0	0	0	0	0	0	0	0	0	0	54	0	
2	3162	-0.1910779	7.34E-05	4856.631	-0.001525902	6	6	-0.1906364	0	0	0	0	0	0	0	0	0	0	0	0	0	54	0	
2	3163	-0.1904645	7.36E-05	4857.631	-0.001525902	6	6	-0.1901364	0	0	0	0	0	0	0	0	0	0	0	0	0	54	0	
2	3164	-0.189851	7.38E-05	4858.631	-0.001525902	6	6	-0.1896364	0	0	0	0	0	0	0	0	0	0	0	0	0	54	0	
2	3165	-0.1895443	7.41E-05	4859.631	-0.001525902	6	6	-0.1891364	0	0	0	0	0	0	0	0	0	0	0	0	0	54	0	
2	3166	-0.1889309	7.43E-05	4860.631	-0.001525902	6	6	-0.1886364	0	0	0	0	0	0	0	0	0	0	0	0	0	54	0	
2	3167	-0.1883175	7.45E-05	4861.631	-0.001525902	6	6	-0.1881364	0	0	0	0	0	0	0	0	0	0	0	0	0	54	0	
2	3168	-0.1880108	7.47E-05	4862.631	-0.001525902	6	6	-0.1876364	0	0	0	0	0	0	0	0	0	0	0	0	0	54	0	
2	3169	-0.1873974	7.49E-05	4863.631	-0.001525902	6	6	-0.1871364	0	0	0	0	0	0	0	0	0	0	0	0	0	54	0	
2	3170	-0.186784	7.51E-05	4864.631	-0.001525902	6	6	-0.1866364	0	0	0	0	0	0	0	0	0	0	0	0	0	54	0	
2	3171	-0.1864773	7.54E-05	4865.631	-0.001525902	6	6	-0.1861364	0	0	0	0	0	0	0	0	0	0	0	0	0	54	0	
2	3172	-0.1858639	7.56E-05	4866.631	-0.001525902	6	6	-0.1856364	0	0	0	0	0	0	0	0	0	0	0	0	0	54	0	
2	3173	-0.1852505	7.58E-05	4867.631	-0.001525902	6	6	-0.1851364	0	0	0	0	0	0	0	0	0	0	0	0	0	54	0	
2	3174	-0.1849438	7.60E-05	4868.631	-0.001525902	6	6	-0.1846364	0	0	0	0	0	0	0	0	0	0	0	0	0	54	0	
2	3175	-0.1843303	7.62E-05	4869.631	-0.001525902	6	6	-0.1841364	0	0	0	0	0	0	0	0	0	0	0	0	0	54	0	
2	3176	-0.1840236	7.64E-05	4870.631	-0.001525902	6	6	-0.1836364	0	0	0	0	0	0	0	0	0	0	0	0	0	54	0	
2	3177	-0.1834102	7.67E-05	4871.631	-0.001525902	6	6	-0.1831364	0	0	0	0	0	0	0	0	0	0	0	0	0	54	0	
2	3178	-0.1831035	7.69E-05	4872.631	-0.001525902	6	6	-0.1826364	0	0	0	0	0	0	0	0	0	0	0	0	0	54	0	
2	3179	-0.1824901	7.71E-05	4873.631	-0.001525902	6	6	-0.1821364	0	0	0	0	0	0	0	0	0	0	0	0	0	54	0	
2	3180	-0.1818767	7.73E-05	4874.631	-0.001525902	6	6	-0.1816364	0	0	0	0	0	0	0	0	0	0	0	0	0	54	0	
2	3181	-0.1812633	7.75E-05	4875.631	-0.001525902	6	6	-0.1811364	0	0	0	0	0	0	0	0	0	0	0	0	0	54	0	
2	3182	-0.1809566	7.77E-05	4876.631	-0.001525902	6	6	-0.1806364	0	0	0	0	0	0	0	0	0	0	0	0	0	54	0	
2	3183	-0.1803432	7.80E-05	4877.631	-0.001525902	6	6	-0.1801364	0	0	0	0	0	0	0	0	0	0	0	0	0	54	0	
2	3184	-0.1800364	7.82E-05	4878.631	-0.001525902	6	6	-0.1796364	0	0	0	0	0	0	0	0	0	0	0	0	0	54	0	
2	3185	-0.179423	7.84E-05	4879.631	-0.001525902	6	6	-0.1791364	0	0	0	0	0	0	0	0	0	0	0	0	0	54	0	
2	3186	-0.1788096	7.86E-05	4880.631	-0.001525902	6	6	-0.1786364	0	0	0	0	0	0	0	0	0	0	0	0	0	54	0	
2	3187	-0.1785029	7.88E-05	4881.631	-0.001525902	6	6	-0.1781364	0	0	0	0	0	0	0	0	0	0	0	0	0	54	0	
2	3188	-0.1778895	7.90E-05	4882.631	-0.001525902	6	6	-0.1776364	0	0	0	0	0	0	0	0	0	0	0	0	0	54	0	
2	3189	-0.1772761	7.93E-05	4883.631	-0.001525902	6	6	-0.1771364	0	0	0	0	0	0	0	0	0	0	0	0	0	54	0	
2	3190	-0.1769694	7.95E-05	4884.631	-0.001525902	6	6	-0.1766364	0	0	0	0	0	0	0	0	0	0	0	0	0	54	0	
2	3191	-0.176356	7.97E-05	4885.631	-0.001525902	6	6	-0.1761364	0	0	0	0	0	0	0	0	0	0	0	0	0	54	0	
2	3192	-0.1760493	7.99E-05	4886.631	-0.001525902	6	6	-0.1756364	0	0	0	0	0	0	0	0	0	0	0	0	0	54	0	
2	3193	-0.1754359	8.01E-05	4887.631	-0.001525902	6	6	-0.1751364	0	0	0	0	0	0	0	0	0	0	0	0	0	54	0	
2	3194	-0.1748224	8.03E-05	4888.631	-0.001525902	6	6	-0.1746364	0	0	0	0	0	0	0	0	0	0	0	0	0	54	0	
2	3195	-0.1745157	8.06E-05	4889.631	-0.001525902	6	6	-0.1741364	0	0	0	0	0	0	0	0	0	0	0	0	0	54	0	
2	3196	-0.1739023	8.08E-05	4890.631	-0.001525902	6	6	-0.1736364	0	0	0	0	0	0	0	0	0	0	0	0	0	54	0	
2	3197	-0.1735956	8.10E-05	4891.631	-0.001525902	6	6	-0.1731364	0	0	0	0	0	0	0	0	0	0	0	0	0	54	0	
2	3198	-0.1729822	8.12E-05	4892.631	-0.001525902	6	6	-0.1726364	0	0	0	0	0	0	0	0	0	0	0	0	0	54	0	
2	3199	-0.1723688	8.14E-05	4893.631	-0.001525902	6	6	-0.1721364	0	0	0	0	0	0	0	0	0	0	0	0	0	54	0	
2	3200	-0.1720621	8.16E-05	4894.631	-0.001525902	6	6	-0.1716364	0	0	0	0	0	0	0	0	0	0	0	0	0	54	0	
2	3201	-0.1714487	8.18E-05	4895.631	-0.001525902	6	6	-0.1711364	0	0	0	0	0	0	0	0	0	0	0	0	0	54	0	
2	3202	-0.1708353	8.20E-05	4896.631	-0.001525902	6	6	-0.1706364	0	0	0	0	0	0	0	0	0	0	0	0	0	54	0	
2	3203	-0.1705285	8.22E-05	4897.631	-0.001525902	6	6	-0.1701364	0	0	0	0	0	0	0	0	0	0	0	0	0	54	0	
2	3204	-0.1699151	8.24E-05	4898.631	-0.001525902	6	6	-0.1696364	0	0	0	0	0	0	0	0	0	0	0	0	0	54	0	
2	3205	-0.1693017	8.26E-05	4899.631	-0.001525902	6	6	-0.1691364	0	0	0	0	0	0	0	0	0	0	0	0	0	54	0	
2	3206	-0.168995	8.28E-05	4900.631	-0.001525902	6	6	-0.1686364	0	0	0	0	0	0	0	0	0	0	0	0	0	54	0	
2	3207	-0.1683816	8.30E-05	4901.631	-0.001525902	6	6	-0.1681364	0	0	0	0	0	0	0	0	0	0	0	0	0	54	0	
2	3208	-0.1677682	8.32E-05	4902.631	-0.001525902	6	6	-0.1676364	0	0	0	0	0	0	0	0	0	0	0	0	0	54	0	
2	3209	-0.1674615	8.34E-05	4903.631	-0.001525902	6	6	-0.1671364	0	0	0	0	0	0	0	0	0	0	0	0	0	54	0	
2	3210	-0.1668481	8.36E-05	4904.631	-0.001525902	6	6	-0.1666364	0	0	0	0	0	0	0	0	0	0	0	0	0	54	0	
2	3211	-0.1665414	8.38E-05	4905.631	-0.001525902	6	6	-0.1661364	0	0	0	0	0	0	0	0	0	0	0	0	0	54	0	
2	3212	-0.165928	8.40E-05	4906.631	-0.001525902	6	6	-0.1656364	0	0	0	0	0	0	0	0	0	0	0	0	0	54	0	
2	3213	-0.1653145	8.42E-05	4907.631	-0.001525902	6	6	-0.1651364	0	0	0	0	0	0	0	0	0	0	0	0	0	54	0	
2	3214	-0.1650078	8.44E-05	4908.631	-0.001525902	6	6	-0.1646364	0	0	0	0	0	0	0	0	0	0	0	0	0	54	0	
2	3215	-0.1643944	8.46E-05	4909.631	-0.001525902	6	6	-0.1641364	0	0	0	0	0	0	0	0	0	0	0	0	0	54	0	
2	3216	-0.1640877	8.48E-05	4910.631	-0.001525902	6	6	-0.1636364	0	0	0	0	0	0	0	0	0	0	0	0	0	54	0	
2	3217	-0.1634743	8.50E-05	4911.631	-0.001525902	6	6	-0.1631364	0	0	0	0	0	0	0	0	0	0	0	0	0	54	0	
2	3218	-0.1628609	8.52E-05	4912.631	-0.001525902	6	6	-0.1626364	0	0	0	0	0	0	0	0	0	0	0	0	0	54	0	
2	3219	-0.1622475	8.54E-05	4913.631	-0.001525902	6	6	-0.1621364	0	0	0	0	0	0	0	0	0	0	0	0	0	54	0	
2	3220	-0.1619408	8.55E-05	4914.631	-0.001525902	6	6	-0.1616364	0	0	0	0	0	0	0	0	0	0	0	0	0	54	0	
2	3221	-0.1613274	8.57E-05	4915.631	-0.001525902	6	6	-0.1611364	0	0	0	0	0	0	0	0	0	0	0	0	0	54	0	
2	3222	-0.1610207	8.59E-05	4916.631	-0.001525902	6	6	-0.1606364	0	0	0	0	0	0	0	0	0	0	0	0	0	54	0	
2	3223	-0.1604072	8.61E-05	4917.631	-0.001525902	6	6	-0.1601364	0	0	0	0	0	0	0	0	0	0	0	0	0	54	0	
2	3224	-0.1601005	8.63E-05	4918.631	-0.001525902	6	6	-0.1596364	0	0	0	0	0	0	0	0	0	0	0	0	0	54	0	
2	3225	-0.1594871	8.65E-05	4919.631	-0.001525902	6	6	-0.1591364	0	0	0	0	0	0	0	0	0	0	0	0	0	54	0	
2	3226	-0.1591804	8.67E-05	4920.631	-0.001525902	6	6	-0.1586364	0	0	0	0	0	0	0	0	0	0	0	0	0	54	0	
2	3227	-0.158567	8.69E-05	4921.631	-0.001525902	6	6	-0.1581364	0	0	0	0	0	0	0	0	0	0	0	0	0	54	0	
2	3228	-0.1579536	8.71E-05	4922.631	-0.001525902	6	6	-0.1576364	0	0	0	0	0	0	0	0	0	0	0	0	0	54	0	
2	3229	-0.1573402	8.73E-05	4923.631	-0.001525902	6	6	-0.1571364	0	0	0	0	0	0	0	0	0	0	0	0	0	54	0	
2	3230	-0.1570335	8.75E-05	4924.631	-0.001525902	6	6	-0.1566364	0	0	0	0	0	0	0	0	0	0	0	0	0	54	0	
2	3231	-0.1564201	8.77E-05	4925.631	-0.001525902	6	6	-0.1561364	0	0	0	0	0	0	0	0	0	0	0	0	0	54	0	
2	3232	-0.1558066	8.79E-05	4926.631	-0.001525902	6	6	-0.1556364	0	0	0	0	0	0	0	0	0	0	0	0	0	54	0	
2	3233	-0.1554999	8.81E-05	4927.631	-0.001525902	6	6	-0.1551364	0	0	0	0	0	0	0	0	0	0	0	0	0	54	0	
2	3234	-0.1548865	8.83E-05	4928.631	-0.001525902	6	6	-0.1546364	0	0	0	0	0	0	0	0	0	0	0	0	0	54	0	
2	3235	-0.1542731	8.85E-05	4929.631	-0.001525902	6	6	-0.1541364	0	0	0	0	0	0	0	0	0	0	0	0	0	54	0	
2	3236	-0.1539664	8.86E-05	4930.631	-0.001525902	6	6	-0.1536364	0	0	0	0	0	0	0	0	0	0	0	0	0	54	0	
2	3237	-0.153353	8.88E-05	4931.631	-0.001525902	6	6	-0.1531364	0	0	0	0	0	0	0	0	0	0	0	0	0	54	0	
2	3238	-0.1530463	8.90E-05	4932.631	-0.001525902	6	6	-0.1526364	0	0	0	0	0	0	0	0	0	0	0	0	0	54	0	
2	3239	-0.1524329	8.92E-05	4933.631	-0.001525902	6	6	-0.1521364	0	0	0	0	0	0	0	0	0	0	0	0	0	54	0	
2	3240	-0.1518195	8.94E-05	4934.631	-0.001525902	6	6	-0.1516364	0	0	0	0	0	0	0	0	0	0	0	0	0	54	0	
2	3241	-0.1515128	8.96E-05	4935.631	-0.001525902	6	6	-0.1511364	0	0	0	0	0	0	0	0	0	0	0	0	0	54	0	
2	3242	-0.1508994	8.98E-05	4936.631	-0.001525902	6	6	-0.1506364	0	0	0	0	0	0	0	0	0	0	0	0	0	54	0	
2	3243	-0.1502859	9.00E-05	4937.631	-0.001525902	6	6	-0.1501364	0	0	0	0	0	0	0	0	0	0	0	0	0	54	0	
2	3244	-0.1499792	9.02E-05	4938.631	-0.001525902	6	6	-0.1496364	0	0	0	0	0	0	0	0	0	0	0	0	0	54	0	
2	3245	-0.1493658	9.04E-05	4939.631	-0.001525902	6	6	-0.1491364	0	0	0	0	0	0	0	0	0	0	0	0	0	54	0	
2	3246	-0.1490591	9.06E-05	4940.631	-0.001525902	6	6	-0.1486364	0	0	0	0	0	0	0	0	0	0	0	0	0	54	0	
2	3247	-0.1484457	9.07E-05	4941.631	-0.001525902	6	6	-0.1481364	0	0	0	0	0	0	0	0	0	0	0	0	0	54	0	
2	3248	-0.1478323	9.09E-05	4942.631	-0.001525902	6	6	-0.1476364	0	0	0	0	0	0	0	0	0	0	0	0	0	54	0	
2	3249	-0.1475256	9.11E-05	4943.631	-0.001525902	6	6	-0.1471364	0	0	0	0	0	0	0	0	0	0	0	0	0	54	0	
2	3250	-0.1469122	9.13E-05	4944.631	-0.001525902	6	6	-0.1466364	0	0	0	0	0	0	0	0	0	0	0	0	0	54	0	
2	3251	-0.1462988	9.15E-05	4945.631	-0.001525902	6	6	-0.1461364	0	0	0	0	0	0	0	0	0	0	0	0	0	54	0	
2	3252	-0.145992	9.17E-05	4946.631	-0.001525902	6	6	-0.1456364	0	0	0	0	0	0	0	0	0	0	0	0	0	54	0	
2	3253	-0.1453786	9.19E-05	4947.631	-0.001525902	6	6	-0.1451364	0	0	0	0	0	0	0	0	0	0	0	0	0	54	0	
2	3254	-0.1447652	9.21E-05	4948.631	-0.001525902	6	6	-0.1446364	0	0	0	0	0	0	0	0	0	0	0	0	0	54	0	
2	3255	-0.1444585	9.22E-05	4949.631	-0.001525902	6	6	-0.1441364	0	0	0	0	0	0	0	0	0	0	0	0	0	54	0	
2	3256	-0.1438451	9.24E-05	4950.631	-0.001525902	6	6	-0.1436364	0	0	0	0	0	0	0	0	0	0	0	0	0	54	0	
2	3257	-0.1435384	9.26E-05	4951.631	-0.001525902	6	6	-0.1431364	0	0	0	0	0	0	0	0	0	0	0	0	0	54	0	
2	3258	-0.142925	9.28E-05	4952.631	-0.001525902	6	6	-0.1426364	0	0	0	0	0	0	0	0	0	0	0	0	0	54	0	
2	3259	-0.1423116	9.30E-05	4953.631	-0.001525902	6	6	-0.1421364	0	0	0	0	0	0	0	0	0	0	0	0	0	54	0	
2	3260	-0.1420049	9.32E-05	4954.631	-0.001525902	6	6	-0.1416364	0	0	0	0	0	0	0	0	0	0	0	0	0	54	0	
2	3261	-0.1413914	9.34E-05	4955.631	-0.001525902	6	6	-0.1411364	0	0	0	0	0	0	0	0	0	0	0	0	0	54	0	
2	3262	-0.140778	9.36E-05	4956.631	-0.001525902	6	6	-0.1406364	0	0	0	0	0	0	0	0	0	0	0	0	0	54	0	
2	3263	-0.1404713	9.37E-05	4957.631	-0.001525902	6	6	-0.1401364	0	0	0	0	0	0	0	0	0	0	0	0	0	54	0	
2	3264	-0.1398579	9.39E-05	4958.631	-0.001525902	6	6	-0.1396364	0	0	0	0	0	0	0	0	0	0	0	0	0	54	0	
2	3265	-0.1395512	9.41E-05	4959.631	-0.001525902	6	6	-0.1391364	0	0	0	0	0	0	0	0	0	0	0	0	0	54	0	
2	3266	-0.1389378	9.43E-05	4960.631	-0.001525902	6	6	-0.1386364	0	0	0	0	0	0	0	0	0	0	0	0	0	54	0	
2	3267	-0.1386311	9.45E-05	4961.631	-0.001525902	6	6	-0.1381364	0	0	0	0	0	0	0	0	0	0	0	0	0	54	0	
2	3268	-0.1380177	9.47E-05	4962.631	-0.001525902	6	6	-0.1376364	0	0	0	0	0	0	0	0	0	0	0	0	0	54	0	
2	3269	-0.1374043	9.49E-05	4963.631	-0.001525902	6	6	-0.1371364	0	0	0	0	0	0	0	0	0	0	0	0	0	54	0	
2	3270	-0.1370976	9.51E-05	4964.631	-0.001525902	6	6	-0.1366364	0	0	0	0	0	0	0	0	0	0	0	0	0	54	0	
2	3271	-0.1364841	9.53E-05	4965.631	-0.001525902	6	6	-0.1361364	0	0	0	0	0	0	0	0	0	0	0	0	0	54	0	
2	3272	-0.1358707	9.55E-05	4966.631	-0.001525902	6	6	-0.1356364	0	0	0	0	0	0	0	0	0	0	0	0	0	54	0	
2	3273	-0.135564	9.57E-05	4967.631	-0.001525902	6	6	-0.1351364	0	0	0	0	0	0	0	0	0	0	0	0	0	54	0	
2	3274	-0.1349506	9.59E-05	4968.631	-0.001525902	6	6	-0.1346364	0	0	0	0	0	0	0	0	0	0	0	0	0	54	0	
2	3275	-0.1343372	9.61E-05	4969.631	-0.001525902	6	6	-0.1341364	0	0	0	0	0	0	0	0	0	0	0	0	0	54	0	
2	3276	-0.1340305	9.62E-05	4970.631	-0.001525902	6	6	-0.1336364	0	0	0	0	0	0	0	0	0	0	0	0	0	54	0	
2	3277	-0.1334171	9.64E-05	4971.631	-0.001525902	6	6	-0.1331364	0	0	0	0	0	0	0	0	0	0	0	0	0	54	0	
2	3278	-0.1331104	9.66E-05	4972.631	-0.001525902	6	6	-0.1326364	0	0	0	0	0	0	0	0	0	0	0	0	0	54	0	
2	3279	-0.132497	9.68E-05	4973.631	-0.001525902	6	6	-0.1321364	0	0	0	0	0	0	0	0	0	0	0	0	0	54	0	
2	3280	-0.1318835	9.70E-05	4974.631	-0.001525902	6	6	-0.1316364	0	0	0	0	0	0	0	0	0	0	0	0	0	54	0	
2	3281	-0.1315769	9.72E-05	4975.631	-0.001525902	6	6	-0.1311364	0	0	0	0	0	0	0	0	0	0	0	0	0	54	0	
2	3282	-0.1309634	9.74E-05	4976.631	-0.001525902	6	6	-0.1306364	0	0	0	0	0	0	0	0	0	0	0	0	0	54	0	
2	3283	-0.1306567	9.76E-05	4977.631	-0.001525902	6	6	-0.1301364	0	0	0	0	0	0	0	0	0	0	0	0	0	54	0	
2	3284	-0.1300433	9.78E-05	4978.631	-0.001525902	6	6	-0.1296364	0	0	0	0	0	0	0	0	0	0	0	0	0	54	0	
2	3285	-0.1294299	9.80E-05	4979.631	-0.001525902	6	6	-0.1291364	0	0	0	0	0	0	0	0	0	0	0	0	0	54	0	
2	3286	-0.1288165	9.81E-05	4980.631	-0.001525902	6	6	-0.1286364	0	0	0	0	0	0	0	0	0	0	0	0	0	54	0	
2	3287	-0.1285098	9.83E-05	4981.631	-0.001525902	6	6	-0.1281364	0	0	0	0	0	0	0	0	0	0	0	0	0	54	0	
2	3288	-0.1278964	9.85E-05	4982.631	-0.001525902	6	6	-0.1276364	0	0	0	0	0	0	0	0	0	0	0	0	0	54	0	
2	3289	-0.127283	9.87E-05	4983.631	-0.001525902	6	6	-0.1271364	0	0	0	0	0	0	0	0	0	0	0	0	0	54	0	
2	3290	-0.1269763	9.89E-05	4984.631	-0.001525902	6	6	-0.1266364	0	0	0	0	0	0	0	0	0	0	0	0	0	54	0	
2	3291	-0.1263628	9.91E-05	4985.631	-0.001525902	6	6	-0.1261364	0	0	0	0	0	0	0	0	0	0	0	0	0	54	0	
2	3292	-0.1260561	9.92E-05	4986.631	-0.001525902	6	6	-0.1256364	0	0	0	0	0	0	0	0	0	0	0	0	0	54	0	
2	3293	-0.1254427	9.94E-05	4987.631	-0.001525902	6	6	-0.1251364	0	0	0	0	0	0	0	0	0	0	0	0	0	54	0	
2	3294	-0.125136	9.96E-05	4988.631	-0.001525902	6	6	-0.1246364	0	0	0	0	0	0	0	0	0	0	0	0	0	54	0	
2	3295	-0.1245226	9.98E-05	4989.631	-0.001525902	6	6	-0.1241364	0	0	0	0	0	0	0	0	0	0	0	0	0	54	0	
2	3296	-0.1239092	1.00E-04	4990.631	-0.001525902	6	6	-0.1236364	0	0	0	0	0	0	0	0	0	0	0	0	0	54	0	
2	3297	-0.1236025	0.000100146	4991.631	-0.001525902	6	6	-0.1231364	0	0	0	0	0	0	0	0	0	0	0	0	0	54	0	
2	3298	-0.1229891	0.00010033	4992.631	-0.001525902	6	6	-0.1226364	0	0	0	0	0	0	0	0	0	0	0	0	0	54	0	
2	3299	-0.1223757	0.000100508	4993.631	-0.001525902	6	6	-0.1221364	0	0	0	0	0	0	0	0	0	0	0	0	0	54	0	
2	3300	-0.1220689	0.000100698	4994.631	-0.001525902	6	6	-0.1216364	0	0	0	0	0	0	0	0	0	0	0	0	0	54	0	
2	3301	-0.1214555	0.00010087	4995.631	-0.001525902	6	6	-0.1211364	0	0	0	0	0	0	0	0	0	0	0	0	0	54	0	
2	3302	-0.1211488	0.000101054	4996.631	-0.001525902	6	6	-0.1206364	0	0	0	0	0	0	0	0	0	0	0	0	0	54	0	
2	3303	-0.1205354	0.000101232	4997.631	-0.001525902	6	6	-0.1201364	0	0	0	0	0	0	0	0	0	0	0	0	0	54	0	
2	3304	-0.119922	0.000101416	4998.631	-0.001525902	6	6	-0.1196364	0	0	0	0	0	0	0	0	0	0	0	0	0	54	0	
2	3305	-0.1193086	0.0001016	4999.631	-0.001525902	6	6	-0.1191364	0	0	0	0	0	0	0	0	0	0	0	0	0	54	0	
2	3306	-0.1190019	0.000101784	5000.631	-0.001525902	6	6	-0.1186364	0	0	0	0	0	0	0	0	0	0	0	0	0	54	0	
2	3307	-0.1183885	0.000101962	5001.631	-0.001525902	6	6	-0.1181364	0	0	0	0	0	0	0	0	0	0	0	0	0	54	0	
2	3308	-0.1180818	0.000102146	5002.631	-0.001525902	6	6	-0.1176364	0	0	0	0	0	0	0	0	0	0	0	0	0	54	0	
2	3309	-0.1174684	0.00010233	5003.631	-0.001525902	6	6	-0.1171364	0	0	0	0	0	0	0	0	0	0	0	0	0	54	0	
2	3310	-0.1168549	0.000102514	5004.631	-0.001525902	6	6	-0.1166364	0	0	0	0	0	0	0	0	0	0	0	0	0	54	0	
2	3311	-0.1165482	0.00010271	5005.631	-0.001525902	6	6	-0.1161364	0	0	0	0	0	0	0	0	0	0	0	0	0	54	0	
2	3312	-0.1159348	0.000102894	5006.631	-0.001525902	6	6	-0.1156364	0	0	0	0	0	0	0	0	0	0	0	0	0	54	0	
2	3313	-0.1156281	0.000103053	5007.631	-0.001525902	6	6	-0.1151364	0	0	0	0	0	0	0	0	0	0	0	0	0	54	0	
2	3314	-0.1150147	0.000103231	5008.631	-0.001525902	6	6	-0.1146364	0	0	0	0	0	0	0	0	0	0	0	0	0	54	0	
2	3315	-0.1144013	0.000103415	5009.631	-0.001525902	6	6	-0.1141364	0	0	0	0	0	0	0	0	0	0	0	0	0	54	0	
2	3316	-0.1137879	0.000103599	5010.631	-0.001525902	6	6	-0.1136364	0	0	0	0	0	0	0	0	0	0	0	0	0	54	0	
2	3317	-0.1134812	0.000103783	5011.631	-0.001525902	6	6	-0.1131364	0	0	0	0	0	0	0	0	0	0	0	0	0	54	0	
2	3318	-0.1128678	0.000103955	5012.631	-0.001525902	6	6	-0.1126364	0	0	0	0	0	0	0	0	0	0	0	0	0	54	0	
2	3319	-0.1125611	0.000104133	5013.631	-0.001525902	6	6	-0.1121364	0	0	0	0	0	0	0	0	0	0	0	0	0	54	0	
2	3320	-0.1119476	0.000104311	5014.631	-0.001525902	6	6	-0.1116364	0	0	0	0	0	0	0	0	0	0	0	0	0	54	0	
2	3321	-0.1113342	0.000104495	5015.631	-0.001525902	6	6	-0.1111364	0	0	0	0	0	0	0	0	0	0	0	0	0	54	0	
2	3322	-0.1110275	0.000104679	5016.631	-0.001525902	6	6	-0.1106364	0	0	0	0	0	0	0	0	0	0	0	0	0	54	0	
2	3323	-0.1104141	0.000104869	5017.631	-0.001525902	6	6	-0.1101364	0	0	0	0	0	0	0	0	0	0	0	0	0	54	0	
2	3324	-0.1098007	0.000105053	5018.631	-0.001525902	6	6	-0.1096364	0	0	0	0	0	0	0	0	0	0	0	0	0	54	0	
2	3325	-0.109494	0.000105243	5019.631	-0.001525902	6	6	-0.1091364	0	0	0	0	0	0	0	0	0	0	0	0	0	54	0	
2	3326	-0.1088806	0.000105433	5020.631	-0.001525902	6	6	-0.1086364	0	0	0	0	0	0	0	0	0	0	0	0	0	54	0	
2	3327	-0.1082672	0.000105624	5021.631	-0.001525902	6	6	-0.1081364	0	0	0	0	0	0	0	0	0	0	0	0	0	54	0	
2	3328	-0.1079605	0.000105814	5022.631	-0.001525902	6	6	-0.1076364	0	0	0	0	0	0	0	0	0	0	0	0	0	54	0	
2	3329	-0.107347	0.000105998	5023.631	-0.001525902	6	6	-0.1071364	0	0	0	0	0	0	0	0	0	0	0	0	0	54	0	
2	3330	-0.1070403	0.000106188	5024.631	-0.001525902	6	6	-0.1066364	0	0	0	0	0	0	0	0	0	0	0	0	0	54	0	
2	3331	-0.1064269	0.000106378	5025.631	-0.001525902	6	6	-0.1061364	0	0	0	0	0	0	0	0	0	0	0	0	0	54	0	
2	3332	-0.1058135	0.000106581	5026.631	-0.001525902	6	6	-0.1056364	0	0	0	0	0	0	0	0	0	0	0	0	0	54	0	
2	3333	-0.1055068	0.000106765	5027.631	-0.001525902	6	6	-0.1051364	0	0	0	0	0	0	0	0	0	0	0	0	0	54	0	
2	3334	-0.1048934	0.000106955	5028.631	-0.001525902	6	6	-0.1046364	0	0	0	0	0	0	0	0	0	0	0	0	0	54	0	
2	3335	-0.1045867	0.000107151	5029.631	-0.001525902	6	6	-0.1041364	0	0	0	0	0	0	0	0	0	0	0	0	0	54	0	
2	3336	-0.1039733	0.000107347	5030.631	-0.001525902	6	6	-0.1036364	0	0	0	0	0	0	0	0	0	0	0	0	0	54	0	
2	3337	-0.1033599	0.000107556	5031.631	-0.001525902	6	6	-0.1031364	0	0	0	0	0	0	0	0	0	0	0	0	0	54	0	
2	3338	-0.1030532	0.000107752	5032.631	-0.001525902	6	6	-0.1026364	0	0	0	0	0	0	0	0	0	0	0	0	0	54	0	
2	3339	-0.1024397	0.000107942	5033.631	-0.001525902	6	6	-0.1021364	0	0	0	0	0	0	0	0	0	0	0	0	0	54	0	
2	3340	-0.102133	0.000108139	5034.631	-0.001525902	6	6	-0.1016364	0	0	0	0	0	0	0	0	0	0	0	0	0	54	0	
2	3341	-0.1015196	0.000108335	5035.631	-0.001525902	6	6	-0.1011364	0	0	0	0	0	0	0	0	0	0	0	0	0	54	0	
2	3342	-0.1009062	0.000108525	5036.631	-0.001525902	6	6	-0.1006364	0	0	0	0	0	0	0	0	0	0	0	0	0	54	0	
2	3343	-0.1005995	0.000108715	5037.631	-0.001525902	6	6	-0.1001364	0	0	0	0	0	0	0	0	0	0	0	0	0	54	0	
2	3344	-0.09998609	0.000108905	5038.631	-0.001525902	6	6	-0.09963642	0	0	0	0	0	0	0	0	0	0	0	0	0	54	0	
2	3345	-0.09937268	0.000109096	5039.631	-0.001525902	6	6	-0.09913642	0	0	0	0	0	0	0	0	0	0	0	0	0	54	0	
2	3346	-0.09906597	0.000109273	5040.631	-0.001525902	6	6	-0.09863642	0	0	0	0	0	0	0	0	0	0	0	0	0	54	0	
2	3347	-0.09845256	0.000109457	5041.631	-0.001525902	6	6	-0.09813642	0	0	0	0	0	0	0	0	0	0	0	0	0	54	0	
2	3348	-0.09783915	0.000109648	5042.631	-0.001525902	6	6	-0.09763642	0	0	0	0	0	0	0	0	0	0	0	0	0	54	0	
2	3349	-0.09753244	0.000109832	5043.631	-0.001525902	6	6	-0.09713642	0	0	0	0	0	0	0	0	0	0	0	0	0	54	0	
2	3350	-0.09691903	0.000110022	5044.631	-0.001525902	6	6	-0.09663642	0	0	0	0	0	0	0	0	0	0	0	0	0	54	0	
2	3351	-0.09661232	0.000110206	5045.631	-0.001525902	6	6	-0.09613642	0	0	0	0	0	0	0	0	0	0	0	0	0	54	0	
2	3352	-0.09599891	0.00011039	5046.631	-0.001525902	6	6	-0.09563642	0	0	0	0	0	0	0	0	0	0	0	0	0	54	0	
2	3353	-0.0953855	0.000110568	5047.631	-0.001525902	6	6	-0.09513642	0	0	0	0	0	0	0	0	0	0	0	0	0	54	0	
2	3354	-0.09507879	0.000110752	5048.631	-0.001525902	6	6	-0.09463642	0	0	0	0	0	0	0	0	0	0	0	0	0	54	0	
2	3355	-0.09446537	0.000110942	5049.631	-0.001525902	6	6	-0.09413642	0	0	0	0	0	0	0	0	0	0	0	0	0	54	0	
2	3356	-0.09385197	0.000111126	5050.631	-0.001525902	6	6	-0.09363642	0	0	0	0	0	0	0	0	0	0	0	0	0	54	0	
2	3357	-0.09354526	0.000111316	5051.631	-0.001525902	6	6	-0.09313642	0	0	0	0	0	0	0	0	0	0	0	0	0	54	0	
2	3358	-0.09293184	0.000111506	5052.631	-0.001525902	6	6	-0.09263642	0	0	0	0	0	0	0	0	0	0	0	0	0	54	0	
2	3359	-0.09262514	0.000111684	5053.631	-0.001525902	6	6	-0.09213642	0	0	0	0	0	0	0	0	0	0	0	0	0	54	0	
2	3360	-0.09201173	0.000111868	5054.631	-0.001525902	6	6	-0.09163642	0	0	0	0	0	0	0	0	0	0	0	0	0	54	0	
2	3361	-0.09139831	0.000112058	5055.631	-0.001525902	6	6	-0.09113642	0	0	0	0	0	0	0	0	0	0	0	0	0	54	0	
2	3362	-0.09109161	0.000112236	5056.631	-0.001525902	6	6	-0.09063642	0	0	0	0	0	0	0	0	0	0	0	0	0	54	0	
2	3363	-0.0904782	0.000112426	5057.631	-0.001525902	6	6	-0.09013642	0	0	0	0	0	0	0	0	0	0	0	0	0	54	0	
2	3364	-0.08986478	0.000112604	5058.631	-0.001525902	6	6	-0.08963642	0	0	0	0	0	0	0	0	0	0	0	0	0	54	0	
2	3365	-0.08955808	0.000112788	5059.631	-0.001525902	6	6	-0.08913642	0	0	0	0	0	0	0	0	0	0	0	0	0	54	0	
2	3366	-0.08894467	0.000112966	5060.631	-0.001525902	6	6	-0.08863642	0	0	0	0	0	0	0	0	0	0	0	0	0	54	0	
2	3367	-0.08833125	0.000113144	5061.631	-0.001525902	6	6	-0.08813642	0	0	0	0	0	0	0	0	0	0	0	0	0	54	0	
2	3368	-0.08802454	0.000113426	5062.631	-0.001525902	6	6	-0.08763642	0	0	0	0	0	0	0	0	0	0	0	0	0	54	0	
2	3369	-0.08741114	0.000113641	5063.631	-0.001525902	6	6	-0.08713642	0	0	0	0	0	0	0	0	0	0	0	0	0	54	0	
2	3370	-0.08710442	0.000113819	5064.631	-0.001525902	6	6	-0.08663642	0	0	0	0	0	0	0	0	0	0	0	0	0	54	0	
2	3371	-0.08649101	0.000114003	5065.631	-0.001525902	6	6	-0.08613642	0	0	0	0	0	0	0	0	0	0	0	0	0	54	0	
2	3372	-0.08618431	0.00011431	5066.631	-0.001525902	6	6	-0.08563642	0	0	0	0	0	0	0	0	0	0	0	0	0	54	0	
2	3373	-0.08557089	0.000114567	5067.631	-0.001525902	6	6	-0.08513642	0	0	0	0	0	0	0	0	0	0	0	0	0	54	0	
2	3374	-0.08495748	0.000114751	5068.631	-0.001525902	6	6	-0.08463642	0	0	0	0	0	0	0	0	0	0	0	0	0	54	0	
2	3375	-0.08434407	0.000114935	5069.631	-0.001525902	6	6	-0.08413642	0	0	0	0	0	0	0	0	0	0	0	0	0	54	0	
2	3376	-0.08403736	0.000115107	5070.631	-0.001525902	6	6	-0.08363642	0	0	0	0	0	0	0	0	0	0	0	0	0	54	0	
2	3377	-0.08342395	0.000115254	5071.631	-0.001525902	6	6	-0.08313642	0	0	0	0	0	0	0	0	0	0	0	0	0	54	0	
2	3378	-0.08311725	0.000115414	5072.631	-0.001525902	6	6	-0.08263642	0	0	0	0	0	0	0	0	0	0	0	0	0	54	0	
2	3379	-0.08250383	0.000115585	5073.631	-0.001525902	6	6	-0.08213642	0	0	0	0	0	0	0	0	0	0	0	0	0	54	0	
2	3380	-0.08189042	0.000115763	5074.631	-0.001525902	6	6	-0.08163642	0	0	0	0	0	0	0	0	0	0	0	0	0	54	0	
2	3381	-0.08158371	0.000115941	5075.631	-0.001525902	6	6	-0.08113642	0	0	0	0	0	0	0	0	0	0	0	0	0	54	0	
2	3382	-0.0809703	0.000116125	5076.631	-0.001525902	6	6	-0.08063642	0	0	0	0	0	0	0	0	0	0	0	0	0	54	0	
2	3383	-0.08035689	0.000116303	5077.631	-0.001525902	6	6	-0.08013642	0	0	0	0	0	0	0	0	0	0	0	0	0	54	0	
2	3384	-0.08005018	0.000116469	5078.631	-0.001525902	6	6	-0.07963642	0	0	0	0	0	0	0	0	0	0	0	0	0	54	0	
2	3385	-0.07943676	0.000116653	5079.631	-0.001525902	6	6	-0.07913642	0	0	0	0	0	0	0	0	0	0	0	0	0	54	0	
2	3386	-0.07913006	0.000116837	5080.631	-0.001525902	6	6	-0.07863642	0	0	0	0	0	0	0	0	0	0	0	0	0	54	0	
2	3387	-0.07851665	0.000117015	5081.631	-0.001525902	6	6	-0.07813642	0	0	0	0	0	0	0	0	0	0	0	0	0	54	0	
2	3388	-0.07790323	0.000117211	5082.631	-0.001525902	6	6	-0.07763642	0	0	0	0	0	0	0	0	0	0	0	0	0	54	0	
2	3389	-0.07728982	0.000117407	5083.631	-0.001525902	6	6	-0.07713642	0	0	0	0	0	0	0	0	0	0	0	0	0	54	0	
2	3390	-0.07698312	0.000117585	5084.631	-0.001525902	6	6	-0.07663642	0	0	0	0	0	0	0	0	0	0	0	0	0	54	0	
2	3391	-0.0763697	0.000117763	5085.631	-0.001525902	6	6	-0.07613642	0	0	0	0	0	0	0	0	0	0	0	0	0	54	0	
2	3392	-0.076063	0.000117941	5086.631	-0.001525902	6	6	-0.07563642	0	0	0	0	0	0	0	0	0	0	0	0	0	54	0	
2	3393	-0.07544959	0.000118131	5087.631	-0.001525902	6	6	-0.07513642	0	0	0	0	0	0	0	0	0	0	0	0	0	54	0	
2	3394	-0.07514288	0.000118309	5088.631	-0.001525902	6	6	-0.07463642	0	0	0	0	0	0	0	0	0	0	0	0	0	54	0	
2	3395	-0.07452947	0.000118499	5089.631	-0.001525902	6	6	-0.07413642	0	0	0	0	0	0	0	0	0	0	0	0	0	54	0	
2	3396	-0.07391606	0.000118689	5090.631	-0.001525902	6	6	-0.07363642	0	0	0	0	0	0	0	0	0	0	0	0	0	54	0	
2	3397	-0.07330264	0.000118873	5091.631	-0.001525902	6	6	-0.07313642	0	0	0	0	0	0	0	0	0	0	0	0	0	54	0	
2	3398	-0.07299593	0.000119057	5092.631	-0.001525902	6	6	-0.07263642	0	0	0	0	0	0	0	0	0	0	0	0	0	54	0	
2	3399	-0.07238252	0.000119254	5093.631	-0.001525902	6	6	-0.07213642	0	0	0	0	0	0	0	0	0	0	0	0	0	54	0	
2	3400	-0.07207581	0.000119438	5094.631	-0.001525902	6	6	-0.07163642	0	0	0	0	0	0	0	0	0	0	0	0	0	54	0	
2	3401	-0.0714624	0.000119622	5095.631	-0.001525902	6	6	-0.07113642	0	0	0	0	0	0	0	0	0	0	0	0	0	54	0	
2	3402	-0.0711557	0.0001198	5096.631	-0.001525902	6	6	-0.07063642	0	0	0	0	0	0	0	0	0	0	0	0	0	54	0	
2	3403	-0.07054228	0.000119977	5097.631	-0.001525902	6	6	-0.07013642	0	0	0	0	0	0	0	0	0	0	0	0	0	54	0	
2	3404	-0.06992887	0.000120137	5098.631	-0.001525902	6	6	-0.06963642	0	0	0	0	0	0	0	0	0	0	0	0	0	54	0	
2	3405	-0.06962217	0.000120321	5099.631	-0.001525902	6	6	-0.06913642	0	0	0	0	0	0	0	0	0	0	0	0	0	54	0	
2	3406	-0.06900875	0.000120505	5100.631	-0.001525902	6	6	-0.06863642	0	0	0	0	0	0	0	0	0	0	0	0	0	54	0	
2	3407	-0.06870204	0.000120658	5101.631	-0.001525902	6	6	-0.06813642	0	0	0	0	0	0	0	0	0	0	0	0	0	54	0	
2	3408	-0.06808864	0.000120836	5102.631	-0.001525902	6	6	-0.06763642	0	0	0	0	0	0	0	0	0	0	0	0	0	54	0	
2	3409	-0.06747522	0.000121026	5103.631	-0.001525902	6	6	-0.06713642	0	0	0	0	0	0	0	0	0	0	0	0	0	54	0	
2	3410	-0.06716851	0.000121217	5104.631	-0.001525902	6	6	-0.06663642	0	0	0	0	0	0	0	0	0	0	0	0	0	54	0	
2	3411	-0.0665551	0.000121407	5105.631	-0.001525902	6	6	-0.06613642	0	0	0	0	0	0	0	0	0	0	0	0	0	54	0	
2	3412	-0.06594169	0.000121603	5106.631	-0.001525902	6	6	-0.06563642	0	0	0	0	0	0	0	0	0	0	0	0	0	54	0	
2	3413	-0.06563498	0.000121793	5107.631	-0.001525902	6	6	-0.06513642	0	0	0	0	0	0	0	0	0	0	0	0	0	54	0	
2	3414	-0.06502157	0.000121983	5108.631	-0.001525902	6	6	-0.06463642	0	0	0	0	0	0	0	0	0	0	0	0	0	54	0	
2	3415	-0.06440815	0.000122161	5109.631	-0.001525902	6	6	-0.06413642	0	0	0	0	0	0	0	0	0	0	0	0	0	54	0	
2	3416	-0.06410145	0.000122333	5110.631	-0.001525902	6	6	-0.06363642	0	0	0	0	0	0	0	0	0	0	0	0	0	54	0	
2	3417	-0.06348804	0.000122511	5111.631	-0.001525902	6	6	-0.06313642	0	0	0	0	0	0	0	0	0	0	0	0	0	54	0	
2	3418	-0.06287462	0.000122695	5112.631	-0.001525902	6	6	-0.06263642	0	0	0	0	0	0	0	0	0	0	0	0	0	54	0	
2	3419	-0.06256792	0.000122885	5113.631	-0.001525902	6	6	-0.06213642	0	0	0	0	0	0	0	0	0	0	0	0	0	54	0	
2	3420	-0.06195451	0.000123075	5114.631	-0.001525902	6	6	-0.06163642	0	0	0	0	0	0	0	0	0	0	0	0	0	54	0	
2	3421	-0.0616478	0.000123265	5115.631	-0.001525902	6	6	-0.06113642	0	0	0	0	0	0	0	0	0	0	0	0	0	54	0	
2	3422	-0.06103439	0.000123449	5116.631	-0.001525902	6	6	-0.06063642	0	0	0	0	0	0	0	0	0	0	0	0	0	54	0	
2	3423	-0.06042098	0.000123633	5117.631	-0.001525902	6	6	-0.06013642	0	0	0	0	0	0	0	0	0	0	0	0	0	54	0	
2	3424	-0.06011427	0.000123817	5118.631	-0.001525902	6	6	-0.05963642	0	0	0	0	0	0	0	0	0	0	0	0	0	54	0	
2	3425	-0.05950085	0.000123995	5119.631	-0.001525902	6	6	-0.05913642	0	0	0	0	0	0	0	0	0	0	0	0	0	54	0	
2	3426	-0.05888744	0.000124155	5120.631	-0.001525902	6	6	-0.05863642	0	0	0	0	0	0	0	0	0	0	0	0	0	54	0	
2	3427	-0.05858074	0.000124327	5121.631	-0.001525902	6	6	-0.05813642	0	0	0	0	0	0	0	0	0	0	0	0	0	54	0	
2	3428	-0.05796732	0.000124504	5122.631	-0.001525902	6	6	-0.05763642	0	0	0	0	0	0	0	0	0	0	0	0	0	54	0	
2	3429	-0.05735391	0.000124695	5123.631	-0.001525902	6	6	-0.05713642	0	0	0	0	0	0	0	0	0	0	0	0	0	54	0	
2	3430	-0.0570472	0.000124872	5124.631	-0.001525902	6	6	-0.05663642	0	0	0	0	0	0	0	0	0	0	0	0	0	54	0	
2	3431	-0.0567405	0.000125044	5125.631	-0.001525902	6	6	-0.05613642	0	0	0	0	0	0	0	0	0	0	0	0	0	54	0	
2	3432	-0.05612709	0.000125234	5126.631	-0.001525902	6	6	-0.05563642	0	0	0	0	0	0	0	0	0	0	0	0	0	54	0	
2	3433	-0.05551367	0.000125425	5127.631	-0.001525902	6	6	-0.05513642	0	0	0	0	0	0	0	0	0	0	0	0	0	54	0	
2	3434	-0.05490026	0.000125596	5128.631	-0.001525902	6	6	-0.05463642	0	0	0	0	0	0	0	0	0	0	0	0	0	54	0	
2	3435	-0.05459356	0.000125737	5129.631	-0.001525902	6	6	-0.05413642	0	0	0	0	0	0	0	0	0	0	0	0	0	54	0	
2	3436	-0.05398014	0.000125891	5130.631	-0.001525902	6	6	-0.05363642	0	0	0	0	0	0	0	0	0	0	0	0	0	54	0	
2	3437	-0.05336673	0.000126032	5131.631	-0.001525902	6	6	-0.05313642	0	0	0	0	0	0	0	0	0	0	0	0	0	54	0	
2	3438	-0.05306002	0.000126191	5132.631	-0.001525902	6	6	-0.05263642	0	0	0	0	0	0	0	0	0	0	0	0	0	54	0	
2	3439	-0.05244661	0.000126357	5133.631	-0.001525902	6	6	-0.05219745	0	0	0	0	0	0	0	0	0	0	0	0	0	54	0	
2	3440	-0.0521399	0.000126529	5134.631	-0.001525902	6	6	-0.05163642	0	0	0	0	0	0	0	0	0	0	0	0	0	54	0	
2	3441	-0.05152649	0.000126707	5135.631	-0.001525902	6	6	-0.05113642	0	0	0	0	0	0	0	0	0	0	0	0	0	54	0	
2	3442	-0.05121978	0.000126878	5136.631	-0.001525902	6	6	-0.05063642	0	0	0	0	0	0	0	0	0	0	0	0	0	54	0	
2	3443	-0.05060637	0.00012705	5137.631	-0.001525902	6	6	-0.05013642	0	0	0	0	0	0	0	0	0	0	0	0	0	54	0	
2	3444	-0.04999296	0.000127234	5138.631	-0.001525902	6	6	-0.04963642	0	0	0	0	0	0	0	0	0	0	0	0	0	54	0	
2	3445	-0.04968625	0.000127412	5139.631	-0.001525902	6	6	-0.04913642	0	0	0	0	0	0	0	0	0	0	0	0	0	54	0	
2	3446	-0.04907284	0.00012759	5140.631	-0.001525902	6	6	-0.04863642	0	0	0	0	0	0	0	0	0	0	0	0	0	54	0	
2	3447	-0.04845943	0.000127768	5141.631	-0.001525902	6	6	-0.04813642	0	0	0	0	0	0	0	0	0	0	0	0	0	54	0	
2	3448	-0.04815272	0.000127933	5142.631	-0.001525902	6	6	-0.04763642	0	0	0	0	0	0	0	0	0	0	0	0	0	54	0	
2	3449	-0.04753931	0.000128093	5143.631	-0.001525902	6	6	-0.04713642	0	0	0	0	0	0	0	0	0	0	0	0	0	54	0	
2	3450	-0.0472326	0.000128252	5144.631	-0.001525902	6	6	-0.04663642	0	0	0	0	0	0	0	0	0	0	0	0	0	54	0	
2	3451	-0.04661919	0.000128418	5145.631	-0.001525902	6	6	-0.04613642	0	0	0	0	0	0	0	0	0	0	0	0	0	54	0	
2	3452	-0.04600578	0.000128571	5146.631	-0.001525902	6	6	-0.04563642	0	0	0	0	0	0	0	0	0	0	0	0	0	54	0	
2	3453	-0.04569907	0.000128719	5147.631	-0.001525902	6	6	-0.04513642	0	0	0	0	0	0	0	0	0	0	0	0	0	54	0	
2	3454	-0.04508566	0.000128878	5148.631	-0.001525902	6	6	-0.04463642	0	0	0	0	0	0	0	0	0	0	0	0	0	54	0	
2	3455	-0.04447224	0.000129019	5149.631	-0.001525902	6	6	-0.04413642	0	0	0	0	0	0	0	0	0	0	0	0	0	54	0	
2	3456	-0.04416554	0.000129166	5150.631	-0.001525902	6	6	-0.04363642	0	0	0	0	0	0	0	0	0	0	0	0	0	54	0	
2	3457	-0.04355213	0.000129338	5151.631	-0.001525902	6	6	-0.04313642	0	0	0	0	0	0	0	0	0	0	0	0	0	54	0	
2	3458	-0.04293871	0.000129485	5152.631	-0.001525902	6	6	-0.04263642	0	0	0	0	0	0	0	0	0	0	0	0	0	54	0	
2	3459	-0.04263201	0.000129614	5153.631	-0.001525902	6	6	-0.04213642	0	0	0	0	0	0	0	0	0	0	0	0	0	54	0	
2	3460	-0.04201859	0.000129731	5154.631	-0.001525902	6	6	-0.04163642	0	0	0	0	0	0	0	0	0	0	0	0	0	54	0	
2	3461	-0.04140518	0.000129866	5155.631	-0.001525902	6	6	-0.04113642	0	0	0	0	0	0	0	0	0	0	0	0	0	54	0	
2	3462	-0.04109848	0.000129994	5156.631	-0.001525902	6	6	-0.04063642	0	0	0	0	0	0	0	0	0	0	0	0	0	54	0	
2	3463	-0.04048506	0.000130166	5157.631	-0.001525902	6	6	-0.04013642	0	0	0	0	0	0	0	0	0	0	0	0	0	54	0	
2	3464	-0.03987165	0.00013035	5158.631	-0.001525902	6	6	-0.03963642	0	0	0	0	0	0	0	0	0	0	0	0	0	54	0	
2	3465	-0.03956494	0.000130534	5159.631	-0.001525902	6	6	-0.03913642	0	0	0	0	0	0	0	0	0	0	0	0	0	54	0	
2	3466	-0.03895153	0.000130706	5160.631	-0.001525902	6	6	-0.03863642	0	0	0	0	0	0	0	0	0	0	0	0	0	54	0	
2	3467	-0.03833812	0.00013089	5161.631	-0.001525902	6	6	-0.03813642	0	0	0	0	0	0	0	0	0	0	0	0	0	54	0	
2	3468	-0.03803141	0.000131062	5162.631	-0.001525902	6	6	-0.03763642	0	0	0	0	0	0	0	0	0	0	0	0	0	54	0	
2	3469	-0.037418	0.00013124	5163.631	-0.001525902	6	6	-0.03713642	0	0	0	0	0	0	0	0	0	0	0	0	0	54	0	
2	3470	-0.03711129	0.000131418	5164.631	-0.001525902	6	6	-0.03663642	0	0	0	0	0	0	0	0	0	0	0	0	0	54	0	
2	3471	-0.03649788	0.000131571	5165.631	-0.001525902	6	6	-0.03613642	0	0	0	0	0	0	0	0	0	0	0	0	0	54	0	
2	3472	-0.03619117	0.00013173	5166.631	-0.001525902	6	6	-0.03563642	0	0	0	0	0	0	0	0	0	0	0	0	0	54	0	
2	3473	-0.03557776	0.000131878	5167.631	-0.001525902	6	6	-0.03513642	0	0	0	0	0	0	0	0	0	0	0	0	0	54	0	
2	3474	-0.03496435	0.000132031	5168.631	-0.001525902	6	6	-0.03463642	0	0	0	0	0	0	0	0	0	0	0	0	0	54	0	
2	3475	-0.03465764	0.000132184	5169.631	-0.001525902	6	6	-0.03413642	0	0	0	0	0	0	0	0	0	0	0	0	0	54	0	
2	3476	-0.03404423	0.000132325	5170.631	-0.001525902	6	6	-0.03363642	0	0	0	0	0	0	0	0	0	0	0	0	0	54	0	
2	3477	-0.03343081	0.00013243	5171.631	-0.001525902	6	6	-0.03313642	0	0	0	0	0	0	0	0	0	0	0	0	0	54	0	
2	3478	-0.03312411	0.000132589	5172.631	-0.001525902	6	6	-0.03263642	0	0	0	0	0	0	0	0	0	0	0	0	0	54	0	
2	3479	-0.0325107	0.000132779	5173.631	-0.001525902	6	6	-0.03213642	0	0	0	0	0	0	0	0	0	0	0	0	0	54	0	
2	3480	-0.03189728	0.00013297	5174.631	-0.001525902	6	6	-0.03163642	0	0	0	0	0	0	0	0	0	0	0	0	0	54	0	
2	3481	-0.03159058	0.000133135	5175.631	-0.001525902	6	6	-0.03113642	0	0	0	0	0	0	0	0	0	0	0	0	0	54	0	
2	3482	-0.03097717	0.000133295	5176.631	-0.001525902	6	6	-0.03063642	0	0	0	0	0	0	0	0	0	0	0	0	0	54	0	
2	3483	-0.03067046	0.000133473	5177.631	-0.001525902	6	6	-0.03013642	0	0	0	0	0	0	0	0	0	0	0	0	0	54	0	
2	3484	-0.03005705	0.000133657	5178.631	-0.001525902	6	6	-0.02963642	0	0	0	0	0	0	0	0	0	0	0	0	0	54	0	
2	3485	-0.02944363	0.000133834	5179.631	-0.001525902	6	6	-0.02916694	0	0	0	0	0	0	0	0	0	0	0	0	0	54	0	
2	3486	-0.02913693	0.000134012	5180.631	-0.001525902	6	6	-0.02863642	0	0	0	0	0	0	0	0	0	0	0	0	0	54	0	
2	3487	-0.02852352	0.000134196	5181.631	-0.001525902	6	6	-0.02813642	0	0	0	0	0	0	0	0	0	0	0	0	0	54	0	
2	3488	-0.0279101	0.000134368	5182.631	-0.001525902	6	6	-0.02763642	0	0	0	0	0	0	0	0	0	0	0	0	0	54	0	
2	3489	-0.0276034	0.000134552	5183.631	-0.001525902	6	6	-0.02713642	0	0	0	0	0	0	0	0	0	0	0	0	0	54	0	
2	3490	-0.02698998	0.000134724	5184.631	-0.001525902	6	6	-0.02663642	0	0	0	0	0	0	0	0	0	0	0	0	0	54	0	
2	3491	-0.02668328	0.000134896	5185.631	-0.001525902	6	6	-0.02613642	0	0	0	0	0	0	0	0	0	0	0	0	0	54	0	
2	3492	-0.02606986	0.00013508	5186.631	-0.001525902	6	6	-0.02563642	0	0	0	0	0	0	0	0	0	0	0	0	0	54	0	
2	3493	-0.02545645	0.00013527	5187.631	-0.001525902	6	6	-0.02513642	0	0	0	0	0	0	0	0	0	0	0	0	0	54	0	
2	3494	-0.02514975	0.00013546	5188.631	-0.001525902	6	6	-0.02463642	0	0	0	0	0	0	0	0	0	0	0	0	0	54	0	
2	3495	-0.02453633	0.000135656	5189.631	-0.001525902	6	6	-0.02413642	0	0	0	0	0	0	0	0	0	0	0	0	0	54	0	
2	3496	-0.02392292	0.000135846	5190.631	-0.001525902	6	6	-0.02363642	0	0	0	0	0	0	0	0	0	0	0	0	0	54	0	
2	3497	-0.02361621	0.00013603	5191.631	-0.001525902	6	6	-0.02313642	0	0	0	0	0	0	0	0	0	0	0	0	0	54	0	
2	3498	-0.0230028	0.000136202	5192.631	-0.001525902	6	6	-0.02263642	0	0	0	0	0	0	0	0	0	0	0	0	0	54	0	
2	3499	-0.02269609	0.000136386	5193.631	-0.001525902	6	6	-0.02213642	0	0	0	0	0	0	0	0	0	0	0	0	0	54	0	
2	3500	-0.02208268	0.000136576	5194.631	-0.001525902	6	6	-0.02163642	0	0	0	0	0	0	0	0	0	0	0	0	0	54	0	
2	3501	-0.02146927	0.000136742	5195.631	-0.001525902	6	6	-0.02113642	0	0	0	0	0	0	0	0	0	0	0	0	0	54	0	
2	3502	-0.02116256	0.000136914	5196.631	-0.001525902	6	6	-0.02063642	0	0	0	0	0	0	0	0	0	0	0	0	0	54	0	
2	3503	-0.02054915	0.000137055	5197.631	-0.001525902	6	6	-0.02013642	0	0	0	0	0	0	0	0	0	0	0	0	0	54	0	
2	3504	-0.02024244	0.000137233	5198.631	-0.001525902	6	6	-0.01963642	0	0	0	0	0	0	0	0	0	0	0	0	0	54	0	
2	3505	-0.01962903	0.000137405	5199.631	-0.001525902	6	6	-0.01913642	0	0	0	0	0	0	0	0	0	0	0	0	0	54	0	
2	3506	-0.01901562	0.000137589	5200.631	-0.001525902	6	6	-0.01863642	0	0	0	0	0	0	0	0	0	0	0	0	0	54	0	
2	3507	-0.01840221	0.00013776	5201.631	-0.001525902	6	6	-0.01813642	0	0	0	0	0	0	0	0	0	0	0	0	0	54	0	
2	3508	-0.0180955	0.000137926	5202.631	-0.001525902	6	6	-0.01763642	0	0	0	0	0	0	0	0	0	0	0	0	0	54	0	
2	3509	-0.01748209	0.000138079	5203.631	-0.001525902	6	6	-0.01713642	0	0	0	0	0	0	0	0	0	0	0	0	0	54	0	
2	3510	-0.01717538	0.000138251	5204.631	-0.001525902	6	6	-0.01663642	0	0	0	0	0	0	0	0	0	0	0	0	0	54	0	
2	3511	-0.01656197	0.000138435	5205.631	-0.001525902	6	6	-0.01613642	0	0	0	0	0	0	0	0	0	0	0	0	0	54	0	
2	3512	-0.01594855	0.000138631	5206.631	-0.001525902	6	6	-0.01563642	0	0	0	0	0	0	0	0	0	0	0	0	0	54	0	
2	3513	-0.01564185	0.000138815	5207.631	-0.001525902	6	6	-0.01513642	0	0	0	0	0	0	0	0	0	0	0	0	0	54	0	
2	3514	-0.01502844	0.000139012	5208.631	-0.001525902	6	6	-0.01463642	0	0	0	0	0	0	0	0	0	0	0	0	0	54	0	
2	3515	-0.01441502	0.000139202	5209.631	-0.001525902	6	6	-0.01413642	0	0	0	0	0	0	0	0	0	0	0	0	0	54	0	
2	3516	-0.01410832	0.000139386	5210.631	-0.001525902	6	6	-0.01363642	0	0	0	0	0	0	0	0	0	0	0	0	0	54	0	
2	3517	-0.0134949	0.00013957	5211.631	-0.001525902	6	6	-0.01313642	0	0	0	0	0	0	0	0	0	0	0	0	0	54	0	
2	3518	-0.0131882	0.00013976	5212.631	-0.001525902	6	6	-0.01263642	0	0	0	0	0	0	0	0	0	0	0	0	0	54	0	
2	3519	-0.01257479	0.000139938	5213.631	-0.001525902	6	6	-0.01213642	0	0	0	0	0	0	0	0	0	0	0	0	0	54	0	
2	3520	-0.01226808	0.000140116	5214.631	-0.001525902	6	6	-0.01163642	0	0	0	0	0	0	0	0	0	0	0	0	0	54	0	
2	3521	-0.01165467	0.000140312	5215.631	-0.001525902	6	6	-0.01113642	0	0	0	0	0	0	0	0	0	0	0	0	0	54	0	
2	3522	-0.01104125	0.00014049	5216.631	-0.001525902	6	6	-0.01063642	0	0	0	0	0	0	0	0	0	0	0	0	0	54	0	
2	3523	-0.01073455	0.000140674	5217.631	-0.001525902	6	6	-0.01013642	0	0	0	0	0	0	0	0	0	0	0	0	0	54	0	
2	3524	-0.01012114	0.000140864	5218.631	-0.001525902	6	6	-0.009636416	0	0	0	0	0	0	0	0	0	0	0	0	0	54	0	
2	3525	-0.009507722	0.000141048	5219.631	-0.001525902	6	6	-0.009136416	0	0	0	0	0	0	0	0	0	0	0	0	0	54	0	
2	3526	-0.009201015	0.000141232	5220.631	-0.001525902	6	6	-0.008636416	0	0	0	0	0	0	0	0	0	0	0	0	0	54	0	
2	3527	-0.008587603	0.000141422	5221.631	-0.001525902	6	6	-0.008136416	0	0	0	0	0	0	0	0	0	0	0	0	0	54	0	
2	3528	-0.007974191	0.000141606	5222.631	-0.001525902	6	6	-0.007636416	0	0	0	0	0	0	0	0	0	0	0	0	0	54	0	
2	3529	-0.007667484	0.00014179	5223.631	-0.001525902	6	6	-0.007136416	0	0	0	0	0	0	0	0	0	0	0	0	0	54	0	
2	3530	-0.007054071	0.000141962	5224.631	-0.001525902	6	6	-0.006636416	0	0	0	0	0	0	0	0	0	0	0	0	0	54	0	
2	3531	-0.006747365	0.000142152	5225.631	-0.001525902	6	6	-0.006136416	0	0	0	0	0	0	0	0	0	0	0	0	0	54	0	
2	3532	-0.006133952	0.000142342	5226.631	-0.001525902	6	6	-0.005636416	0	0	0	0	0	0	0	0	0	0	0	0	0	54	0	
2	3533	-0.005520539	0.000142526	5227.631	-0.001525902	6	6	-0.005136416	0	0	0	0	0	0	0	0	0	0	0	0	0	54	0	
2	3534	-0.005213833	0.000142723	5228.631	-0.001525902	6	6	-0.004636416	0	0	0	0	0	0	0	0	0	0	0	0	0	54	0	
2	3535	-0.004600421	0.000142907	5229.631	-0.001525902	6	6	-0.004136416	0	0	0	0	0	0	0	0	0	0	0	0	0	54	0	
2	3536	-0.003987008	0.000143103	5230.631	-0.001525902	6	6	-0.003636416	0	0	0	0	0	0	0	0	0	0	0	0	0	54	0	
2	3537	-0.003680301	0.000143293	5231.631	-0.001525902	6	6	-0.003136416	0	0	0	0	0	0	0	0	0	0	0	0	0	54	0	
2	3538	-0.003066889	0.000143483	5232.631	-0.001525902	6	6	-0.002636416	0	0	0	0	0	0	0	0	0	0	0	0	0	54	0	
2	3539	-0.002760182	0.000143661	5233.631	-0.001525902	6	6	-0.002136416	0	0	0	0	0	0	0	0	0	0	0	0	0	54	0	
2	3540	-0.00214677	0.000143851	5234.631	-0.001525902	6	6	-0.001636416	0	0	0	0	0	0	0	0	0	0	0	0	0	54	0	
2	3541	-0.001533357	0.000144054	5235.631	-0.001525902	6	6	-0.001136416	0	0	0	0	0	0	0	0	0	0	0	0	0	54	0	
2	3542	-0.000919944	0.00014425	5236.631	-0.001525902	6	6	-0.000636416	0	0	0	0	0	0	0	0	0	0	0	0	0	54	0	
2	3543	-0.000613238	0.00014444	5237.631	-0.001525902	6	6	-0.000136416	0	0	0	0	0	0	0	0	0	0	0	0	0	54	0	
2	3544	1.75E-07	0.000144624	5238.631	-0.001525902	6	6	0.000363584	0	0	0	0	0	0	0	0	0	0	0	0	0	54	0	
2	3545	0.000613587	0.000144821	5239.631	-0.001525902	6	6	0.000863584	0	0	0	0	0	0	0	0	0	0	0	0	0	54	0	
2	3546	0.000920294	0.000144999	5240.631	-0.001525902	6	6	0.001363584	0	0	0	0	0	0	0	0	0	0	0	0	0	54	0	
2	3547	0.001227	0.000145195	5241.631	-0.001525902	6	262	0.001863584	0	0	0	0	0	0	0	0	0	0	0	0	0	54	0	
2	3548	0.001533706	0.000145379	5242.631	-0.001525902	6	6	0.002363584	0	0	0	0	0	0	0	0	0	0	0	0	0	54	0	
2	3549	0.002147119	0.000145569	5243.631	-0.001525902	6	6	0.002863584	0	0	0	0	0	0	0	0	0	0	0	0	0	54	0	
2	3550	0.002760532	0.000145753	5244.631	-0.001525902	6	6	0.003363584	0	0	0	0	0	0	0	0	0	0	0	0	0	54	0	
2	3551	0.003067238	0.000145943	5245.631	-0.001525902	6	6	0.003863584	0	0	0	0	0	0	0	0	0	0	0	0	0	54	0	
2	3552	0.003680651	0.000146139	5246.631	-0.001525902	6	6	0.004363584	0	0	0	0	0	0	0	0	0	0	0	0	0	54	0	
2	3553	0.004294063	0.00014633	5247.631	-0.001525902	6	6	0.004863584	0	0	0	0	0	0	0	0	0	0	0	0	0	54	0	
2	3554	0.00460077	0.00014652	5248.631	-0.001525902	6	6	0.005363584	0	0	0	0	0	0	0	0	0	0	0	0	0	54	0	
2	3555	0.005214182	0.000146704	5249.631	-0.001525902	6	6	0.005863585	0	0	0	0	0	0	0	0	0	0	0	0	0	54	0	
2	3556	0.005827595	0.0001469	5250.631	-0.001525902	6	6	0.006363584	0	0	0	0	0	0	0	0	0	0	0	0	0	54	0	
2	3557	0.006134301	0.000147096	5251.631	-0.001525902	6	6	0.006863584	0	0	0	0	0	0	0	0	0	0	0	0	0	54	0	
2	3558	0.006747714	0.000147293	5252.631	-0.001525902	6	6	0.007363584	0	0	0	0	0	0	0	0	0	0	0	0	0	54	0	
2	3559	0.007361127	0.000147464	5253.631	-0.001525902	6	6	0.007863585	0	0	0	0	0	0	0	0	0	0	0	0	0	54	0	
2	3560	0.007667833	0.000147661	5254.631	-0.001525902	6	6	0.008363584	0	0	0	0	0	0	0	0	0	0	0	0	0	54	0	
2	3561	0.008281246	0.000147845	5255.631	-0.001525902	6	6	0.008863584	0	0	0	0	0	0	0	0	0	0	0	0	0	54	0	
2	3562	0.008587952	0.000148029	5256.631	-0.001525902	6	6	0.009363584	0	0	0	0	0	0	0	0	0	0	0	0	0	54	0	
2	3563	0.009201365	0.000148219	5257.631	-0.001525902	6	6	0.009863584	0	0	0	0	0	0	0	0	0	0	0	0	0	54	0	
2	3564	0.009814777	0.000148403	5258.631	-0.001525902	6	6	0.01036358	0	0	0	0	0	0	0	0	0	0	0	0	0	54	0	
2	3565	0.01012148	0.000148587	5259.631	-0.001525902	6	6	0.01086358	0	0	0	0	0	0	0	0	0	0	0	0	0	54	0	
2	3566	0.0107349	0.000148777	5260.631	-0.001525902	6	6	0.01136358	0	0	0	0	0	0	0	0	0	0	0	0	0	54	0	
2	3567	0.0110416	0.000148961	5261.631	-0.001525902	6	6	0.01186358	0	0	0	0	0	0	0	0	0	0	0	0	0	54	0	
2	3568	0.01165502	0.000149151	5262.631	-0.001525902	6	6	0.01236358	0	0	0	0	0	0	0	0	0	0	0	0	0	54	0	
2	3569	0.01196172	0.000149342	5263.631	-0.001525902	6	6	0.01286358	0	0	0	0	0	0	0	0	0	0	0	0	0	54	0	
2	3570	0.01257513	0.000149538	5264.631	-0.001525902	6	6	0.01336358	0	0	0	0	0	0	0	0	0	0	0	0	0	54	0	
2	3571	0.01318855	0.000149728	5265.631	-0.001525902	6	6	0.01386358	0	0	0	0	0	0	0	0	0	0	0	0	0	54	0	
2	3572	0.01380196	0.000149906	5266.631	-0.001525902	6	6	0.01436359	0	0	0	0	0	0	0	0	0	0	0	0	0	54	0	
2	3573	0.01410867	0.000150096	5267.631	-0.001525902	6	6	0.01486359	0	0	0	0	0	0	0	0	0	0	0	0	0	54	0	
2	3574	0.01472208	0.00015028	5268.631	-0.001525902	6	6	0.01536359	0	0	0	0	0	0	0	0	0	0	0	0	0	54	0	
2	3575	0.01533549	0.000150464	5269.631	-0.001525902	6	6	0.01586358	0	0	0	0	0	0	0	0	0	0	0	0	0	54	0	
2	3576	0.0156422	0.000150648	5270.631	-0.001525902	6	6	0.01636359	0	0	0	0	0	0	0	0	0	0	0	0	0	54	0	
2	3577	0.01625561	0.000150826	5271.631	-0.001525902	6	6	0.01686358	0	0	0	0	0	0	0	0	0	0	0	0	0	54	0	
2	3578	0.01656232	0.000151004	5272.631	-0.001525902	6	6	0.01736359	0	0	0	0	0	0	0	0	0	0	0	0	0	54	0	
2	3579	0.01717573	0.000151182	5273.631	-0.001525902	6	6	0.01786358	0	0	0	0	0	0	0	0	0	0	0	0	0	54	0	
2	3580	0.01778914	0.000151366	5274.631	-0.001525902	6	6	0.01836359	0	0	0	0	0	0	0	0	0	0	0	0	0	54	0	
2	3581	0.01809585	0.000151562	5275.631	-0.001525902	6	6	0.01886358	0	0	0	0	0	0	0	0	0	0	0	0	0	54	0	
2	3582	0.01870926	0.000151752	5276.631	-0.001525902	6	6	0.01936359	0	0	0	0	0	0	0	0	0	0	0	0	0	54	0	
2	3583	0.01932267	0.000151955	5277.631	-0.001525902	6	6	0.01986359	0	0	0	0	0	0	0	0	0	0	0	0	0	54	0	
2	3584	0.01962938	0.000152139	5278.631	-0.001525902	6	6	0.02036358	0	0	0	0	0	0	0	0	0	0	0	0	0	54	0	
2	3585	0.02024279	0.000152329	5279.631	-0.001525902	6	6	0.02086359	0	0	0	0	0	0	0	0	0	0	0	0	0	54	0	
2	3586	0.0205495	0.000152519	5280.631	-0.001525902	6	6	0.02136358	0	0	0	0	0	0	0	0	0	0	0	0	0	54	0	
2	3587	0.02116291	0.000152715	5281.631	-0.001525902	6	6	0.02186359	0	0	0	0	0	0	0	0	0	0	0	0	0	54	0	
2	3588	0.02146962	0.000152905	5282.631	-0.001525902	6	6	0.02236358	0	0	0	0	0	0	0	0	0	0	0	0	0	54	0	
2	3589	0.02208303	0.000153108	5283.631	-0.001525902	6	6	0.02286359	0	0	0	0	0	0	0	0	0	0	0	0	0	54	0	
2	3590	0.02269644	0.000153298	5284.631	-0.001525902	6	6	0.02336358	0	0	0	0	0	0	0	0	0	0	0	0	0	54	0	
2	3591	0.02300315	0.00015347	5285.631	-0.001525902	6	6	0.02386359	0	0	0	0	0	0	0	0	0	0	0	0	0	54	0	
2	3592	0.02361656	0.000153654	5286.631	-0.001525902	6	6	0.02436358	0	0	0	0	0	0	0	0	0	0	0	0	0	54	0	
2	3593	0.02422998	0.000153844	5287.631	-0.001525902	6	6	0.02486359	0	0	0	0	0	0	0	0	0	0	0	0	0	54	0	
2	3594	0.02453668	0.000154022	5288.631	-0.001525902	6	6	0.02536358	0	0	0	0	0	0	0	0	0	0	0	0	0	54	0	
2	3595	0.02515009	0.000154212	5289.631	-0.001525902	6	6	0.02586359	0	0	0	0	0	0	0	0	0	0	0	0	0	54	0	
2	3596	0.02576351	0.000154396	5290.631	-0.001525902	6	6	0.02636359	0	0	0	0	0	0	0	0	0	0	0	0	0	54	0	
2	3597	0.02607021	0.00015458	5291.631	-0.001525902	6	6	0.02686359	0	0	0	0	0	0	0	0	0	0	0	0	0	54	0	
2	3598	0.02668363	0.000154764	5292.631	-0.001525902	6	6	0.02736359	0	0	0	0	0	0	0	0	0	0	0	0	0	54	0	
2	3599	0.02699033	0.000154917	5293.631	-0.001525902	6	6	0.02786358	0	0	0	0	0	0	0	0	0	0	0	0	0	54	0	
2	3600	0.02760375	0.000155089	5294.631	-0.001525902	6	6	0.02836359	0	0	0	0	0	0	0	0	0	0	0	0	0	54	0	
2	3601	0.02821716	0.000155267	5295.631	-0.001525902	6	6	0.02886358	0	0	0	0	0	0	0	0	0	0	0	0	0	54	0	
2	3602	0.02852386	0.000155457	5296.631	-0.001525902	6	6	0.02936359	0	0	0	0	0	0	0	0	0	0	0	0	0	54	0	
2	3603	0.02913728	0.000155629	5297.631	-0.001525902	6	6	0.02986358	0	0	0	0	0	0	0	0	0	0	0	0	0	54	0	
2	3604	0.02944398	0.000155788	5298.631	-0.001525902	6	6	0.03036359	0	0	0	0	0	0	0	0	0	0	0	0	0	54	0	
2	3605	0.0300574	0.000155966	5299.631	-0.001525902	6	6	0.03086358	0	0	0	0	0	0	0	0	0	0	0	0	0	54	0	
2	3606	0.03067081	0.000156126	5300.631	-0.001525902	6	6	0.03136358	0	0	0	0	0	0	0	0	0	0	0	0	0	54	0	
2	3607	0.03097752	0.000156273	5301.631	-0.001525902	6	6	0.03186359	0	0	0	0	0	0	0	0	0	0	0	0	0	54	0	
2	3608	0.03159093	0.000156426	5302.631	-0.001525902	6	6	0.03236359	0	0	0	0	0	0	0	0	0	0	0	0	0	54	0	
2	3609	0.03220434	0.000156574	5303.631	-0.001525902	6	6	0.03286359	0	0	0	0	0	0	0	0	0	0	0	0	0	54	0	
2	3610	0.03251105	0.000156739	5304.631	-0.001525902	6	6	0.03336358	0	0	0	0	0	0	0	0	0	0	0	0	0	54	0	
2	3611	0.03312446	0.000156929	5305.631	-0.001525902	6	6	0.03386359	0	0	0	0	0	0	0	0	0	0	0	0	0	54	0	
2	3612	0.03373787	0.000157107	5306.631	-0.001525902	6	6	0.03436359	0	0	0	0	0	0	0	0	0	0	0	0	0	54	0	
2	3613	0.03404458	0.000157291	5307.631	-0.001525902	6	6	0.03486359	0	0	0	0	0	0	0	0	0	0	0	0	0	54	0	
2	3614	0.03465799	0.000157469	5308.631	-0.001525902	6	6	0.03536358	0	0	0	0	0	0	0	0	0	0	0	0	0	54	0	
2	3615	0.0349647	0.000157641	5309.631	-0.001525902	6	6	0.03586359	0	0	0	0	0	0	0	0	0	0	0	0	0	54	0	
2	3616	0.03557811	0.000157831	5310.631	-0.001525902	6	6	0.03636359	0	0	0	0	0	0	0	0	0	0	0	0	0	54	0	
2	3617	0.03619152	0.000158021	5311.631	-0.001525902	6	6	0.03686358	0	0	0	0	0	0	0	0	0	0	0	0	0	54	0	
2	3618	0.03649823	0.000158211	5312.631	-0.001525902	6	6	0.03736359	0	0	0	0	0	0	0	0	0	0	0	0	0	54	0	
2	3619	0.03711164	0.000158395	5313.631	-0.001525902	6	6	0.03786359	0	0	0	0	0	0	0	0	0	0	0	0	0	54	0	
2	3620	0.03772505	0.00015858	5314.631	-0.001525902	6	6	0.03836359	0	0	0	0	0	0	0	0	0	0	0	0	0	54	0	
2	3621	0.03803176	0.000158757	5315.631	-0.001525902	6	6	0.03886358	0	0	0	0	0	0	0	0	0	0	0	0	0	54	0	
2	3622	0.03864517	0.000158935	5316.631	-0.001525902	6	6	0.03936359	0	0	0	0	0	0	0	0	0	0	0	0	0	54	0	
2	3623	0.03925858	0.000159101	5317.631	-0.001525902	6	6	0.03986359	0	0	0	0	0	0	0	0	0	0	0	0	0	54	0	
2	3624	0.03956529	0.000159279	5318.631	-0.001525902	6	6	0.04036359	0	0	0	0	0	0	0	0	0	0	0	0	0	54	0	
2	3625	0.04017871	0.000159444	5319.631	-0.001525902	6	6	0.04086358	0	0	0	0	0	0	0	0	0	0	0	0	0	54	0	
2	3626	0.04079212	0.00015961	5320.631	-0.001525902	6	6	0.04136359	0	0	0	0	0	0	0	0	0	0	0	0	0	54	0	
2	3627	0.04109883	0.000159782	5321.631	-0.001525902	6	6	0.04186359	0	0	0	0	0	0	0	0	0	0	0	0	0	54	0	
2	3628	0.04171224	0.000159941	5322.631	-0.001525902	6	6	0.04236359	0	0	0	0	0	0	0	0	0	0	0	0	0	54	0	
2	3629	0.04232565	0.000160107	5323.631	-0.001525902	6	6	0.04286359	0	0	0	0	0	0	0	0	0	0	0	0	0	54	0	
2	3630	0.04263236	0.000160279	5324.631	-0.001525902	6	6	0.04336359	0	0	0	0	0	0	0	0	0	0	0	0	0	54	0	
2	3631	0.04324577	0.000160457	5325.631	-0.001525902	6	6	0.04386359	0	0	0	0	0	0	0	0	0	0	0	0	0	54	0	
2	3632	0.04355247	0.000160634	5326.631	-0.001525902	6	6	0.04436358	0	0	0	0	0	0	0	0	0	0	0	0	0	54	0	
2	3633	0.04416589	0.000160806	5327.631	-0.001525902	6	6	0.04486359	0	0	0	0	0	0	0	0	0	0	0	0	0	54	0	
2	3634	0.0447793	0.000160978	5328.631	-0.001525902	6	6	0.04536359	0	0	0	0	0	0	0	0	0	0	0	0	0	54	0	
2	3635	0.04508601	0.000161156	5329.631	-0.001525902	6	6	0.04586359	0	0	0	0	0	0	0	0	0	0	0	0	0	54	0	
2	3636	0.04569942	0.000161321	5330.631	-0.001525902	6	6	0.04636358	0	0	0	0	0	0	0	0	0	0	0	0	0	54	0	
2	3637	0.04600612	0.000161499	5331.631	-0.001525902	6	6	0.04686359	0	0	0	0	0	0	0	0	0	0	0	0	0	54	0	
2	3638	0.04661954	0.000161683	5332.631	-0.001525902	6	6	0.04736359	0	0	0	0	0	0	0	0	0	0	0	0	0	54	0	
2	3639	0.04723295	0.000161861	5333.631	-0.001525902	6	6	0.04786359	0	0	0	0	0	0	0	0	0	0	0	0	0	54	0	
2	3640	0.04753966	0.000162051	5334.631	-0.001525902	6	6	0.04836359	0	0	0	0	0	0	0	0	0	0	0	0	0	54	0	
2	3641	0.04815307	0.000162229	5335.631	-0.001525902	6	6	0.04886359	0	0	0	0	0	0	0	0	0	0	0	0	0	54	0	
2	3642	0.04845978	0.000162407	5336.631	-0.001525902	6	6	0.04936359	0	0	0	0	0	0	0	0	0	0	0	0	0	54	0	
2	3643	0.04907319	0.000162585	5337.631	-0.001525902	6	6	0.04986359	0	0	0	0	0	0	0	0	0	0	0	0	0	54	0	
2	3644	0.0496866	0.000162763	5338.631	-0.001525902	6	6	0.05036359	0	0	0	0	0	0	0	0	0	0	0	0	0	54	0	
2	3645	0.04999331	0.000162935	5339.631	-0.001525902	6	6	0.05086359	0	0	0	0	0	0	0	0	0	0	0	0	0	54	0	
2	3646	0.05060672	0.000163106	5340.631	-0.001525902	6	6	0.05136359	0	0	0	0	0	0	0	0	0	0	0	0	0	54	0	
2	3647	0.05122013	0.000163278	5341.631	-0.001525902	6	6	0.05186359	0	0	0	0	0	0	0	0	0	0	0	0	0	54	0	
2	3648	0.05152684	0.000163462	5342.631	-0.001525902	6	6	0.05236359	0	0	0	0	0	0	0	0	0	0	0	0	0	54	0	
2	3649	0.05214025	0.00016364	5343.631	-0.001525902	6	6	0.05286359	0	0	0	0	0	0	0	0	0	0	0	0	0	54	0	
2	3650	0.05244696	0.000163824	5344.631	-0.001525902	6	6	0.05336359	0	0	0	0	0	0	0	0	0	0	0	0	0	54	0	
2	3651	0.05306037	0.000164002	5345.631	-0.001525902	6	6	0.05386358	0	0	0	0	0	0	0	0	0	0	0	0	0	54	0	
2	3652	0.05367379	0.000164168	5346.631	-0.001525902	6	6	0.05436359	0	0	0	0	0	0	0	0	0	0	0	0	0	54	0	
2	3653	0.05398049	0.000164321	5347.631	-0.001525902	6	6	0.05486359	0	0	0	0	0	0	0	0	0	0	0	0	0	54	0	
2	3654	0.0545939	0.000164481	5348.631	-0.001525902	6	6	0.05536359	0	0	0	0	0	0	0	0	0	0	0	0	0	54	0	
2	3655	0.05490061	0.00016464	5349.631	-0.001525902	6	6	0.05586359	0	0	0	0	0	0	0	0	0	0	0	0	0	54	0	
2	3656	0.05551402	0.000164806	5350.631	-0.001525902	6	6	0.05636359	0	0	0	0	0	0	0	0	0	0	0	0	0	54	0	
2	3657	0.05612744	0.000164965	5351.631	-0.001525902	6	6	0.05686359	0	0	0	0	0	0	0	0	0	0	0	0	0	54	0	
2	3658	0.05674085	0.000165131	5352.631	-0.001525902	6	6	0.05736359	0	0	0	0	0	0	0	0	0	0	0	0	0	54	0	
2	3659	0.05704755	0.000165272	5353.631	-0.001525902	6	6	0.05786359	0	0	0	0	0	0	0	0	0	0	0	0	0	54	0	
2	3660	0.05766097	0.000165431	5354.631	-0.001525902	6	6	0.05836359	0	0	0	0	0	0	0	0	0	0	0	0	0	54	0	
2	3661	0.05796767	0.000165591	5355.631	-0.001525902	6	6	0.05886359	0	0	0	0	0	0	0	0	0	0	0	0	0	54	0	
2	3662	0.05858108	0.00016575	5356.631	-0.001525902	6	6	0.05936359	0	0	0	0	0	0	0	0	0	0	0	0	0	54	0	
2	3663	0.0591945	0.000165934	5357.631	-0.001525902	6	6	0.05986359	0	0	0	0	0	0	0	0	0	0	0	0	0	54	0	
2	3664	0.0595012	0.000166124	5358.631	-0.001525902	6	6	0.06036359	0	0	0	0	0	0	0	0	0	0	0	0	0	54	0	
2	3665	0.06011462	0.000166302	5359.631	-0.001525902	6	6	0.06086359	0	0	0	0	0	0	0	0	0	0	0	0	0	54	0	
2	3666	0.06072803	0.000166493	5360.631	-0.001525902	6	6	0.06136359	0	0	0	0	0	0	0	0	0	0	0	0	0	54	0	
2	3667	0.06103474	0.000166689	5361.631	-0.001525902	6	6	0.06186359	0	0	0	0	0	0	0	0	0	0	0	0	0	54	0	
2	3668	0.06164815	0.000166842	5362.631	-0.001525902	6	6	0.06236359	0	0	0	0	0	0	0	0	0	0	0	0	0	54	0	
2	3669	0.06195486	0.000167032	5363.631	-0.001525902	6	6	0.06286359	0	0	0	0	0	0	0	0	0	0	0	0	0	54	0	
2	3670	0.06256827	0.000167241	5364.631	-0.001525902	6	6	0.06336359	0	0	0	0	0	0	0	0	0	0	0	0	0	54	0	
2	3671	0.06318168	0.000167431	5365.631	-0.001525902	6	6	0.06386359	0	0	0	0	0	0	0	0	0	0	0	0	0	54	0	
</Segment1>																								
																								
<Graph1>																								
Analysis=0																								
Type=Unknown																								
ExternalDataAxis=1																								
ExternalDataName=																								
Y2AxisSmoothing=None																								
YAxisSmoothing=None																								
XAxisSmoothing=None																								
Y2AxisReferenceElectrode=SCE Saturated Calomel (sat'd KCI)																								
YAxisReferenceElectrode=SCE Saturated Calomel (sat'd KCI)																								
XAxisReferenceElectrode=SCE Saturated Calomel (sat'd KCI)																								
Y2AxisMath=																								
YAxisMath=																								
XAxisMath=																								
LockAspectRatio=False																								
Grid=True																								
Legend=False																								
GraphTitle=																								
Y2DataColor=-16744448																								
GridColor=-10039894																								
BackgroundColor=-1																								
SelectionColor=-65536																								
AnalysisColor=-4565549																								
DataSymbolSize=2																								
DataSymbolColor=-12490271																								
DataSymbolType=Circle																								
DataSymbol=False																								
DataLineColor=-12490271																								
DataLine=True																								
Y2AxisManualScaleMax=																								
Y2AxisManualScaleMin=																								
Y2AxisManualAdjustment=False																								
Y2AxisNormalizeToMass=False																								
Y2AxisNormalizeWithArea=False																								
Y2AxisNegateValues=False																								
Y2AxisScientificLabels=False																								
Y2AxisReverse=False																								
Y2AxisLog=False																								
Y2AxisName=Potential (V)																								
Y2AxisType=Potential (V)																								
Y2Axis=False																								
YAxisManualScaleMax=																								
YAxisManualScaleMin=																								
YAxisManualAdjustment=False																								
YAxisNormalizeToMass=False																								
YAxisNormalizeWithArea=False																								
YAxisNegateValues=False																								
YAxisScientificLabels=False																								
YAxisReverse=False																								
YAxisLog=False																								
YAxisName=Potential (V)																								
YAxisType=Potential (V)																								
XAxisManualScaleMax=																								
XAxisManualScaleMin=																								
XAxisManualAdjustment=False																								
XAxisNormalizeToMass=False																								
XAxisNormalizeWithArea=False																								
XAxisNegateValues=False																								
XAxisScientificLabels=False																								
XAxisReverse=False																								
XAxisLog=False																								
XAxisName=Elapsed Time (s)																								
XAxisType=Elapsed Time (s)																								
Height=359																								
Width=1310																								
LocY=25																								
LocX=-1310																								
</Graph1>																								
																								
<Graph2>																								
Analysis=0																								
Type=Unknown																								
ExternalDataAxis=1																								
ExternalDataName=																								
Y2AxisSmoothing=None																								
YAxisSmoothing=None																								
XAxisSmoothing=None																								
Y2AxisReferenceElectrode=SCE Saturated Calomel (sat'd KCI)																								
YAxisReferenceElectrode=SCE Saturated Calomel (sat'd KCI)																								
XAxisReferenceElectrode=SCE Saturated Calomel (sat'd KCI)																								
Y2AxisMath=																								
YAxisMath=																								
XAxisMath=																								
LockAspectRatio=False																								
Grid=True																								
Legend=False																								
GraphTitle=																								
Y2DataColor=-16744448																								
GridColor=-10039894																								
BackgroundColor=-1																								
SelectionColor=-65536																								
AnalysisColor=-4565549																								
DataSymbolSize=1																								
DataSymbolColor=-12490271																								
DataSymbolType=Circle																								
DataSymbol=False																								
DataLineColor=-12490271																								
DataLine=True																								
Y2AxisManualScaleMax=																								
Y2AxisManualScaleMin=																								
Y2AxisManualAdjustment=False																								
Y2AxisNormalizeToMass=False																								
Y2AxisNormalizeWithArea=False																								
Y2AxisNegateValues=False																								
Y2AxisScientificLabels=False																								
Y2AxisReverse=False																								
Y2AxisLog=False																								
Y2AxisName=Potential (V)																								
Y2AxisType=Potential (V)																								
Y2Axis=False																								
YAxisManualScaleMax=																								
YAxisManualScaleMin=																								
YAxisManualAdjustment=False																								
YAxisNormalizeToMass=False																								
YAxisNormalizeWithArea=False																								
YAxisNegateValues=False																								
YAxisScientificLabels=False																								
YAxisReverse=False																								
YAxisLog=False																								
YAxisName=Phase of Z (deg)																								
YAxisType=Phase of Z (deg)																								
XAxisManualScaleMax=																								
XAxisManualScaleMin=																								
XAxisManualAdjustment=False																								
XAxisNormalizeToMass=False																								
XAxisNormalizeWithArea=False																								
XAxisNegateValues=False																								
XAxisScientificLabels=False																								
XAxisReverse=False																								
XAxisLog=False																								
XAxisName=Frequency (Hz)																								
XAxisType=Frequency (Hz)																								
Height=359																								
Width=1310																								
LocY=25																								
LocX=-1310																								
</Graph2>																								
																								
<Graph3>																								
Analysis=0																								
Type=Unknown																								
ExternalDataAxis=1																								
ExternalDataName=																								
Y2AxisSmoothing=None																								
YAxisSmoothing=None																								
XAxisSmoothing=None																								
Y2AxisReferenceElectrode=SCE Saturated Calomel (sat'd KCI)																								
YAxisReferenceElectrode=SCE Saturated Calomel (sat'd KCI)																								
XAxisReferenceElectrode=SCE Saturated Calomel (sat'd KCI)																								
Y2AxisMath=																								
YAxisMath=																								
XAxisMath=																								
LockAspectRatio=False																								
Grid=True																								
Legend=False																								
GraphTitle=																								
Y2DataColor=-16744448																								
GridColor=-10039894																								
BackgroundColor=-1																								
SelectionColor=-65536																								
AnalysisColor=-4565549																								
DataSymbolSize=1																								
DataSymbolColor=-12490271																								
DataSymbolType=Circle																								
DataSymbol=False																								
DataLineColor=-12490271																								
DataLine=True																								
Y2AxisManualScaleMax=																								
Y2AxisManualScaleMin=																								
Y2AxisManualAdjustment=False																								
Y2AxisNormalizeToMass=False																								
Y2AxisNormalizeWithArea=False																								
Y2AxisNegateValues=False																								
Y2AxisScientificLabels=False																								
Y2AxisReverse=False																								
Y2AxisLog=False																								
Y2AxisName=Potential (V)																								
Y2AxisType=Potential (V)																								
Y2Axis=False																								
YAxisManualScaleMax=																								
YAxisManualScaleMin=																								
YAxisManualAdjustment=False																								
YAxisNormalizeToMass=False																								
YAxisNormalizeWithArea=False																								
YAxisNegateValues=False																								
YAxisScientificLabels=False																								
YAxisReverse=False																								
YAxisLog=False																								
YAxisName=|Z| (ohms)																								
YAxisType=|Z| (ohms)																								
XAxisManualScaleMax=																								
XAxisManualScaleMin=																								
XAxisManualAdjustment=False																								
XAxisNormalizeToMass=False																								
XAxisNormalizeWithArea=False																								
XAxisNegateValues=False																								
XAxisScientificLabels=False																								
XAxisReverse=False																								
XAxisLog=False																								
XAxisName=Frequency (Hz)																								
XAxisType=Frequency (Hz)																								
Height=359																								
Width=1310																								
LocY=25																								
LocX=-1310																								
</Graph3>																								
																								
<Graph4>																								
Analysis=0																								
Type=Unknown																								
ExternalDataAxis=1																								
ExternalDataName=																								
Y2AxisSmoothing=None																								
YAxisSmoothing=None																								
XAxisSmoothing=None																								
Y2AxisReferenceElectrode=SCE Saturated Calomel (sat'd KCI)																								
YAxisReferenceElectrode=SCE Saturated Calomel (sat'd KCI)																								
XAxisReferenceElectrode=SCE Saturated Calomel (sat'd KCI)																								
Y2AxisMath=																								
YAxisMath=																								
XAxisMath=																								
LockAspectRatio=True																								
Grid=True																								
Legend=False																								
GraphTitle=																								
Y2DataColor=-13447886																								
GridColor=-10039894																								
BackgroundColor=-1																								
SelectionColor=-65536																								
AnalysisColor=-32768																								
DataSymbolSize=2																								
DataSymbolColor=-16777216																								
DataSymbolType=Circle																								
DataSymbol=True																								
DataLineColor=-12490271																								
DataLine=True																								
Y2AxisManualScaleMax=																								
Y2AxisManualScaleMin=																								
Y2AxisManualAdjustment=False																								
Y2AxisNormalizeToMass=False																								
Y2AxisNormalizeWithArea=False																								
Y2AxisNegateValues=False																								
Y2AxisScientificLabels=False																								
Y2AxisReverse=False																								
Y2AxisLog=False																								
Y2AxisName=																								
Y2AxisType=Current (A)																								
Y2Axis=False																								
YAxisManualScaleMax=																								
YAxisManualScaleMin=																								
YAxisManualAdjustment=False																								
YAxisNormalizeToMass=False																								
YAxisNormalizeWithArea=False																								
YAxisNegateValues=True																								
YAxisScientificLabels=False																								
YAxisReverse=False																								
YAxisLog=False																								
YAxisName=Zim (ohms)																								
YAxisType=Zim (ohms)																								
XAxisManualScaleMax=																								
XAxisManualScaleMin=																								
XAxisManualAdjustment=False																								
XAxisNormalizeToMass=False																								
XAxisNormalizeWithArea=False																								
XAxisNegateValues=False																								
XAxisScientificLabels=False																								
XAxisReverse=False																								
XAxisLog=False																								
XAxisName=Zre (ohms)																								
XAxisType=Zre (ohms)																								
Height=359																								
Width=1310																								
LocY=25																								
LocX=1																								
</Graph4>																								
																								
<Graph5>																								
Analysis=0																								
Type=Unknown																								
ExternalDataAxis=1																								
ExternalDataName=																								
Y2AxisSmoothing=None																								
YAxisSmoothing=None																								
XAxisSmoothing=None																								
Y2AxisReferenceElectrode=SCE Saturated Calomel (sat'd KCI)																								
YAxisReferenceElectrode=SCE Saturated Calomel (sat'd KCI)																								
XAxisReferenceElectrode=SCE Saturated Calomel (sat'd KCI)																								
Y2AxisMath=																								
YAxisMath=																								
XAxisMath=																								
LockAspectRatio=False																								
Grid=True																								
Legend=False																								
GraphTitle=																								
Y2DataColor=-16744448																								
GridColor=-10039894																								
BackgroundColor=-1																								
SelectionColor=-65536																								
AnalysisColor=-4565549																								
DataSymbolSize=1																								
DataSymbolColor=-12490271																								
DataSymbolType=Circle																								
DataSymbol=False																								
DataLineColor=-12490271																								
DataLine=True																								
Y2AxisManualScaleMax=																								
Y2AxisManualScaleMin=																								
Y2AxisManualAdjustment=False																								
Y2AxisNormalizeToMass=False																								
Y2AxisNormalizeWithArea=False																								
Y2AxisNegateValues=False																								
Y2AxisScientificLabels=False																								
Y2AxisReverse=False																								
Y2AxisLog=False																								
Y2AxisName=Potential (V)																								
Y2AxisType=Potential (V)																								
Y2Axis=False																								
YAxisManualScaleMax=																								
YAxisManualScaleMin=																								
YAxisManualAdjustment=False																								
YAxisNormalizeToMass=False																								
YAxisNormalizeWithArea=False																								
YAxisNegateValues=False																								
YAxisScientificLabels=False																								
YAxisReverse=False																								
YAxisLog=False																								
YAxisName=Potential (V)																								
YAxisType=Potential (V)																								
XAxisManualScaleMax=																								
XAxisManualScaleMin=																								
XAxisManualAdjustment=False																								
XAxisNormalizeToMass=False																								
XAxisNormalizeWithArea=False																								
XAxisNegateValues=False																								
XAxisScientificLabels=False																								
XAxisReverse=False																								
XAxisLog=True																								
XAxisName=Current (A)																								
XAxisType=Current (A)																								
Height=359																								
Width=1310																								
LocY=25																								
LocX=-1310																								
</Graph5>																								
																								
<DockingLayout>																								
"<?xml version=""1.0"" encoding=""utf-16""?>"																								
<!--DockPanel configuration file. Author: Weifen Luo	 all rights reserved.-->																							
<!--!!! AUTOMATICALLY GENERATED FILE. DO NOT MODIFY !!!-->																								
"<DockPanel FormatVersion=""1.0"" DockLeftPortion=""0.25"" DockRightPortion=""0.18"" DockTopPortion=""0.25"" DockBottomPortion=""0.25"" ActiveDocumentPane=""2"" ActivePane=""2"">"																								
"  <Contents Count=""7"">"																								
"    <Content ID=""0"" PersistString=""PowerSTAT.DataView"" AutoHidePortion=""0.18"" IsHidden=""False"" IsFloat=""False"" />"																								
"    <Content ID=""1"" PersistString=""PowerSTAT.DataBrowser"" AutoHidePortion=""0.25"" IsHidden=""False"" IsFloat=""False"" />"																								
"    <Content ID=""2"" PersistString=""PowerSTAT.Graph"" AutoHidePortion=""0.25"" IsHidden=""False"" IsFloat=""False"" />"																								
"    <Content ID=""3"" PersistString=""PowerSTAT.Graph"" AutoHidePortion=""0.25"" IsHidden=""False"" IsFloat=""False"" />"																								
"    <Content ID=""4"" PersistString=""PowerSTAT.Graph"" AutoHidePortion=""0.25"" IsHidden=""False"" IsFloat=""False"" />"																								
"    <Content ID=""5"" PersistString=""PowerSTAT.Graph"" AutoHidePortion=""0.25"" IsHidden=""False"" IsFloat=""False"" />"																								
"    <Content ID=""6"" PersistString=""PowerSTAT.Graph"" AutoHidePortion=""0.25"" IsHidden=""False"" IsFloat=""False"" />"																								
  </Contents>																								
"  <Panes Count=""3"">"																								
"    <Pane ID=""0"" DockState=""DockRight"" ActiveContent=""0"">"																								
"      <Contents Count=""1"">"																								
"        <Content ID=""0"" RefID=""0"" />"																								
      </Contents>																								
    </Pane>																								
"    <Pane ID=""1"" DockState=""Document"" ActiveContent=""1"">"																								
"      <Contents Count=""1"">"																								
"        <Content ID=""0"" RefID=""1"" />"																								
      </Contents>																								
    </Pane>																								
"    <Pane ID=""2"" DockState=""Document"" ActiveContent=""5"">"																								
"      <Contents Count=""5"">"																								
"        <Content ID=""0"" RefID=""2"" />"																								
"        <Content ID=""1"" RefID=""3"" />"																								
"        <Content ID=""2"" RefID=""4"" />"																								
"        <Content ID=""3"" RefID=""5"" />"																								
"        <Content ID=""4"" RefID=""6"" />"																								
      </Contents>																								
    </Pane>																								
  </Panes>																								
  <DockWindows>																								
"    <DockWindow ID=""0"" DockState=""Document"" ZOrderIndex=""0"">"																								
"      <NestedPanes Count=""2"">"																								
"        <Pane ID=""0"" RefID=""1"" PrevPane=""-1"" Alignment=""Right"" Proportion=""0.5"" />"																								
"        <Pane ID=""1"" RefID=""2"" PrevPane=""1"" Alignment=""Top"" Proportion=""0.5"" />"																								
      </NestedPanes>																								
    </DockWindow>																								
"    <DockWindow ID=""1"" DockState=""DockLeft"" ZOrderIndex=""2"">"																								
"      <NestedPanes Count=""0"" />"																								
    </DockWindow>																								
"    <DockWindow ID=""2"" DockState=""DockRight"" ZOrderIndex=""1"">"																								
"      <NestedPanes Count=""1"">"																								
"        <Pane ID=""0"" RefID=""0"" PrevPane=""-1"" Alignment=""Bottom"" Proportion=""0.5"" />"																								
      </NestedPanes>																								
    </DockWindow>																								
"    <DockWindow ID=""3"" DockState=""DockTop"" ZOrderIndex=""3"">"																								
"      <NestedPanes Count=""0"" />"																								
    </DockWindow>																								
"    <DockWindow ID=""4"" DockState=""DockBottom"" ZOrderIndex=""4"">"																								
"      <NestedPanes Count=""0"" />"																								
    </DockWindow>																								
  </DockWindows>																								
"  <FloatWindows Count=""0"" />"																								
</DockPanel>																								
</DockingLayout>																								
