<Application>																								
Name=VersaStudio																								
Version=2.60.6.0																								
LoggedIn=Security Disabled																								
Language [VersaStudio]=English (United States) [en-US]																								
Language [Region and Language]=English (United States) [en-US]																								
Language [Windows Operating System]=Chinese (People's Republic of China) [zh-CN]																								
</Application>																								
																								
<Action0>																								
Limits2	Value=0																							
Limits2	Direction=<																							
Limits2	Limits=None																							
Limits1	Value=0																							
Limits1	Direction=<																							
Limits1	Limits=None																							
RotationRateConversionFactor=0.00025																								
Measured Open Circuit=-253.338 mV																								
E2 Cell to Use=Internal																								
Remeasure OC Per Action (External Cell)=No																								
Mass (g)=0																								
Equivalent Weight (g)=0																								
Density (g/ml)=0																								
Working Electrode Area (cm2)=1																								
RDE Speed (Volts)=0																								
Working Electrode Type=Solid Electrode																								
Reference Electrode=SCE Saturated Calomel (sat'd KCI) (0.242 Volts)																								
Segments=0																								
Name=Common																								
Comment=Enter comments about the experiment here.																								
</Action0>																								
																								
<Instrument>																								
Type=VersaSTAT																								
Model=-400																								
SN=13008645																								
Options=FRA	 EIS <Filter:Normal>																							
Firmware=2.60.6.0	2.54.2	2.54.2																						
BoosterDetails=None																								
</Instrument>																								
																								
<Experiment>																								
TimeAcquired=1:55:47 PM																								
DateAcquired=Thursday	 April 02	2026																						
SelectionEnd=0																								
SelectionStart=0																								
Height=661																								
Width=712																								
LocY=0																								
LocX=0																								
Show=True																								
</Experiment>																								
																								
<DataView>																								
ShowDCLabels=False																								
ShowACLabels=False																								
ShowDataFilter=False																								
DataReduction=1																								
ShowEvery=100																								
Decimate=False																								
AutomaticDecimation=False																								
ViewSegments=All Segments																								
Height=328																								
Width=728																								
LocY=0																								
LocX=0																								
Show=True																								
</DataView>																								
																								
<StripView>																								
Height=240																								
Width=344																								
LocY=0																								
LocX=0																								
Show=False																								
</StripView>																								
																								
<Overlays>																								
Height=438																								
Width=294																								
LocY=0																								
LocX=0																								
Show=False																								
</Overlays>																								
																								
<Action1>																								
Limits1	Value=0																							
Limits1	Direction=<																							
Limits1	Limits=None																							
Cell to Use=External																								
LCI Bandwidth Limit=Auto																								
Bandwidth Limit=Auto																								
I/E Stability=Fast																								
I Filter=Auto																								
E2 Filter=Auto																								
E Filter=Auto																								
E Resolution=Auto																								
Electrometer Mode=Auto																								
Acquisition Mode=Auto																								
VoltageRange=+/-6V																								
Current Range=2mA																								
Total Points=600																								
Drift Rate (mV/min)=0																								
Duration (s)=600																								
Time Per Point (s)=1																								
ParentNode=Common																								
Name=Corrosion Open Circuit																								
</Action1>																								
																								
<Action2>																								
ParentNode=Common																								
Name=Measure Open Circuit																								
</Action2>																								
																								
<Action3>																								
Cell to Use=External																								
Leave Cell ON=No																								
LCI Bandwidth Limit=Auto																								
Bandwidth Limit=Auto																								
Electrometer Mode=Single Ended																								
VoltageRange=+/-6V																								
Current Range=Auto																								
Scan Rate (V/s)=.005																								
Measurement Delay (s)=0																								
Data Quality=1																								
Points Per Decade=10																								
Number of Points=30																								
Point Spacing=Logarithmic																								
Final Potential (V)	Versus=vs OC																							
Final Potential (V)	Value=0																							
Potential (V)	Versus=vs OC																							
Potential (V)	Value=0																							
Step or Scan=Step																								
Amplitude (mV RMS)=10																								
End Frequency (Hz)=0.01																								
Start Frequency (Hz)=100000																								
Segments=1																								
ParentNode=Common																								
Name=Potentiostatic EIS																								
</Action3>																								
																								
<Action4>																								
Limits2	Value=0																							
Limits2	Direction=<																							
Limits2	Limits=None																							
Limits1	Value=0																							
Limits1	Direction=<																							
Limits1	Limits=None																							
Cell to Use=External																								
Leave Cell ON=No																								
iR Compensation=Disabled																								
LCI Bandwidth Limit=Auto																								
Bandwidth Limit=Auto																								
I/E Stability=Fast																								
I Filter=Auto																								
E2 Filter=Auto																								
E Filter=Auto																								
Electrometer Mode=Auto																								
Acquisition Mode=Auto																								
VoltageRange=+/-6V																								
Current Range=Auto																								
Total Points=3001																								
Scan Rate (mV/s)=0.5																								
Step Time (s)=1																								
Step Height (mV)=0.5																								
Final Potential (V)	Versus=vs OC																							
Final Potential (V)	Value=0.5																							
Initial Potential (V)	Versus=vs OC																							
Initial Potential (V)	Value=-1																							
ParentNode=Common																								
Name=Tafel																								
</Action4>																								
																								
<Segment1>																								
Type=2																								
Version=3																								
Definition=Segment #	 Point #	 E(V)	 I(A)	 Elapsed Time(s)	 ADC Sync Input(V)	 Current Range	 Status	 E Applied(V)	 Frequency(Hz)	 E Real	 E Imag	 I Real	 I Imag	 Z Real	 Z Imag	 E2 Status	 E2(V)	 E2 Real	 E2 Imag	 Z2 Real	 Z2 Imag	 ActionId	 AC Amplitude	0
0	0	-0.2545661	-3.07E-07	1	-0.001525902	5	5	0	0	0	0	0	0	0	0	0	0	0	0	0	0	12	0	
0	1	-0.2551795	-3.07E-07	2	-0.001525902	5	5	0	0	0	0	0	0	0	0	0	0	0	0	0	0	12	0	
0	2	-0.2564063	-2.45E-07	3	-0.001525902	5	5	0	0	0	0	0	0	0	0	0	0	0	0	0	0	12	0	
0	3	-0.2573265	-3.07E-07	4	-0.001525902	5	5	0	0	0	0	0	0	0	0	0	0	0	0	0	0	12	0	
0	4	-0.2600868	-2.45E-07	5	-0.001525902	5	5	0	0	0	0	0	0	0	0	0	0	0	0	0	0	12	0	
0	5	-0.2665276	-2.45E-07	6	-0.001525902	5	5	0	0	0	0	0	0	0	0	0	0	0	0	0	0	12	0	
0	6	-0.279716	-2.45E-07	7	-0.001525902	5	261	0	0	0	0	0	0	0	0	0	0	0	0	0	0	12	0	
0	7	-0.2968916	-3.07E-07	8	-0.001525902	5	5	0	0	0	0	0	0	0	0	0	0	0	0	0	0	12	0	
0	8	-0.3116135	-2.45E-07	9	-0.001525902	5	5	0	0	0	0	0	0	0	0	0	0	0	0	0	0	12	0	
0	9	-0.3226549	-2.45E-07	10	-0.001525902	5	5	0	0	0	0	0	0	0	0	0	0	0	0	0	0	12	0	
0	10	-0.330936	-2.45E-07	11	-0.001525902	5	5	0	0	0	0	0	0	0	0	0	0	0	0	0	0	12	0	
0	11	-0.3376835	-2.45E-07	12	-0.001525902	5	5	0	0	0	0	0	0	0	0	0	0	0	0	0	0	12	0	
0	12	-0.3432042	-2.45E-07	13	-0.001525902	5	5	0	0	0	0	0	0	0	0	0	0	0	0	0	0	12	0	
0	13	-0.3471914	-2.45E-07	14	-0.001525902	5	5	0	0	0	0	0	0	0	0	0	0	0	0	0	0	12	0	
0	14	-0.3508719	-2.45E-07	15	-0.001525902	5	5	0	0	0	0	0	0	0	0	0	0	0	0	0	0	12	0	
0	15	-0.3536322	-2.45E-07	16	-0.001525902	5	5	0	0	0	0	0	0	0	0	0	0	0	0	0	0	12	0	
0	16	-0.3557792	-2.45E-07	17	-0.001525902	5	261	0	0	0	0	0	0	0	0	0	0	0	0	0	0	12	0	
0	17	-0.3579261	-2.45E-07	18	-0.001525902	5	261	0	0	0	0	0	0	0	0	0	0	0	0	0	0	12	0	
0	18	-0.3600731	-2.45E-07	19	-0.001525902	5	5	0	0	0	0	0	0	0	0	0	0	0	0	0	0	12	0	
0	19	-0.3619133	-2.45E-07	20	-0.001525902	5	5	0	0	0	0	0	0	0	0	0	0	0	0	0	0	12	0	
0	20	-0.3634468	-2.45E-07	21	-0.001525902	5	5	0	0	0	0	0	0	0	0	0	0	0	0	0	0	12	0	
0	21	-0.3646737	-3.07E-07	22	-0.001525902	5	5	0	0	0	0	0	0	0	0	0	0	0	0	0	0	12	0	
0	22	-0.3662072	-2.45E-07	23	-0.001525902	5	5	0	0	0	0	0	0	0	0	0	0	0	0	0	0	12	0	
0	23	-0.367434	-2.45E-07	24	-0.001525902	5	5	0	0	0	0	0	0	0	0	0	0	0	0	0	0	12	0	
0	24	-0.3686608	-2.45E-07	25	-0.001525902	5	5	0	0	0	0	0	0	0	0	0	0	0	0	0	0	12	0	
0	25	-0.3698877	-2.45E-07	26	-0.001525902	5	5	0	0	0	0	0	0	0	0	0	0	0	0	0	0	12	0	
0	26	-0.3708078	-2.45E-07	27	-0.001525902	5	5	0	0	0	0	0	0	0	0	0	0	0	0	0	0	12	0	
0	27	-0.3720346	-2.45E-07	28	-0.001525902	5	5	0	0	0	0	0	0	0	0	0	0	0	0	0	0	12	0	
0	28	-0.3729547	-2.45E-07	29	-0.001525902	5	5	0	0	0	0	0	0	0	0	0	0	0	0	0	0	12	0	
0	29	-0.3738748	-2.45E-07	30	-0.001525902	5	5	0	0	0	0	0	0	0	0	0	0	0	0	0	0	12	0	
0	30	-0.374795	-2.45E-07	31	-0.001525902	5	5	0	0	0	0	0	0	0	0	0	0	0	0	0	0	12	0	
0	31	-0.3757151	-2.45E-07	32	-0.001525902	5	5	0	0	0	0	0	0	0	0	0	0	0	0	0	0	12	0	
0	32	-0.3766352	-2.45E-07	33	-0.001525902	5	5	0	0	0	0	0	0	0	0	0	0	0	0	0	0	12	0	
0	33	-0.3775553	-2.45E-07	34	-0.001525902	5	5	0	0	0	0	0	0	0	0	0	0	0	0	0	0	12	0	
0	34	-0.3784755	-3.07E-07	35	-0.001525902	5	5	0	0	0	0	0	0	0	0	0	0	0	0	0	0	12	0	
0	35	-0.3793956	-2.45E-07	36	-0.001525902	5	5	0	0	0	0	0	0	0	0	0	0	0	0	0	0	12	0	
0	36	-0.3803157	-2.45E-07	37	-0.001525902	5	5	0	0	0	0	0	0	0	0	0	0	0	0	0	0	12	0	
0	37	-0.3809291	-2.45E-07	38	-0.001525902	5	5	0	0	0	0	0	0	0	0	0	0	0	0	0	0	12	0	
0	38	-0.3818492	-2.45E-07	39	-0.001525902	5	5	0	0	0	0	0	0	0	0	0	0	0	0	0	0	12	0	
0	39	-0.3827693	-2.45E-07	40	-0.001525902	5	5	0	0	0	0	0	0	0	0	0	0	0	0	0	0	12	0	
0	40	-0.3836895	-2.45E-07	41	-0.001525902	5	5	0	0	0	0	0	0	0	0	0	0	0	0	0	0	12	0	
0	41	-0.3846096	-2.45E-07	42	-0.001525902	5	5	0	0	0	0	0	0	0	0	0	0	0	0	0	0	12	0	
0	42	-0.385223	-2.45E-07	43	-0.001525902	5	5	0	0	0	0	0	0	0	0	0	0	0	0	0	0	12	0	
0	43	-0.3861431	-2.45E-07	44	-0.001525902	5	5	0	0	0	0	0	0	0	0	0	0	0	0	0	0	12	0	
0	44	-0.3870632	-2.45E-07	45	-0.001525902	5	5	0	0	0	0	0	0	0	0	0	0	0	0	0	0	12	0	
0	45	-0.3876766	-2.45E-07	46	-0.001525902	5	261	0	0	0	0	0	0	0	0	0	0	0	0	0	0	12	0	
0	46	-0.3885968	-2.45E-07	47	-0.001525902	5	5	0	0	0	0	0	0	0	0	0	0	0	0	0	0	12	0	
0	47	-0.3892102	-2.45E-07	48	-0.001525902	5	5	0	0	0	0	0	0	0	0	0	0	0	0	0	0	12	0	
0	48	-0.3901303	-2.45E-07	49	-0.001525902	5	5	0	0	0	0	0	0	0	0	0	0	0	0	0	0	12	0	
0	49	-0.3907437	-2.45E-07	50	-0.001525902	5	5	0	0	0	0	0	0	0	0	0	0	0	0	0	0	12	0	
0	50	-0.3913571	-2.45E-07	51	-0.001525902	5	5	0	0	0	0	0	0	0	0	0	0	0	0	0	0	12	0	
0	51	-0.3919705	-2.45E-07	52	-0.001525902	5	5	0	0	0	0	0	0	0	0	0	0	0	0	0	0	12	0	
0	52	-0.3925839	-2.45E-07	53	-0.001525902	5	5	0	0	0	0	0	0	0	0	0	0	0	0	0	0	12	0	
0	53	-0.3931974	-2.45E-07	54	-0.001525902	5	5	0	0	0	0	0	0	0	0	0	0	0	0	0	0	12	0	
0	54	-0.3938108	-2.45E-07	55	-0.001525902	5	5	0	0	0	0	0	0	0	0	0	0	0	0	0	0	12	0	
0	55	-0.3944242	-2.45E-07	56	-0.001525902	5	5	0	0	0	0	0	0	0	0	0	0	0	0	0	0	12	0	
0	56	-0.3950376	-2.45E-07	57	-0.001525902	5	5	0	0	0	0	0	0	0	0	0	0	0	0	0	0	12	0	
0	57	-0.395651	-2.45E-07	58	-0.001525902	5	5	0	0	0	0	0	0	0	0	0	0	0	0	0	0	12	0	
0	58	-0.3965711	-2.45E-07	59	-0.001525902	5	5	0	0	0	0	0	0	0	0	0	0	0	0	0	0	12	0	
0	59	-0.3971845	-2.45E-07	60	-0.001525902	5	5	0	0	0	0	0	0	0	0	0	0	0	0	0	0	12	0	
0	60	-0.3977979	-2.45E-07	61	-0.001525902	5	5	0	0	0	0	0	0	0	0	0	0	0	0	0	0	12	0	
0	61	-0.3981047	-2.45E-07	62	-0.001525902	5	261	0	0	0	0	0	0	0	0	0	0	0	0	0	0	12	0	
0	62	-0.3987181	-2.45E-07	63	-0.001525902	5	5	0	0	0	0	0	0	0	0	0	0	0	0	0	0	12	0	
0	63	-0.3993315	-3.07E-07	64	-0.001525902	5	5	0	0	0	0	0	0	0	0	0	0	0	0	0	0	12	0	
0	64	-0.3996382	-2.45E-07	65	-0.001525902	5	5	0	0	0	0	0	0	0	0	0	0	0	0	0	0	12	0	
0	65	-0.3999449	-2.45E-07	66	-0.001525902	5	5	0	0	0	0	0	0	0	0	0	0	0	0	0	0	12	0	
0	66	-0.4005583	-2.45E-07	67	-0.001525902	5	5	0	0	0	0	0	0	0	0	0	0	0	0	0	0	12	0	
0	67	-0.4005583	-2.45E-07	68	-0.001525902	5	5	0	0	0	0	0	0	0	0	0	0	0	0	0	0	12	0	
0	68	-0.400865	-2.45E-07	69	-0.001525902	5	5	0	0	0	0	0	0	0	0	0	0	0	0	0	0	12	0	
0	69	-0.4011717	-2.45E-07	70	-0.001525902	5	5	0	0	0	0	0	0	0	0	0	0	0	0	0	0	12	0	
0	70	-0.4011717	-2.45E-07	71	-0.001525902	5	5	0	0	0	0	0	0	0	0	0	0	0	0	0	0	12	0	
0	71	-0.4014784	-2.45E-07	72	-0.001525902	5	5	0	0	0	0	0	0	0	0	0	0	0	0	0	0	12	0	
0	72	-0.4014784	-2.45E-07	73	-0.001525902	5	5	0	0	0	0	0	0	0	0	0	0	0	0	0	0	12	0	
0	73	-0.4014784	-2.45E-07	74	-0.001525902	5	5	0	0	0	0	0	0	0	0	0	0	0	0	0	0	12	0	
0	74	-0.4017851	-2.45E-07	75	-0.001525902	5	5	0	0	0	0	0	0	0	0	0	0	0	0	0	0	12	0	
0	75	-0.4017851	-2.45E-07	76	-0.001525902	5	5	0	0	0	0	0	0	0	0	0	0	0	0	0	0	12	0	
0	76	-0.4020918	-2.45E-07	77	-0.001525902	5	5	0	0	0	0	0	0	0	0	0	0	0	0	0	0	12	0	
0	77	-0.4023986	-2.45E-07	78	-0.001525902	5	5	0	0	0	0	0	0	0	0	0	0	0	0	0	0	12	0	
0	78	-0.4030119	-2.45E-07	79	-0.001525902	5	5	0	0	0	0	0	0	0	0	0	0	0	0	0	0	12	0	
0	79	-0.4033187	-2.45E-07	80	-0.001525902	5	5	0	0	0	0	0	0	0	0	0	0	0	0	0	0	12	0	
0	80	-0.4039321	-2.45E-07	81	-0.001525902	5	5	0	0	0	0	0	0	0	0	0	0	0	0	0	0	12	0	
0	81	-0.4042388	-2.45E-07	82	-0.001525902	5	5	0	0	0	0	0	0	0	0	0	0	0	0	0	0	12	0	
0	82	-0.4048522	-2.45E-07	83	-0.001525902	5	5	0	0	0	0	0	0	0	0	0	0	0	0	0	0	12	0	
0	83	-0.4051589	-2.45E-07	84	-0.001525902	5	5	0	0	0	0	0	0	0	0	0	0	0	0	0	0	12	0	
0	84	-0.4057723	-2.45E-07	85	-0.001525902	5	5	0	0	0	0	0	0	0	0	0	0	0	0	0	0	12	0	
0	85	-0.406079	-2.45E-07	86	-0.001525902	5	5	0	0	0	0	0	0	0	0	0	0	0	0	0	0	12	0	
0	86	-0.4063857	-2.45E-07	87	-0.001525902	5	5	0	0	0	0	0	0	0	0	0	0	0	0	0	0	12	0	
0	87	-0.4069991	-2.45E-07	88	-0.001525902	5	5	0	0	0	0	0	0	0	0	0	0	0	0	0	0	12	0	
0	88	-0.4076126	-2.45E-07	89	-0.001525902	5	5	0	0	0	0	0	0	0	0	0	0	0	0	0	0	12	0	
0	89	-0.4079193	-2.45E-07	90	-0.001525902	5	261	0	0	0	0	0	0	0	0	0	0	0	0	0	0	12	0	
0	90	-0.4085327	-2.45E-07	91	-0.001525902	5	5	0	0	0	0	0	0	0	0	0	0	0	0	0	0	12	0	
0	91	-0.4088394	-2.45E-07	92	-0.001525902	5	5	0	0	0	0	0	0	0	0	0	0	0	0	0	0	12	0	
0	92	-0.4094528	-2.45E-07	93	-0.001525902	5	5	0	0	0	0	0	0	0	0	0	0	0	0	0	0	12	0	
0	93	-0.4097595	-2.45E-07	94	-0.001525902	5	5	0	0	0	0	0	0	0	0	0	0	0	0	0	0	12	0	
0	94	-0.4100662	-2.45E-07	95	-0.001525902	5	5	0	0	0	0	0	0	0	0	0	0	0	0	0	0	12	0	
0	95	-0.4106796	-2.45E-07	96	-0.001525902	5	5	0	0	0	0	0	0	0	0	0	0	0	0	0	0	12	0	
0	96	-0.4109863	-2.45E-07	97	-0.001525902	5	5	0	0	0	0	0	0	0	0	0	0	0	0	0	0	12	0	
0	97	-0.411293	-2.45E-07	98	-0.001525902	5	5	0	0	0	0	0	0	0	0	0	0	0	0	0	0	12	0	
0	98	-0.4119065	-2.45E-07	99	-0.001525902	5	261	0	0	0	0	0	0	0	0	0	0	0	0	0	0	12	0	
0	99	-0.4122131	-2.45E-07	100	-0.001525902	5	5	0	0	0	0	0	0	0	0	0	0	0	0	0	0	12	0	
0	100	-0.4125198	-2.45E-07	101	-0.001525902	5	5	0	0	0	0	0	0	0	0	0	0	0	0	0	0	12	0	
0	101	-0.4128266	-2.45E-07	102	-0.001525902	5	5	0	0	0	0	0	0	0	0	0	0	0	0	0	0	12	0	
0	102	-0.4131333	-2.45E-07	103	-0.001525902	5	5	0	0	0	0	0	0	0	0	0	0	0	0	0	0	12	0	
0	103	-0.4137467	-2.45E-07	104	-0.001525902	5	5	0	0	0	0	0	0	0	0	0	0	0	0	0	0	12	0	
0	104	-0.4140534	-2.45E-07	105	-0.001525902	5	5	0	0	0	0	0	0	0	0	0	0	0	0	0	0	12	0	
0	105	-0.4146668	-2.45E-07	106	-0.001525902	5	5	0	0	0	0	0	0	0	0	0	0	0	0	0	0	12	0	
0	106	-0.4149735	-2.45E-07	107	-0.001525902	5	5	0	0	0	0	0	0	0	0	0	0	0	0	0	0	12	0	
0	107	-0.4152802	-2.45E-07	108	-0.001525902	5	5	0	0	0	0	0	0	0	0	0	0	0	0	0	0	12	0	
0	108	-0.4155869	-2.45E-07	109	-0.001525902	5	5	0	0	0	0	0	0	0	0	0	0	0	0	0	0	12	0	
0	109	-0.4162003	-2.45E-07	110	-0.001525902	5	5	0	0	0	0	0	0	0	0	0	0	0	0	0	0	12	0	
0	110	-0.4162003	-2.45E-07	111	-0.001525902	5	5	0	0	0	0	0	0	0	0	0	0	0	0	0	0	12	0	
0	111	-0.4168137	-2.45E-07	112	-0.001525902	5	5	0	0	0	0	0	0	0	0	0	0	0	0	0	0	12	0	
0	112	-0.4171205	-2.45E-07	113	-0.001525902	5	5	0	0	0	0	0	0	0	0	0	0	0	0	0	0	12	0	
0	113	-0.4174272	-2.45E-07	114	-0.001525902	5	5	0	0	0	0	0	0	0	0	0	0	0	0	0	0	12	0	
0	114	-0.4177338	-2.45E-07	115	-0.001525902	5	5	0	0	0	0	0	0	0	0	0	0	0	0	0	0	12	0	
0	115	-0.4183473	-2.45E-07	116	-0.001525902	5	5	0	0	0	0	0	0	0	0	0	0	0	0	0	0	12	0	
0	116	-0.418654	-2.45E-07	117	-0.001525902	5	5	0	0	0	0	0	0	0	0	0	0	0	0	0	0	12	0	
0	117	-0.4189607	-2.45E-07	118	-0.001525902	5	261	0	0	0	0	0	0	0	0	0	0	0	0	0	0	12	0	
0	118	-0.4192674	-2.45E-07	119	-0.001525902	5	5	0	0	0	0	0	0	0	0	0	0	0	0	0	0	12	0	
0	119	-0.4195741	-2.45E-07	120	-0.001525902	5	5	0	0	0	0	0	0	0	0	0	0	0	0	0	0	12	0	
0	120	-0.4198808	-2.45E-07	121	-0.001525902	5	5	0	0	0	0	0	0	0	0	0	0	0	0	0	0	12	0	
0	121	-0.4201875	-2.45E-07	122	-0.001525902	5	5	0	0	0	0	0	0	0	0	0	0	0	0	0	0	12	0	
0	122	-0.4204942	-2.45E-07	123	-0.001525902	5	5	0	0	0	0	0	0	0	0	0	0	0	0	0	0	12	0	
0	123	-0.4208009	-2.45E-07	124	-0.001525902	5	5	0	0	0	0	0	0	0	0	0	0	0	0	0	0	12	0	
0	124	-0.4208009	-2.45E-07	125	-0.001525902	5	5	0	0	0	0	0	0	0	0	0	0	0	0	0	0	12	0	
0	125	-0.4208009	-2.45E-07	126	-0.001525902	5	5	0	0	0	0	0	0	0	0	0	0	0	0	0	0	12	0	
0	126	-0.4208009	-2.45E-07	127	-0.001525902	5	5	0	0	0	0	0	0	0	0	0	0	0	0	0	0	12	0	
0	127	-0.4208009	-2.45E-07	128	-0.001525902	5	261	0	0	0	0	0	0	0	0	0	0	0	0	0	0	12	0	
0	128	-0.4208009	-2.45E-07	129	-0.001525902	5	5	0	0	0	0	0	0	0	0	0	0	0	0	0	0	12	0	
0	129	-0.4204942	-2.45E-07	130	-0.001525902	5	5	0	0	0	0	0	0	0	0	0	0	0	0	0	0	12	0	
0	130	-0.4204942	-2.45E-07	131	-0.001525902	5	5	0	0	0	0	0	0	0	0	0	0	0	0	0	0	12	0	
0	131	-0.4204942	-2.45E-07	132	-0.001525902	5	5	0	0	0	0	0	0	0	0	0	0	0	0	0	0	12	0	
0	132	-0.4208009	-2.45E-07	133	-0.001525902	5	5	0	0	0	0	0	0	0	0	0	0	0	0	0	0	12	0	
0	133	-0.4208009	-2.45E-07	134	-0.001525902	5	5	0	0	0	0	0	0	0	0	0	0	0	0	0	0	12	0	
0	134	-0.4211076	-2.45E-07	135	-0.001525902	5	5	0	0	0	0	0	0	0	0	0	0	0	0	0	0	12	0	
0	135	-0.421721	-2.45E-07	136	-0.001525902	5	5	0	0	0	0	0	0	0	0	0	0	0	0	0	0	12	0	
0	136	-0.421721	-2.45E-07	137	-0.001525902	5	5	0	0	0	0	0	0	0	0	0	0	0	0	0	0	12	0	
0	137	-0.4220277	-2.45E-07	138	-0.001525902	5	5	0	0	0	0	0	0	0	0	0	0	0	0	0	0	12	0	
0	138	-0.4223345	-2.45E-07	139	-0.001525902	5	5	0	0	0	0	0	0	0	0	0	0	0	0	0	0	12	0	
0	139	-0.4226412	-2.45E-07	140	-0.001525902	5	5	0	0	0	0	0	0	0	0	0	0	0	0	0	0	12	0	
0	140	-0.4229479	-2.45E-07	141	-0.001525902	5	5	0	0	0	0	0	0	0	0	0	0	0	0	0	0	12	0	
0	141	-0.4235613	-2.45E-07	142	-0.001525902	5	5	0	0	0	0	0	0	0	0	0	0	0	0	0	0	12	0	
0	142	-0.4235613	-2.45E-07	143	-0.001525902	5	5	0	0	0	0	0	0	0	0	0	0	0	0	0	0	12	0	
0	143	-0.4241747	-2.45E-07	144	-0.001525902	5	5	0	0	0	0	0	0	0	0	0	0	0	0	0	0	12	0	
0	144	-0.4241747	-2.45E-07	145	-0.001525902	5	5	0	0	0	0	0	0	0	0	0	0	0	0	0	0	12	0	
0	145	-0.4247881	-2.45E-07	146	-0.001525902	5	5	0	0	0	0	0	0	0	0	0	0	0	0	0	0	12	0	
0	146	-0.4250948	-2.45E-07	147	-0.001525902	5	5	0	0	0	0	0	0	0	0	0	0	0	0	0	0	12	0	
0	147	-0.4254015	-2.45E-07	148	-0.001525902	5	5	0	0	0	0	0	0	0	0	0	0	0	0	0	0	12	0	
0	148	-0.4257082	-2.45E-07	149	-0.001525902	5	5	0	0	0	0	0	0	0	0	0	0	0	0	0	0	12	0	
0	149	-0.4257082	-2.45E-07	150	-0.001525902	5	5	0	0	0	0	0	0	0	0	0	0	0	0	0	0	12	0	
0	150	-0.4260149	-2.45E-07	151	-0.001525902	5	5	0	0	0	0	0	0	0	0	0	0	0	0	0	0	12	0	
0	151	-0.4263216	-2.45E-07	152	-0.001525902	5	5	0	0	0	0	0	0	0	0	0	0	0	0	0	0	12	0	
0	152	-0.4266284	-2.45E-07	153	-0.001525902	5	5	0	0	0	0	0	0	0	0	0	0	0	0	0	0	12	0	
0	153	-0.426935	-2.45E-07	154	-0.001525902	5	261	0	0	0	0	0	0	0	0	0	0	0	0	0	0	12	0	
0	154	-0.4272417	-2.45E-07	155	-0.001525902	5	5	0	0	0	0	0	0	0	0	0	0	0	0	0	0	12	0	
0	155	-0.4275485	-2.45E-07	156	-0.001525902	5	5	0	0	0	0	0	0	0	0	0	0	0	0	0	0	12	0	
0	156	-0.4278552	-2.45E-07	157	-0.001525902	5	5	0	0	0	0	0	0	0	0	0	0	0	0	0	0	12	0	
0	157	-0.4281619	-2.45E-07	158	-0.001525902	5	5	0	0	0	0	0	0	0	0	0	0	0	0	0	0	12	0	
0	158	-0.4284686	-2.45E-07	159	-0.001525902	5	5	0	0	0	0	0	0	0	0	0	0	0	0	0	0	12	0	
0	159	-0.4287753	-2.45E-07	160	-0.001525902	5	5	0	0	0	0	0	0	0	0	0	0	0	0	0	0	12	0	
0	160	-0.4287753	-2.45E-07	161	-0.001525902	5	5	0	0	0	0	0	0	0	0	0	0	0	0	0	0	12	0	
0	161	-0.429082	-2.45E-07	162	-0.001525902	5	5	0	0	0	0	0	0	0	0	0	0	0	0	0	0	12	0	
0	162	-0.4293887	-2.45E-07	163	-0.001525902	5	5	0	0	0	0	0	0	0	0	0	0	0	0	0	0	12	0	
0	163	-0.4296954	-2.45E-07	164	-0.001525902	5	5	0	0	0	0	0	0	0	0	0	0	0	0	0	0	12	0	
0	164	-0.4300021	-2.45E-07	165	-0.001525902	5	5	0	0	0	0	0	0	0	0	0	0	0	0	0	0	12	0	
0	165	-0.4300021	-2.45E-07	166	-0.001525902	5	5	0	0	0	0	0	0	0	0	0	0	0	0	0	0	12	0	
0	166	-0.4303088	-2.45E-07	167	-0.001525902	5	5	0	0	0	0	0	0	0	0	0	0	0	0	0	0	12	0	
0	167	-0.4306155	-2.45E-07	168	-0.001525902	5	5	0	0	0	0	0	0	0	0	0	0	0	0	0	0	12	0	
0	168	-0.4309222	-2.45E-07	169	-0.001525902	5	261	0	0	0	0	0	0	0	0	0	0	0	0	0	0	12	0	
0	169	-0.4309222	-3.07E-07	170	-0.001525902	5	5	0	0	0	0	0	0	0	0	0	0	0	0	0	0	12	0	
0	170	-0.4312289	-2.45E-07	171	-0.001525902	5	5	0	0	0	0	0	0	0	0	0	0	0	0	0	0	12	0	
0	171	-0.4315356	-2.45E-07	172	-0.001525902	5	5	0	0	0	0	0	0	0	0	0	0	0	0	0	0	12	0	
0	172	-0.4315356	-2.45E-07	173	-0.001525902	5	5	0	0	0	0	0	0	0	0	0	0	0	0	0	0	12	0	
0	173	-0.4318424	-2.45E-07	174	-0.001525902	5	5	0	0	0	0	0	0	0	0	0	0	0	0	0	0	12	0	
0	174	-0.4321491	-2.45E-07	175	-0.001525902	5	5	0	0	0	0	0	0	0	0	0	0	0	0	0	0	12	0	
0	175	-0.4324558	-2.45E-07	176	-0.001525902	5	5	0	0	0	0	0	0	0	0	0	0	0	0	0	0	12	0	
0	176	-0.4327625	-2.45E-07	177	-0.001525902	5	5	0	0	0	0	0	0	0	0	0	0	0	0	0	0	12	0	
0	177	-0.4327625	-2.45E-07	178	-0.001525902	5	5	0	0	0	0	0	0	0	0	0	0	0	0	0	0	12	0	
0	178	-0.4330692	-2.45E-07	179	-0.001525902	5	5	0	0	0	0	0	0	0	0	0	0	0	0	0	0	12	0	
0	179	-0.4330692	-2.45E-07	180	-0.001525902	5	5	0	0	0	0	0	0	0	0	0	0	0	0	0	0	12	0	
0	180	-0.4333759	-2.45E-07	181	-0.001525902	5	5	0	0	0	0	0	0	0	0	0	0	0	0	0	0	12	0	
0	181	-0.4336826	-2.45E-07	182	-0.001525902	5	5	0	0	0	0	0	0	0	0	0	0	0	0	0	0	12	0	
0	182	-0.4339893	-2.45E-07	183	-0.001525902	5	5	0	0	0	0	0	0	0	0	0	0	0	0	0	0	12	0	
0	183	-0.4339893	-2.45E-07	184	-0.001525902	5	5	0	0	0	0	0	0	0	0	0	0	0	0	0	0	12	0	
0	184	-0.434296	-2.45E-07	185	-0.001525902	5	5	0	0	0	0	0	0	0	0	0	0	0	0	0	0	12	0	
0	185	-0.434296	-2.45E-07	186	-0.001525902	5	5	0	0	0	0	0	0	0	0	0	0	0	0	0	0	12	0	
0	186	-0.4346027	-2.45E-07	187	-0.001525902	5	5	0	0	0	0	0	0	0	0	0	0	0	0	0	0	12	0	
0	187	-0.4346027	-2.45E-07	188	-0.001525902	5	5	0	0	0	0	0	0	0	0	0	0	0	0	0	0	12	0	
0	188	-0.4346027	-2.45E-07	189	-0.001525902	5	5	0	0	0	0	0	0	0	0	0	0	0	0	0	0	12	0	
0	189	-0.434296	-2.45E-07	190	-0.001525902	5	5	0	0	0	0	0	0	0	0	0	0	0	0	0	0	12	0	
0	190	-0.4339893	-2.45E-07	191	-0.001525902	5	5	0	0	0	0	0	0	0	0	0	0	0	0	0	0	12	0	
0	191	-0.4339893	-2.45E-07	192	-0.001525902	5	5	0	0	0	0	0	0	0	0	0	0	0	0	0	0	12	0	
0	192	-0.4336826	-2.45E-07	193	-0.001525902	5	5	0	0	0	0	0	0	0	0	0	0	0	0	0	0	12	0	
0	193	-0.4336826	-2.45E-07	194	-0.001525902	5	5	0	0	0	0	0	0	0	0	0	0	0	0	0	0	12	0	
0	194	-0.4336826	-2.45E-07	195	-0.001525902	5	261	0	0	0	0	0	0	0	0	0	0	0	0	0	0	12	0	
0	195	-0.4339893	-2.45E-07	196	-0.001525902	5	5	0	0	0	0	0	0	0	0	0	0	0	0	0	0	12	0	
0	196	-0.4339893	-2.45E-07	197	-0.001525902	5	5	0	0	0	0	0	0	0	0	0	0	0	0	0	0	12	0	
0	197	-0.4339893	-2.45E-07	198	-0.001525902	5	5	0	0	0	0	0	0	0	0	0	0	0	0	0	0	12	0	
0	198	-0.434296	-2.45E-07	199	-0.001525902	5	5	0	0	0	0	0	0	0	0	0	0	0	0	0	0	12	0	
0	199	-0.434296	-2.45E-07	200	-0.001525902	5	5	0	0	0	0	0	0	0	0	0	0	0	0	0	0	12	0	
0	200	-0.434296	-2.45E-07	201	-0.001525902	5	5	0	0	0	0	0	0	0	0	0	0	0	0	0	0	12	0	
0	201	-0.434296	-2.45E-07	202	-0.001525902	5	5	0	0	0	0	0	0	0	0	0	0	0	0	0	0	12	0	
0	202	-0.4346027	-2.45E-07	203	-0.001525902	5	5	0	0	0	0	0	0	0	0	0	0	0	0	0	0	12	0	
0	203	-0.4346027	-2.45E-07	204	-0.001525902	5	5	0	0	0	0	0	0	0	0	0	0	0	0	0	0	12	0	
0	204	-0.4349094	-2.45E-07	205	-0.001525902	5	261	0	0	0	0	0	0	0	0	0	0	0	0	0	0	12	0	
0	205	-0.4349094	-2.45E-07	206	-0.001525902	5	5	0	0	0	0	0	0	0	0	0	0	0	0	0	0	12	0	
0	206	-0.4352161	-2.45E-07	207	-0.001525902	5	5	0	0	0	0	0	0	0	0	0	0	0	0	0	0	12	0	
0	207	-0.4352161	-2.45E-07	208	-0.001525902	5	5	0	0	0	0	0	0	0	0	0	0	0	0	0	0	12	0	
0	208	-0.4355228	-2.45E-07	209	-0.001525902	5	5	0	0	0	0	0	0	0	0	0	0	0	0	0	0	12	0	
0	209	-0.4355228	-2.45E-07	210	-0.001525902	5	5	0	0	0	0	0	0	0	0	0	0	0	0	0	0	12	0	
0	210	-0.4358295	-2.45E-07	211	-0.001525902	5	5	0	0	0	0	0	0	0	0	0	0	0	0	0	0	12	0	
0	211	-0.4358295	-2.45E-07	212	-0.001525902	5	5	0	0	0	0	0	0	0	0	0	0	0	0	0	0	12	0	
0	212	-0.4361362	-2.45E-07	213	-0.001525902	5	5	0	0	0	0	0	0	0	0	0	0	0	0	0	0	12	0	
0	213	-0.4361362	-2.45E-07	214	-0.001525902	5	5	0	0	0	0	0	0	0	0	0	0	0	0	0	0	12	0	
0	214	-0.4361362	-2.45E-07	215	-0.001525902	5	5	0	0	0	0	0	0	0	0	0	0	0	0	0	0	12	0	
0	215	-0.4364429	-2.45E-07	216	-0.001525902	5	5	0	0	0	0	0	0	0	0	0	0	0	0	0	0	12	0	
0	216	-0.4364429	-2.45E-07	217	-0.001525902	5	5	0	0	0	0	0	0	0	0	0	0	0	0	0	0	12	0	
0	217	-0.4367497	-2.45E-07	218	-0.001525902	5	5	0	0	0	0	0	0	0	0	0	0	0	0	0	0	12	0	
0	218	-0.4367497	-2.45E-07	219	-0.001525902	5	5	0	0	0	0	0	0	0	0	0	0	0	0	0	0	12	0	
0	219	-0.4370564	-2.45E-07	220	-0.001525902	5	5	0	0	0	0	0	0	0	0	0	0	0	0	0	0	12	0	
0	220	-0.4370564	-2.45E-07	221	-0.001525902	5	5	0	0	0	0	0	0	0	0	0	0	0	0	0	0	12	0	
0	221	-0.4370564	-2.45E-07	222	-0.001525902	5	5	0	0	0	0	0	0	0	0	0	0	0	0	0	0	12	0	
0	222	-0.4373631	-2.45E-07	223	-0.001525902	5	261	0	0	0	0	0	0	0	0	0	0	0	0	0	0	12	0	
0	223	-0.4373631	-2.45E-07	224	-0.001525902	5	261	0	0	0	0	0	0	0	0	0	0	0	0	0	0	12	0	
0	224	-0.4376698	-2.45E-07	225	-0.001525902	5	5	0	0	0	0	0	0	0	0	0	0	0	0	0	0	12	0	
0	225	-0.4376698	-2.45E-07	226	-0.001525902	5	5	0	0	0	0	0	0	0	0	0	0	0	0	0	0	12	0	
0	226	-0.4379765	-2.45E-07	227	-0.001525902	5	5	0	0	0	0	0	0	0	0	0	0	0	0	0	0	12	0	
0	227	-0.4379765	-2.45E-07	228	-0.001525902	5	5	0	0	0	0	0	0	0	0	0	0	0	0	0	0	12	0	
0	228	-0.4379765	-2.45E-07	229	-0.001525902	5	5	0	0	0	0	0	0	0	0	0	0	0	0	0	0	12	0	
0	229	-0.4382832	-2.45E-07	230	-0.001525902	5	5	0	0	0	0	0	0	0	0	0	0	0	0	0	0	12	0	
0	230	-0.4382832	-2.45E-07	231	-0.001525902	5	5	0	0	0	0	0	0	0	0	0	0	0	0	0	0	12	0	
0	231	-0.4385899	-2.45E-07	232	-0.001525902	5	5	0	0	0	0	0	0	0	0	0	0	0	0	0	0	12	0	
0	232	-0.4385899	-2.45E-07	233	-0.001525902	5	5	0	0	0	0	0	0	0	0	0	0	0	0	0	0	12	0	
0	233	-0.4388966	-2.45E-07	234	-0.001525902	5	5	0	0	0	0	0	0	0	0	0	0	0	0	0	0	12	0	
0	234	-0.4388966	-2.45E-07	235	-0.001525902	5	5	0	0	0	0	0	0	0	0	0	0	0	0	0	0	12	0	
0	235	-0.4388966	-2.45E-07	236	-0.001525902	5	5	0	0	0	0	0	0	0	0	0	0	0	0	0	0	12	0	
0	236	-0.4392033	-2.45E-07	237	-0.001525902	5	5	0	0	0	0	0	0	0	0	0	0	0	0	0	0	12	0	
0	237	-0.4392033	-2.45E-07	238	-0.001525902	5	5	0	0	0	0	0	0	0	0	0	0	0	0	0	0	12	0	
0	238	-0.43951	-2.45E-07	239	-0.001525902	5	5	0	0	0	0	0	0	0	0	0	0	0	0	0	0	12	0	
0	239	-0.43951	-2.45E-07	240	-0.001525902	5	5	0	0	0	0	0	0	0	0	0	0	0	0	0	0	12	0	
0	240	-0.43951	-2.45E-07	241	-0.001525902	5	5	0	0	0	0	0	0	0	0	0	0	0	0	0	0	12	0	
0	241	-0.4398167	-2.45E-07	242	-0.001525902	5	5	0	0	0	0	0	0	0	0	0	0	0	0	0	0	12	0	
0	242	-0.4398167	-2.45E-07	243	-0.001525902	5	5	0	0	0	0	0	0	0	0	0	0	0	0	0	0	12	0	
0	243	-0.4401234	-2.45E-07	244	-0.001525902	5	5	0	0	0	0	0	0	0	0	0	0	0	0	0	0	12	0	
0	244	-0.4401234	-2.45E-07	245	-0.001525902	5	5	0	0	0	0	0	0	0	0	0	0	0	0	0	0	12	0	
0	245	-0.4404301	-2.45E-07	246	-0.001525902	5	5	0	0	0	0	0	0	0	0	0	0	0	0	0	0	12	0	
0	246	-0.4404301	-2.45E-07	247	-0.001525902	5	5	0	0	0	0	0	0	0	0	0	0	0	0	0	0	12	0	
0	247	-0.4404301	-2.45E-07	248	-0.001525902	5	5	0	0	0	0	0	0	0	0	0	0	0	0	0	0	12	0	
0	248	-0.4404301	-2.45E-07	249	-0.001525902	5	5	0	0	0	0	0	0	0	0	0	0	0	0	0	0	12	0	
0	249	-0.4407368	-2.45E-07	250	-0.001525902	5	5	0	0	0	0	0	0	0	0	0	0	0	0	0	0	12	0	
0	250	-0.4407368	-2.45E-07	251	-0.001525902	5	5	0	0	0	0	0	0	0	0	0	0	0	0	0	0	12	0	
0	251	-0.4410436	-2.45E-07	252	-0.001525902	5	5	0	0	0	0	0	0	0	0	0	0	0	0	0	0	12	0	
0	252	-0.4410436	-2.45E-07	253	-0.001525902	5	261	0	0	0	0	0	0	0	0	0	0	0	0	0	0	12	0	
0	253	-0.4410436	-2.45E-07	254	-0.001525902	5	5	0	0	0	0	0	0	0	0	0	0	0	0	0	0	12	0	
0	254	-0.4413503	-2.45E-07	255	-0.001525902	5	5	0	0	0	0	0	0	0	0	0	0	0	0	0	0	12	0	
0	255	-0.4413503	-2.45E-07	256	-0.001525902	5	5	0	0	0	0	0	0	0	0	0	0	0	0	0	0	12	0	
0	256	-0.4416569	-2.45E-07	257	-0.001525902	5	5	0	0	0	0	0	0	0	0	0	0	0	0	0	0	12	0	
0	257	-0.4416569	-2.45E-07	258	-0.001525902	5	5	0	0	0	0	0	0	0	0	0	0	0	0	0	0	12	0	
0	258	-0.4416569	-2.45E-07	259	-0.001525902	5	5	0	0	0	0	0	0	0	0	0	0	0	0	0	0	12	0	
0	259	-0.4419637	-2.45E-07	260	-0.001525902	5	5	0	0	0	0	0	0	0	0	0	0	0	0	0	0	12	0	
0	260	-0.4419637	-2.45E-07	261	-0.001525902	5	5	0	0	0	0	0	0	0	0	0	0	0	0	0	0	12	0	
0	261	-0.4419637	-2.45E-07	262	-0.001525902	5	5	0	0	0	0	0	0	0	0	0	0	0	0	0	0	12	0	
0	262	-0.4422704	-2.45E-07	263	-0.001525902	5	5	0	0	0	0	0	0	0	0	0	0	0	0	0	0	12	0	
0	263	-0.4422704	-2.45E-07	264	-0.001525902	5	5	0	0	0	0	0	0	0	0	0	0	0	0	0	0	12	0	
0	264	-0.4425771	-2.45E-07	265	-0.001525902	5	5	0	0	0	0	0	0	0	0	0	0	0	0	0	0	12	0	
0	265	-0.4425771	-2.45E-07	266	-0.001525902	5	5	0	0	0	0	0	0	0	0	0	0	0	0	0	0	12	0	
0	266	-0.4425771	-2.45E-07	267	-0.001525902	5	5	0	0	0	0	0	0	0	0	0	0	0	0	0	0	12	0	
0	267	-0.4428838	-2.45E-07	268	-0.001525902	5	5	0	0	0	0	0	0	0	0	0	0	0	0	0	0	12	0	
0	268	-0.4428838	-2.45E-07	269	-0.001525902	5	5	0	0	0	0	0	0	0	0	0	0	0	0	0	0	12	0	
0	269	-0.4428838	-2.45E-07	270	-0.001525902	5	5	0	0	0	0	0	0	0	0	0	0	0	0	0	0	12	0	
0	270	-0.4431905	-2.45E-07	271	-0.001525902	5	5	0	0	0	0	0	0	0	0	0	0	0	0	0	0	12	0	
0	271	-0.4431905	-2.45E-07	272	-0.001525902	5	5	0	0	0	0	0	0	0	0	0	0	0	0	0	0	12	0	
0	272	-0.4431905	-2.45E-07	273	-0.001525902	5	5	0	0	0	0	0	0	0	0	0	0	0	0	0	0	12	0	
0	273	-0.4434972	-2.45E-07	274	-0.001525902	5	5	0	0	0	0	0	0	0	0	0	0	0	0	0	0	12	0	
0	274	-0.4434972	-2.45E-07	275	-0.001525902	5	5	0	0	0	0	0	0	0	0	0	0	0	0	0	0	12	0	
0	275	-0.4434972	-2.45E-07	276	-0.001525902	5	5	0	0	0	0	0	0	0	0	0	0	0	0	0	0	12	0	
0	276	-0.4438039	-2.45E-07	277	-0.001525902	5	5	0	0	0	0	0	0	0	0	0	0	0	0	0	0	12	0	
0	277	-0.4438039	-2.45E-07	278	-0.001525902	5	5	0	0	0	0	0	0	0	0	0	0	0	0	0	0	12	0	
0	278	-0.4441106	-2.45E-07	279	-0.001525902	5	5	0	0	0	0	0	0	0	0	0	0	0	0	0	0	12	0	
0	279	-0.4441106	-2.45E-07	280	-0.001525902	5	261	0	0	0	0	0	0	0	0	0	0	0	0	0	0	12	0	
0	280	-0.4441106	-2.45E-07	281	-0.001525902	5	5	0	0	0	0	0	0	0	0	0	0	0	0	0	0	12	0	
0	281	-0.4444173	-2.45E-07	282	-0.001525902	5	5	0	0	0	0	0	0	0	0	0	0	0	0	0	0	12	0	
0	282	-0.4444173	-2.45E-07	283	-0.001525902	5	5	0	0	0	0	0	0	0	0	0	0	0	0	0	0	12	0	
0	283	-0.4444173	-2.45E-07	284	-0.001525902	5	5	0	0	0	0	0	0	0	0	0	0	0	0	0	0	12	0	
0	284	-0.4444173	-2.45E-07	285	-0.001525902	5	5	0	0	0	0	0	0	0	0	0	0	0	0	0	0	12	0	
0	285	-0.444724	-2.45E-07	286	-0.001525902	5	5	0	0	0	0	0	0	0	0	0	0	0	0	0	0	12	0	
0	286	-0.444724	-2.45E-07	287	-0.001525902	5	5	0	0	0	0	0	0	0	0	0	0	0	0	0	0	12	0	
0	287	-0.444724	-2.45E-07	288	-0.001525902	5	5	0	0	0	0	0	0	0	0	0	0	0	0	0	0	12	0	
0	288	-0.4450307	-2.45E-07	289	-0.001525902	5	5	0	0	0	0	0	0	0	0	0	0	0	0	0	0	12	0	
0	289	-0.4450307	-2.45E-07	290	-0.001525902	5	5	0	0	0	0	0	0	0	0	0	0	0	0	0	0	12	0	
0	290	-0.4453374	-2.45E-07	291	-0.001525902	5	5	0	0	0	0	0	0	0	0	0	0	0	0	0	0	12	0	
0	291	-0.4453374	-2.45E-07	292	-0.001525902	5	261	0	0	0	0	0	0	0	0	0	0	0	0	0	0	12	0	
0	292	-0.4453374	-2.45E-07	293	-0.001525902	5	5	0	0	0	0	0	0	0	0	0	0	0	0	0	0	12	0	
0	293	-0.4453374	-2.45E-07	294	-0.001525902	5	5	0	0	0	0	0	0	0	0	0	0	0	0	0	0	12	0	
0	294	-0.4456441	-2.45E-07	295	-0.001525902	5	5	0	0	0	0	0	0	0	0	0	0	0	0	0	0	12	0	
0	295	-0.4456441	-2.45E-07	296	-0.001525902	5	5	0	0	0	0	0	0	0	0	0	0	0	0	0	0	12	0	
0	296	-0.4456441	-2.45E-07	297	-0.001525902	5	5	0	0	0	0	0	0	0	0	0	0	0	0	0	0	12	0	
0	297	-0.4459508	-2.45E-07	298	-0.001525902	5	5	0	0	0	0	0	0	0	0	0	0	0	0	0	0	12	0	
0	298	-0.4459508	-2.45E-07	299	-0.001525902	5	5	0	0	0	0	0	0	0	0	0	0	0	0	0	0	12	0	
0	299	-0.4459508	-2.45E-07	300	-0.001525902	5	5	0	0	0	0	0	0	0	0	0	0	0	0	0	0	12	0	
0	300	-0.4462576	-2.45E-07	301	-0.001525902	5	5	0	0	0	0	0	0	0	0	0	0	0	0	0	0	12	0	
0	301	-0.4462576	-2.45E-07	302	-0.001525902	5	5	0	0	0	0	0	0	0	0	0	0	0	0	0	0	12	0	
0	302	-0.4462576	-2.45E-07	303	-0.001525902	5	5	0	0	0	0	0	0	0	0	0	0	0	0	0	0	12	0	
0	303	-0.4465643	-2.45E-07	304	-0.001525902	5	5	0	0	0	0	0	0	0	0	0	0	0	0	0	0	12	0	
0	304	-0.4465643	-2.45E-07	305	-0.001525902	5	5	0	0	0	0	0	0	0	0	0	0	0	0	0	0	12	0	
0	305	-0.4465643	-2.45E-07	306	-0.001525902	5	5	0	0	0	0	0	0	0	0	0	0	0	0	0	0	12	0	
0	306	-0.446871	-2.45E-07	307	-0.001525902	5	5	0	0	0	0	0	0	0	0	0	0	0	0	0	0	12	0	
0	307	-0.446871	-2.45E-07	308	-0.001525902	5	5	0	0	0	0	0	0	0	0	0	0	0	0	0	0	12	0	
0	308	-0.446871	-2.45E-07	309	-0.001525902	5	261	0	0	0	0	0	0	0	0	0	0	0	0	0	0	12	0	
0	309	-0.446871	-2.45E-07	310	-0.001525902	5	5	0	0	0	0	0	0	0	0	0	0	0	0	0	0	12	0	
0	310	-0.4471777	-2.45E-07	311	-0.001525902	5	5	0	0	0	0	0	0	0	0	0	0	0	0	0	0	12	0	
0	311	-0.4471777	-2.45E-07	312	-0.001525902	5	5	0	0	0	0	0	0	0	0	0	0	0	0	0	0	12	0	
0	312	-0.4471777	-2.45E-07	313	-0.001525902	5	5	0	0	0	0	0	0	0	0	0	0	0	0	0	0	12	0	
0	313	-0.4474844	-2.45E-07	314	-0.001525902	5	5	0	0	0	0	0	0	0	0	0	0	0	0	0	0	12	0	
0	314	-0.4474844	-2.45E-07	315	-0.001525902	5	5	0	0	0	0	0	0	0	0	0	0	0	0	0	0	12	0	
0	315	-0.4474844	-2.45E-07	316	-0.001525902	5	5	0	0	0	0	0	0	0	0	0	0	0	0	0	0	12	0	
0	316	-0.4477911	-2.45E-07	317	-0.001525902	5	5	0	0	0	0	0	0	0	0	0	0	0	0	0	0	12	0	
0	317	-0.4477911	-2.45E-07	318	-0.001525902	5	5	0	0	0	0	0	0	0	0	0	0	0	0	0	0	12	0	
0	318	-0.4477911	-2.45E-07	319	-0.001525902	5	5	0	0	0	0	0	0	0	0	0	0	0	0	0	0	12	0	
0	319	-0.4480978	-2.45E-07	320	-0.001525902	5	5	0	0	0	0	0	0	0	0	0	0	0	0	0	0	12	0	
0	320	-0.4480978	-2.45E-07	321	-0.001525902	5	261	0	0	0	0	0	0	0	0	0	0	0	0	0	0	12	0	
0	321	-0.4480978	-2.45E-07	322	-0.001525902	5	5	0	0	0	0	0	0	0	0	0	0	0	0	0	0	12	0	
0	322	-0.4480978	-2.45E-07	323	-0.001525902	5	5	0	0	0	0	0	0	0	0	0	0	0	0	0	0	12	0	
0	323	-0.4484045	-2.45E-07	324	-0.001525902	5	5	0	0	0	0	0	0	0	0	0	0	0	0	0	0	12	0	
0	324	-0.4484045	-2.45E-07	325	-0.001525902	5	5	0	0	0	0	0	0	0	0	0	0	0	0	0	0	12	0	
0	325	-0.4484045	-2.45E-07	326	-0.001525902	5	5	0	0	0	0	0	0	0	0	0	0	0	0	0	0	12	0	
0	326	-0.4484045	-2.45E-07	327	-0.001525902	5	5	0	0	0	0	0	0	0	0	0	0	0	0	0	0	12	0	
0	327	-0.4487112	-2.45E-07	328	-0.001525902	5	5	0	0	0	0	0	0	0	0	0	0	0	0	0	0	12	0	
0	328	-0.4487112	-2.45E-07	329	-0.001525902	5	5	0	0	0	0	0	0	0	0	0	0	0	0	0	0	12	0	
0	329	-0.4487112	-3.07E-07	330	-0.001525902	5	5	0	0	0	0	0	0	0	0	0	0	0	0	0	0	12	0	
0	330	-0.4490179	-2.45E-07	331	-0.001525902	5	5	0	0	0	0	0	0	0	0	0	0	0	0	0	0	12	0	
0	331	-0.4490179	-2.45E-07	332	-0.001525902	5	5	0	0	0	0	0	0	0	0	0	0	0	0	0	0	12	0	
0	332	-0.4493246	-2.45E-07	333	-0.001525902	5	5	0	0	0	0	0	0	0	0	0	0	0	0	0	0	12	0	
0	333	-0.4493246	-2.45E-07	334	-0.001525902	5	5	0	0	0	0	0	0	0	0	0	0	0	0	0	0	12	0	
0	334	-0.4493246	-2.45E-07	335	-0.001525902	5	5	0	0	0	0	0	0	0	0	0	0	0	0	0	0	12	0	
0	335	-0.4493246	-2.45E-07	336	-0.001525902	5	5	0	0	0	0	0	0	0	0	0	0	0	0	0	0	12	0	
0	336	-0.4493246	-2.45E-07	337	-0.001525902	5	5	0	0	0	0	0	0	0	0	0	0	0	0	0	0	12	0	
0	337	-0.4496313	-2.45E-07	338	-0.001525902	5	5	0	0	0	0	0	0	0	0	0	0	0	0	0	0	12	0	
0	338	-0.4496313	-2.45E-07	339	-0.001525902	5	5	0	0	0	0	0	0	0	0	0	0	0	0	0	0	12	0	
0	339	-0.4496313	-2.45E-07	340	-0.001525902	5	261	0	0	0	0	0	0	0	0	0	0	0	0	0	0	12	0	
0	340	-0.449938	-2.45E-07	341	-0.001525902	5	5	0	0	0	0	0	0	0	0	0	0	0	0	0	0	12	0	
0	341	-0.449938	-2.45E-07	342	-0.001525902	5	5	0	0	0	0	0	0	0	0	0	0	0	0	0	0	12	0	
0	342	-0.449938	-2.45E-07	343	-0.001525902	5	5	0	0	0	0	0	0	0	0	0	0	0	0	0	0	12	0	
0	343	-0.449938	-2.45E-07	344	-0.001525902	5	5	0	0	0	0	0	0	0	0	0	0	0	0	0	0	12	0	
0	344	-0.4502447	-2.45E-07	345	-0.001525902	5	5	0	0	0	0	0	0	0	0	0	0	0	0	0	0	12	0	
0	345	-0.4502447	-2.45E-07	346	-0.001525902	5	5	0	0	0	0	0	0	0	0	0	0	0	0	0	0	12	0	
0	346	-0.4502447	-2.45E-07	347	-0.001525902	5	5	0	0	0	0	0	0	0	0	0	0	0	0	0	0	12	0	
0	347	-0.4502447	-2.45E-07	348	-0.001525902	5	5	0	0	0	0	0	0	0	0	0	0	0	0	0	0	12	0	
0	348	-0.4505515	-2.45E-07	349	-0.001525902	5	5	0	0	0	0	0	0	0	0	0	0	0	0	0	0	12	0	
0	349	-0.4505515	-2.45E-07	350	-0.001525902	5	5	0	0	0	0	0	0	0	0	0	0	0	0	0	0	12	0	
0	350	-0.4505515	-2.45E-07	351	-0.001525902	5	5	0	0	0	0	0	0	0	0	0	0	0	0	0	0	12	0	
0	351	-0.4508581	-2.45E-07	352	-0.001525902	5	5	0	0	0	0	0	0	0	0	0	0	0	0	0	0	12	0	
0	352	-0.4508581	-2.45E-07	353	-0.001525902	5	5	0	0	0	0	0	0	0	0	0	0	0	0	0	0	12	0	
0	353	-0.4508581	-2.45E-07	354	-0.001525902	5	261	0	0	0	0	0	0	0	0	0	0	0	0	0	0	12	0	
0	354	-0.4508581	-2.45E-07	355	-0.001525902	5	261	0	0	0	0	0	0	0	0	0	0	0	0	0	0	12	0	
0	355	-0.4511648	-2.45E-07	356	-0.001525902	5	261	0	0	0	0	0	0	0	0	0	0	0	0	0	0	12	0	
0	356	-0.4511648	-3.07E-07	357	-0.001525902	5	261	0	0	0	0	0	0	0	0	0	0	0	0	0	0	12	0	
0	357	-0.4511648	-2.45E-07	358	-0.001525902	5	5	0	0	0	0	0	0	0	0	0	0	0	0	0	0	12	0	
0	358	-0.4514716	-2.45E-07	359	-0.001525902	5	261	0	0	0	0	0	0	0	0	0	0	0	0	0	0	12	0	
0	359	-0.4514716	-2.45E-07	360	-0.001525902	5	5	0	0	0	0	0	0	0	0	0	0	0	0	0	0	12	0	
0	360	-0.4514716	-2.45E-07	361	-0.001525902	5	5	0	0	0	0	0	0	0	0	0	0	0	0	0	0	12	0	
0	361	-0.4517783	-2.45E-07	362	-0.001525902	5	5	0	0	0	0	0	0	0	0	0	0	0	0	0	0	12	0	
0	362	-0.4517783	-2.45E-07	363	-0.001525902	5	5	0	0	0	0	0	0	0	0	0	0	0	0	0	0	12	0	
0	363	-0.4517783	-2.45E-07	364	-0.001525902	5	5	0	0	0	0	0	0	0	0	0	0	0	0	0	0	12	0	
0	364	-0.4517783	-2.45E-07	365	-0.001525902	5	5	0	0	0	0	0	0	0	0	0	0	0	0	0	0	12	0	
0	365	-0.4517783	-2.45E-07	366	-0.001525902	5	5	0	0	0	0	0	0	0	0	0	0	0	0	0	0	12	0	
0	366	-0.4517783	-2.45E-07	367	-0.001525902	5	5	0	0	0	0	0	0	0	0	0	0	0	0	0	0	12	0	
0	367	-0.452085	-2.45E-07	368	-0.001525902	5	5	0	0	0	0	0	0	0	0	0	0	0	0	0	0	12	0	
0	368	-0.452085	-2.45E-07	369	-0.001525902	5	5	0	0	0	0	0	0	0	0	0	0	0	0	0	0	12	0	
0	369	-0.452085	-2.45E-07	370	-0.001525902	5	5	0	0	0	0	0	0	0	0	0	0	0	0	0	0	12	0	
0	370	-0.4523917	-2.45E-07	371	-0.001525902	5	5	0	0	0	0	0	0	0	0	0	0	0	0	0	0	12	0	
0	371	-0.4523917	-2.45E-07	372	-0.001525902	5	5	0	0	0	0	0	0	0	0	0	0	0	0	0	0	12	0	
0	372	-0.4523917	-2.45E-07	373	-0.001525902	5	5	0	0	0	0	0	0	0	0	0	0	0	0	0	0	12	0	
0	373	-0.4523917	-2.45E-07	374	-0.001525902	5	5	0	0	0	0	0	0	0	0	0	0	0	0	0	0	12	0	
0	374	-0.4526984	-2.45E-07	375	-0.001525902	5	5	0	0	0	0	0	0	0	0	0	0	0	0	0	0	12	0	
0	375	-0.4526984	-2.45E-07	376	-0.001525902	5	5	0	0	0	0	0	0	0	0	0	0	0	0	0	0	12	0	
0	376	-0.4526984	-2.45E-07	377	-0.001525902	5	5	0	0	0	0	0	0	0	0	0	0	0	0	0	0	12	0	
0	377	-0.4526984	-2.45E-07	378	-0.001525902	5	5	0	0	0	0	0	0	0	0	0	0	0	0	0	0	12	0	
0	378	-0.4530051	-2.45E-07	379	-0.001525902	5	5	0	0	0	0	0	0	0	0	0	0	0	0	0	0	12	0	
0	379	-0.4530051	-2.45E-07	380	-0.001525902	5	5	0	0	0	0	0	0	0	0	0	0	0	0	0	0	12	0	
0	380	-0.4530051	-2.45E-07	381	-0.001525902	5	5	0	0	0	0	0	0	0	0	0	0	0	0	0	0	12	0	
0	381	-0.4530051	-2.45E-07	382	-0.001525902	5	5	0	0	0	0	0	0	0	0	0	0	0	0	0	0	12	0	
0	382	-0.4533118	-2.45E-07	383	-0.001525902	5	5	0	0	0	0	0	0	0	0	0	0	0	0	0	0	12	0	
0	383	-0.4533118	-2.45E-07	384	-0.001525902	5	5	0	0	0	0	0	0	0	0	0	0	0	0	0	0	12	0	
0	384	-0.4533118	-2.45E-07	385	-0.001525902	5	5	0	0	0	0	0	0	0	0	0	0	0	0	0	0	12	0	
0	385	-0.4533118	-2.45E-07	386	-0.001525902	5	5	0	0	0	0	0	0	0	0	0	0	0	0	0	0	12	0	
0	386	-0.4536185	-2.45E-07	387	-0.001525902	5	261	0	0	0	0	0	0	0	0	0	0	0	0	0	0	12	0	
0	387	-0.4536185	-2.45E-07	388	-0.001525902	5	5	0	0	0	0	0	0	0	0	0	0	0	0	0	0	12	0	
0	388	-0.4536185	-2.45E-07	389	-0.001525902	5	5	0	0	0	0	0	0	0	0	0	0	0	0	0	0	12	0	
0	389	-0.4536185	-2.45E-07	390	-0.001525902	5	5	0	0	0	0	0	0	0	0	0	0	0	0	0	0	12	0	
0	390	-0.4539252	-2.45E-07	391	-0.001525902	5	5	0	0	0	0	0	0	0	0	0	0	0	0	0	0	12	0	
0	391	-0.4539252	-2.45E-07	392	-0.001525902	5	5	0	0	0	0	0	0	0	0	0	0	0	0	0	0	12	0	
0	392	-0.4539252	-2.45E-07	393	-0.001525902	5	5	0	0	0	0	0	0	0	0	0	0	0	0	0	0	12	0	
0	393	-0.4539252	-2.45E-07	394	-0.001525902	5	5	0	0	0	0	0	0	0	0	0	0	0	0	0	0	12	0	
0	394	-0.4542319	-2.45E-07	395	-0.001525902	5	5	0	0	0	0	0	0	0	0	0	0	0	0	0	0	12	0	
0	395	-0.4542319	-2.45E-07	396	-0.001525902	5	5	0	0	0	0	0	0	0	0	0	0	0	0	0	0	12	0	
0	396	-0.4542319	-2.45E-07	397	-0.001525902	5	5	0	0	0	0	0	0	0	0	0	0	0	0	0	0	12	0	
0	397	-0.4542319	-2.45E-07	398	-0.001525902	5	5	0	0	0	0	0	0	0	0	0	0	0	0	0	0	12	0	
0	398	-0.4545386	-2.45E-07	399	-0.001525902	5	5	0	0	0	0	0	0	0	0	0	0	0	0	0	0	12	0	
0	399	-0.4545386	-2.45E-07	400	-0.001525902	5	5	0	0	0	0	0	0	0	0	0	0	0	0	0	0	12	0	
0	400	-0.4545386	-2.45E-07	401	-0.001525902	5	5	0	0	0	0	0	0	0	0	0	0	0	0	0	0	12	0	
0	401	-0.4545386	-2.45E-07	402	-0.001525902	5	5	0	0	0	0	0	0	0	0	0	0	0	0	0	0	12	0	
0	402	-0.4548453	-2.45E-07	403	-0.001525902	5	5	0	0	0	0	0	0	0	0	0	0	0	0	0	0	12	0	
0	403	-0.4548453	-2.45E-07	404	-0.001525902	5	5	0	0	0	0	0	0	0	0	0	0	0	0	0	0	12	0	
0	404	-0.4548453	-2.45E-07	405	-0.001525902	5	5	0	0	0	0	0	0	0	0	0	0	0	0	0	0	12	0	
0	405	-0.455152	-2.45E-07	406	-0.001525902	5	5	0	0	0	0	0	0	0	0	0	0	0	0	0	0	12	0	
0	406	-0.455152	-2.45E-07	407	-0.001525902	5	5	0	0	0	0	0	0	0	0	0	0	0	0	0	0	12	0	
0	407	-0.455152	-2.45E-07	408	-0.001525902	5	5	0	0	0	0	0	0	0	0	0	0	0	0	0	0	12	0	
0	408	-0.455152	-2.45E-07	409	-0.001525902	5	5	0	0	0	0	0	0	0	0	0	0	0	0	0	0	12	0	
0	409	-0.455152	-2.45E-07	410	-0.001525902	5	5	0	0	0	0	0	0	0	0	0	0	0	0	0	0	12	0	
0	410	-0.4554587	-2.45E-07	411	-0.001525902	5	5	0	0	0	0	0	0	0	0	0	0	0	0	0	0	12	0	
0	411	-0.4554587	-2.45E-07	412	-0.001525902	5	5	0	0	0	0	0	0	0	0	0	0	0	0	0	0	12	0	
0	412	-0.4554587	-2.45E-07	413	-0.001525902	5	5	0	0	0	0	0	0	0	0	0	0	0	0	0	0	12	0	
0	413	-0.4554587	-2.45E-07	414	-0.001525902	5	5	0	0	0	0	0	0	0	0	0	0	0	0	0	0	12	0	
0	414	-0.4554587	-2.45E-07	415	-0.001525902	5	5	0	0	0	0	0	0	0	0	0	0	0	0	0	0	12	0	
0	415	-0.4557655	-2.45E-07	416	-0.001525902	5	5	0	0	0	0	0	0	0	0	0	0	0	0	0	0	12	0	
0	416	-0.4557655	-2.45E-07	417	-0.001525902	5	5	0	0	0	0	0	0	0	0	0	0	0	0	0	0	12	0	
0	417	-0.4557655	-2.45E-07	418	-0.001525902	5	5	0	0	0	0	0	0	0	0	0	0	0	0	0	0	12	0	
0	418	-0.4560722	-2.45E-07	419	-0.001525902	5	5	0	0	0	0	0	0	0	0	0	0	0	0	0	0	12	0	
0	419	-0.4560722	-2.45E-07	420	-0.001525902	5	5	0	0	0	0	0	0	0	0	0	0	0	0	0	0	12	0	
0	420	-0.4560722	-2.45E-07	421	-0.001525902	5	5	0	0	0	0	0	0	0	0	0	0	0	0	0	0	12	0	
0	421	-0.4563788	-2.45E-07	422	-0.001525902	5	5	0	0	0	0	0	0	0	0	0	0	0	0	0	0	12	0	
0	422	-0.4563788	-2.45E-07	423	-0.001525902	5	5	0	0	0	0	0	0	0	0	0	0	0	0	0	0	12	0	
0	423	-0.4563788	-2.45E-07	424	-0.001525902	5	5	0	0	0	0	0	0	0	0	0	0	0	0	0	0	12	0	
0	424	-0.4563788	-2.45E-07	425	-0.001525902	5	5	0	0	0	0	0	0	0	0	0	0	0	0	0	0	12	0	
0	425	-0.4563788	-2.45E-07	426	-0.001525902	5	5	0	0	0	0	0	0	0	0	0	0	0	0	0	0	12	0	
0	426	-0.4566856	-2.45E-07	427	-0.001525902	5	5	0	0	0	0	0	0	0	0	0	0	0	0	0	0	12	0	
0	427	-0.4566856	-2.45E-07	428	-0.001525902	5	5	0	0	0	0	0	0	0	0	0	0	0	0	0	0	12	0	
0	428	-0.4566856	-2.45E-07	429	-0.001525902	5	5	0	0	0	0	0	0	0	0	0	0	0	0	0	0	12	0	
0	429	-0.4566856	-2.45E-07	430	-0.001525902	5	5	0	0	0	0	0	0	0	0	0	0	0	0	0	0	12	0	
0	430	-0.4566856	-2.45E-07	431	-0.001525902	5	5	0	0	0	0	0	0	0	0	0	0	0	0	0	0	12	0	
0	431	-0.4569923	-2.45E-07	432	-0.001525902	5	5	0	0	0	0	0	0	0	0	0	0	0	0	0	0	12	0	
0	432	-0.4569923	-2.45E-07	433	-0.001525902	5	5	0	0	0	0	0	0	0	0	0	0	0	0	0	0	12	0	
0	433	-0.4569923	-2.45E-07	434	-0.001525902	5	5	0	0	0	0	0	0	0	0	0	0	0	0	0	0	12	0	
0	434	-0.4569923	-2.45E-07	435	-0.001525902	5	5	0	0	0	0	0	0	0	0	0	0	0	0	0	0	12	0	
0	435	-0.457299	-2.45E-07	436	-0.001525902	5	5	0	0	0	0	0	0	0	0	0	0	0	0	0	0	12	0	
0	436	-0.457299	-2.45E-07	437	-0.001525902	5	5	0	0	0	0	0	0	0	0	0	0	0	0	0	0	12	0	
0	437	-0.457299	-2.45E-07	438	-0.001525902	5	5	0	0	0	0	0	0	0	0	0	0	0	0	0	0	12	0	
0	438	-0.457299	-2.45E-07	439	-0.001525902	5	5	0	0	0	0	0	0	0	0	0	0	0	0	0	0	12	0	
0	439	-0.457299	-2.45E-07	440	-0.001525902	5	261	0	0	0	0	0	0	0	0	0	0	0	0	0	0	12	0	
0	440	-0.4576057	-2.45E-07	441	-0.001525902	5	5	0	0	0	0	0	0	0	0	0	0	0	0	0	0	12	0	
0	441	-0.4576057	-2.45E-07	442	-0.001525902	5	5	0	0	0	0	0	0	0	0	0	0	0	0	0	0	12	0	
0	442	-0.4576057	-2.45E-07	443	-0.001525902	5	5	0	0	0	0	0	0	0	0	0	0	0	0	0	0	12	0	
0	443	-0.4576057	-2.45E-07	444	-0.001525902	5	5	0	0	0	0	0	0	0	0	0	0	0	0	0	0	12	0	
0	444	-0.4579124	-2.45E-07	445	-0.001525902	5	5	0	0	0	0	0	0	0	0	0	0	0	0	0	0	12	0	
0	445	-0.4579124	-2.45E-07	446	-0.001525902	5	5	0	0	0	0	0	0	0	0	0	0	0	0	0	0	12	0	
0	446	-0.4579124	-2.45E-07	447	-0.001525902	5	5	0	0	0	0	0	0	0	0	0	0	0	0	0	0	12	0	
0	447	-0.4579124	-2.45E-07	448	-0.001525902	5	5	0	0	0	0	0	0	0	0	0	0	0	0	0	0	12	0	
0	448	-0.4582191	-2.45E-07	449	-0.001525902	5	5	0	0	0	0	0	0	0	0	0	0	0	0	0	0	12	0	
0	449	-0.4582191	-2.45E-07	450	-0.001525902	5	5	0	0	0	0	0	0	0	0	0	0	0	0	0	0	12	0	
0	450	-0.4582191	-2.45E-07	451	-0.001525902	5	5	0	0	0	0	0	0	0	0	0	0	0	0	0	0	12	0	
0	451	-0.4582191	-2.45E-07	452	-0.001525902	5	5	0	0	0	0	0	0	0	0	0	0	0	0	0	0	12	0	
0	452	-0.4582191	-2.45E-07	453	-0.001525902	5	5	0	0	0	0	0	0	0	0	0	0	0	0	0	0	12	0	
0	453	-0.4582191	-2.45E-07	454	-0.001525902	5	5	0	0	0	0	0	0	0	0	0	0	0	0	0	0	12	0	
0	454	-0.4585258	-2.45E-07	455	-0.001525902	5	5	0	0	0	0	0	0	0	0	0	0	0	0	0	0	12	0	
0	455	-0.4585258	-2.45E-07	456	-0.001525902	5	5	0	0	0	0	0	0	0	0	0	0	0	0	0	0	12	0	
0	456	-0.4585258	-2.45E-07	457	-0.001525902	5	5	0	0	0	0	0	0	0	0	0	0	0	0	0	0	12	0	
0	457	-0.4585258	-2.45E-07	458	-0.001525902	5	5	0	0	0	0	0	0	0	0	0	0	0	0	0	0	12	0	
0	458	-0.4588325	-2.45E-07	459	-0.001525902	5	5	0	0	0	0	0	0	0	0	0	0	0	0	0	0	12	0	
0	459	-0.4588325	-2.45E-07	460	-0.001525902	5	5	0	0	0	0	0	0	0	0	0	0	0	0	0	0	12	0	
0	460	-0.4588325	-2.45E-07	461	-0.001525902	5	5	0	0	0	0	0	0	0	0	0	0	0	0	0	0	12	0	
0	461	-0.4588325	-2.45E-07	462	-0.001525902	5	5	0	0	0	0	0	0	0	0	0	0	0	0	0	0	12	0	
0	462	-0.4588325	-2.45E-07	463	-0.001525902	5	5	0	0	0	0	0	0	0	0	0	0	0	0	0	0	12	0	
0	463	-0.4591392	-2.45E-07	464	-0.001525902	5	5	0	0	0	0	0	0	0	0	0	0	0	0	0	0	12	0	
0	464	-0.4591392	-2.45E-07	465	-0.001525902	5	261	0	0	0	0	0	0	0	0	0	0	0	0	0	0	12	0	
0	465	-0.4591392	-2.45E-07	466	-0.001525902	5	5	0	0	0	0	0	0	0	0	0	0	0	0	0	0	12	0	
0	466	-0.4591392	-2.45E-07	467	-0.001525902	5	5	0	0	0	0	0	0	0	0	0	0	0	0	0	0	12	0	
0	467	-0.4591392	-2.45E-07	468	-0.001525902	5	5	0	0	0	0	0	0	0	0	0	0	0	0	0	0	12	0	
0	468	-0.4594459	-2.45E-07	469	-0.001525902	5	5	0	0	0	0	0	0	0	0	0	0	0	0	0	0	12	0	
0	469	-0.4594459	-2.45E-07	470	-0.001525902	5	5	0	0	0	0	0	0	0	0	0	0	0	0	0	0	12	0	
0	470	-0.4594459	-2.45E-07	471	-0.001525902	5	5	0	0	0	0	0	0	0	0	0	0	0	0	0	0	12	0	
0	471	-0.4594459	-2.45E-07	472	-0.001525902	5	5	0	0	0	0	0	0	0	0	0	0	0	0	0	0	12	0	
0	472	-0.4594459	-2.45E-07	473	-0.001525902	5	5	0	0	0	0	0	0	0	0	0	0	0	0	0	0	12	0	
0	473	-0.4597526	-2.45E-07	474	-0.001525902	5	5	0	0	0	0	0	0	0	0	0	0	0	0	0	0	12	0	
0	474	-0.4597526	-2.45E-07	475	-0.001525902	5	5	0	0	0	0	0	0	0	0	0	0	0	0	0	0	12	0	
0	475	-0.4597526	-2.45E-07	476	-0.001525902	5	5	0	0	0	0	0	0	0	0	0	0	0	0	0	0	12	0	
0	476	-0.4597526	-2.45E-07	477	-0.001525902	5	5	0	0	0	0	0	0	0	0	0	0	0	0	0	0	12	0	
0	477	-0.4597526	-2.45E-07	478	-0.001525902	5	5	0	0	0	0	0	0	0	0	0	0	0	0	0	0	12	0	
0	478	-0.4600593	-2.45E-07	479	-0.001525902	5	5	0	0	0	0	0	0	0	0	0	0	0	0	0	0	12	0	
0	479	-0.4600593	-2.45E-07	480	-0.001525902	5	5	0	0	0	0	0	0	0	0	0	0	0	0	0	0	12	0	
0	480	-0.4600593	-2.45E-07	481	-0.001525902	5	5	0	0	0	0	0	0	0	0	0	0	0	0	0	0	12	0	
0	481	-0.4600593	-2.45E-07	482	-0.001525902	5	5	0	0	0	0	0	0	0	0	0	0	0	0	0	0	12	0	
0	482	-0.4600593	-2.45E-07	483	-0.001525902	5	5	0	0	0	0	0	0	0	0	0	0	0	0	0	0	12	0	
0	483	-0.460366	-2.45E-07	484	-0.001525902	5	5	0	0	0	0	0	0	0	0	0	0	0	0	0	0	12	0	
0	484	-0.460366	-2.45E-07	485	-0.001525902	5	5	0	0	0	0	0	0	0	0	0	0	0	0	0	0	12	0	
0	485	-0.460366	-2.45E-07	486	-0.001525902	5	5	0	0	0	0	0	0	0	0	0	0	0	0	0	0	12	0	
0	486	-0.460366	-2.45E-07	487	-0.001525902	5	5	0	0	0	0	0	0	0	0	0	0	0	0	0	0	12	0	
0	487	-0.460366	-2.45E-07	488	-0.001525902	5	5	0	0	0	0	0	0	0	0	0	0	0	0	0	0	12	0	
0	488	-0.460366	-2.45E-07	489	-0.001525902	5	5	0	0	0	0	0	0	0	0	0	0	0	0	0	0	12	0	
0	489	-0.4606727	-2.45E-07	490	-0.001525902	5	5	0	0	0	0	0	0	0	0	0	0	0	0	0	0	12	0	
0	490	-0.4606727	-2.45E-07	491	-0.001525902	5	5	0	0	0	0	0	0	0	0	0	0	0	0	0	0	12	0	
0	491	-0.4606727	-2.45E-07	492	-0.001525902	5	5	0	0	0	0	0	0	0	0	0	0	0	0	0	0	12	0	
0	492	-0.4606727	-2.45E-07	493	-0.001525902	5	5	0	0	0	0	0	0	0	0	0	0	0	0	0	0	12	0	
0	493	-0.4606727	-2.45E-07	494	-0.001525902	5	5	0	0	0	0	0	0	0	0	0	0	0	0	0	0	12	0	
0	494	-0.4606727	-2.45E-07	495	-0.001525902	5	5	0	0	0	0	0	0	0	0	0	0	0	0	0	0	12	0	
0	495	-0.4609795	-2.45E-07	496	-0.001525902	5	5	0	0	0	0	0	0	0	0	0	0	0	0	0	0	12	0	
0	496	-0.4609795	-2.45E-07	497	-0.001525902	5	5	0	0	0	0	0	0	0	0	0	0	0	0	0	0	12	0	
0	497	-0.4609795	-2.45E-07	498	-0.001525902	5	5	0	0	0	0	0	0	0	0	0	0	0	0	0	0	12	0	
0	498	-0.4609795	-2.45E-07	499	-0.001525902	5	5	0	0	0	0	0	0	0	0	0	0	0	0	0	0	12	0	
0	499	-0.4609795	-2.45E-07	500	-0.001525902	5	5	0	0	0	0	0	0	0	0	0	0	0	0	0	0	12	0	
0	500	-0.4612862	-2.45E-07	501	-0.001525902	5	5	0	0	0	0	0	0	0	0	0	0	0	0	0	0	12	0	
0	501	-0.4612862	-2.45E-07	502	-0.001525902	5	5	0	0	0	0	0	0	0	0	0	0	0	0	0	0	12	0	
0	502	-0.4612862	-2.45E-07	503	-0.001525902	5	5	0	0	0	0	0	0	0	0	0	0	0	0	0	0	12	0	
0	503	-0.4612862	-2.45E-07	504	-0.001525902	5	5	0	0	0	0	0	0	0	0	0	0	0	0	0	0	12	0	
0	504	-0.4612862	-2.45E-07	505	-0.001525902	5	5	0	0	0	0	0	0	0	0	0	0	0	0	0	0	12	0	
0	505	-0.4612862	-2.45E-07	506	-0.001525902	5	5	0	0	0	0	0	0	0	0	0	0	0	0	0	0	12	0	
0	506	-0.4612862	-2.45E-07	507	-0.001525902	5	5	0	0	0	0	0	0	0	0	0	0	0	0	0	0	12	0	
0	507	-0.4615929	-2.45E-07	508	-0.001525902	5	5	0	0	0	0	0	0	0	0	0	0	0	0	0	0	12	0	
0	508	-0.4615929	-2.45E-07	509	-0.001525902	5	5	0	0	0	0	0	0	0	0	0	0	0	0	0	0	12	0	
0	509	-0.4615929	-2.45E-07	510	-0.001525902	5	5	0	0	0	0	0	0	0	0	0	0	0	0	0	0	12	0	
0	510	-0.4615929	-2.45E-07	511	-0.001525902	5	5	0	0	0	0	0	0	0	0	0	0	0	0	0	0	12	0	
0	511	-0.4615929	-2.45E-07	512	-0.001525902	5	5	0	0	0	0	0	0	0	0	0	0	0	0	0	0	12	0	
0	512	-0.4615929	-2.45E-07	513	-0.001525902	5	5	0	0	0	0	0	0	0	0	0	0	0	0	0	0	12	0	
0	513	-0.4618996	-2.45E-07	514	-0.001525902	5	5	0	0	0	0	0	0	0	0	0	0	0	0	0	0	12	0	
0	514	-0.4618996	-2.45E-07	515	-0.001525902	5	5	0	0	0	0	0	0	0	0	0	0	0	0	0	0	12	0	
0	515	-0.4618996	-2.45E-07	516	-0.001525902	5	5	0	0	0	0	0	0	0	0	0	0	0	0	0	0	12	0	
0	516	-0.4618996	-2.45E-07	517	-0.001525902	5	5	0	0	0	0	0	0	0	0	0	0	0	0	0	0	12	0	
0	517	-0.4618996	-2.45E-07	518	-0.001525902	5	5	0	0	0	0	0	0	0	0	0	0	0	0	0	0	12	0	
0	518	-0.4618996	-2.45E-07	519	-0.001525902	5	5	0	0	0	0	0	0	0	0	0	0	0	0	0	0	12	0	
0	519	-0.4622063	-2.45E-07	520	-0.001525902	5	5	0	0	0	0	0	0	0	0	0	0	0	0	0	0	12	0	
0	520	-0.4622063	-2.45E-07	521	-0.001525902	5	5	0	0	0	0	0	0	0	0	0	0	0	0	0	0	12	0	
0	521	-0.4622063	-2.45E-07	522	-0.001525902	5	261	0	0	0	0	0	0	0	0	0	0	0	0	0	0	12	0	
0	522	-0.4622063	-2.45E-07	523	-0.001525902	5	261	0	0	0	0	0	0	0	0	0	0	0	0	0	0	12	0	
0	523	-0.4622063	-2.45E-07	524	-0.001525902	5	5	0	0	0	0	0	0	0	0	0	0	0	0	0	0	12	0	
0	524	-0.462513	-2.45E-07	525	-0.001525902	5	5	0	0	0	0	0	0	0	0	0	0	0	0	0	0	12	0	
0	525	-0.462513	-2.45E-07	526	-0.001525902	5	5	0	0	0	0	0	0	0	0	0	0	0	0	0	0	12	0	
0	526	-0.462513	-2.45E-07	527	-0.001525902	5	5	0	0	0	0	0	0	0	0	0	0	0	0	0	0	12	0	
0	527	-0.462513	-2.45E-07	528	-0.001525902	5	5	0	0	0	0	0	0	0	0	0	0	0	0	0	0	12	0	
0	528	-0.462513	-2.45E-07	529	-0.001525902	5	5	0	0	0	0	0	0	0	0	0	0	0	0	0	0	12	0	
0	529	-0.462513	-2.45E-07	530	-0.001525902	5	5	0	0	0	0	0	0	0	0	0	0	0	0	0	0	12	0	
0	530	-0.462513	-2.45E-07	531	-0.001525902	5	5	0	0	0	0	0	0	0	0	0	0	0	0	0	0	12	0	
0	531	-0.462513	-2.45E-07	532	-0.001525902	5	5	0	0	0	0	0	0	0	0	0	0	0	0	0	0	12	0	
0	532	-0.4628197	-2.45E-07	533	-0.001525902	5	5	0	0	0	0	0	0	0	0	0	0	0	0	0	0	12	0	
0	533	-0.4628197	-2.45E-07	534	-0.001525902	5	5	0	0	0	0	0	0	0	0	0	0	0	0	0	0	12	0	
0	534	-0.4628197	-2.45E-07	535	-0.001525902	5	5	0	0	0	0	0	0	0	0	0	0	0	0	0	0	12	0	
0	535	-0.4628197	-2.45E-07	536	-0.001525902	5	5	0	0	0	0	0	0	0	0	0	0	0	0	0	0	12	0	
0	536	-0.4631264	-2.45E-07	537	-0.001525902	5	5	0	0	0	0	0	0	0	0	0	0	0	0	0	0	12	0	
0	537	-0.4631264	-2.45E-07	538	-0.001525902	5	5	0	0	0	0	0	0	0	0	0	0	0	0	0	0	12	0	
0	538	-0.4631264	-2.45E-07	539	-0.001525902	5	5	0	0	0	0	0	0	0	0	0	0	0	0	0	0	12	0	
0	539	-0.4631264	-2.45E-07	540	-0.001525902	5	5	0	0	0	0	0	0	0	0	0	0	0	0	0	0	12	0	
0	540	-0.4631264	-2.45E-07	541	-0.001525902	5	5	0	0	0	0	0	0	0	0	0	0	0	0	0	0	12	0	
0	541	-0.4631264	-2.45E-07	542	-0.001525902	5	5	0	0	0	0	0	0	0	0	0	0	0	0	0	0	12	0	
0	542	-0.4631264	-2.45E-07	543	-0.001525902	5	5	0	0	0	0	0	0	0	0	0	0	0	0	0	0	12	0	
0	543	-0.4634331	-2.45E-07	544	-0.001525902	5	5	0	0	0	0	0	0	0	0	0	0	0	0	0	0	12	0	
0	544	-0.4634331	-2.45E-07	545	-0.001525902	5	5	0	0	0	0	0	0	0	0	0	0	0	0	0	0	12	0	
0	545	-0.4634331	-2.45E-07	546	-0.001525902	5	5	0	0	0	0	0	0	0	0	0	0	0	0	0	0	12	0	
0	546	-0.4634331	-2.45E-07	547	-0.001525902	5	5	0	0	0	0	0	0	0	0	0	0	0	0	0	0	12	0	
0	547	-0.4634331	-2.45E-07	548	-0.001525902	5	5	0	0	0	0	0	0	0	0	0	0	0	0	0	0	12	0	
0	548	-0.4634331	-2.45E-07	549	-0.001525902	5	5	0	0	0	0	0	0	0	0	0	0	0	0	0	0	12	0	
0	549	-0.4634331	-2.45E-07	550	-0.001525902	5	5	0	0	0	0	0	0	0	0	0	0	0	0	0	0	12	0	
0	550	-0.4634331	-2.45E-07	551	-0.001525902	5	5	0	0	0	0	0	0	0	0	0	0	0	0	0	0	12	0	
0	551	-0.4637398	-2.45E-07	552	-0.001525902	5	5	0	0	0	0	0	0	0	0	0	0	0	0	0	0	12	0	
0	552	-0.4637398	-2.45E-07	553	-0.001525902	5	5	0	0	0	0	0	0	0	0	0	0	0	0	0	0	12	0	
0	553	-0.4637398	-2.45E-07	554	-0.001525902	5	5	0	0	0	0	0	0	0	0	0	0	0	0	0	0	12	0	
0	554	-0.4637398	-2.45E-07	555	-0.001525902	5	5	0	0	0	0	0	0	0	0	0	0	0	0	0	0	12	0	
0	555	-0.4637398	-2.45E-07	556	-0.001525902	5	5	0	0	0	0	0	0	0	0	0	0	0	0	0	0	12	0	
0	556	-0.4637398	-2.45E-07	557	-0.001525902	5	5	0	0	0	0	0	0	0	0	0	0	0	0	0	0	12	0	
0	557	-0.4640465	-2.45E-07	558	-0.001525902	5	5	0	0	0	0	0	0	0	0	0	0	0	0	0	0	12	0	
0	558	-0.4640465	-2.45E-07	559	-0.001525902	5	261	0	0	0	0	0	0	0	0	0	0	0	0	0	0	12	0	
0	559	-0.4640465	-2.45E-07	560	-0.001525902	5	5	0	0	0	0	0	0	0	0	0	0	0	0	0	0	12	0	
0	560	-0.4640465	-2.45E-07	561	-0.001525902	5	5	0	0	0	0	0	0	0	0	0	0	0	0	0	0	12	0	
0	561	-0.4640465	-2.45E-07	562	-0.001525902	5	5	0	0	0	0	0	0	0	0	0	0	0	0	0	0	12	0	
0	562	-0.4640465	-2.45E-07	563	-0.001525902	5	5	0	0	0	0	0	0	0	0	0	0	0	0	0	0	12	0	
0	563	-0.4643532	-2.45E-07	564	-0.001525902	5	5	0	0	0	0	0	0	0	0	0	0	0	0	0	0	12	0	
0	564	-0.4643532	-2.45E-07	565	-0.001525902	5	5	0	0	0	0	0	0	0	0	0	0	0	0	0	0	12	0	
0	565	-0.4643532	-2.45E-07	566	-0.001525902	5	5	0	0	0	0	0	0	0	0	0	0	0	0	0	0	12	0	
0	566	-0.4643532	-2.45E-07	567	-0.001525902	5	5	0	0	0	0	0	0	0	0	0	0	0	0	0	0	12	0	
0	567	-0.4643532	-2.45E-07	568	-0.001525902	5	5	0	0	0	0	0	0	0	0	0	0	0	0	0	0	12	0	
0	568	-0.4643532	-2.45E-07	569	-0.001525902	5	5	0	0	0	0	0	0	0	0	0	0	0	0	0	0	12	0	
0	569	-0.4643532	-2.45E-07	570	-0.001525902	5	5	0	0	0	0	0	0	0	0	0	0	0	0	0	0	12	0	
0	570	-0.4646599	-2.45E-07	571	-0.001525902	5	5	0	0	0	0	0	0	0	0	0	0	0	0	0	0	12	0	
0	571	-0.4646599	-2.45E-07	572	-0.001525902	5	5	0	0	0	0	0	0	0	0	0	0	0	0	0	0	12	0	
0	572	-0.4646599	-2.45E-07	573	-0.001525902	5	5	0	0	0	0	0	0	0	0	0	0	0	0	0	0	12	0	
0	573	-0.4646599	-2.45E-07	574	-0.001525902	5	5	0	0	0	0	0	0	0	0	0	0	0	0	0	0	12	0	
0	574	-0.4646599	-2.45E-07	575	-0.001525902	5	5	0	0	0	0	0	0	0	0	0	0	0	0	0	0	12	0	
0	575	-0.4646599	-2.45E-07	576	-0.001525902	5	5	0	0	0	0	0	0	0	0	0	0	0	0	0	0	12	0	
0	576	-0.4646599	-2.45E-07	577	-0.001525902	5	5	0	0	0	0	0	0	0	0	0	0	0	0	0	0	12	0	
0	577	-0.4649666	-2.45E-07	578	-0.001525902	5	261	0	0	0	0	0	0	0	0	0	0	0	0	0	0	12	0	
0	578	-0.4649666	-2.45E-07	579	-0.001525902	5	261	0	0	0	0	0	0	0	0	0	0	0	0	0	0	12	0	
0	579	-0.4649666	-2.45E-07	580	-0.001525902	5	5	0	0	0	0	0	0	0	0	0	0	0	0	0	0	12	0	
0	580	-0.4649666	-2.45E-07	581	-0.001525902	5	5	0	0	0	0	0	0	0	0	0	0	0	0	0	0	12	0	
0	581	-0.4649666	-2.45E-07	582	-0.001525902	5	5	0	0	0	0	0	0	0	0	0	0	0	0	0	0	12	0	
0	582	-0.4649666	-2.45E-07	583	-0.001525902	5	5	0	0	0	0	0	0	0	0	0	0	0	0	0	0	12	0	
0	583	-0.4649666	-2.45E-07	584	-0.001525902	5	5	0	0	0	0	0	0	0	0	0	0	0	0	0	0	12	0	
0	584	-0.4652734	-2.45E-07	585	-0.001525902	5	5	0	0	0	0	0	0	0	0	0	0	0	0	0	0	12	0	
0	585	-0.4652734	-2.45E-07	586	-0.001525902	5	5	0	0	0	0	0	0	0	0	0	0	0	0	0	0	12	0	
0	586	-0.4652734	-2.45E-07	587	-0.001525902	5	5	0	0	0	0	0	0	0	0	0	0	0	0	0	0	12	0	
0	587	-0.4652734	-2.45E-07	588	-0.001525902	5	5	0	0	0	0	0	0	0	0	0	0	0	0	0	0	12	0	
0	588	-0.4652734	-2.45E-07	589	-0.001525902	5	5	0	0	0	0	0	0	0	0	0	0	0	0	0	0	12	0	
0	589	-0.4652734	-2.45E-07	590	-0.001525902	5	5	0	0	0	0	0	0	0	0	0	0	0	0	0	0	12	0	
0	590	-0.4652734	-2.45E-07	591	-0.001525902	5	5	0	0	0	0	0	0	0	0	0	0	0	0	0	0	12	0	
0	591	-0.4652734	-2.45E-07	592	-0.001525902	5	261	0	0	0	0	0	0	0	0	0	0	0	0	0	0	12	0	
0	592	-0.46558	-2.45E-07	593	-0.001525902	5	261	0	0	0	0	0	0	0	0	0	0	0	0	0	0	12	0	
0	593	-0.46558	-2.45E-07	594	-0.001525902	5	261	0	0	0	0	0	0	0	0	0	0	0	0	0	0	12	0	
0	594	-0.46558	-2.45E-07	595	-0.001525902	5	5	0	0	0	0	0	0	0	0	0	0	0	0	0	0	12	0	
0	595	-0.46558	-2.45E-07	596	-0.001525902	5	5	0	0	0	0	0	0	0	0	0	0	0	0	0	0	12	0	
0	596	-0.46558	-2.45E-07	597	-0.001525902	5	5	0	0	0	0	0	0	0	0	0	0	0	0	0	0	12	0	
0	597	-0.46558	-2.45E-07	598	-0.001525902	5	5	0	0	0	0	0	0	0	0	0	0	0	0	0	0	12	0	
0	598	-0.4658867	-2.45E-07	599	-0.001525902	5	5	0	0	0	0	0	0	0	0	0	0	0	0	0	0	12	0	
0	599	-0.4658867	-2.45E-07	600	-0.001525902	5	5	0	0	0	0	0	0	0	0	0	0	0	0	0	0	12	0	
																								
1	600	-0.465887	2.97E-08	601.935	-0.001831083	5	101	0	100000	0.007477493	-0.00557995	0.000116228	-0.000142236	49.28162	12.30055	0	0	0	0	0	0	21	0.01	
1	601	-0.465887	2.97E-08	602.282	-0.001525902	5	101	0	79432.82	-0.003819854	0.009822568	-3.86E-05	0.000209668	48.55665	9.275867	0	0	0	0	0	0	21	0.01	
1	602	-0.465887	2.97E-08	602.711	-0.002136263	5	101	0	63095.73	0.005228122	0.009512143	0.000135148	0.000177621	48.10126	7.165089	0	0	0	0	0	0	21	0.01	
1	603	-0.465887	2.97E-08	603.11	-0.002136263	5	101	0	50118.72	0.008236128	0.007223836	0.000186135	0.000128867	48.07432	5.526379	0	0	0	0	0	0	21	0.01	
1	604	-0.465887	2.97E-08	603.569	-0.001831083	5	101	0	39810.72	-7.37E-05	0.01067887	1.77E-05	0.000221084	47.96831	4.172508	0	0	0	0	0	0	21	0.01	
1	605	-0.465887	2.97E-08	603.947	-0.001525902	5	101	0	31622.78	-0.01035403	-0.002586147	-0.000218604	-4.00E-05	47.92503	3.06529	0	0	0	0	0	0	21	0.01	
1	606	-0.465887	2.97E-08	604.249	-0.001525902	5	101	0	25118.87	0.002826696	0.01057316	7.08E-05	0.000217157	47.85007	2.57498	0	0	0	0	0	0	21	0.01	
1	607	-0.465887	2.97E-08	604.6	-0.001525902	5	101	0	19952.62	-0.009908973	-0.003857856	-0.000209478	-7.39E-05	47.84341	1.5309	0	0	0	0	0	0	21	0.01	
1	608	-0.465887	2.97E-08	604.885	-0.001831083	5	101	0	15848.93	0.005060098	0.009465796	0.000109358	0.000196111	47.7941	0.8492683	0	0	0	0	0	0	21	0.01	
1	609	-0.465887	2.97E-08	605.159	-0.001831083	5	101	0	12589.25	0.01056311	-0.002333178	0.000220285	-5.02E-05	47.87847	0.3223187	0	0	0	0	0	0	21	0.01	
1	610	-0.465887	2.97E-08	605.429	-0.001831083	5	101	0	10000	-0.004727079	-0.009785987	-9.82E-05	-0.000204436	47.92223	-0.1122507	0	0	0	0	0	0	21	0.01	
1	611	-0.465887	2.97E-08	605.693	-0.001831083	5	101	0	7943.282	-0.01014561	0.003978551	-0.000212313	8.04E-05	47.9981	-0.5593971	0	0	0	0	0	0	21	0.01	
1	612	-0.465887	2.97E-08	605.979	-0.001831083	5	101	0	6309.573	0.009972686	-0.004484513	0.000209184	-8.81E-05	48.15955	-1.152018	0	0	0	0	0	0	21	0.01	
1	613	-0.465887	2.97E-08	606.248	-0.001831083	5	101	0	5011.873	-0.0104679	-0.003068568	-0.00021504	-7.13E-05	48.11827	-1.690013	0	0	0	0	0	0	21	0.01	
1	614	-0.465887	2.97E-08	606.575	-0.001525902	5	101	0	3981.072	-0.009842692	-0.003672039	-0.000198587	-8.40E-05	48.67459	-2.101372	0	0	0	0	0	0	21	0.01	
1	615	-0.465887	2.97E-08	606.861	-0.001525902	5	101	0	3162.278	0.001123991	-0.01038196	3.52E-05	-0.000211605	48.60202	-2.770993	0	0	0	0	0	0	21	0.01	
1	616	-0.465887	2.97E-08	607.133	-0.001831083	5	101	0	2511.886	-0.000306284	-0.01045558	8.66E-06	-0.000213233	48.89476	-3.421783	0	0	0	0	0	0	21	0.01	
1	617	-0.465887	2.97E-08	607.393	-0.001525902	5	101	0	1995.262	-0.01005109	-0.002914135	-0.000197618	-7.62E-05	49.23196	-4.227393	0	0	0	0	0	0	21	0.01	
1	618	-0.465887	2.97E-08	607.67	-0.001831083	5	101	0	1584.893	0.008835463	-0.005610419	0.000187733	-9.37E-05	49.61987	-5.121227	0	0	0	0	0	0	21	0.01	
1	619	-0.465887	2.97E-08	607.952	-0.001831083	5	101	0	1258.925	0.006445382	0.008240337	0.000107071	0.000177603	50.07611	-6.101626	0	0	0	0	0	0	21	0.01	
1	620	-0.465887	2.97E-08	608.242	-0.001831083	5	101	0	1000	0.002829358	0.009562725	2.82E-05	0.000192919	50.63072	-7.271252	0	0	0	0	0	0	21	0.01	
1	621	-0.465887	2.97E-08	608.545	-0.001525902	5	101	0	794.3282	-0.005866765	-0.008058728	-8.57E-05	-0.000171672	51.23748	-8.607433	0	0	0	0	0	0	21	0.01	
1	622	-0.465887	2.97E-08	608.826	-0.001831083	5	101	0	630.9573	0.008293744	0.005528399	0.000133272	0.000132942	51.93384	-10.32324	0	0	0	0	0	0	21	0.01	
1	623	-0.465887	2.97E-08	609.152	-0.001831083	5	101	0	501.1872	0.009086401	-0.004081638	0.000180174	-3.62E-05	52.84918	-12.04981	0	0	0	0	0	0	21	0.01	
1	624	-0.465887	2.97E-08	609.452	-0.001525902	5	101	0	398.1072	0.008085224	-0.00588573	0.000166465	-6.49E-05	54.12862	-14.26312	0	0	0	0	0	0	21	0.01	
1	625	-0.465887	2.97E-08	609.732	-0.001831083	5	101	0	316.2278	0.007114508	-0.006991426	0.000153271	-7.92E-05	55.23944	-17.07437	0	0	0	0	0	0	21	0.01	
1	626	-0.465887	2.97E-08	610.104	-0.001831083	5	101	0	251.1886	-0.00703984	0.007076699	-0.00015017	7.24E-05	56.47375	-19.90895	0	0	0	0	0	0	21	0.01	
1	627	-0.465887	2.97E-08	610.399	-0.001831083	5	101	0	199.5262	-0.009668048	-0.002413617	-0.000128374	-9.37E-05	58.09819	-23.59073	0	0	0	0	0	0	21	0.01	
1	628	-0.465887	2.97E-08	610.706	-0.001831083	5	101	0	158.4893	0.008298706	0.005562397	7.78E-05	0.000128703	60.1978	-28.11108	0	0	0	0	0	0	21	0.01	
1	629	-0.465887	2.97E-08	611.093	-0.001220722	5	165	0	125.8925	0.008886065	0.00456976	8.08E-05	0.000116114	62.39478	-33.10227	0	0	0	0	0	0	21	0.01	
1	630	-0.465887	2.97E-08	611.442	-0.001831083	5	165	0	100	-0.003475432	0.009393758	-0.000102853	8.22E-05	65.1638	-39.26484	0	0	0	0	0	0	21	0.01	
1	631	-0.465887	2.97E-08	611.864	-0.001525902	5	165	0	79.43282	0.009627931	-0.002643355	0.000114584	3.94E-05	68.04394	-46.46953	0	0	0	0	0	0	21	0.01	
1	632	-0.465887	2.97E-08	612.215	-0.001831083	5	165	0	63.09573	0.009930269	-0.00101962	9.58E-05	5.60E-05	72.61729	-53.07372	0	0	0	0	0	0	21	0.01	
1	633	-0.465887	2.97E-08	612.596	-0.001525902	5	165	0	50.11872	0.0095297	-0.002949683	8.90E-05	3.85E-05	78.07896	-66.9371	0	0	0	0	0	0	21	0.01	
1	634	-0.465887	2.97E-08	613.019	-0.001525902	5	165	0	39.81072	-0.000273741	-0.009968533	5.93E-05	-6.71E-05	81.40442	-75.98958	0	0	0	0	0	0	21	0.01	
1	635	-0.465887	2.97E-08	613.372	-0.001831083	5	165	0	31.62278	0.000517623	-0.009964393	5.73E-05	-5.30E-05	91.49677	-89.20632	0	0	0	0	0	0	21	0.01	
1	636	-0.465887	2.97E-08	613.759	-0.001831083	5	165	0	25.11886	-0.00565953	0.008235658	-6.83E-05	9.79E-06	98.2132	-106.5786	0	0	0	0	0	0	21	0.01	
1	637	-0.465887	2.97E-08	614.181	-0.001525902	5	165	0	19.95262	0.00081905	-0.009942214	4.79E-05	-3.48E-05	109.813	-127.8366	0	0	0	0	0	0	21	0.01	
1	638	-0.465887	2.97E-08	614.649	-0.001525902	5	165	0	15.84893	-0.001079593	0.009898666	-4.36E-05	2.83E-05	121.2682	-148.3836	0	0	0	0	0	0	21	0.01	
1	639	-0.465887	2.97E-08	615.171	-0.001831083	5	165	0	12.58925	0.009579155	0.002834891	1.65E-05	4.20E-05	136.231	-174.583	0	0	0	0	0	0	21	0.01	
1	640	-0.465887	2.97E-08	615.771	-0.001525902	5	165	0	10	-0.00037715	0.009982218	-3.20E-05	2.23E-05	154.3794	-204.3146	0	0	0	0	0	0	21	0.01	
1	641	-0.465887	2.97E-08	616.462	-0.001831083	5	165	0	7.943282	0.009949784	0.000896489	1.73E-05	2.87E-05	176.6602	-240.361	0	0	0	0	0	0	21	0.01	
1	642	-0.465887	2.97E-08	617.274	-0.001831083	5	229	0	6.309574	-0.008571277	0.005133356	-2.63E-05	-1.10E-05	207.513	-282.1397	0	0	0	0	0	0	21	0.01	
1	643	-0.465887	2.97E-08	618.235	-0.001831083	5	229	0	5.011872	-0.009789945	-0.001990155	-1.05E-05	-2.26E-05	238.2185	-323.2265	0	0	0	0	0	0	21	0.01	
1	644	-0.465887	2.97E-08	619.382	-0.001525902	5	229	0	3.981072	-0.00875611	0.004809687	-1.94E-05	-8.84E-06	280.0402	-375.0145	0	0	0	0	0	0	21	0.01	
1	645	-0.465887	2.97E-08	622.241	-0.001831083	6	102	0	3.162278	0.009971079	0.000615497	1.04E-05	1.53E-05	329.6078	-427.2719	0	0	0	0	0	0	21	0.01	
1	646	-0.465887	2.97E-08	623.918	-0.001831083	6	102	0	2.511886	-0.00918477	-0.003930598	-4.23E-06	-1.54E-05	388.4711	-488.43	0	0	0	0	0	0	21	0.01	
1	647	-0.465887	2.97E-08	625.959	-0.001525902	6	166	0	1.995262	0.009989615	0.000120305	8.61E-06	1.06E-05	467.8631	-562.0375	0	0	0	0	0	0	21	0.01	
1	648	-0.465887	2.97E-08	628.47	-0.001831083	6	166	0	1.584893	-0.005973069	0.008007585	-1.21E-05	9.72E-07	543.7031	-618.5237	0	0	0	0	0	0	21	0.01	
1	649	-0.465887	2.97E-08	631.573	-0.001831083	6	166	0	1.258925	-0.006648608	-0.00745619	9.79E-07	-1.06E-05	641.6147	-688.3857	0	0	0	0	0	0	21	0.01	
1	650	-0.465887	2.97E-08	635.481	-0.001831083	6	166	0	1	0.00925234	-0.003768187	8.65E-06	3.62E-06	755.4144	-751.2418	0	0	0	0	0	0	21	0.01	
1	651	-0.465887	2.97E-08	640.315	-0.001831083	6	166	0	0.7943282	0.003988164	0.009158655	-2.69E-06	7.86E-06	888.0668	-811.0228	0	0	0	0	0	0	21	0.01	
1	652	-0.465887	2.97E-08	646.315	-0.001831083	6	166	0	0.6309574	-0.00736605	0.006747534	-7.41E-06	3.31E-07	1033.356	-865.085	0	0	0	0	0	0	21	0.01	
1	653	-0.465887	2.97E-08	653.775	-0.001525902	6	166	0	0.5011872	-0.009682334	-0.002461064	-4.17E-06	-5.22E-06	1192.474	-902.4551	0	0	0	0	0	0	21	0.01	
1	654	-0.465887	2.97E-08	663.08	-0.001831083	6	166	0	0.3981072	-0.005067146	-0.008611392	4.02E-07	-6.05E-06	1361.384	-927.8136	0	0	0	0	0	0	21	0.01	
1	655	-0.465887	2.97E-08	674.709	-0.001831083	6	166	0	0.3162278	0.001041266	-0.009937297	3.35E-06	-4.43E-06	1538.753	-929.0737	0	0	0	0	0	0	21	0.01	
1	656	-0.465887	2.97E-08	689.254	-0.001831083	6	166	0	0.2511886	0.005711978	-0.00819796	4.58E-06	-2.33E-06	1712.742	-917.3191	0	0	0	0	0	0	21	0.01	
1	657	-0.465887	2.97E-08	707.48	-0.001831083	6	166	0	0.1995262	0.008493114	-0.005260477	4.77E-06	-5.53E-07	1881.763	-884.179	0	0	0	0	0	0	21	0.01	
1	658	-0.465887	2.97E-08	730.336	-0.001831083	6	166	0	0.1584893	0.009722887	-0.002296055	4.48E-06	7.06E-07	2038.74	-833.9173	0	0	0	0	0	0	21	0.01	
1	659	-0.465887	2.97E-08	759.016	-0.001831083	6	166	0	0.1258925	0.009985716	0.000283715	4.03E-06	1.55E-06	2182.16	-769.5555	0	0	0	0	0	0	21	0.01	
1	660	-0.465887	2.97E-08	795.441	-0.001525902	6	166	0	0.1	0.009020574	0.00429319	3.05E-06	2.79E-06	2312.277	-702.8056	0	0	0	0	0	0	21	0.01	
1	661	-0.465887	2.97E-08	841.102	-0.001525902	6	166	0	0.07943282	0.007050119	0.007075346	2.00E-06	3.45E-06	2419.61	-640.8859	0	0	0	0	0	0	21	0.01	
1	662	-0.465887	2.97E-08	898.392	-0.001831083	6	166	0	0.06309573	0.004853997	0.008731158	1.07E-06	3.72E-06	2514.918	-584.1216	0	0	0	0	0	0	21	0.01	
1	663	-0.465887	2.97E-08	970.326	-0.001525902	6	166	0	0.05011872	0.002804348	0.009588667	3.08E-07	3.76E-06	2595.954	-533.5514	0	0	0	0	0	0	21	0.01	
1	664	-0.465887	2.97E-08	1060.689	-0.001831083	6	166	0	0.03981072	0.001037956	0.009934455	-2.84E-07	3.66E-06	2675.884	-491.5523	0	0	0	0	0	0	21	0.01	
1	665	-0.465887	2.97E-08	1174.255	-0.001831083	6	166	0	0.03162277	-0.000428136	0.00997989	-7.48E-07	3.51E-06	2746.687	-463.3307	0	0	0	0	0	0	21	0.01	
1	666	-0.465887	2.97E-08	1317.036	-0.001525902	6	166	0	0.02511887	-0.001627857	0.009858814	-1.13E-06	3.77E-06	2515.804	-322.4848	0	0	0	0	0	0	21	0.01	
1	667	-0.465887	2.97E-08	1496.592	-0.001831083	6	166	0	0.01995262	-0.002598847	0.009646862	-1.36E-06	3.15E-06	2881.668	-416.0528	0	0	0	0	0	0	21	0.01	
1	668	-0.465887	2.97E-08	1722.452	-0.001525902	6	166	0	0.01584893	-0.003386506	0.009399271	-1.57E-06	3.02E-06	2913.321	-392.4056	0	0	0	0	0	0	21	0.01	
1	669	-0.465887	2.97E-08	2006.6	-0.001831083	6	166	0	0.01258925	-0.004031955	0.00914177	-1.76E-06	3.36E-06	2629.34	-180.1483	0	0	0	0	0	0	21	0.01	
1	670	-0.465887	2.97E-08	2364.629	-0.001831083	6	166	0	0.01	-0.004721038	0.00880628	-1.93E-06	2.65E-06	3021.063	-421.0231	0	0	0	0	0	0	21	0.01	
																								
2	671	-1.2897	-0.000200991	2365.629	-0.001525902	6	518	-1.465887	0	0	0	0	0	0	0	0	0	0	0	0	0	54	0	
2	672	-1.462376	-0.002009908	2366.629	-0.001525902	5	517	-1.465387	0	0	0	0	0	0	0	0	0	0	0	0	0	54	0	
2	673	-1.462376	-0.002746249	2367.629	-0.001525902	4	4	-1.464887	0	0	0	0	0	0	0	0	0	0	0	0	0	54	0	
2	674	-1.461762	-0.002685521	2368.629	-0.001525902	4	4	-1.464387	0	0	0	0	0	0	0	0	0	0	0	0	0	54	0	
2	675	-1.461149	-0.002645036	2369.629	-0.001525902	4	4	-1.463887	0	0	0	0	0	0	0	0	0	0	0	0	0	54	0	
2	676	-1.460842	-0.002614366	2370.629	-0.001525902	4	4	-1.463387	0	0	0	0	0	0	0	0	0	0	0	0	0	54	0	
2	677	-1.460229	-0.002588602	2371.629	-0.001525902	4	4	-1.462887	0	0	0	0	0	0	0	0	0	0	0	0	0	54	0	
2	678	-1.459615	-0.002567746	2372.629	-0.001525902	4	4	-1.462387	0	0	0	0	0	0	0	0	0	0	0	0	0	54	0	
2	679	-1.459309	-0.00254873	2373.629	-0.001525902	4	4	-1.461887	0	0	0	0	0	0	0	0	0	0	0	0	0	54	0	
2	680	-1.458695	-0.002531555	2374.629	-0.001525902	4	4	-1.461387	0	0	0	0	0	0	0	0	0	0	0	0	0	54	0	
2	681	-1.458082	-0.002515606	2375.629	-0.001525902	4	4	-1.460887	0	0	0	0	0	0	0	0	0	0	0	0	0	54	0	
2	682	-1.457775	-0.002501498	2376.629	-0.001525902	4	4	-1.460387	0	0	0	0	0	0	0	0	0	0	0	0	0	54	0	
2	683	-1.457162	-0.002486776	2377.629	-0.001525902	4	4	-1.459887	0	0	0	0	0	0	0	0	0	0	0	0	0	54	0	
2	684	-1.456855	-0.002473894	2378.629	-0.001525902	4	4	-1.459387	0	0	0	0	0	0	0	0	0	0	0	0	0	54	0	
2	685	-1.456241	-0.002461012	2379.629	-0.001525902	4	4	-1.458887	0	0	0	0	0	0	0	0	0	0	0	0	0	54	0	
2	686	-1.455628	-0.002447517	2380.629	-0.001525902	4	4	-1.458387	0	0	0	0	0	0	0	0	0	0	0	0	0	54	0	
2	687	-1.455321	-0.002435863	2381.629	-0.001525902	4	4	-1.457887	0	0	0	0	0	0	0	0	0	0	0	0	0	54	0	
2	688	-1.454708	-0.002424208	2382.629	-0.001525902	4	4	-1.457387	0	0	0	0	0	0	0	0	0	0	0	0	0	54	0	
2	689	-1.454401	-0.002413166	2383.629	-0.001525902	4	4	-1.456887	0	0	0	0	0	0	0	0	0	0	0	0	0	54	0	
2	690	-1.453788	-0.002401511	2384.629	-0.001525902	4	4	-1.456387	0	0	0	0	0	0	0	0	0	0	0	0	0	54	0	
2	691	-1.453174	-0.002389243	2385.629	-0.001525902	4	4	-1.455887	0	0	0	0	0	0	0	0	0	0	0	0	0	54	0	
2	692	-1.452868	-0.002376975	2386.629	-0.001525902	4	4	-1.455387	0	0	0	0	0	0	0	0	0	0	0	0	0	54	0	
2	693	-1.452254	-0.002365933	2387.629	-0.001525902	4	4	-1.454887	0	0	0	0	0	0	0	0	0	0	0	0	0	54	0	
2	694	-1.451641	-0.002354892	2388.629	-0.001525902	4	4	-1.454387	0	0	0	0	0	0	0	0	0	0	0	0	0	54	0	
2	695	-1.451334	-0.002342624	2389.629	-0.001525902	4	4	-1.453887	0	0	0	0	0	0	0	0	0	0	0	0	0	54	0	
2	696	-1.450721	-0.002331582	2390.629	-0.001525902	4	4	-1.453387	0	0	0	0	0	0	0	0	0	0	0	0	0	54	0	
2	697	-1.450414	-0.002321154	2391.629	-0.001525902	4	4	-1.452887	0	0	0	0	0	0	0	0	0	0	0	0	0	54	0	
2	698	-1.449801	-0.002310113	2392.629	-0.001525902	4	4	-1.452387	0	0	0	0	0	0	0	0	0	0	0	0	0	54	0	
2	699	-1.449187	-0.002299685	2393.629	-0.001525902	4	4	-1.451887	0	0	0	0	0	0	0	0	0	0	0	0	0	54	0	
2	700	-1.448881	-0.00228803	2394.629	-0.001525902	4	4	-1.451387	0	0	0	0	0	0	0	0	0	0	0	0	0	54	0	
2	701	-1.448267	-0.002278829	2395.629	-0.001525902	4	4	-1.450887	0	0	0	0	0	0	0	0	0	0	0	0	0	54	0	
2	702	-1.447654	-0.002269628	2396.629	-0.001525902	4	4	-1.450387	0	0	0	0	0	0	0	0	0	0	0	0	0	54	0	
2	703	-1.447347	-0.002258586	2397.629	-0.001525902	4	4	-1.449887	0	0	0	0	0	0	0	0	0	0	0	0	0	54	0	
2	704	-1.446734	-0.002248158	2398.629	-0.001525902	4	4	-1.449387	0	0	0	0	0	0	0	0	0	0	0	0	0	54	0	
2	705	-1.44612	-0.002238344	2399.629	-0.001525902	4	4	-1.448887	0	0	0	0	0	0	0	0	0	0	0	0	0	54	0	
2	706	-1.445814	-0.002231596	2400.629	-0.001525902	4	4	-1.448387	0	0	0	0	0	0	0	0	0	0	0	0	0	54	0	
2	707	-1.4452	-0.002224235	2401.629	-0.001525902	4	4	-1.447887	0	0	0	0	0	0	0	0	0	0	0	0	0	54	0	
2	708	-1.444893	-0.002216261	2402.629	-0.001525902	4	4	-1.447387	0	0	0	0	0	0	0	0	0	0	0	0	0	54	0	
2	709	-1.44428	-0.002206446	2403.629	-0.001525902	4	4	-1.446887	0	0	0	0	0	0	0	0	0	0	0	0	0	54	0	
2	710	-1.443973	-0.002196018	2404.629	-0.001525902	4	4	-1.446387	0	0	0	0	0	0	0	0	0	0	0	0	0	54	0	
2	711	-1.44336	-0.002186817	2405.629	-0.001525902	4	4	-1.445887	0	0	0	0	0	0	0	0	0	0	0	0	0	54	0	
2	712	-1.442746	-0.002176389	2406.629	-0.001525902	4	4	-1.445387	0	0	0	0	0	0	0	0	0	0	0	0	0	54	0	
2	713	-1.44244	-0.002165961	2407.629	-0.001525902	4	4	-1.444887	0	0	0	0	0	0	0	0	0	0	0	0	0	54	0	
2	714	-1.441826	-0.00215492	2408.629	-0.001525902	4	4	-1.444387	0	0	0	0	0	0	0	0	0	0	0	0	0	54	0	
2	715	-1.44152	-0.002143265	2409.629	-0.001525902	4	4	-1.443887	0	0	0	0	0	0	0	0	0	0	0	0	0	54	0	
2	716	-1.440906	-0.00212977	2410.629	-0.001525902	4	4	-1.443387	0	0	0	0	0	0	0	0	0	0	0	0	0	54	0	
2	717	-1.440293	-0.002123635	2411.629	-0.001525902	4	4	-1.442887	0	0	0	0	0	0	0	0	0	0	0	0	0	54	0	
2	718	-1.439986	-0.002122409	2412.629	-0.001525902	4	4	-1.442387	0	0	0	0	0	0	0	0	0	0	0	0	0	54	0	
2	719	-1.439373	-0.002116888	2413.629	-0.001525902	4	4	-1.441887	0	0	0	0	0	0	0	0	0	0	0	0	0	54	0	
2	720	-1.439066	-0.0021083	2414.629	-0.001525902	4	4	-1.441387	0	0	0	0	0	0	0	0	0	0	0	0	0	54	0	
2	721	-1.438453	-0.002099099	2415.629	-0.001525902	4	4	-1.440887	0	0	0	0	0	0	0	0	0	0	0	0	0	54	0	
2	722	-1.437839	-0.002097872	2416.629	-0.001525902	4	4	-1.440387	0	0	0	0	0	0	0	0	0	0	0	0	0	54	0	
2	723	-1.437532	-0.002115661	2417.629	-0.001525902	4	4	-1.439887	0	0	0	0	0	0	0	0	0	0	0	0	0	54	0	
2	724	-1.436919	-0.002108914	2418.629	-0.001525902	4	4	-1.439387	0	0	0	0	0	0	0	0	0	0	0	0	0	54	0	
2	725	-1.436306	-0.002100939	2419.629	-0.001525902	4	4	-1.438887	0	0	0	0	0	0	0	0	0	0	0	0	0	54	0	
2	726	-1.435999	-0.002091738	2420.629	-0.001525902	4	4	-1.438387	0	0	0	0	0	0	0	0	0	0	0	0	0	54	0	
2	727	-1.435385	-0.002083764	2421.629	-0.001525902	4	4	-1.437887	0	0	0	0	0	0	0	0	0	0	0	0	0	54	0	
2	728	-1.435079	-0.002078243	2422.629	-0.001525902	4	4	-1.437387	0	0	0	0	0	0	0	0	0	0	0	0	0	54	0	
2	729	-1.434465	-0.002072109	2423.629	-0.001525902	4	4	-1.436887	0	0	0	0	0	0	0	0	0	0	0	0	0	54	0	
2	730	-1.433852	-0.002066588	2424.629	-0.001525902	4	4	-1.436387	0	0	0	0	0	0	0	0	0	0	0	0	0	54	0	
2	731	-1.433545	-0.002061067	2425.629	-0.001525902	4	4	-1.435887	0	0	0	0	0	0	0	0	0	0	0	0	0	54	0	
2	732	-1.432932	-0.00205616	2426.629	-0.001525902	4	4	-1.435387	0	0	0	0	0	0	0	0	0	0	0	0	0	54	0	
2	733	-1.432318	-0.002050026	2427.629	-0.001525902	4	4	-1.434887	0	0	0	0	0	0	0	0	0	0	0	0	0	54	0	
2	734	-1.432012	-0.002042665	2428.629	-0.001525902	4	4	-1.434387	0	0	0	0	0	0	0	0	0	0	0	0	0	54	0	
2	735	-1.431398	-0.002038985	2429.629	-0.001525902	4	4	-1.433887	0	0	0	0	0	0	0	0	0	0	0	0	0	54	0	
2	736	-1.430785	-0.00203101	2430.629	-0.001525902	4	4	-1.433387	0	0	0	0	0	0	0	0	0	0	0	0	0	54	0	
2	737	-1.430478	-0.002023649	2431.629	-0.001525902	4	4	-1.432887	0	0	0	0	0	0	0	0	0	0	0	0	0	54	0	
2	738	-1.429865	-0.002038371	2432.629	-0.001525902	4	4	-1.432387	0	0	0	0	0	0	0	0	0	0	0	0	0	54	0	
2	739	-1.429558	-0.002038985	2433.629	-0.001525902	4	4	-1.431887	0	0	0	0	0	0	0	0	0	0	0	0	0	54	0	
2	740	-1.428945	-0.002030397	2434.629	-0.001525902	4	4	-1.431387	0	0	0	0	0	0	0	0	0	0	0	0	0	54	0	
2	741	-1.428638	-0.002023036	2435.629	-0.001525902	4	4	-1.430887	0	0	0	0	0	0	0	0	0	0	0	0	0	54	0	
2	742	-1.428025	-0.002016288	2436.629	-0.001525902	4	4	-1.430387	0	0	0	0	0	0	0	0	0	0	0	0	0	54	0	
2	743	-1.427411	-0.002008314	2437.629	-0.001525902	4	4	-1.429887	0	0	0	0	0	0	0	0	0	0	0	0	0	54	0	
2	744	-1.427104	-0.00200034	2438.629	-0.001525902	4	4	-1.429387	0	0	0	0	0	0	0	0	0	0	0	0	0	54	0	
2	745	-1.426491	-0.001991752	2439.629	-0.001525902	4	4	-1.428887	0	0	0	0	0	0	0	0	0	0	0	0	0	54	0	
2	746	-1.425878	-0.001982551	2440.629	-0.001525902	4	4	-1.428387	0	0	0	0	0	0	0	0	0	0	0	0	0	54	0	
2	747	-1.425571	-0.001973349	2441.629	-0.001525902	4	4	-1.427887	0	0	0	0	0	0	0	0	0	0	0	0	0	54	0	
2	748	-1.424958	-0.001963535	2442.629	-0.001525902	4	4	-1.427387	0	0	0	0	0	0	0	0	0	0	0	0	0	54	0	
2	749	-1.424344	-0.001954334	2443.629	-0.001525902	4	4	-1.426887	0	0	0	0	0	0	0	0	0	0	0	0	0	54	0	
2	750	-1.424037	-0.001946973	2444.629	-0.001525902	4	4	-1.426387	0	0	0	0	0	0	0	0	0	0	0	0	0	54	0	
2	751	-1.423424	-0.001938385	2445.629	-0.001525902	4	4	-1.425887	0	0	0	0	0	0	0	0	0	0	0	0	0	54	0	
2	752	-1.423117	-0.001932864	2446.629	-0.001525902	4	4	-1.425387	0	0	0	0	0	0	0	0	0	0	0	0	0	54	0	
2	753	-1.422504	-0.001924276	2447.629	-0.001525902	4	4	-1.424887	0	0	0	0	0	0	0	0	0	0	0	0	0	54	0	
2	754	-1.42189	-0.001921823	2448.629	-0.001525902	4	4	-1.424387	0	0	0	0	0	0	0	0	0	0	0	0	0	54	0	
2	755	-1.421584	-0.001913235	2449.629	-0.001525902	4	4	-1.423887	0	0	0	0	0	0	0	0	0	0	0	0	0	54	0	
2	756	-1.42097	-0.001906487	2450.629	-0.001525902	4	4	-1.423387	0	0	0	0	0	0	0	0	0	0	0	0	0	54	0	
2	757	-1.420357	-0.00192673	2451.629	-0.001525902	4	4	-1.422887	0	0	0	0	0	0	0	0	0	0	0	0	0	54	0	
2	758	-1.42005	-0.001918142	2452.629	-0.001525902	4	4	-1.422387	0	0	0	0	0	0	0	0	0	0	0	0	0	54	0	
2	759	-1.419437	-0.001909554	2453.629	-0.001525902	4	4	-1.421887	0	0	0	0	0	0	0	0	0	0	0	0	0	54	0	
2	760	-1.41913	-0.001900967	2454.629	-0.001525902	4	4	-1.421387	0	0	0	0	0	0	0	0	0	0	0	0	0	54	0	
2	761	-1.418517	-0.001892992	2455.629	-0.001525902	4	4	-1.420887	0	0	0	0	0	0	0	0	0	0	0	0	0	54	0	
2	762	-1.417903	-0.001885018	2456.629	-0.001525902	4	4	-1.420387	0	0	0	0	0	0	0	0	0	0	0	0	0	54	0	
2	763	-1.417597	-0.00187643	2457.629	-0.001525902	4	4	-1.419887	0	0	0	0	0	0	0	0	0	0	0	0	0	54	0	
2	764	-1.416983	-0.001866616	2458.629	-0.001525902	4	4	-1.419387	0	0	0	0	0	0	0	0	0	0	0	0	0	54	0	
2	765	-1.416676	-0.001861095	2459.629	-0.001525902	4	4	-1.418887	0	0	0	0	0	0	0	0	0	0	0	0	0	54	0	
2	766	-1.416063	-0.001853121	2460.629	-0.001525902	4	4	-1.418387	0	0	0	0	0	0	0	0	0	0	0	0	0	54	0	
2	767	-1.41545	-0.001845146	2461.629	-0.001525902	4	4	-1.417887	0	0	0	0	0	0	0	0	0	0	0	0	0	54	0	
2	768	-1.415143	-0.001835332	2462.629	-0.001525902	4	4	-1.417387	0	0	0	0	0	0	0	0	0	0	0	0	0	54	0	
2	769	-1.414529	-0.001829811	2463.629	-0.001525902	4	4	-1.416887	0	0	0	0	0	0	0	0	0	0	0	0	0	54	0	
2	770	-1.413916	-0.00182245	2464.629	-0.001525902	4	4	-1.416387	0	0	0	0	0	0	0	0	0	0	0	0	0	54	0	
2	771	-1.413609	-0.001814476	2465.629	-0.001525902	4	4	-1.415887	0	0	0	0	0	0	0	0	0	0	0	0	0	54	0	
2	772	-1.412996	-0.001807728	2466.629	-0.001525902	4	4	-1.415387	0	0	0	0	0	0	0	0	0	0	0	0	0	54	0	
2	773	-1.412382	-0.001800367	2467.629	-0.001525902	4	4	-1.414887	0	0	0	0	0	0	0	0	0	0	0	0	0	54	0	
2	774	-1.412076	-0.001814476	2468.629	-0.001525902	4	4	-1.414387	0	0	0	0	0	0	0	0	0	0	0	0	0	54	0	
2	775	-1.411462	-0.001807728	2469.629	-0.001525902	4	4	-1.413887	0	0	0	0	0	0	0	0	0	0	0	0	0	54	0	
2	776	-1.410849	-0.001798527	2470.629	-0.001525902	4	4	-1.413387	0	0	0	0	0	0	0	0	0	0	0	0	0	54	0	
2	777	-1.410542	-0.001790552	2471.629	-0.001525902	4	4	-1.412887	0	0	0	0	0	0	0	0	0	0	0	0	0	54	0	
2	778	-1.409929	-0.001782578	2472.629	-0.001525902	4	4	-1.412387	0	0	0	0	0	0	0	0	0	0	0	0	0	54	0	
2	779	-1.409622	-0.001774604	2473.629	-0.001525902	4	4	-1.411887	0	0	0	0	0	0	0	0	0	0	0	0	0	54	0	
2	780	-1.409009	-0.001766016	2474.629	-0.001525902	4	4	-1.411387	0	0	0	0	0	0	0	0	0	0	0	0	0	54	0	
2	781	-1.408395	-0.001756815	2475.629	-0.001525902	4	4	-1.410887	0	0	0	0	0	0	0	0	0	0	0	0	0	54	0	
2	782	-1.408089	-0.00174884	2476.629	-0.001525902	4	4	-1.410387	0	0	0	0	0	0	0	0	0	0	0	0	0	54	0	
2	783	-1.407475	-0.001742093	2477.629	-0.001525902	4	4	-1.409887	0	0	0	0	0	0	0	0	0	0	0	0	0	54	0	
2	784	-1.407169	-0.001734118	2478.629	-0.001525902	4	4	-1.409387	0	0	0	0	0	0	0	0	0	0	0	0	0	54	0	
2	785	-1.406555	-0.001726144	2479.629	-0.001525902	4	4	-1.408887	0	0	0	0	0	0	0	0	0	0	0	0	0	54	0	
2	786	-1.405942	-0.00172001	2480.629	-0.001525902	4	4	-1.408387	0	0	0	0	0	0	0	0	0	0	0	0	0	54	0	
2	787	-1.405635	-0.001710195	2481.629	-0.001525902	4	4	-1.407887	0	0	0	0	0	0	0	0	0	0	0	0	0	54	0	
2	788	-1.405022	-0.001704061	2482.629	-0.001525902	4	4	-1.407387	0	0	0	0	0	0	0	0	0	0	0	0	0	54	0	
2	789	-1.404715	-0.001696087	2483.629	-0.001525902	4	4	-1.406887	0	0	0	0	0	0	0	0	0	0	0	0	0	54	0	
2	790	-1.404101	-0.001689339	2484.629	-0.001525902	4	4	-1.406387	0	0	0	0	0	0	0	0	0	0	0	0	0	54	0	
2	791	-1.403488	-0.001700381	2485.629	-0.001525902	4	4	-1.405887	0	0	0	0	0	0	0	0	0	0	0	0	0	54	0	
2	792	-1.403181	-0.001700994	2486.629	-0.001525902	4	4	-1.405387	0	0	0	0	0	0	0	0	0	0	0	0	0	54	0	
2	793	-1.402568	-0.00169486	2487.629	-0.001525902	4	4	-1.404887	0	0	0	0	0	0	0	0	0	0	0	0	0	54	0	
2	794	-1.401955	-0.001688726	2488.629	-0.001525902	4	4	-1.404387	0	0	0	0	0	0	0	0	0	0	0	0	0	54	0	
2	795	-1.401648	-0.001682592	2489.629	-0.001525902	4	4	-1.403887	0	0	0	0	0	0	0	0	0	0	0	0	0	54	0	
2	796	-1.401034	-0.001677071	2490.629	-0.001525902	4	4	-1.403387	0	0	0	0	0	0	0	0	0	0	0	0	0	54	0	
2	797	-1.400421	-0.001670937	2491.629	-0.001525902	4	4	-1.402887	0	0	0	0	0	0	0	0	0	0	0	0	0	54	0	
2	798	-1.400114	-0.001663576	2492.629	-0.001525902	4	4	-1.402387	0	0	0	0	0	0	0	0	0	0	0	0	0	54	0	
2	799	-1.399501	-0.001656828	2493.629	-0.001525902	4	4	-1.401887	0	0	0	0	0	0	0	0	0	0	0	0	0	54	0	
2	800	-1.398887	-0.001654988	2494.629	-0.001525902	4	4	-1.401387	0	0	0	0	0	0	0	0	0	0	0	0	0	54	0	
2	801	-1.398581	-0.001653761	2495.629	-0.001525902	4	4	-1.400887	0	0	0	0	0	0	0	0	0	0	0	0	0	54	0	
2	802	-1.397967	-0.001645787	2496.629	-0.001525902	4	4	-1.400387	0	0	0	0	0	0	0	0	0	0	0	0	0	54	0	
2	803	-1.397354	-0.001638426	2497.629	-0.001525902	4	4	-1.399887	0	0	0	0	0	0	0	0	0	0	0	0	0	54	0	
2	804	-1.397047	-0.001631679	2498.629	-0.001525902	4	4	-1.399387	0	0	0	0	0	0	0	0	0	0	0	0	0	54	0	
2	805	-1.396741	-0.001625544	2499.629	-0.001525902	4	4	-1.398887	0	0	0	0	0	0	0	0	0	0	0	0	0	54	0	
2	806	-1.396127	-0.001616957	2500.629	-0.001525902	4	4	-1.398387	0	0	0	0	0	0	0	0	0	0	0	0	0	54	0	
2	807	-1.395514	-0.001608982	2501.629	-0.001525902	4	4	-1.397887	0	0	0	0	0	0	0	0	0	0	0	0	0	54	0	
2	808	-1.395207	-0.001608982	2502.629	-0.001525902	4	4	-1.397387	0	0	0	0	0	0	0	0	0	0	0	0	0	54	0	
2	809	-1.394594	-0.001613276	2503.629	-0.001525902	4	4	-1.396887	0	0	0	0	0	0	0	0	0	0	0	0	0	54	0	
2	810	-1.39398	-0.001606529	2504.629	-0.001525902	4	4	-1.396387	0	0	0	0	0	0	0	0	0	0	0	0	0	54	0	
2	811	-1.393673	-0.001599168	2505.629	-0.001525902	4	4	-1.395887	0	0	0	0	0	0	0	0	0	0	0	0	0	54	0	
2	812	-1.39306	-0.00159058	2506.629	-0.001525902	4	4	-1.395387	0	0	0	0	0	0	0	0	0	0	0	0	0	54	0	
2	813	-1.392447	-0.001582606	2507.629	-0.001525902	4	4	-1.394887	0	0	0	0	0	0	0	0	0	0	0	0	0	54	0	
2	814	-1.39214	-0.001574631	2508.629	-0.001525902	4	4	-1.394387	0	0	0	0	0	0	0	0	0	0	0	0	0	54	0	
2	815	-1.391526	-0.001567884	2509.629	-0.001525902	4	4	-1.393887	0	0	0	0	0	0	0	0	0	0	0	0	0	54	0	
2	816	-1.39122	-0.001561749	2510.629	-0.001525902	4	4	-1.393387	0	0	0	0	0	0	0	0	0	0	0	0	0	54	0	
2	817	-1.390606	-0.001556229	2511.629	-0.001525902	4	4	-1.392887	0	0	0	0	0	0	0	0	0	0	0	0	0	54	0	
2	818	-1.389993	-0.001549481	2512.629	-0.001525902	4	4	-1.392387	0	0	0	0	0	0	0	0	0	0	0	0	0	54	0	
2	819	-1.389686	-0.001543347	2513.629	-0.001525902	4	4	-1.391887	0	0	0	0	0	0	0	0	0	0	0	0	0	54	0	
2	820	-1.389073	-0.001537213	2514.629	-0.001525902	4	4	-1.391387	0	0	0	0	0	0	0	0	0	0	0	0	0	54	0	
2	821	-1.388766	-0.001531079	2515.629	-0.001525902	4	4	-1.390887	0	0	0	0	0	0	0	0	0	0	0	0	0	54	0	
2	822	-1.388153	-0.001524945	2516.629	-0.001525902	4	4	-1.390387	0	0	0	0	0	0	0	0	0	0	0	0	0	54	0	
2	823	-1.387539	-0.001520037	2517.629	-0.001525902	4	4	-1.389887	0	0	0	0	0	0	0	0	0	0	0	0	0	54	0	
2	824	-1.387233	-0.001513903	2518.629	-0.001525902	4	4	-1.389387	0	0	0	0	0	0	0	0	0	0	0	0	0	54	0	
2	825	-1.386619	-0.001526172	2519.629	-0.001525902	4	4	-1.388887	0	0	0	0	0	0	0	0	0	0	0	0	0	54	0	
2	826	-1.386006	-0.001523104	2520.629	-0.001525902	4	4	-1.388387	0	0	0	0	0	0	0	0	0	0	0	0	0	54	0	
2	827	-1.385699	-0.001518197	2521.629	-0.001525902	4	4	-1.387887	0	0	0	0	0	0	0	0	0	0	0	0	0	54	0	
2	828	-1.385086	-0.001512676	2522.629	-0.001525902	4	4	-1.387387	0	0	0	0	0	0	0	0	0	0	0	0	0	54	0	
2	829	-1.384472	-0.001505929	2523.629	-0.001525902	4	4	-1.386887	0	0	0	0	0	0	0	0	0	0	0	0	0	54	0	
2	830	-1.384166	-0.001501635	2524.629	-0.001525902	4	4	-1.386387	0	0	0	0	0	0	0	0	0	0	0	0	0	54	0	
2	831	-1.383859	-0.001496728	2525.629	-0.001525902	4	4	-1.385887	0	0	0	0	0	0	0	0	0	0	0	0	0	54	0	
2	832	-1.383245	-0.00148998	2526.629	-0.001525902	4	4	-1.385387	0	0	0	0	0	0	0	0	0	0	0	0	0	54	0	
2	833	-1.382632	-0.001482619	2527.629	-0.001525902	4	4	-1.384887	0	0	0	0	0	0	0	0	0	0	0	0	0	54	0	
2	834	-1.382325	-0.001475258	2528.629	-0.001525902	4	4	-1.384387	0	0	0	0	0	0	0	0	0	0	0	0	0	54	0	
2	835	-1.381712	-0.001467897	2529.629	-0.001525902	4	4	-1.383887	0	0	0	0	0	0	0	0	0	0	0	0	0	54	0	
2	836	-1.381099	-0.00146115	2530.629	-0.001525902	4	4	-1.383387	0	0	0	0	0	0	0	0	0	0	0	0	0	54	0	
2	837	-1.380792	-0.001453789	2531.629	-0.001525902	4	4	-1.382887	0	0	0	0	0	0	0	0	0	0	0	0	0	54	0	
2	838	-1.380178	-0.001446428	2532.629	-0.001525902	4	4	-1.382387	0	0	0	0	0	0	0	0	0	0	0	0	0	54	0	
2	839	-1.379565	-0.00143968	2533.629	-0.001525902	4	4	-1.381887	0	0	0	0	0	0	0	0	0	0	0	0	0	54	0	
2	840	-1.379258	-0.001431706	2534.629	-0.001525902	4	4	-1.381387	0	0	0	0	0	0	0	0	0	0	0	0	0	54	0	
2	841	-1.378645	-0.001424958	2535.629	-0.001525902	4	4	-1.380887	0	0	0	0	0	0	0	0	0	0	0	0	0	54	0	
2	842	-1.378031	-0.001433546	2536.629	-0.001525902	4	4	-1.380387	0	0	0	0	0	0	0	0	0	0	0	0	0	54	0	
2	843	-1.377725	-0.001428639	2537.629	-0.001525902	4	4	-1.379887	0	0	0	0	0	0	0	0	0	0	0	0	0	54	0	
2	844	-1.377111	-0.001422505	2538.629	-0.001525902	4	4	-1.379387	0	0	0	0	0	0	0	0	0	0	0	0	0	54	0	
2	845	-1.376498	-0.001416371	2539.629	-0.001525902	4	4	-1.378887	0	0	0	0	0	0	0	0	0	0	0	0	0	54	0	
2	846	-1.376191	-0.001408396	2540.629	-0.001525902	4	4	-1.378387	0	0	0	0	0	0	0	0	0	0	0	0	0	54	0	
2	847	-1.375578	-0.001403489	2541.629	-0.001525902	4	4	-1.377887	0	0	0	0	0	0	0	0	0	0	0	0	0	54	0	
2	848	-1.375271	-0.001393121	2542.629	-0.001525902	5	5	-1.377387	0	0	0	0	0	0	0	0	0	0	0	0	0	54	0	
2	849	-1.374658	-0.001388091	2543.629	-0.001525902	5	5	-1.376887	0	0	0	0	0	0	0	0	0	0	0	0	0	54	0	
2	850	-1.374044	-0.001381896	2544.629	-0.001525902	5	5	-1.376387	0	0	0	0	0	0	0	0	0	0	0	0	0	54	0	
2	851	-1.373738	-0.001375517	2545.629	-0.001525902	5	5	-1.375887	0	0	0	0	0	0	0	0	0	0	0	0	0	54	0	
2	852	-1.373124	-0.001372265	2546.629	-0.001525902	5	5	-1.375387	0	0	0	0	0	0	0	0	0	0	0	0	0	54	0	
2	853	-1.372511	-0.001367665	2547.629	-0.001525902	5	5	-1.374887	0	0	0	0	0	0	0	0	0	0	0	0	0	54	0	
2	854	-1.372204	-0.001364291	2548.629	-0.001525902	5	5	-1.374387	0	0	0	0	0	0	0	0	0	0	0	0	0	54	0	
2	855	-1.371591	-0.001360611	2549.629	-0.001525902	5	5	-1.373887	0	0	0	0	0	0	0	0	0	0	0	0	0	54	0	
2	856	-1.371284	-0.001354293	2550.629	-0.001525902	5	5	-1.373387	0	0	0	0	0	0	0	0	0	0	0	0	0	54	0	
2	857	-1.37067	-0.001347852	2551.629	-0.001525902	5	5	-1.372887	0	0	0	0	0	0	0	0	0	0	0	0	0	54	0	
2	858	-1.370057	-0.001341963	2552.629	-0.001525902	5	5	-1.372387	0	0	0	0	0	0	0	0	0	0	0	0	0	54	0	
2	859	-1.36975	-0.001335522	2553.629	-0.001525902	5	5	-1.371887	0	0	0	0	0	0	0	0	0	0	0	0	0	54	0	
2	860	-1.369137	-0.001329756	2554.629	-0.001525902	5	5	-1.371387	0	0	0	0	0	0	0	0	0	0	0	0	0	54	0	
2	861	-1.368523	-0.001323131	2555.629	-0.001525902	5	5	-1.370887	0	0	0	0	0	0	0	0	0	0	0	0	0	54	0	
2	862	-1.368217	-0.001316445	2556.629	-0.001525902	5	5	-1.370387	0	0	0	0	0	0	0	0	0	0	0	0	0	54	0	
2	863	-1.367603	-0.001310617	2557.629	-0.001525902	5	5	-1.369887	0	0	0	0	0	0	0	0	0	0	0	0	0	54	0	
2	864	-1.367297	-0.001321904	2558.629	-0.001525902	5	5	-1.369387	0	0	0	0	0	0	0	0	0	0	0	0	0	54	0	
2	865	-1.366683	-0.001316752	2559.629	-0.001525902	5	5	-1.368887	0	0	0	0	0	0	0	0	0	0	0	0	0	54	0	
2	866	-1.36607	-0.001311906	2560.629	-0.001525902	5	5	-1.368387	0	0	0	0	0	0	0	0	0	0	0	0	0	54	0	
2	867	-1.365763	-0.001306508	2561.629	-0.001525902	5	5	-1.367887	0	0	0	0	0	0	0	0	0	0	0	0	0	54	0	
2	868	-1.36515	-0.001301048	2562.629	-0.001525902	5	5	-1.367387	0	0	0	0	0	0	0	0	0	0	0	0	0	54	0	
2	869	-1.364843	-0.001295773	2563.629	-0.001525902	5	5	-1.366887	0	0	0	0	0	0	0	0	0	0	0	0	0	54	0	
2	870	-1.36423	-0.0012897	2564.629	-0.001525902	5	5	-1.366387	0	0	0	0	0	0	0	0	0	0	0	0	0	54	0	
2	871	-1.363616	-0.001284486	2565.629	-0.001525902	5	5	-1.365887	0	0	0	0	0	0	0	0	0	0	0	0	0	54	0	
2	872	-1.36331	-0.001278291	2566.629	-0.001525902	5	5	-1.365387	0	0	0	0	0	0	0	0	0	0	0	0	0	54	0	
2	873	-1.362696	-0.001272647	2567.629	-0.001525902	5	5	-1.364887	0	0	0	0	0	0	0	0	0	0	0	0	0	54	0	
2	874	-1.362083	-0.001267249	2568.629	-0.001525902	5	5	-1.364387	0	0	0	0	0	0	0	0	0	0	0	0	0	54	0	
2	875	-1.361776	-0.001262158	2569.629	-0.001525902	5	5	-1.363887	0	0	0	0	0	0	0	0	0	0	0	0	0	54	0	
2	876	-1.361163	-0.001259029	2570.629	-0.001525902	5	5	-1.363387	0	0	0	0	0	0	0	0	0	0	0	0	0	54	0	
2	877	-1.360856	-0.001255901	2571.629	-0.001525902	5	5	-1.362887	0	0	0	0	0	0	0	0	0	0	0	0	0	54	0	
2	878	-1.360242	-0.001252159	2572.629	-0.001525902	5	5	-1.362387	0	0	0	0	0	0	0	0	0	0	0	0	0	54	0	
2	879	-1.359629	-0.001259888	2573.629	-0.001525902	5	5	-1.361887	0	0	0	0	0	0	0	0	0	0	0	0	0	54	0	
2	880	-1.359322	-0.001257128	2574.629	-0.001525902	5	5	-1.361387	0	0	0	0	0	0	0	0	0	0	0	0	0	54	0	
2	881	-1.358709	-0.001253018	2575.629	-0.001525902	5	5	-1.360887	0	0	0	0	0	0	0	0	0	0	0	0	0	54	0	
2	882	-1.358096	-0.001249276	2576.629	-0.001525902	5	5	-1.360387	0	0	0	0	0	0	0	0	0	0	0	0	0	54	0	
2	883	-1.357789	-0.001245105	2577.629	-0.001525902	5	5	-1.359887	0	0	0	0	0	0	0	0	0	0	0	0	0	54	0	
2	884	-1.357175	-0.001239891	2578.629	-0.001525902	5	5	-1.359387	0	0	0	0	0	0	0	0	0	0	0	0	0	54	0	
2	885	-1.356869	-0.001234309	2579.629	-0.001525902	5	5	-1.358887	0	0	0	0	0	0	0	0	0	0	0	0	0	54	0	
2	886	-1.356255	-0.001228727	2580.629	-0.001525902	5	5	-1.358387	0	0	0	0	0	0	0	0	0	0	0	0	0	54	0	
2	887	-1.355642	-0.001222899	2581.629	-0.001525902	5	5	-1.357887	0	0	0	0	0	0	0	0	0	0	0	0	0	54	0	
2	888	-1.355335	-0.001217501	2582.629	-0.001525902	5	5	-1.357387	0	0	0	0	0	0	0	0	0	0	0	0	0	54	0	
2	889	-1.354722	-0.001214312	2583.629	-0.001525902	5	5	-1.356887	0	0	0	0	0	0	0	0	0	0	0	0	0	54	0	
2	890	-1.354108	-0.001208791	2584.629	-0.001525902	5	5	-1.356387	0	0	0	0	0	0	0	0	0	0	0	0	0	54	0	
2	891	-1.353802	-0.001204252	2585.629	-0.001525902	5	5	-1.355887	0	0	0	0	0	0	0	0	0	0	0	0	0	54	0	
2	892	-1.353188	-0.00119916	2586.629	-0.001525902	5	5	-1.355387	0	0	0	0	0	0	0	0	0	0	0	0	0	54	0	
2	893	-1.352575	-0.001192597	2587.629	-0.001525902	5	5	-1.354887	0	0	0	0	0	0	0	0	0	0	0	0	0	54	0	
2	894	-1.352268	-0.001187199	2588.629	-0.001525902	5	5	-1.354387	0	0	0	0	0	0	0	0	0	0	0	0	0	54	0	
2	895	-1.351655	-0.001181371	2589.629	-0.001525902	5	5	-1.353887	0	0	0	0	0	0	0	0	0	0	0	0	0	54	0	
2	896	-1.351348	-0.001175115	2590.629	-0.001525902	5	5	-1.353387	0	0	0	0	0	0	0	0	0	0	0	0	0	54	0	
2	897	-1.350735	-0.001169165	2591.629	-0.001525902	5	5	-1.352887	0	0	0	0	0	0	0	0	0	0	0	0	0	54	0	
2	898	-1.350428	-0.001162785	2592.629	-0.001525902	5	5	-1.352387	0	0	0	0	0	0	0	0	0	0	0	0	0	54	0	
2	899	-1.349814	-0.001156896	2593.629	-0.001525902	5	5	-1.351887	0	0	0	0	0	0	0	0	0	0	0	0	0	54	0	
2	900	-1.349201	-0.001151192	2594.629	-0.001525902	5	5	-1.351387	0	0	0	0	0	0	0	0	0	0	0	0	0	54	0	
2	901	-1.348894	-0.001145793	2595.629	-0.001525902	5	5	-1.350887	0	0	0	0	0	0	0	0	0	0	0	0	0	54	0	
2	902	-1.348281	-0.001141193	2596.629	-0.001525902	5	5	-1.350387	0	0	0	0	0	0	0	0	0	0	0	0	0	54	0	
2	903	-1.347667	-0.001136347	2597.629	-0.001525902	5	5	-1.349887	0	0	0	0	0	0	0	0	0	0	0	0	0	54	0	
2	904	-1.347054	-0.001130642	2598.629	-0.001525902	5	5	-1.349387	0	0	0	0	0	0	0	0	0	0	0	0	0	54	0	
2	905	-1.346747	-0.001125858	2599.629	-0.001525902	5	5	-1.348887	0	0	0	0	0	0	0	0	0	0	0	0	0	54	0	
2	906	-1.346134	-0.001120521	2600.629	-0.001525902	5	5	-1.348387	0	0	0	0	0	0	0	0	0	0	0	0	0	54	0	
2	907	-1.345827	-0.001116411	2601.629	-0.001525902	5	5	-1.347887	0	0	0	0	0	0	0	0	0	0	0	0	0	54	0	
2	908	-1.345214	-0.001112485	2602.629	-0.001525902	5	5	-1.347387	0	0	0	0	0	0	0	0	0	0	0	0	0	54	0	
2	909	-1.344907	-0.001123097	2603.629	-0.001525902	5	5	-1.346887	0	0	0	0	0	0	0	0	0	0	0	0	0	54	0	
2	910	-1.344294	-0.001118987	2604.629	-0.001525902	5	5	-1.346387	0	0	0	0	0	0	0	0	0	0	0	0	0	54	0	
2	911	-1.34368	-0.001115184	2605.629	-0.001525902	5	5	-1.345887	0	0	0	0	0	0	0	0	0	0	0	0	0	54	0	
2	912	-1.343374	-0.00111089	2606.629	-0.001525902	5	5	-1.345387	0	0	0	0	0	0	0	0	0	0	0	0	0	54	0	
2	913	-1.34276	-0.00110678	2607.629	-0.001525902	5	5	-1.344887	0	0	0	0	0	0	0	0	0	0	0	0	0	54	0	
2	914	-1.342453	-0.0011031	2608.629	-0.001525902	5	5	-1.344387	0	0	0	0	0	0	0	0	0	0	0	0	0	54	0	
2	915	-1.34184	-0.001099051	2609.629	-0.001525902	5	5	-1.343887	0	0	0	0	0	0	0	0	0	0	0	0	0	54	0	
2	916	-1.341227	-0.001095494	2610.629	-0.001525902	5	5	-1.343387	0	0	0	0	0	0	0	0	0	0	0	0	0	54	0	
2	917	-1.340613	-0.001091875	2611.629	-0.001525902	5	5	-1.342887	0	0	0	0	0	0	0	0	0	0	0	0	0	54	0	
2	918	-1.340307	-0.001088133	2612.629	-0.001525902	5	5	-1.342387	0	0	0	0	0	0	0	0	0	0	0	0	0	54	0	
2	919	-1.339693	-0.001082919	2613.629	-0.001525902	5	5	-1.341887	0	0	0	0	0	0	0	0	0	0	0	0	0	54	0	
2	920	-1.339386	-0.001078257	2614.629	-0.001525902	5	5	-1.341387	0	0	0	0	0	0	0	0	0	0	0	0	0	54	0	
2	921	-1.338773	-0.001073656	2615.629	-0.001525902	5	5	-1.340887	0	0	0	0	0	0	0	0	0	0	0	0	0	54	0	
2	922	-1.33816	-0.001069669	2616.629	-0.001525902	5	5	-1.340387	0	0	0	0	0	0	0	0	0	0	0	0	0	54	0	
2	923	-1.337853	-0.001064394	2617.629	-0.001525902	5	5	-1.339887	0	0	0	0	0	0	0	0	0	0	0	0	0	54	0	
2	924	-1.33724	-0.001059793	2618.629	-0.001525902	5	5	-1.339387	0	0	0	0	0	0	0	0	0	0	0	0	0	54	0	
2	925	-1.336933	-0.001055192	2619.629	-0.001525902	5	5	-1.338887	0	0	0	0	0	0	0	0	0	0	0	0	0	54	0	
2	926	-1.336319	-0.001050776	2620.629	-0.001525902	5	5	-1.338387	0	0	0	0	0	0	0	0	0	0	0	0	0	54	0	
2	927	-1.335706	-0.001045133	2621.629	-0.001525902	5	5	-1.337887	0	0	0	0	0	0	0	0	0	0	0	0	0	54	0	
2	928	-1.335399	-0.0010409	2622.629	-0.001525902	5	5	-1.337387	0	0	0	0	0	0	0	0	0	0	0	0	0	54	0	
2	929	-1.334786	-0.001035563	2623.629	-0.001525902	5	5	-1.336887	0	0	0	0	0	0	0	0	0	0	0	0	0	54	0	
2	930	-1.334172	-0.001029981	2624.629	-0.001525902	5	5	-1.336387	0	0	0	0	0	0	0	0	0	0	0	0	0	54	0	
2	931	-1.333866	-0.001024215	2625.629	-0.001525902	5	5	-1.335887	0	0	0	0	0	0	0	0	0	0	0	0	0	54	0	
2	932	-1.333252	-0.00101943	2626.629	-0.001525902	5	5	-1.335387	0	0	0	0	0	0	0	0	0	0	0	0	0	54	0	
2	933	-1.332946	-0.001014585	2627.629	-0.001525902	5	5	-1.334887	0	0	0	0	0	0	0	0	0	0	0	0	0	54	0	
2	934	-1.332332	-0.001010229	2628.629	-0.001525902	5	5	-1.334387	0	0	0	0	0	0	0	0	0	0	0	0	0	54	0	
2	935	-1.331719	-0.001005322	2629.629	-0.001525902	5	5	-1.333887	0	0	0	0	0	0	0	0	0	0	0	0	0	54	0	
2	936	-1.331412	-0.001000967	2630.629	-0.001525902	5	5	-1.333387	0	0	0	0	0	0	0	0	0	0	0	0	0	54	0	
2	937	-1.330799	-0.000995753	2631.629	-0.001525902	5	5	-1.332887	0	0	0	0	0	0	0	0	0	0	0	0	0	54	0	
2	938	-1.330185	-0.000993913	2632.629	-0.001525902	5	5	-1.332387	0	0	0	0	0	0	0	0	0	0	0	0	0	54	0	
2	939	-1.329879	-0.000997409	2633.629	-0.001525902	5	5	-1.331887	0	0	0	0	0	0	0	0	0	0	0	0	0	54	0	
2	940	-1.329265	-0.000995507	2634.629	-0.001525902	5	5	-1.331387	0	0	0	0	0	0	0	0	0	0	0	0	0	54	0	
2	941	-1.328652	-0.000993054	2635.629	-0.001525902	5	5	-1.330887	0	0	0	0	0	0	0	0	0	0	0	0	0	54	0	
2	942	-1.328345	-0.000988576	2636.629	-0.001525902	5	5	-1.330387	0	0	0	0	0	0	0	0	0	0	0	0	0	54	0	
2	943	-1.327732	-0.000984466	2637.629	-0.001525902	5	5	-1.329887	0	0	0	0	0	0	0	0	0	0	0	0	0	54	0	
2	944	-1.327425	-0.000980724	2638.629	-0.001525902	5	5	-1.329387	0	0	0	0	0	0	0	0	0	0	0	0	0	54	0	
2	945	-1.326811	-0.000976308	2639.629	-0.001525902	5	5	-1.328887	0	0	0	0	0	0	0	0	0	0	0	0	0	54	0	
2	946	-1.326198	-0.00097275	2640.629	-0.001525902	5	5	-1.328387	0	0	0	0	0	0	0	0	0	0	0	0	0	54	0	
2	947	-1.325891	-0.000969253	2641.629	-0.001525902	5	5	-1.327887	0	0	0	0	0	0	0	0	0	0	0	0	0	54	0	
2	948	-1.325278	-0.000966677	2642.629	-0.001525902	5	5	-1.327387	0	0	0	0	0	0	0	0	0	0	0	0	0	54	0	
2	949	-1.324971	-0.000963242	2643.629	-0.001525902	5	5	-1.326887	0	0	0	0	0	0	0	0	0	0	0	0	0	54	0	
2	950	-1.324358	-0.000959561	2644.629	-0.001525902	5	5	-1.326387	0	0	0	0	0	0	0	0	0	0	0	0	0	54	0	
2	951	-1.323744	-0.000955206	2645.629	-0.001525902	5	5	-1.325887	0	0	0	0	0	0	0	0	0	0	0	0	0	54	0	
2	952	-1.323438	-0.000950974	2646.629	-0.001525902	5	5	-1.325387	0	0	0	0	0	0	0	0	0	0	0	0	0	54	0	
2	953	-1.322824	-0.000946557	2647.629	-0.001525902	5	5	-1.324887	0	0	0	0	0	0	0	0	0	0	0	0	0	54	0	
2	954	-1.322518	-0.000941957	2648.629	-0.001525902	5	5	-1.324387	0	0	0	0	0	0	0	0	0	0	0	0	0	54	0	
2	955	-1.321904	-0.000937295	2649.629	-0.001525902	5	5	-1.323887	0	0	0	0	0	0	0	0	0	0	0	0	0	54	0	
2	956	-1.321291	-0.000931958	2650.629	-0.001525902	5	5	-1.323387	0	0	0	0	0	0	0	0	0	0	0	0	0	54	0	
2	957	-1.320984	-0.00092656	2651.629	-0.001525902	5	5	-1.322887	0	0	0	0	0	0	0	0	0	0	0	0	0	54	0	
2	958	-1.320371	-0.000921775	2652.629	-0.001525902	5	5	-1.322387	0	0	0	0	0	0	0	0	0	0	0	0	0	54	0	
2	959	-1.319757	-0.000916929	2653.629	-0.001525902	5	5	-1.321887	0	0	0	0	0	0	0	0	0	0	0	0	0	54	0	
2	960	-1.31945	-0.000913003	2654.629	-0.001525902	5	5	-1.321387	0	0	0	0	0	0	0	0	0	0	0	0	0	54	0	
2	961	-1.318837	-0.000908219	2655.629	-0.001525902	5	5	-1.320887	0	0	0	0	0	0	0	0	0	0	0	0	0	54	0	
2	962	-1.318224	-0.000903005	2656.629	-0.001525902	5	5	-1.320387	0	0	0	0	0	0	0	0	0	0	0	0	0	54	0	
2	963	-1.317917	-0.000897361	2657.629	-0.001525902	5	5	-1.319887	0	0	0	0	0	0	0	0	0	0	0	0	0	54	0	
2	964	-1.317304	-0.000892761	2658.629	-0.001525902	5	5	-1.319387	0	0	0	0	0	0	0	0	0	0	0	0	0	54	0	
2	965	-1.316997	-0.000886565	2659.629	-0.001525902	5	5	-1.318887	0	0	0	0	0	0	0	0	0	0	0	0	0	54	0	
2	966	-1.316383	-0.000880983	2660.629	-0.001525902	5	5	-1.318387	0	0	0	0	0	0	0	0	0	0	0	0	0	54	0	
2	967	-1.31577	-0.000876628	2661.629	-0.001525902	5	5	-1.317887	0	0	0	0	0	0	0	0	0	0	0	0	0	54	0	
2	968	-1.315463	-0.000872641	2662.629	-0.001525902	5	5	-1.317387	0	0	0	0	0	0	0	0	0	0	0	0	0	54	0	
2	969	-1.31485	-0.000870433	2663.629	-0.001525902	5	5	-1.316887	0	0	0	0	0	0	0	0	0	0	0	0	0	54	0	
2	970	-1.314237	-0.000867427	2664.629	-0.001525902	5	5	-1.316387	0	0	0	0	0	0	0	0	0	0	0	0	0	54	0	
2	971	-1.31393	-0.000863194	2665.629	-0.001525902	5	5	-1.315887	0	0	0	0	0	0	0	0	0	0	0	0	0	54	0	
2	972	-1.313316	-0.000859207	2666.629	-0.001525902	5	5	-1.315387	0	0	0	0	0	0	0	0	0	0	0	0	0	54	0	
2	973	-1.31301	-0.000856815	2667.629	-0.001525902	5	5	-1.314887	0	0	0	0	0	0	0	0	0	0	0	0	0	54	0	
2	974	-1.312396	-0.000854054	2668.629	-0.001525902	5	5	-1.314387	0	0	0	0	0	0	0	0	0	0	0	0	0	54	0	
2	975	-1.311783	-0.000850006	2669.629	-0.001525902	5	5	-1.313887	0	0	0	0	0	0	0	0	0	0	0	0	0	54	0	
2	976	-1.311476	-0.000845221	2670.629	-0.001525902	5	5	-1.313387	0	0	0	0	0	0	0	0	0	0	0	0	0	54	0	
2	977	-1.310863	-0.000841234	2671.629	-0.001525902	5	5	-1.312887	0	0	0	0	0	0	0	0	0	0	0	0	0	54	0	
2	978	-1.310249	-0.000846141	2672.629	-0.001525902	5	5	-1.312387	0	0	0	0	0	0	0	0	0	0	0	0	0	54	0	
2	979	-1.309943	-0.000843074	2673.629	-0.001525902	5	5	-1.311887	0	0	0	0	0	0	0	0	0	0	0	0	0	54	0	
2	980	-1.309329	-0.000839885	2674.629	-0.001525902	5	5	-1.311387	0	0	0	0	0	0	0	0	0	0	0	0	0	54	0	
2	981	-1.309022	-0.000835284	2675.629	-0.001525902	5	5	-1.310887	0	0	0	0	0	0	0	0	0	0	0	0	0	54	0	
2	982	-1.308409	-0.000830745	2676.629	-0.001525902	5	5	-1.310387	0	0	0	0	0	0	0	0	0	0	0	0	0	54	0	
2	983	-1.307796	-0.000827126	2677.629	-0.001525902	5	5	-1.309887	0	0	0	0	0	0	0	0	0	0	0	0	0	54	0	
2	984	-1.307489	-0.000823384	2678.629	-0.001525902	5	5	-1.309387	0	0	0	0	0	0	0	0	0	0	0	0	0	54	0	
2	985	-1.306876	-0.000818906	2679.629	-0.001525902	5	5	-1.308887	0	0	0	0	0	0	0	0	0	0	0	0	0	54	0	
2	986	-1.306569	-0.000815287	2680.629	-0.001525902	5	5	-1.308387	0	0	0	0	0	0	0	0	0	0	0	0	0	54	0	
2	987	-1.305955	-0.000812588	2681.629	-0.001525902	5	5	-1.307887	0	0	0	0	0	0	0	0	0	0	0	0	0	54	0	
2	988	-1.305342	-0.000808969	2682.629	-0.001525902	5	5	-1.307387	0	0	0	0	0	0	0	0	0	0	0	0	0	54	0	
2	989	-1.305035	-0.000805534	2683.629	-0.001525902	5	5	-1.306887	0	0	0	0	0	0	0	0	0	0	0	0	0	54	0	
2	990	-1.304422	-0.000802712	2684.629	-0.001525902	5	5	-1.306387	0	0	0	0	0	0	0	0	0	0	0	0	0	54	0	
2	991	-1.303808	-0.000799951	2685.629	-0.001525902	5	5	-1.305887	0	0	0	0	0	0	0	0	0	0	0	0	0	54	0	
2	992	-1.303502	-0.00079621	2686.629	-0.001525902	5	5	-1.305387	0	0	0	0	0	0	0	0	0	0	0	0	0	54	0	
2	993	-1.302888	-0.000793695	2687.629	-0.001525902	5	5	-1.304887	0	0	0	0	0	0	0	0	0	0	0	0	0	54	0	
2	994	-1.302582	-0.000792345	2688.629	-0.001525902	5	5	-1.304387	0	0	0	0	0	0	0	0	0	0	0	0	0	54	0	
2	995	-1.301968	-0.000789217	2689.629	-0.001525902	5	5	-1.303887	0	0	0	0	0	0	0	0	0	0	0	0	0	54	0	
2	996	-1.301355	-0.000785598	2690.629	-0.001525902	5	5	-1.303387	0	0	0	0	0	0	0	0	0	0	0	0	0	54	0	
2	997	-1.301048	-0.000781733	2691.629	-0.001525902	5	5	-1.302887	0	0	0	0	0	0	0	0	0	0	0	0	0	54	0	
2	998	-1.300435	-0.000778421	2692.629	-0.001525902	5	5	-1.302387	0	0	0	0	0	0	0	0	0	0	0	0	0	54	0	
2	999	-1.300128	-0.000774188	2693.629	-0.001525902	5	5	-1.301887	0	0	0	0	0	0	0	0	0	0	0	0	0	54	0	
2	1000	-1.299515	-0.00077106	2694.629	-0.001525902	5	5	-1.301387	0	0	0	0	0	0	0	0	0	0	0	0	0	54	0	
2	1001	-1.298901	-0.000768299	2695.629	-0.001525902	5	5	-1.300887	0	0	0	0	0	0	0	0	0	0	0	0	0	54	0	
2	1002	-1.298594	-0.000766398	2696.629	-0.001525902	5	5	-1.300387	0	0	0	0	0	0	0	0	0	0	0	0	0	54	0	
2	1003	-1.297981	-0.000762656	2697.629	-0.001525902	5	5	-1.299887	0	0	0	0	0	0	0	0	0	0	0	0	0	54	0	
2	1004	-1.297368	-0.000759466	2698.629	-0.001525902	5	5	-1.299387	0	0	0	0	0	0	0	0	0	0	0	0	0	54	0	
2	1005	-1.297061	-0.000756399	2699.629	-0.001525902	5	5	-1.298887	0	0	0	0	0	0	0	0	0	0	0	0	0	54	0	
2	1006	-1.296448	-0.000753271	2700.629	-0.001525902	5	5	-1.298387	0	0	0	0	0	0	0	0	0	0	0	0	0	54	0	
2	1007	-1.295834	-0.000749222	2701.629	-0.001525902	5	5	-1.297887	0	0	0	0	0	0	0	0	0	0	0	0	0	54	0	
2	1008	-1.295527	-0.000745358	2702.629	-0.001525902	5	5	-1.297387	0	0	0	0	0	0	0	0	0	0	0	0	0	54	0	
2	1009	-1.294914	-0.000742229	2703.629	-0.001525902	5	5	-1.296887	0	0	0	0	0	0	0	0	0	0	0	0	0	54	0	
2	1010	-1.294607	-0.000738058	2704.629	-0.001525902	5	5	-1.296387	0	0	0	0	0	0	0	0	0	0	0	0	0	54	0	
2	1011	-1.293994	-0.000734378	2705.629	-0.001525902	5	5	-1.295887	0	0	0	0	0	0	0	0	0	0	0	0	0	54	0	
2	1012	-1.29338	-0.000730943	2706.629	-0.001525902	5	5	-1.295387	0	0	0	0	0	0	0	0	0	0	0	0	0	54	0	
2	1013	-1.293074	-0.000728489	2707.629	-0.001525902	5	5	-1.294887	0	0	0	0	0	0	0	0	0	0	0	0	0	54	0	
2	1014	-1.29246	-0.000724931	2708.629	-0.001525902	5	5	-1.294387	0	0	0	0	0	0	0	0	0	0	0	0	0	54	0	
2	1015	-1.291847	-0.000721557	2709.629	-0.001525902	5	5	-1.293887	0	0	0	0	0	0	0	0	0	0	0	0	0	54	0	
2	1016	-1.29154	-0.000718736	2710.629	-0.001525902	5	5	-1.293387	0	0	0	0	0	0	0	0	0	0	0	0	0	54	0	
2	1017	-1.290927	-0.000716282	2711.629	-0.001525902	5	5	-1.292887	0	0	0	0	0	0	0	0	0	0	0	0	0	54	0	
2	1018	-1.290313	-0.000712724	2712.629	-0.001525902	5	5	-1.292387	0	0	0	0	0	0	0	0	0	0	0	0	0	54	0	
2	1019	-1.290007	-0.000708921	2713.629	-0.001525902	5	5	-1.291887	0	0	0	0	0	0	0	0	0	0	0	0	0	54	0	
2	1020	-1.289393	-0.000707265	2714.629	-0.001525902	5	5	-1.291387	0	0	0	0	0	0	0	0	0	0	0	0	0	54	0	
2	1021	-1.28878	-0.000703707	2715.629	-0.001525902	5	5	-1.290887	0	0	0	0	0	0	0	0	0	0	0	0	0	54	0	
2	1022	-1.288473	-0.000700456	2716.629	-0.001525902	5	5	-1.290387	0	0	0	0	0	0	0	0	0	0	0	0	0	54	0	
2	1023	-1.28786	-0.00069745	2717.629	-0.001525902	5	5	-1.289887	0	0	0	0	0	0	0	0	0	0	0	0	0	54	0	
2	1024	-1.287553	-0.000695365	2718.629	-0.001525902	5	5	-1.289387	0	0	0	0	0	0	0	0	0	0	0	0	0	54	0	
2	1025	-1.28694	-0.000692236	2719.629	-0.001525902	5	5	-1.288887	0	0	0	0	0	0	0	0	0	0	0	0	0	54	0	
2	1026	-1.286326	-0.000690457	2720.629	-0.001525902	5	5	-1.288387	0	0	0	0	0	0	0	0	0	0	0	0	0	54	0	
2	1027	-1.28602	-0.000688065	2721.629	-0.001525902	5	5	-1.287887	0	0	0	0	0	0	0	0	0	0	0	0	0	54	0	
2	1028	-1.285406	-0.000691807	2722.629	-0.001525902	5	5	-1.287387	0	0	0	0	0	0	0	0	0	0	0	0	0	54	0	
2	1029	-1.284793	-0.000689414	2723.629	-0.001525902	5	5	-1.286887	0	0	0	0	0	0	0	0	0	0	0	0	0	54	0	
2	1030	-1.284486	-0.000686531	2724.629	-0.001525902	5	5	-1.286387	0	0	0	0	0	0	0	0	0	0	0	0	0	54	0	
2	1031	-1.283873	-0.000683403	2725.629	-0.001525902	5	5	-1.285887	0	0	0	0	0	0	0	0	0	0	0	0	0	54	0	
2	1032	-1.283566	-0.000680581	2726.629	-0.001525902	5	5	-1.285387	0	0	0	0	0	0	0	0	0	0	0	0	0	54	0	
2	1033	-1.282952	-0.000677637	2727.629	-0.001525902	5	5	-1.284887	0	0	0	0	0	0	0	0	0	0	0	0	0	54	0	
2	1034	-1.282339	-0.000674631	2728.629	-0.001525902	5	5	-1.284387	0	0	0	0	0	0	0	0	0	0	0	0	0	54	0	
2	1035	-1.282032	-0.000672055	2729.629	-0.001525902	5	5	-1.283887	0	0	0	0	0	0	0	0	0	0	0	0	0	54	0	
2	1036	-1.281419	-0.000668558	2730.629	-0.001525902	5	5	-1.283387	0	0	0	0	0	0	0	0	0	0	0	0	0	54	0	
2	1037	-1.280805	-0.000665123	2731.629	-0.001525902	5	5	-1.282887	0	0	0	0	0	0	0	0	0	0	0	0	0	54	0	
2	1038	-1.280499	-0.000662486	2732.629	-0.001525902	5	5	-1.282387	0	0	0	0	0	0	0	0	0	0	0	0	0	54	0	
2	1039	-1.279885	-0.000660523	2733.629	-0.001525902	5	5	-1.281887	0	0	0	0	0	0	0	0	0	0	0	0	0	54	0	
2	1040	-1.279579	-0.000656842	2734.629	-0.001525902	5	5	-1.281387	0	0	0	0	0	0	0	0	0	0	0	0	0	54	0	
2	1041	-1.278965	-0.000653407	2735.629	-0.001525902	5	5	-1.280887	0	0	0	0	0	0	0	0	0	0	0	0	0	54	0	
2	1042	-1.278352	-0.000649911	2736.629	-0.001525902	5	5	-1.280387	0	0	0	0	0	0	0	0	0	0	0	0	0	54	0	
2	1043	-1.278045	-0.000647641	2737.629	-0.001525902	5	5	-1.279887	0	0	0	0	0	0	0	0	0	0	0	0	0	54	0	
2	1044	-1.277432	-0.000643838	2738.629	-0.001525902	5	5	-1.279387	0	0	0	0	0	0	0	0	0	0	0	0	0	54	0	
2	1045	-1.276818	-0.000641078	2739.629	-0.001525902	5	5	-1.278887	0	0	0	0	0	0	0	0	0	0	0	0	0	54	0	
2	1046	-1.276512	-0.000637458	2740.629	-0.001525902	5	5	-1.278387	0	0	0	0	0	0	0	0	0	0	0	0	0	54	0	
2	1047	-1.275898	-0.000634698	2741.629	-0.001525902	5	5	-1.277887	0	0	0	0	0	0	0	0	0	0	0	0	0	54	0	
2	1048	-1.275591	-0.000630834	2742.629	-0.001525902	5	5	-1.277387	0	0	0	0	0	0	0	0	0	0	0	0	0	54	0	
2	1049	-1.274978	-0.000626785	2743.629	-0.001525902	5	5	-1.276887	0	0	0	0	0	0	0	0	0	0	0	0	0	54	0	
2	1050	-1.274365	-0.000623411	2744.629	-0.001525902	5	5	-1.276387	0	0	0	0	0	0	0	0	0	0	0	0	0	54	0	
2	1051	-1.274058	-0.000620528	2745.629	-0.001525902	5	5	-1.275887	0	0	0	0	0	0	0	0	0	0	0	0	0	54	0	
2	1052	-1.273445	-0.000617032	2746.629	-0.001525902	5	5	-1.275387	0	0	0	0	0	0	0	0	0	0	0	0	0	54	0	
2	1053	-1.273138	-0.00061421	2747.629	-0.001525902	5	5	-1.274887	0	0	0	0	0	0	0	0	0	0	0	0	0	54	0	
2	1054	-1.272524	-0.000611327	2748.629	-0.001525902	5	5	-1.274387	0	0	0	0	0	0	0	0	0	0	0	0	0	54	0	
2	1055	-1.271911	-0.000609057	2749.629	-0.001525902	5	5	-1.273887	0	0	0	0	0	0	0	0	0	0	0	0	0	54	0	
2	1056	-1.271604	-0.000606788	2750.629	-0.001525902	5	5	-1.273387	0	0	0	0	0	0	0	0	0	0	0	0	0	54	0	
2	1057	-1.270991	-0.000604089	2751.629	-0.001525902	5	5	-1.272887	0	0	0	0	0	0	0	0	0	0	0	0	0	54	0	
2	1058	-1.270684	-0.000601942	2752.629	-0.001525902	5	5	-1.272387	0	0	0	0	0	0	0	0	0	0	0	0	0	54	0	
2	1059	-1.270071	-0.000599243	2753.629	-0.001525902	5	5	-1.271887	0	0	0	0	0	0	0	0	0	0	0	0	0	54	0	
2	1060	-1.269457	-0.000596973	2754.629	-0.001525902	5	5	-1.271387	0	0	0	0	0	0	0	0	0	0	0	0	0	54	0	
2	1061	-1.268844	-0.000593722	2755.629	-0.001525902	5	5	-1.270887	0	0	0	0	0	0	0	0	0	0	0	0	0	54	0	
2	1062	-1.268537	-0.000590839	2756.629	-0.001525902	5	5	-1.270387	0	0	0	0	0	0	0	0	0	0	0	0	0	54	0	
2	1063	-1.267924	-0.000588753	2757.629	-0.001525902	5	5	-1.269887	0	0	0	0	0	0	0	0	0	0	0	0	0	54	0	
2	1064	-1.267617	-0.000586177	2758.629	-0.001525902	5	5	-1.269387	0	0	0	0	0	0	0	0	0	0	0	0	0	54	0	
2	1065	-1.267004	-0.000583049	2759.629	-0.001525902	5	5	-1.268887	0	0	0	0	0	0	0	0	0	0	0	0	0	54	0	
2	1066	-1.26639	-0.000580043	2760.629	-0.001525902	5	5	-1.268387	0	0	0	0	0	0	0	0	0	0	0	0	0	54	0	
2	1067	-1.266084	-0.000577589	2761.629	-0.001525902	5	5	-1.267887	0	0	0	0	0	0	0	0	0	0	0	0	0	54	0	
2	1068	-1.26547	-0.000576424	2762.629	-0.001525902	5	5	-1.267387	0	0	0	0	0	0	0	0	0	0	0	0	0	54	0	
2	1069	-1.265163	-0.000573602	2763.629	-0.001525902	5	5	-1.266887	0	0	0	0	0	0	0	0	0	0	0	0	0	54	0	
2	1070	-1.26455	-0.000570658	2764.629	-0.001525902	5	5	-1.266387	0	0	0	0	0	0	0	0	0	0	0	0	0	54	0	
2	1071	-1.263937	-0.00056802	2765.629	-0.001525902	5	5	-1.265887	0	0	0	0	0	0	0	0	0	0	0	0	0	54	0	
2	1072	-1.26363	-0.000566487	2766.629	-0.001525902	5	5	-1.265387	0	0	0	0	0	0	0	0	0	0	0	0	0	54	0	
2	1073	-1.263017	-0.000563788	2767.629	-0.001525902	5	5	-1.264887	0	0	0	0	0	0	0	0	0	0	0	0	0	54	0	
2	1074	-1.262403	-0.000561518	2768.629	-0.001525902	5	5	-1.264387	0	0	0	0	0	0	0	0	0	0	0	0	0	54	0	
2	1075	-1.262096	-0.000559248	2769.629	-0.001525902	5	5	-1.263887	0	0	0	0	0	0	0	0	0	0	0	0	0	54	0	
2	1076	-1.261483	-0.000557408	2770.629	-0.001525902	5	5	-1.263387	0	0	0	0	0	0	0	0	0	0	0	0	0	54	0	
2	1077	-1.26087	-0.000554954	2771.629	-0.001525902	5	5	-1.262887	0	0	0	0	0	0	0	0	0	0	0	0	0	54	0	
2	1078	-1.260563	-0.000552378	2772.629	-0.001525902	5	5	-1.262387	0	0	0	0	0	0	0	0	0	0	0	0	0	54	0	
2	1079	-1.259949	-0.000549863	2773.629	-0.001525902	5	5	-1.261887	0	0	0	0	0	0	0	0	0	0	0	0	0	54	0	
2	1080	-1.259643	-0.000547409	2774.629	-0.001525902	5	5	-1.261387	0	0	0	0	0	0	0	0	0	0	0	0	0	54	0	
2	1081	-1.259029	-0.000544894	2775.629	-0.001525902	5	5	-1.260887	0	0	0	0	0	0	0	0	0	0	0	0	0	54	0	
2	1082	-1.258416	-0.00054238	2776.629	-0.001525902	5	5	-1.260387	0	0	0	0	0	0	0	0	0	0	0	0	0	54	0	
2	1083	-1.258109	-0.000539803	2777.629	-0.001525902	5	5	-1.259887	0	0	0	0	0	0	0	0	0	0	0	0	0	54	0	
2	1084	-1.257496	-0.000538147	2778.629	-0.001525902	5	5	-1.259387	0	0	0	0	0	0	0	0	0	0	0	0	0	54	0	
2	1085	-1.256882	-0.000534957	2779.629	-0.001525902	5	5	-1.258887	0	0	0	0	0	0	0	0	0	0	0	0	0	54	0	
2	1086	-1.256576	-0.00053324	2780.629	-0.001525902	5	5	-1.258387	0	0	0	0	0	0	0	0	0	0	0	0	0	54	0	
2	1087	-1.255962	-0.000531399	2781.629	-0.001525902	5	5	-1.257887	0	0	0	0	0	0	0	0	0	0	0	0	0	54	0	
2	1088	-1.255349	-0.000529559	2782.629	-0.001525902	5	5	-1.257387	0	0	0	0	0	0	0	0	0	0	0	0	0	54	0	
2	1089	-1.255042	-0.000527596	2783.629	-0.001525902	5	5	-1.256887	0	0	0	0	0	0	0	0	0	0	0	0	0	54	0	
2	1090	-1.254429	-0.000525449	2784.629	-0.001525902	5	5	-1.256387	0	0	0	0	0	0	0	0	0	0	0	0	0	54	0	
2	1091	-1.254122	-0.000523548	2785.629	-0.001525902	5	5	-1.255887	0	0	0	0	0	0	0	0	0	0	0	0	0	54	0	
2	1092	-1.253509	-0.000521155	2786.629	-0.001525902	5	5	-1.255387	0	0	0	0	0	0	0	0	0	0	0	0	0	54	0	
2	1093	-1.252895	-0.000520113	2787.629	-0.001525902	5	5	-1.254887	0	0	0	0	0	0	0	0	0	0	0	0	0	54	0	
2	1094	-1.252589	-0.000518088	2788.629	-0.001525902	5	5	-1.254387	0	0	0	0	0	0	0	0	0	0	0	0	0	54	0	
2	1095	-1.251975	-0.000516003	2789.629	-0.001525902	5	5	-1.253887	0	0	0	0	0	0	0	0	0	0	0	0	0	54	0	
2	1096	-1.251362	-0.000513856	2790.629	-0.001525902	5	5	-1.253387	0	0	0	0	0	0	0	0	0	0	0	0	0	54	0	
2	1097	-1.251055	-0.000511525	2791.629	-0.001525902	5	5	-1.252887	0	0	0	0	0	0	0	0	0	0	0	0	0	54	0	
2	1098	-1.250442	-0.000509562	2792.629	-0.001525902	5	5	-1.252387	0	0	0	0	0	0	0	0	0	0	0	0	0	54	0	
2	1099	-1.250135	-0.000507599	2793.629	-0.001525902	5	5	-1.251887	0	0	0	0	0	0	0	0	0	0	0	0	0	54	0	
2	1100	-1.249521	-0.000505145	2794.629	-0.001525902	5	5	-1.251387	0	0	0	0	0	0	0	0	0	0	0	0	0	54	0	
2	1101	-1.248908	-0.000502753	2795.629	-0.001525902	5	5	-1.250887	0	0	0	0	0	0	0	0	0	0	0	0	0	54	0	
2	1102	-1.248601	-0.000501035	2796.629	-0.001525902	5	5	-1.250387	0	0	0	0	0	0	0	0	0	0	0	0	0	54	0	
2	1103	-1.247988	-0.000498398	2797.629	-0.001525902	5	5	-1.249887	0	0	0	0	0	0	0	0	0	0	0	0	0	54	0	
2	1104	-1.247681	-0.000495392	2798.629	-0.001525902	5	5	-1.249387	0	0	0	0	0	0	0	0	0	0	0	0	0	54	0	
2	1105	-1.246761	-0.000493736	2799.629	-0.001525902	5	5	-1.248887	0	0	0	0	0	0	0	0	0	0	0	0	0	54	0	
2	1106	-1.246454	-0.000492141	2800.629	-0.001525902	5	5	-1.248387	0	0	0	0	0	0	0	0	0	0	0	0	0	54	0	
2	1107	-1.245841	-0.00049576	2801.629	-0.001525902	5	5	-1.247887	0	0	0	0	0	0	0	0	0	0	0	0	0	54	0	
2	1108	-1.245534	-0.000495085	2802.629	-0.001525902	5	5	-1.247387	0	0	0	0	0	0	0	0	0	0	0	0	0	54	0	
2	1109	-1.244921	-0.000493613	2803.629	-0.001525902	5	5	-1.246887	0	0	0	0	0	0	0	0	0	0	0	0	0	54	0	
2	1110	-1.244614	-0.000491466	2804.629	-0.001525902	5	5	-1.246387	0	0	0	0	0	0	0	0	0	0	0	0	0	54	0	
2	1111	-1.244001	-0.00048981	2805.629	-0.001525902	5	5	-1.245887	0	0	0	0	0	0	0	0	0	0	0	0	0	54	0	
2	1112	-1.243387	-0.000487479	2806.629	-0.001525902	5	5	-1.245387	0	0	0	0	0	0	0	0	0	0	0	0	0	54	0	
2	1113	-1.243081	-0.000485148	2807.629	-0.001525902	5	5	-1.244887	0	0	0	0	0	0	0	0	0	0	0	0	0	54	0	
2	1114	-1.242467	-0.000482572	2808.629	-0.001525902	5	5	-1.244387	0	0	0	0	0	0	0	0	0	0	0	0	0	54	0	
2	1115	-1.242161	-0.000480118	2809.629	-0.001525902	5	5	-1.243887	0	0	0	0	0	0	0	0	0	0	0	0	0	54	0	
2	1116	-1.241547	-0.000478401	2810.629	-0.001525902	5	5	-1.243387	0	0	0	0	0	0	0	0	0	0	0	0	0	54	0	
2	1117	-1.240934	-0.00047607	2811.629	-0.001525902	5	5	-1.242887	0	0	0	0	0	0	0	0	0	0	0	0	0	54	0	
2	1118	-1.240627	-0.000473555	2812.629	-0.001525902	5	5	-1.242387	0	0	0	0	0	0	0	0	0	0	0	0	0	54	0	
2	1119	-1.240014	-0.000471162	2813.629	-0.001525902	5	5	-1.241887	0	0	0	0	0	0	0	0	0	0	0	0	0	54	0	
2	1120	-1.239707	-0.000469138	2814.629	-0.001525902	5	5	-1.241387	0	0	0	0	0	0	0	0	0	0	0	0	0	54	0	
2	1121	-1.239093	-0.000468218	2815.629	-0.001525902	5	5	-1.240887	0	0	0	0	0	0	0	0	0	0	0	0	0	54	0	
2	1122	-1.23848	-0.000466378	2816.629	-0.001525902	5	5	-1.240387	0	0	0	0	0	0	0	0	0	0	0	0	0	54	0	
2	1123	-1.237867	-0.000463863	2817.629	-0.001525902	5	5	-1.239887	0	0	0	0	0	0	0	0	0	0	0	0	0	54	0	
2	1124	-1.23756	-0.00046147	2818.629	-0.001525902	5	5	-1.239387	0	0	0	0	0	0	0	0	0	0	0	0	0	54	0	
2	1125	-1.236946	-0.000459201	2819.629	-0.001525902	5	5	-1.238887	0	0	0	0	0	0	0	0	0	0	0	0	0	54	0	
2	1126	-1.23664	-0.000457299	2820.629	-0.001525902	5	5	-1.238387	0	0	0	0	0	0	0	0	0	0	0	0	0	54	0	
2	1127	-1.236026	-0.000455336	2821.629	-0.001525902	5	5	-1.237887	0	0	0	0	0	0	0	0	0	0	0	0	0	54	0	
2	1128	-1.235413	-0.000452637	2822.629	-0.001525902	5	5	-1.237387	0	0	0	0	0	0	0	0	0	0	0	0	0	54	0	
2	1129	-1.235106	-0.000450184	2823.629	-0.001525902	5	5	-1.236887	0	0	0	0	0	0	0	0	0	0	0	0	0	54	0	
2	1130	-1.234493	-0.000448466	2824.629	-0.001525902	5	5	-1.236387	0	0	0	0	0	0	0	0	0	0	0	0	0	54	0	
2	1131	-1.234186	-0.000446319	2825.629	-0.001525902	5	5	-1.235887	0	0	0	0	0	0	0	0	0	0	0	0	0	54	0	
2	1132	-1.233573	-0.000444049	2826.629	-0.001525902	5	5	-1.235387	0	0	0	0	0	0	0	0	0	0	0	0	0	54	0	
2	1133	-1.232959	-0.000442271	2827.629	-0.001525902	5	5	-1.234887	0	0	0	0	0	0	0	0	0	0	0	0	0	54	0	
2	1134	-1.232653	-0.000440676	2828.629	-0.001525902	5	5	-1.234387	0	0	0	0	0	0	0	0	0	0	0	0	0	54	0	
2	1135	-1.232039	-0.000439265	2829.629	-0.001525902	5	5	-1.233887	0	0	0	0	0	0	0	0	0	0	0	0	0	54	0	
2	1136	-1.231426	-0.000437854	2830.629	-0.001525902	5	5	-1.233387	0	0	0	0	0	0	0	0	0	0	0	0	0	54	0	
2	1137	-1.231119	-0.000435891	2831.629	-0.001525902	5	5	-1.232887	0	0	0	0	0	0	0	0	0	0	0	0	0	54	0	
2	1138	-1.230506	-0.000433499	2832.629	-0.001525902	5	5	-1.232387	0	0	0	0	0	0	0	0	0	0	0	0	0	54	0	
2	1139	-1.230199	-0.000431106	2833.629	-0.001525902	5	5	-1.231887	0	0	0	0	0	0	0	0	0	0	0	0	0	54	0	
2	1140	-1.229586	-0.000429328	2834.629	-0.001525902	5	5	-1.231387	0	0	0	0	0	0	0	0	0	0	0	0	0	54	0	
2	1141	-1.228972	-0.000427058	2835.629	-0.001525902	5	5	-1.230887	0	0	0	0	0	0	0	0	0	0	0	0	0	54	0	
2	1142	-1.228665	-0.00042485	2836.629	-0.001525902	5	5	-1.230387	0	0	0	0	0	0	0	0	0	0	0	0	0	54	0	
2	1143	-1.228052	-0.0004235	2837.629	-0.001525902	5	5	-1.229887	0	0	0	0	0	0	0	0	0	0	0	0	0	54	0	
2	1144	-1.227439	-0.000422273	2838.629	-0.001525902	5	5	-1.229387	0	0	0	0	0	0	0	0	0	0	0	0	0	54	0	
2	1145	-1.227132	-0.000421108	2839.629	-0.001525902	5	5	-1.228887	0	0	0	0	0	0	0	0	0	0	0	0	0	54	0	
2	1146	-1.226519	-0.000419022	2840.629	-0.001525902	5	5	-1.228387	0	0	0	0	0	0	0	0	0	0	0	0	0	54	0	
2	1147	-1.226212	-0.000417182	2841.629	-0.001525902	5	5	-1.227887	0	0	0	0	0	0	0	0	0	0	0	0	0	54	0	
2	1148	-1.225598	-0.000415342	2842.629	-0.001525902	5	5	-1.227387	0	0	0	0	0	0	0	0	0	0	0	0	0	54	0	
2	1149	-1.224985	-0.000413501	2843.629	-0.001525902	5	5	-1.226887	0	0	0	0	0	0	0	0	0	0	0	0	0	54	0	
2	1150	-1.224678	-0.00041252	2844.629	-0.001525902	5	5	-1.226387	0	0	0	0	0	0	0	0	0	0	0	0	0	54	0	
2	1151	-1.224065	-0.000411048	2845.629	-0.001525902	5	5	-1.225887	0	0	0	0	0	0	0	0	0	0	0	0	0	54	0	
2	1152	-1.223451	-0.000409514	2846.629	-0.001525902	5	5	-1.225387	0	0	0	0	0	0	0	0	0	0	0	0	0	54	0	
2	1153	-1.223145	-0.000407551	2847.629	-0.001525902	5	5	-1.224887	0	0	0	0	0	0	0	0	0	0	0	0	0	54	0	
2	1154	-1.222531	-0.000405895	2848.629	-0.001525902	5	5	-1.224387	0	0	0	0	0	0	0	0	0	0	0	0	0	54	0	
2	1155	-1.222225	-0.000404607	2849.629	-0.001525902	5	5	-1.223887	0	0	0	0	0	0	0	0	0	0	0	0	0	54	0	
2	1156	-1.221611	-0.000403135	2850.629	-0.001525902	5	5	-1.223387	0	0	0	0	0	0	0	0	0	0	0	0	0	54	0	
2	1157	-1.220998	-0.000402399	2851.629	-0.001525902	5	5	-1.222887	0	0	0	0	0	0	0	0	0	0	0	0	0	54	0	
2	1158	-1.220384	-0.000400436	2852.629	-0.001525902	5	5	-1.222387	0	0	0	0	0	0	0	0	0	0	0	0	0	54	0	
2	1159	-1.220078	-0.000399638	2853.629	-0.001525902	5	5	-1.221887	0	0	0	0	0	0	0	0	0	0	0	0	0	54	0	
2	1160	-1.219464	-0.000398596	2854.629	-0.001525902	5	5	-1.221387	0	0	0	0	0	0	0	0	0	0	0	0	0	54	0	
2	1161	-1.219158	-0.000397614	2855.629	-0.001525902	5	5	-1.220887	0	0	0	0	0	0	0	0	0	0	0	0	0	54	0	
2	1162	-1.218544	-0.000395897	2856.629	-0.001525902	5	5	-1.220387	0	0	0	0	0	0	0	0	0	0	0	0	0	54	0	
2	1163	-1.218237	-0.00039375	2857.629	-0.001525902	5	5	-1.219887	0	0	0	0	0	0	0	0	0	0	0	0	0	54	0	
2	1164	-1.217317	-0.000391909	2858.629	-0.001525902	5	5	-1.219387	0	0	0	0	0	0	0	0	0	0	0	0	0	54	0	
2	1165	-1.217011	-0.000390008	2859.629	-0.001525902	5	5	-1.218887	0	0	0	0	0	0	0	0	0	0	0	0	0	54	0	
2	1166	-1.216704	-0.000388904	2860.629	-0.001525902	5	5	-1.218387	0	0	0	0	0	0	0	0	0	0	0	0	0	54	0	
2	1167	-1.21609	-0.000387002	2861.629	-0.001525902	5	5	-1.217887	0	0	0	0	0	0	0	0	0	0	0	0	0	54	0	
2	1168	-1.215477	-0.000384916	2862.629	-0.001525902	5	5	-1.217387	0	0	0	0	0	0	0	0	0	0	0	0	0	54	0	
2	1169	-1.21517	-0.000383015	2863.629	-0.001525902	5	5	-1.216887	0	0	0	0	0	0	0	0	0	0	0	0	0	54	0	
2	1170	-1.214557	-0.000380929	2864.629	-0.001525902	5	5	-1.216387	0	0	0	0	0	0	0	0	0	0	0	0	0	54	0	
2	1171	-1.213943	-0.000379518	2865.629	-0.001525902	5	5	-1.215887	0	0	0	0	0	0	0	0	0	0	0	0	0	54	0	
2	1172	-1.213637	-0.000377555	2866.629	-0.001525902	5	5	-1.215387	0	0	0	0	0	0	0	0	0	0	0	0	0	54	0	
2	1173	-1.213023	-0.000375409	2867.629	-0.001525902	5	5	-1.214887	0	0	0	0	0	0	0	0	0	0	0	0	0	54	0	
2	1174	-1.21241	-0.000373262	2868.629	-0.001525902	5	5	-1.214387	0	0	0	0	0	0	0	0	0	0	0	0	0	54	0	
2	1175	-1.212103	-0.000371421	2869.629	-0.001525902	5	5	-1.213887	0	0	0	0	0	0	0	0	0	0	0	0	0	54	0	
2	1176	-1.21149	-0.000369949	2870.629	-0.001525902	5	5	-1.213387	0	0	0	0	0	0	0	0	0	0	0	0	0	54	0	
2	1177	-1.210876	-0.000368232	2871.629	-0.001525902	5	5	-1.212887	0	0	0	0	0	0	0	0	0	0	0	0	0	54	0	
2	1178	-1.21057	-0.000366514	2872.629	-0.001525902	5	5	-1.212387	0	0	0	0	0	0	0	0	0	0	0	0	0	54	0	
2	1179	-1.210263	-0.000364306	2873.629	-0.001525902	5	5	-1.211887	0	0	0	0	0	0	0	0	0	0	0	0	0	54	0	
2	1180	-1.20965	-0.000362588	2874.629	-0.001525902	5	5	-1.211387	0	0	0	0	0	0	0	0	0	0	0	0	0	54	0	
2	1181	-1.209036	-0.000364122	2875.629	-0.001525902	5	5	-1.210887	0	0	0	0	0	0	0	0	0	0	0	0	0	54	0	
2	1182	-1.208423	-0.000362588	2876.629	-0.001525902	5	5	-1.210387	0	0	0	0	0	0	0	0	0	0	0	0	0	54	0	
2	1183	-1.208116	-0.000360809	2877.629	-0.001525902	5	5	-1.209887	0	0	0	0	0	0	0	0	0	0	0	0	0	54	0	
2	1184	-1.207503	-0.000359644	2878.629	-0.001525902	5	5	-1.209387	0	0	0	0	0	0	0	0	0	0	0	0	0	54	0	
2	1185	-1.207196	-0.00035811	2879.629	-0.001525902	5	5	-1.208887	0	0	0	0	0	0	0	0	0	0	0	0	0	54	0	
2	1186	-1.206583	-0.000355902	2880.629	-0.001525902	5	5	-1.208387	0	0	0	0	0	0	0	0	0	0	0	0	0	54	0	
2	1187	-1.206276	-0.000354246	2881.629	-0.001525902	5	5	-1.207887	0	0	0	0	0	0	0	0	0	0	0	0	0	54	0	
2	1188	-1.205662	-0.000352528	2882.629	-0.001525902	5	5	-1.207387	0	0	0	0	0	0	0	0	0	0	0	0	0	54	0	
2	1189	-1.205049	-0.000350688	2883.629	-0.001525902	5	5	-1.206887	0	0	0	0	0	0	0	0	0	0	0	0	0	54	0	
2	1190	-1.204436	-0.000349461	2884.629	-0.001525902	5	5	-1.206387	0	0	0	0	0	0	0	0	0	0	0	0	0	54	0	
2	1191	-1.204129	-0.000347989	2885.629	-0.001525902	5	5	-1.205887	0	0	0	0	0	0	0	0	0	0	0	0	0	54	0	
2	1192	-1.203516	-0.000346455	2886.629	-0.001525902	5	5	-1.205387	0	0	0	0	0	0	0	0	0	0	0	0	0	54	0	
2	1193	-1.203209	-0.000344554	2887.629	-0.001525902	5	5	-1.204887	0	0	0	0	0	0	0	0	0	0	0	0	0	54	0	
2	1194	-1.202595	-0.000343143	2888.629	-0.001525902	5	5	-1.204387	0	0	0	0	0	0	0	0	0	0	0	0	0	54	0	
2	1195	-1.201982	-0.000341855	2889.629	-0.001525902	5	5	-1.203887	0	0	0	0	0	0	0	0	0	0	0	0	0	54	0	
2	1196	-1.201675	-0.000341057	2890.629	-0.001525902	5	5	-1.203387	0	0	0	0	0	0	0	0	0	0	0	0	0	54	0	
2	1197	-1.201062	-0.000339831	2891.629	-0.001525902	5	5	-1.202887	0	0	0	0	0	0	0	0	0	0	0	0	0	54	0	
2	1198	-1.200755	-0.000338604	2892.629	-0.001525902	5	5	-1.202387	0	0	0	0	0	0	0	0	0	0	0	0	0	54	0	
2	1199	-1.200142	-0.000337009	2893.629	-0.001525902	5	5	-1.201887	0	0	0	0	0	0	0	0	0	0	0	0	0	54	0	
2	1200	-1.199528	-0.000335843	2894.629	-0.001525902	5	5	-1.201387	0	0	0	0	0	0	0	0	0	0	0	0	0	54	0	
2	1201	-1.199222	-0.000334249	2895.629	-0.001525902	5	5	-1.200887	0	0	0	0	0	0	0	0	0	0	0	0	0	54	0	
2	1202	-1.198608	-0.000333328	2896.629	-0.001525902	5	5	-1.200387	0	0	0	0	0	0	0	0	0	0	0	0	0	54	0	
2	1203	-1.197995	-0.000331856	2897.629	-0.001525902	5	5	-1.199887	0	0	0	0	0	0	0	0	0	0	0	0	0	54	0	
2	1204	-1.197688	-0.000330323	2898.629	-0.001525902	5	5	-1.199387	0	0	0	0	0	0	0	0	0	0	0	0	0	54	0	
2	1205	-1.197075	-0.000328851	2899.629	-0.001525902	5	5	-1.198887	0	0	0	0	0	0	0	0	0	0	0	0	0	54	0	
2	1206	-1.196461	-0.000327501	2900.629	-0.001525902	5	5	-1.198387	0	0	0	0	0	0	0	0	0	0	0	0	0	54	0	
2	1207	-1.196155	-0.000326213	2901.629	-0.001525902	5	5	-1.197887	0	0	0	0	0	0	0	0	0	0	0	0	0	54	0	
2	1208	-1.195541	-0.000325415	2902.629	-0.001525902	5	5	-1.197387	0	0	0	0	0	0	0	0	0	0	0	0	0	54	0	
2	1209	-1.194928	-0.000324434	2903.629	-0.001525902	5	5	-1.196887	0	0	0	0	0	0	0	0	0	0	0	0	0	54	0	
2	1210	-1.194621	-0.000323268	2904.629	-0.001525902	5	5	-1.196387	0	0	0	0	0	0	0	0	0	0	0	0	0	54	0	
2	1211	-1.194008	-0.000321735	2905.629	-0.001525902	5	5	-1.195887	0	0	0	0	0	0	0	0	0	0	0	0	0	54	0	
2	1212	-1.193701	-0.000320569	2906.629	-0.001525902	5	5	-1.195387	0	0	0	0	0	0	0	0	0	0	0	0	0	54	0	
2	1213	-1.193087	-0.000320079	2907.629	-0.001525902	5	5	-1.194887	0	0	0	0	0	0	0	0	0	0	0	0	0	54	0	
2	1214	-1.192474	-0.000318975	2908.629	-0.001525902	5	5	-1.194387	0	0	0	0	0	0	0	0	0	0	0	0	0	54	0	
2	1215	-1.192167	-0.000317809	2909.629	-0.001525902	5	5	-1.193887	0	0	0	0	0	0	0	0	0	0	0	0	0	54	0	
2	1216	-1.191554	-0.000316398	2910.629	-0.001525902	5	5	-1.193387	0	0	0	0	0	0	0	0	0	0	0	0	0	54	0	
2	1217	-1.19094	-0.000314803	2911.629	-0.001525902	5	5	-1.192887	0	0	0	0	0	0	0	0	0	0	0	0	0	54	0	
2	1218	-1.190634	-0.000313577	2912.629	-0.001525902	5	5	-1.192387	0	0	0	0	0	0	0	0	0	0	0	0	0	54	0	
2	1219	-1.19002	-0.000312166	2913.629	-0.001525902	5	5	-1.191887	0	0	0	0	0	0	0	0	0	0	0	0	0	54	0	
2	1220	-1.189714	-0.000310939	2914.629	-0.001525902	5	5	-1.191387	0	0	0	0	0	0	0	0	0	0	0	0	0	54	0	
2	1221	-1.1891	-0.000310325	2915.629	-0.001525902	5	5	-1.190887	0	0	0	0	0	0	0	0	0	0	0	0	0	54	0	
2	1222	-1.188487	-0.000309283	2916.629	-0.001525902	5	5	-1.190387	0	0	0	0	0	0	0	0	0	0	0	0	0	54	0	
2	1223	-1.18818	-0.000308301	2917.629	-0.001525902	5	5	-1.189887	0	0	0	0	0	0	0	0	0	0	0	0	0	54	0	
2	1224	-1.187567	-0.000306706	2918.629	-0.001525902	5	5	-1.189387	0	0	0	0	0	0	0	0	0	0	0	0	0	54	0	
2	1225	-1.18726	-0.000305664	2919.629	-0.001525902	5	5	-1.188887	0	0	0	0	0	0	0	0	0	0	0	0	0	54	0	
2	1226	-1.186647	-0.000304682	2920.629	-0.001525902	5	5	-1.188387	0	0	0	0	0	0	0	0	0	0	0	0	0	54	0	
2	1227	-1.186033	-0.000304069	2921.629	-0.001525902	5	5	-1.187887	0	0	0	0	0	0	0	0	0	0	0	0	0	54	0	
2	1228	-1.18542	-0.00030321	2922.629	-0.001525902	5	5	-1.187387	0	0	0	0	0	0	0	0	0	0	0	0	0	54	0	
2	1229	-1.185113	-0.000302228	2923.629	-0.001525902	5	5	-1.186887	0	0	0	0	0	0	0	0	0	0	0	0	0	54	0	
2	1230	-1.1845	-0.000301124	2924.629	-0.001525902	5	5	-1.186387	0	0	0	0	0	0	0	0	0	0	0	0	0	54	0	
2	1231	-1.184193	-0.000300327	2925.629	-0.001525902	5	5	-1.185887	0	0	0	0	0	0	0	0	0	0	0	0	0	54	0	
2	1232	-1.18358	-0.000299652	2926.629	-0.001525902	5	5	-1.185387	0	0	0	0	0	0	0	0	0	0	0	0	0	54	0	
2	1233	-1.182966	-0.000298671	2927.629	-0.001525902	5	5	-1.184887	0	0	0	0	0	0	0	0	0	0	0	0	0	54	0	
2	1234	-1.18266	-0.000298241	2928.629	-0.001525902	5	5	-1.184387	0	0	0	0	0	0	0	0	0	0	0	0	0	54	0	
2	1235	-1.182046	-0.000297505	2929.629	-0.001525902	5	5	-1.183887	0	0	0	0	0	0	0	0	0	0	0	0	0	54	0	
2	1236	-1.181739	-0.000296401	2930.629	-0.001525902	5	5	-1.183387	0	0	0	0	0	0	0	0	0	0	0	0	0	54	0	
2	1237	-1.181126	-0.000295051	2931.629	-0.001525902	5	5	-1.182887	0	0	0	0	0	0	0	0	0	0	0	0	0	54	0	
2	1238	-1.180513	-0.000293763	2932.629	-0.001525902	5	5	-1.182387	0	0	0	0	0	0	0	0	0	0	0	0	0	54	0	
2	1239	-1.180206	-0.000292475	2933.629	-0.001525902	5	5	-1.181887	0	0	0	0	0	0	0	0	0	0	0	0	0	54	0	
2	1240	-1.179592	-0.000291371	2934.629	-0.001525902	5	5	-1.181387	0	0	0	0	0	0	0	0	0	0	0	0	0	54	0	
2	1241	-1.179286	-0.000290696	2935.629	-0.001525902	5	5	-1.180887	0	0	0	0	0	0	0	0	0	0	0	0	0	54	0	
2	1242	-1.178672	-0.000289592	2936.629	-0.001525902	5	5	-1.180387	0	0	0	0	0	0	0	0	0	0	0	0	0	54	0	
2	1243	-1.178366	-0.000288365	2937.629	-0.001525902	5	5	-1.179887	0	0	0	0	0	0	0	0	0	0	0	0	0	54	0	
2	1244	-1.177752	-0.000287016	2938.629	-0.001525902	5	5	-1.179387	0	0	0	0	0	0	0	0	0	0	0	0	0	54	0	
2	1245	-1.177139	-0.000285973	2939.629	-0.001525902	5	5	-1.178887	0	0	0	0	0	0	0	0	0	0	0	0	0	54	0	
2	1246	-1.176832	-0.000285237	2940.629	-0.001525902	5	5	-1.178387	0	0	0	0	0	0	0	0	0	0	0	0	0	54	0	
2	1247	-1.176219	-0.000284746	2941.629	-0.001525902	5	5	-1.177887	0	0	0	0	0	0	0	0	0	0	0	0	0	54	0	
2	1248	-1.175912	-0.000283887	2942.629	-0.001525902	5	5	-1.177387	0	0	0	0	0	0	0	0	0	0	0	0	0	54	0	
2	1249	-1.175299	-0.000282845	2943.629	-0.001525902	5	5	-1.176887	0	0	0	0	0	0	0	0	0	0	0	0	0	54	0	
2	1250	-1.174685	-0.000281372	2944.629	-0.001525902	5	5	-1.176387	0	0	0	0	0	0	0	0	0	0	0	0	0	54	0	
2	1251	-1.174378	-0.000280084	2945.629	-0.001525902	5	5	-1.175887	0	0	0	0	0	0	0	0	0	0	0	0	0	54	0	
2	1252	-1.173765	-0.000278796	2946.629	-0.001525902	5	5	-1.175387	0	0	0	0	0	0	0	0	0	0	0	0	0	54	0	
2	1253	-1.173458	-0.000277815	2947.629	-0.001525902	5	5	-1.174887	0	0	0	0	0	0	0	0	0	0	0	0	0	54	0	
2	1254	-1.172845	-0.000276649	2948.629	-0.001525902	5	5	-1.174387	0	0	0	0	0	0	0	0	0	0	0	0	0	54	0	
2	1255	-1.172231	-0.000276772	2949.629	-0.001525902	5	5	-1.173887	0	0	0	0	0	0	0	0	0	0	0	0	0	54	0	
2	1256	-1.171618	-0.000275668	2950.629	-0.001525902	5	5	-1.173387	0	0	0	0	0	0	0	0	0	0	0	0	0	54	0	
2	1257	-1.171311	-0.000274502	2951.629	-0.001525902	5	5	-1.172887	0	0	0	0	0	0	0	0	0	0	0	0	0	54	0	
2	1258	-1.170698	-0.000273091	2952.629	-0.001525902	5	5	-1.172387	0	0	0	0	0	0	0	0	0	0	0	0	0	54	0	
2	1259	-1.170391	-0.000272049	2953.629	-0.001525902	5	5	-1.171887	0	0	0	0	0	0	0	0	0	0	0	0	0	54	0	
2	1260	-1.169778	-0.000270944	2954.629	-0.001525902	5	5	-1.171387	0	0	0	0	0	0	0	0	0	0	0	0	0	54	0	
2	1261	-1.169164	-0.000269718	2955.629	-0.001525902	5	5	-1.170887	0	0	0	0	0	0	0	0	0	0	0	0	0	54	0	
2	1262	-1.168858	-0.000269227	2956.629	-0.001525902	5	5	-1.170387	0	0	0	0	0	0	0	0	0	0	0	0	0	54	0	
2	1263	-1.168244	-0.000268429	2957.629	-0.001525902	5	5	-1.169887	0	0	0	0	0	0	0	0	0	0	0	0	0	54	0	
2	1264	-1.167938	-0.000267632	2958.629	-0.001525902	5	5	-1.169387	0	0	0	0	0	0	0	0	0	0	0	0	0	54	0	
2	1265	-1.167324	-0.000266466	2959.629	-0.001525902	5	5	-1.168887	0	0	0	0	0	0	0	0	0	0	0	0	0	54	0	
2	1266	-1.167017	-0.000265424	2960.629	-0.001525902	5	5	-1.168387	0	0	0	0	0	0	0	0	0	0	0	0	0	54	0	
2	1267	-1.166404	-0.000264688	2961.629	-0.001525902	5	5	-1.167887	0	0	0	0	0	0	0	0	0	0	0	0	0	54	0	
2	1268	-1.165791	-0.00026389	2962.629	-0.001525902	5	5	-1.167387	0	0	0	0	0	0	0	0	0	0	0	0	0	54	0	
2	1269	-1.165177	-0.000262786	2963.629	-0.001525902	5	5	-1.166887	0	0	0	0	0	0	0	0	0	0	0	0	0	54	0	
2	1270	-1.164871	-0.000262357	2964.629	-0.001525902	5	5	-1.166387	0	0	0	0	0	0	0	0	0	0	0	0	0	54	0	
2	1271	-1.164257	-0.000261314	2965.629	-0.001525902	5	5	-1.165887	0	0	0	0	0	0	0	0	0	0	0	0	0	54	0	
2	1272	-1.16395	-0.000260516	2966.629	-0.001525902	5	5	-1.165387	0	0	0	0	0	0	0	0	0	0	0	0	0	54	0	
2	1273	-1.163337	-0.000259228	2967.629	-0.001525902	5	5	-1.164887	0	0	0	0	0	0	0	0	0	0	0	0	0	54	0	
2	1274	-1.162724	-0.000258247	2968.629	-0.001525902	5	5	-1.164387	0	0	0	0	0	0	0	0	0	0	0	0	0	54	0	
2	1275	-1.162417	-0.000257879	2969.629	-0.001525902	5	5	-1.163887	0	0	0	0	0	0	0	0	0	0	0	0	0	54	0	
2	1276	-1.161803	-0.000257695	2970.629	-0.001525902	5	5	-1.163387	0	0	0	0	0	0	0	0	0	0	0	0	0	54	0	
2	1277	-1.16119	-0.000256468	2971.629	-0.001525902	5	5	-1.162887	0	0	0	0	0	0	0	0	0	0	0	0	0	54	0	
2	1278	-1.160883	-0.000255425	2972.629	-0.001525902	5	5	-1.162387	0	0	0	0	0	0	0	0	0	0	0	0	0	54	0	
2	1279	-1.16027	-0.000254444	2973.629	-0.001525902	5	5	-1.161887	0	0	0	0	0	0	0	0	0	0	0	0	0	54	0	
2	1280	-1.159657	-0.00025383	2974.629	-0.001525902	5	5	-1.161387	0	0	0	0	0	0	0	0	0	0	0	0	0	54	0	
2	1281	-1.15935	-0.000252971	2975.629	-0.001525902	5	5	-1.160887	0	0	0	0	0	0	0	0	0	0	0	0	0	54	0	
2	1282	-1.158736	-0.000251683	2976.629	-0.001525902	5	5	-1.160387	0	0	0	0	0	0	0	0	0	0	0	0	0	54	0	
2	1283	-1.15843	-0.000250579	2977.629	-0.001525902	5	5	-1.159887	0	0	0	0	0	0	0	0	0	0	0	0	0	54	0	
2	1284	-1.157816	-0.000249475	2978.629	-0.001525902	5	5	-1.159387	0	0	0	0	0	0	0	0	0	0	0	0	0	54	0	
2	1285	-1.15751	-0.000248616	2979.629	-0.001525902	5	5	-1.158887	0	0	0	0	0	0	0	0	0	0	0	0	0	54	0	
2	1286	-1.156896	-0.00024788	2980.629	-0.001525902	5	5	-1.158387	0	0	0	0	0	0	0	0	0	0	0	0	0	54	0	
2	1287	-1.156283	-0.000246776	2981.629	-0.001525902	5	5	-1.157887	0	0	0	0	0	0	0	0	0	0	0	0	0	54	0	
2	1288	-1.155976	-0.00024561	2982.629	-0.001525902	5	5	-1.157387	0	0	0	0	0	0	0	0	0	0	0	0	0	54	0	
2	1289	-1.155363	-0.000245917	2983.629	-0.001525902	5	5	-1.156887	0	0	0	0	0	0	0	0	0	0	0	0	0	54	0	
2	1290	-1.154749	-0.000246469	2984.629	-0.001525902	5	5	-1.156387	0	0	0	0	0	0	0	0	0	0	0	0	0	54	0	
2	1291	-1.154443	-0.000245856	2985.629	-0.001525902	5	5	-1.155887	0	0	0	0	0	0	0	0	0	0	0	0	0	54	0	
2	1292	-1.153829	-0.000244813	2986.629	-0.001525902	5	5	-1.155387	0	0	0	0	0	0	0	0	0	0	0	0	0	54	0	
2	1293	-1.153522	-0.000244138	2987.629	-0.001525902	5	5	-1.154887	0	0	0	0	0	0	0	0	0	0	0	0	0	54	0	
2	1294	-1.152909	-0.000244261	2988.629	-0.001525902	5	5	-1.154387	0	0	0	0	0	0	0	0	0	0	0	0	0	54	0	
2	1295	-1.152296	-0.000244077	2989.629	-0.001525902	5	5	-1.153887	0	0	0	0	0	0	0	0	0	0	0	0	0	54	0	
2	1296	-1.151682	-0.000242973	2990.629	-0.001525902	5	5	-1.153387	0	0	0	0	0	0	0	0	0	0	0	0	0	54	0	
2	1297	-1.151375	-0.000241991	2991.629	-0.001525902	5	5	-1.152887	0	0	0	0	0	0	0	0	0	0	0	0	0	54	0	
2	1298	-1.150762	-0.000241623	2992.629	-0.001525902	5	5	-1.152387	0	0	0	0	0	0	0	0	0	0	0	0	0	54	0	
2	1299	-1.150455	-0.000240887	2993.629	-0.001525902	5	5	-1.151887	0	0	0	0	0	0	0	0	0	0	0	0	0	54	0	
2	1300	-1.149842	-0.00024009	2994.629	-0.001525902	5	5	-1.151387	0	0	0	0	0	0	0	0	0	0	0	0	0	54	0	
2	1301	-1.149535	-0.000239292	2995.629	-0.001525902	5	5	-1.150887	0	0	0	0	0	0	0	0	0	0	0	0	0	54	0	
2	1302	-1.148922	-0.000238434	2996.629	-0.001525902	5	5	-1.150387	0	0	0	0	0	0	0	0	0	0	0	0	0	54	0	
2	1303	-1.148308	-0.000237391	2997.629	-0.001525902	5	5	-1.149887	0	0	0	0	0	0	0	0	0	0	0	0	0	54	0	
2	1304	-1.148002	-0.000236716	2998.629	-0.001525902	5	5	-1.149387	0	0	0	0	0	0	0	0	0	0	0	0	0	54	0	
2	1305	-1.147388	-0.000235857	2999.629	-0.001525902	5	5	-1.148887	0	0	0	0	0	0	0	0	0	0	0	0	0	54	0	
2	1306	-1.146775	-0.00023506	3000.629	-0.001525902	5	5	-1.148387	0	0	0	0	0	0	0	0	0	0	0	0	0	54	0	
2	1307	-1.146468	-0.000234385	3001.629	-0.001525902	5	5	-1.147887	0	0	0	0	0	0	0	0	0	0	0	0	0	54	0	
2	1308	-1.145855	-0.000234201	3002.629	-0.001525902	5	5	-1.147387	0	0	0	0	0	0	0	0	0	0	0	0	0	54	0	
2	1309	-1.145241	-0.000233404	3003.629	-0.001525902	5	5	-1.146887	0	0	0	0	0	0	0	0	0	0	0	0	0	54	0	
2	1310	-1.144935	-0.000232545	3004.629	-0.001525902	5	5	-1.146387	0	0	0	0	0	0	0	0	0	0	0	0	0	54	0	
2	1311	-1.144321	-0.000231993	3005.629	-0.001525902	5	5	-1.145887	0	0	0	0	0	0	0	0	0	0	0	0	0	54	0	
2	1312	-1.143708	-0.000231134	3006.629	-0.001525902	5	5	-1.145387	0	0	0	0	0	0	0	0	0	0	0	0	0	54	0	
2	1313	-1.143401	-0.000230152	3007.629	-0.001525902	5	5	-1.144887	0	0	0	0	0	0	0	0	0	0	0	0	0	54	0	
2	1314	-1.142788	-0.000229416	3008.629	-0.001525902	5	5	-1.144387	0	0	0	0	0	0	0	0	0	0	0	0	0	54	0	
2	1315	-1.142481	-0.000228619	3009.629	-0.001525902	5	5	-1.143887	0	0	0	0	0	0	0	0	0	0	0	0	0	54	0	
2	1316	-1.141868	-0.000227821	3010.629	-0.001525902	5	5	-1.143387	0	0	0	0	0	0	0	0	0	0	0	0	0	54	0	
2	1317	-1.141254	-0.000227637	3011.629	-0.001525902	5	5	-1.142887	0	0	0	0	0	0	0	0	0	0	0	0	0	54	0	
2	1318	-1.140947	-0.000228312	3012.629	-0.001525902	5	5	-1.142387	0	0	0	0	0	0	0	0	0	0	0	0	0	54	0	
2	1319	-1.140334	-0.00022819	3013.629	-0.001525902	5	5	-1.141887	0	0	0	0	0	0	0	0	0	0	0	0	0	54	0	
2	1320	-1.140027	-0.000227392	3014.629	-0.001525902	5	5	-1.141387	0	0	0	0	0	0	0	0	0	0	0	0	0	54	0	
2	1321	-1.139414	-0.000226533	3015.629	-0.001525902	5	5	-1.140887	0	0	0	0	0	0	0	0	0	0	0	0	0	54	0	
2	1322	-1.138801	-0.000225675	3016.629	-0.001525902	5	5	-1.140387	0	0	0	0	0	0	0	0	0	0	0	0	0	54	0	
2	1323	-1.138187	-0.000224632	3017.629	-0.001525902	5	5	-1.139887	0	0	0	0	0	0	0	0	0	0	0	0	0	54	0	
2	1324	-1.13788	-0.000223773	3018.629	-0.001525902	5	5	-1.139387	0	0	0	0	0	0	0	0	0	0	0	0	0	54	0	
2	1325	-1.137267	-0.000223589	3019.629	-0.001525902	5	5	-1.138887	0	0	0	0	0	0	0	0	0	0	0	0	0	54	0	
2	1326	-1.136654	-0.00022316	3020.629	-0.001525902	5	5	-1.138387	0	0	0	0	0	0	0	0	0	0	0	0	0	54	0	
2	1327	-1.136347	-0.000222178	3021.629	-0.001525902	5	5	-1.137887	0	0	0	0	0	0	0	0	0	0	0	0	0	54	0	
2	1328	-1.135733	-0.000221135	3022.629	-0.001525902	5	5	-1.137387	0	0	0	0	0	0	0	0	0	0	0	0	0	54	0	
2	1329	-1.135427	-0.000220399	3023.629	-0.001525902	5	5	-1.136887	0	0	0	0	0	0	0	0	0	0	0	0	0	54	0	
2	1330	-1.134813	-0.000219786	3024.629	-0.001525902	5	5	-1.136387	0	0	0	0	0	0	0	0	0	0	0	0	0	54	0	
2	1331	-1.1342	-0.000218866	3025.629	-0.001525902	5	5	-1.135887	0	0	0	0	0	0	0	0	0	0	0	0	0	54	0	
2	1332	-1.133893	-0.000218436	3026.629	-0.001525902	5	5	-1.135387	0	0	0	0	0	0	0	0	0	0	0	0	0	54	0	
2	1333	-1.13328	-0.000217761	3027.629	-0.001525902	5	5	-1.134887	0	0	0	0	0	0	0	0	0	0	0	0	0	54	0	
2	1334	-1.132973	-0.000217087	3028.629	-0.001525902	5	5	-1.134387	0	0	0	0	0	0	0	0	0	0	0	0	0	54	0	
2	1335	-1.13236	-0.000216351	3029.629	-0.001525902	5	5	-1.133887	0	0	0	0	0	0	0	0	0	0	0	0	0	54	0	
2	1336	-1.132053	-0.000215431	3030.629	-0.001525902	5	5	-1.133387	0	0	0	0	0	0	0	0	0	0	0	0	0	54	0	
2	1337	-1.13144	-0.000214081	3031.629	-0.001525902	5	5	-1.132887	0	0	0	0	0	0	0	0	0	0	0	0	0	54	0	
2	1338	-1.130826	-0.000213161	3032.629	-0.001525902	5	5	-1.132387	0	0	0	0	0	0	0	0	0	0	0	0	0	54	0	
2	1339	-1.130519	-0.000212241	3033.629	-0.001525902	5	5	-1.131887	0	0	0	0	0	0	0	0	0	0	0	0	0	54	0	
2	1340	-1.129906	-0.000211443	3034.629	-0.001525902	5	5	-1.131387	0	0	0	0	0	0	0	0	0	0	0	0	0	54	0	
2	1341	-1.129293	-0.000210462	3035.629	-0.001525902	5	5	-1.130887	0	0	0	0	0	0	0	0	0	0	0	0	0	54	0	
2	1342	-1.128986	-0.000209726	3036.629	-0.001525902	5	5	-1.130387	0	0	0	0	0	0	0	0	0	0	0	0	0	54	0	
2	1343	-1.128372	-0.000208928	3037.629	-0.001525902	5	5	-1.129887	0	0	0	0	0	0	0	0	0	0	0	0	0	54	0	
2	1344	-1.127759	-0.000208622	3038.629	-0.001525902	5	5	-1.129387	0	0	0	0	0	0	0	0	0	0	0	0	0	54	0	
2	1345	-1.127452	-0.000207763	3039.629	-0.001525902	5	5	-1.128887	0	0	0	0	0	0	0	0	0	0	0	0	0	54	0	
2	1346	-1.126839	-0.000206781	3040.629	-0.001525902	5	5	-1.128387	0	0	0	0	0	0	0	0	0	0	0	0	0	54	0	
2	1347	-1.126225	-0.000205861	3041.629	-0.001525902	5	5	-1.127887	0	0	0	0	0	0	0	0	0	0	0	0	0	54	0	
2	1348	-1.125919	-0.000205248	3042.629	-0.001525902	5	5	-1.127387	0	0	0	0	0	0	0	0	0	0	0	0	0	54	0	
2	1349	-1.125305	-0.000204205	3043.629	-0.001525902	5	5	-1.126887	0	0	0	0	0	0	0	0	0	0	0	0	0	54	0	
2	1350	-1.124999	-0.000203285	3044.629	-0.001525902	5	5	-1.126387	0	0	0	0	0	0	0	0	0	0	0	0	0	54	0	
2	1351	-1.124385	-0.000202488	3045.629	-0.001525902	5	5	-1.125887	0	0	0	0	0	0	0	0	0	0	0	0	0	54	0	
2	1352	-1.123772	-0.000201751	3046.629	-0.001525902	5	5	-1.125387	0	0	0	0	0	0	0	0	0	0	0	0	0	54	0	
2	1353	-1.123465	-0.000200954	3047.629	-0.001525902	5	5	-1.124887	0	0	0	0	0	0	0	0	0	0	0	0	0	54	0	
2	1354	-1.122852	-0.000200341	3048.629	-0.001525902	5	5	-1.124387	0	0	0	0	0	0	0	0	0	0	0	0	0	54	0	
2	1355	-1.122238	-0.00019942	3049.629	-0.001525902	5	5	-1.123887	0	0	0	0	0	0	0	0	0	0	0	0	0	54	0	
2	1356	-1.121932	-0.000199175	3050.629	-0.001525902	5	5	-1.123387	0	0	0	0	0	0	0	0	0	0	0	0	0	54	0	
2	1357	-1.121318	-0.000198316	3051.629	-0.001525902	5	5	-1.122887	0	0	0	0	0	0	0	0	0	0	0	0	0	54	0	
2	1358	-1.121011	-0.000197519	3052.629	-0.001525902	5	5	-1.122387	0	0	0	0	0	0	0	0	0	0	0	0	0	54	0	
2	1359	-1.120398	-0.000196905	3053.629	-0.001525902	5	5	-1.121887	0	0	0	0	0	0	0	0	0	0	0	0	0	54	0	
2	1360	-1.119785	-0.000196169	3054.629	-0.001525902	5	5	-1.121387	0	0	0	0	0	0	0	0	0	0	0	0	0	54	0	
2	1361	-1.119478	-0.000195433	3055.629	-0.001525902	5	5	-1.120887	0	0	0	0	0	0	0	0	0	0	0	0	0	54	0	
2	1362	-1.118865	-0.000194574	3056.629	-0.001525902	5	5	-1.120387	0	0	0	0	0	0	0	0	0	0	0	0	0	54	0	
2	1363	-1.118558	-0.0001939	3057.629	-0.001525902	5	5	-1.119887	0	0	0	0	0	0	0	0	0	0	0	0	0	54	0	
2	1364	-1.117944	-0.000193409	3058.629	-0.001525902	5	5	-1.119387	0	0	0	0	0	0	0	0	0	0	0	0	0	54	0	
2	1365	-1.117331	-0.000192796	3059.629	-0.001525902	5	5	-1.118887	0	0	0	0	0	0	0	0	0	0	0	0	0	54	0	
2	1366	-1.117024	-0.00019206	3060.629	-0.001525902	5	5	-1.118387	0	0	0	0	0	0	0	0	0	0	0	0	0	54	0	
2	1367	-1.116411	-0.000191323	3061.629	-0.001525902	5	5	-1.117887	0	0	0	0	0	0	0	0	0	0	0	0	0	54	0	
2	1368	-1.115798	-0.000190833	3062.629	-0.001525902	5	5	-1.117387	0	0	0	0	0	0	0	0	0	0	0	0	0	54	0	
2	1369	-1.115491	-0.000190219	3063.629	-0.001525902	5	5	-1.116887	0	0	0	0	0	0	0	0	0	0	0	0	0	54	0	
2	1370	-1.114877	-0.000189974	3064.629	-0.001525902	5	5	-1.116387	0	0	0	0	0	0	0	0	0	0	0	0	0	54	0	
2	1371	-1.114264	-0.000189483	3065.629	-0.001525902	5	5	-1.115887	0	0	0	0	0	0	0	0	0	0	0	0	0	54	0	
2	1372	-1.113957	-0.000189054	3066.629	-0.001525902	5	5	-1.115387	0	0	0	0	0	0	0	0	0	0	0	0	0	54	0	
2	1373	-1.113344	-0.00018844	3067.629	-0.001525902	5	5	-1.114887	0	0	0	0	0	0	0	0	0	0	0	0	0	54	0	
2	1374	-1.11273	-0.000187827	3068.629	-0.001525902	5	5	-1.114387	0	0	0	0	0	0	0	0	0	0	0	0	0	54	0	
2	1375	-1.112424	-0.000187336	3069.629	-0.001525902	5	5	-1.113887	0	0	0	0	0	0	0	0	0	0	0	0	0	54	0	
2	1376	-1.11181	-0.000186784	3070.629	-0.001525902	5	5	-1.113387	0	0	0	0	0	0	0	0	0	0	0	0	0	54	0	
2	1377	-1.111504	-0.000186232	3071.629	-0.001525902	5	5	-1.112887	0	0	0	0	0	0	0	0	0	0	0	0	0	54	0	
2	1378	-1.11089	-0.00018568	3072.629	-0.001525902	5	5	-1.112387	0	0	0	0	0	0	0	0	0	0	0	0	0	54	0	
2	1379	-1.110583	-0.000185312	3073.629	-0.001525902	5	5	-1.111887	0	0	0	0	0	0	0	0	0	0	0	0	0	54	0	
2	1380	-1.10997	-0.000184944	3074.629	-0.001525902	5	5	-1.111387	0	0	0	0	0	0	0	0	0	0	0	0	0	54	0	
2	1381	-1.109357	-0.000184392	3075.629	-0.001525902	5	5	-1.110887	0	0	0	0	0	0	0	0	0	0	0	0	0	54	0	
2	1382	-1.10905	-0.000183962	3076.629	-0.001525902	5	5	-1.110387	0	0	0	0	0	0	0	0	0	0	0	0	0	54	0	
2	1383	-1.108437	-0.00018341	3077.629	-0.001525902	5	5	-1.109887	0	0	0	0	0	0	0	0	0	0	0	0	0	54	0	
2	1384	-1.107823	-0.000183104	3078.629	-0.001525902	5	5	-1.109387	0	0	0	0	0	0	0	0	0	0	0	0	0	54	0	
2	1385	-1.107516	-0.000183165	3079.629	-0.001525902	5	5	-1.108887	0	0	0	0	0	0	0	0	0	0	0	0	0	54	0	
2	1386	-1.106903	-0.000182736	3080.629	-0.001525902	5	5	-1.108387	0	0	0	0	0	0	0	0	0	0	0	0	0	54	0	
2	1387	-1.10629	-0.000182306	3081.629	-0.001525902	5	5	-1.107887	0	0	0	0	0	0	0	0	0	0	0	0	0	54	0	
2	1388	-1.105983	-0.000181816	3082.629	-0.001525902	5	5	-1.107387	0	0	0	0	0	0	0	0	0	0	0	0	0	54	0	
2	1389	-1.105369	-0.000181386	3083.629	-0.001525902	5	5	-1.106887	0	0	0	0	0	0	0	0	0	0	0	0	0	54	0	
2	1390	-1.105063	-0.000181018	3084.629	-0.001525902	5	5	-1.106387	0	0	0	0	0	0	0	0	0	0	0	0	0	54	0	
2	1391	-1.104449	-0.000180527	3085.629	-0.001525902	5	5	-1.105887	0	0	0	0	0	0	0	0	0	0	0	0	0	54	0	
2	1392	-1.103836	-0.000179975	3086.629	-0.001525902	5	5	-1.105387	0	0	0	0	0	0	0	0	0	0	0	0	0	54	0	
2	1393	-1.103529	-0.000179239	3087.629	-0.001525902	5	5	-1.104887	0	0	0	0	0	0	0	0	0	0	0	0	0	54	0	
2	1394	-1.102916	-0.000178748	3088.629	-0.001525902	5	5	-1.104387	0	0	0	0	0	0	0	0	0	0	0	0	0	54	0	
2	1395	-1.102302	-0.000178258	3089.629	-0.001525902	5	5	-1.103887	0	0	0	0	0	0	0	0	0	0	0	0	0	54	0	
2	1396	-1.101996	-0.000177828	3090.629	-0.001525902	5	5	-1.103387	0	0	0	0	0	0	0	0	0	0	0	0	0	54	0	
2	1397	-1.101382	-0.000177399	3091.629	-0.001525902	5	5	-1.102887	0	0	0	0	0	0	0	0	0	0	0	0	0	54	0	
2	1398	-1.100769	-0.000176908	3092.629	-0.001525902	5	5	-1.102387	0	0	0	0	0	0	0	0	0	0	0	0	0	54	0	
2	1399	-1.100462	-0.000176295	3093.629	-0.001525902	5	5	-1.101887	0	0	0	0	0	0	0	0	0	0	0	0	0	54	0	
2	1400	-1.099849	-0.000175804	3094.629	-0.001525902	5	5	-1.101387	0	0	0	0	0	0	0	0	0	0	0	0	0	54	0	
2	1401	-1.099235	-0.000175804	3095.629	-0.001525902	5	5	-1.100887	0	0	0	0	0	0	0	0	0	0	0	0	0	54	0	
2	1402	-1.098929	-0.000175436	3096.629	-0.001525902	5	5	-1.100387	0	0	0	0	0	0	0	0	0	0	0	0	0	54	0	
2	1403	-1.098315	-0.000174945	3097.629	-0.001525902	5	5	-1.099887	0	0	0	0	0	0	0	0	0	0	0	0	0	54	0	
2	1404	-1.098009	-0.000174516	3098.629	-0.001525902	5	5	-1.099387	0	0	0	0	0	0	0	0	0	0	0	0	0	54	0	
2	1405	-1.097395	-0.000174025	3099.629	-0.001525902	5	5	-1.098887	0	0	0	0	0	0	0	0	0	0	0	0	0	54	0	
2	1406	-1.096782	-0.000173534	3100.629	-0.001525902	5	5	-1.098387	0	0	0	0	0	0	0	0	0	0	0	0	0	54	0	
2	1407	-1.096475	-0.000173044	3101.629	-0.001525902	5	5	-1.097887	0	0	0	0	0	0	0	0	0	0	0	0	0	54	0	
2	1408	-1.095862	-0.000172614	3102.629	-0.001525902	5	5	-1.097387	0	0	0	0	0	0	0	0	0	0	0	0	0	54	0	
2	1409	-1.095248	-0.000172062	3103.629	-0.001525902	5	5	-1.096887	0	0	0	0	0	0	0	0	0	0	0	0	0	54	0	
2	1410	-1.094941	-0.000171633	3104.629	-0.001525902	5	5	-1.096387	0	0	0	0	0	0	0	0	0	0	0	0	0	54	0	
2	1411	-1.094328	-0.000171265	3105.629	-0.001525902	5	5	-1.095887	0	0	0	0	0	0	0	0	0	0	0	0	0	54	0	
2	1412	-1.093715	-0.000170835	3106.629	-0.001525902	5	5	-1.095387	0	0	0	0	0	0	0	0	-866.0209	0	0	0	0	54	0	
2	1413	-1.093408	-0.000170774	3107.629	-0.001525902	5	5	-1.094887	0	0	0	0	0	0	0	0	0	0	0	0	0	54	0	
2	1414	-1.092795	-0.000170406	3108.629	-0.001525902	5	5	-1.094387	0	0	0	0	0	0	0	0	0	0	0	0	0	54	0	
2	1415	-1.092181	-0.000169854	3109.629	-0.001525902	5	5	-1.093887	0	0	0	0	0	0	0	0	0	0	0	0	0	54	0	
2	1416	-1.091874	-0.000169425	3110.629	-0.001525902	5	5	-1.093387	0	0	0	0	0	0	0	0	0	0	0	0	0	54	0	
2	1417	-1.091261	-0.000169057	3111.629	-0.001525902	5	5	-1.092887	0	0	0	0	0	0	0	0	0	0	0	0	0	54	0	
2	1418	-1.090954	-0.000168627	3112.629	-0.001525902	5	5	-1.092387	0	0	0	0	0	0	0	0	0	0	0	0	0	54	0	
2	1419	-1.090341	-0.000168688	3113.629	-0.001525902	5	5	-1.091887	0	0	0	0	0	0	0	0	0	0	0	0	0	54	0	
2	1420	-1.090034	-0.000168198	3114.629	-0.001525902	5	5	-1.091387	0	0	0	0	0	0	0	0	0	0	0	0	0	54	0	
2	1421	-1.089421	-0.00016783	3115.629	-0.001525902	5	5	-1.090887	0	0	0	0	0	0	0	0	0	0	0	0	0	54	0	
2	1422	-1.088807	-0.0001674	3116.629	-0.001525902	5	5	-1.090387	0	0	0	0	0	0	0	0	0	0	0	0	0	54	0	
2	1423	-1.088501	-0.00016691	3117.629	-0.001525902	5	5	-1.089887	0	0	0	0	0	0	0	0	0	0	0	0	0	54	0	
2	1424	-1.087887	-0.00016648	3118.629	-0.001525902	5	5	-1.089387	0	0	0	0	0	0	0	0	0	0	0	0	0	54	0	
2	1425	-1.087274	-0.000165928	3119.629	-0.001525902	5	5	-1.088887	0	0	0	0	0	0	0	0	0	0	0	0	0	54	0	
2	1426	-1.086967	-0.000165437	3120.629	-0.001525902	5	5	-1.088387	0	0	0	0	0	0	0	0	0	0	0	0	0	54	0	
2	1427	-1.086354	-0.000165008	3121.629	-0.001525902	5	5	-1.087887	0	0	0	0	0	0	0	0	0	0	0	0	0	54	0	
2	1428	-1.08574	-0.000164395	3122.629	-0.001525902	5	5	-1.087387	0	0	0	0	0	0	0	0	0	0	0	0	0	54	0	
2	1429	-1.085434	-0.000163965	3123.629	-0.001525902	5	5	-1.086887	0	0	0	0	0	0	0	0	0	0	0	0	0	54	0	
2	1430	-1.085127	-0.000163597	3124.629	-0.001525902	5	5	-1.086387	0	0	0	0	0	0	0	0	0	0	0	0	0	54	0	
2	1431	-1.084513	-0.000163781	3125.629	-0.001525902	5	5	-1.085887	0	0	0	0	0	0	0	0	0	0	0	0	0	54	0	
2	1432	-1.0839	-0.000164333	3126.629	-0.001525902	5	5	-1.085387	0	0	0	0	0	0	0	0	0	0	0	0	0	54	0	
2	1433	-1.083287	-0.000163536	3127.629	-0.001525902	5	5	-1.084887	0	0	0	0	0	0	0	0	0	0	0	0	0	54	0	
2	1434	-1.08298	-0.000162984	3128.629	-0.001525902	5	5	-1.084387	0	0	0	0	0	0	0	0	0	0	0	0	0	54	0	
2	1435	-1.082366	-0.000162554	3129.629	-0.001525902	5	5	-1.083887	0	0	0	0	0	0	0	0	0	0	0	0	0	54	0	
2	1436	-1.081753	-0.000161941	3130.629	-0.001525902	5	5	-1.083387	0	0	0	0	0	0	0	0	0	0	0	0	0	54	0	
2	1437	-1.081446	-0.000161634	3131.629	-0.001525902	5	5	-1.082887	0	0	0	0	0	0	0	0	0	0	0	0	0	54	0	
2	1438	-1.080833	-0.000161205	3132.629	-0.001525902	5	5	-1.082387	0	0	0	0	0	0	0	0	0	0	0	0	0	54	0	
2	1439	-1.080526	-0.000160714	3133.629	-0.001525902	5	5	-1.081887	0	0	0	0	0	0	0	0	0	0	0	0	0	54	0	
2	1440	-1.079913	-0.000160346	3134.629	-0.001525902	5	5	-1.081387	0	0	0	0	0	0	0	0	0	0	0	0	0	54	0	
2	1441	-1.079299	-0.000159978	3135.629	-0.001525902	5	5	-1.080887	0	0	0	0	0	0	0	0	0	0	0	0	0	54	0	
2	1442	-1.078993	-0.000159549	3136.629	-0.001525902	5	5	-1.080387	0	0	0	0	0	0	0	0	0	0	0	0	0	54	0	
2	1443	-1.078379	-0.000159119	3137.629	-0.001525902	5	5	-1.079887	0	0	0	0	0	0	0	0	0	0	0	0	0	54	0	
2	1444	-1.077766	-0.00015869	3138.629	-0.001525902	5	5	-1.079387	0	0	0	0	0	0	0	0	0	0	0	0	0	54	0	
2	1445	-1.077459	-0.000158322	3139.629	-0.001525902	5	5	-1.078887	0	0	0	0	0	0	0	0	0	0	0	0	0	54	0	
2	1446	-1.076846	-0.000157831	3140.629	-0.001525902	5	5	-1.078387	0	0	0	0	0	0	0	0	0	0	0	0	0	54	0	
2	1447	-1.076232	-0.00015777	3141.629	-0.001525902	5	5	-1.077887	0	0	0	0	0	0	0	0	0	0	0	0	0	54	0	
2	1448	-1.075926	-0.000157402	3142.629	-0.001525902	5	5	-1.077387	0	0	0	0	0	0	0	0	0	0	0	0	0	54	0	
2	1449	-1.075312	-0.000156972	3143.629	-0.001525902	5	5	-1.076887	0	0	0	0	0	0	0	0	0	0	0	0	0	54	0	
2	1450	-1.075006	-0.000156482	3144.629	-0.001525902	5	5	-1.076387	0	0	0	0	0	0	0	0	0	0	0	0	0	54	0	
2	1451	-1.074392	-0.000156175	3145.629	-0.001525902	5	5	-1.075887	0	0	0	0	0	0	0	0	0	0	0	0	0	54	0	
2	1452	-1.073779	-0.000155745	3146.629	-0.001525902	5	5	-1.075387	0	0	0	0	0	0	0	0	0	0	0	0	0	54	0	
2	1453	-1.073472	-0.000155377	3147.629	-0.001525902	5	5	-1.074887	0	0	0	0	0	0	0	0	0	0	0	0	0	54	0	
2	1454	-1.072859	-0.000154948	3148.629	-0.001525902	5	5	-1.074387	0	0	0	0	0	0	0	0	0	0	0	0	0	54	0	
2	1455	-1.072552	-0.00015458	3149.629	-0.001525902	5	5	-1.073887	0	0	0	0	0	0	0	0	0	0	0	0	0	54	0	
2	1456	-1.071939	-0.000154151	3150.629	-0.001525902	5	5	-1.073387	0	0	0	0	0	0	0	0	0	0	0	0	0	54	0	
2	1457	-1.071325	-0.000153844	3151.629	-0.001525902	5	5	-1.072887	0	0	0	0	0	0	0	0	0	0	0	0	0	54	0	
2	1458	-1.071018	-0.000153292	3152.629	-0.001525902	5	5	-1.072387	0	0	0	0	0	0	0	0	0	0	0	0	0	54	0	
2	1459	-1.070405	-0.000152924	3153.629	-0.001525902	5	5	-1.071887	0	0	0	0	0	0	0	0	0	0	0	0	0	54	0	
2	1460	-1.069792	-0.000152494	3154.629	-0.001525902	5	5	-1.071387	0	0	0	0	0	0	0	0	0	0	0	0	0	54	0	
2	1461	-1.069485	-0.000152126	3155.629	-0.001525902	5	5	-1.070887	0	0	0	0	0	0	0	0	0	0	0	0	0	54	0	
2	1462	-1.068871	-0.000151758	3156.629	-0.001525902	5	5	-1.070387	0	0	0	0	0	0	0	0	0	0	0	0	0	54	0	
2	1463	-1.068565	-0.00015139	3157.629	-0.001525902	5	5	-1.069887	0	0	0	0	0	0	0	0	0	0	0	0	0	54	0	
2	1464	-1.067951	-0.000151084	3158.629	-0.001525902	5	5	-1.069387	0	0	0	0	0	0	0	0	0	0	0	0	0	54	0	
2	1465	-1.067338	-0.000150838	3159.629	-0.001525902	5	5	-1.068887	0	0	0	0	0	0	0	0	0	0	0	0	0	54	0	
2	1466	-1.067031	-0.00015047	3160.629	-0.001525902	5	5	-1.068387	0	0	0	0	0	0	0	0	0	0	0	0	0	54	0	
2	1467	-1.066418	-0.000150102	3161.629	-0.001525902	5	5	-1.067887	0	0	0	0	0	0	0	0	0	0	0	0	0	54	0	
2	1468	-1.065804	-0.000149795	3162.629	-0.001525902	5	5	-1.067387	0	0	0	0	0	0	0	0	0	0	0	0	0	54	0	
2	1469	-1.065498	-0.000149427	3163.629	-0.001525902	5	5	-1.066887	0	0	0	0	0	0	0	0	0	0	0	0	0	54	0	
2	1470	-1.064884	-0.000149121	3164.629	-0.001525902	5	5	-1.066387	0	0	0	0	0	0	0	0	0	0	0	0	0	54	0	
2	1471	-1.064578	-0.000148753	3165.629	-0.001525902	5	5	-1.065887	0	0	0	0	0	0	0	0	0	0	0	0	0	54	0	
2	1472	-1.063964	-0.000148446	3166.629	-0.001525902	5	5	-1.065387	0	0	0	0	0	0	0	0	0	0	0	0	0	54	0	
2	1473	-1.063351	-0.000148139	3167.629	-0.001525902	5	5	-1.064887	0	0	0	0	0	0	0	0	0	0	0	0	0	54	0	
2	1474	-1.063044	-0.0001482	3168.629	-0.001525902	5	5	-1.064387	0	0	0	0	0	0	0	0	0	0	0	0	0	54	0	
2	1475	-1.062431	-0.000147894	3169.629	-0.001525902	5	5	-1.063887	0	0	0	0	0	0	0	0	0	0	0	0	0	54	0	
2	1476	-1.061817	-0.000147526	3170.629	-0.001525902	5	5	-1.063387	0	0	0	0	0	0	0	0	0	0	0	0	0	54	0	
2	1477	-1.06151	-0.000147219	3171.629	-0.001525902	5	5	-1.062887	0	0	0	0	0	0	0	0	0	0	0	0	0	54	0	
2	1478	-1.060897	-0.000146974	3172.629	-0.001525902	5	5	-1.062387	0	0	0	0	0	0	0	0	0	0	0	0	0	54	0	
2	1479	-1.060284	-0.000146606	3173.629	-0.001525902	5	5	-1.061887	0	0	0	0	0	0	0	0	0	0	0	0	0	54	0	
2	1480	-1.059977	-0.000146299	3174.629	-0.001525902	5	5	-1.061387	0	0	0	0	0	0	0	0	0	0	0	0	0	54	0	
2	1481	-1.059363	-0.000146054	3175.629	-0.001525902	5	5	-1.060887	0	0	0	0	0	0	0	0	0	0	0	0	0	54	0	
2	1482	-1.05875	-0.000145686	3176.629	-0.001525902	5	5	-1.060387	0	0	0	0	0	0	0	0	0	0	0	0	0	54	0	
2	1483	-1.058443	-0.000145379	3177.629	-0.001525902	5	5	-1.059887	0	0	0	0	0	0	0	0	0	0	0	0	0	54	0	
2	1484	-1.05783	-0.000145072	3178.629	-0.001525902	5	5	-1.059387	0	0	0	0	0	0	0	0	0	0	0	0	0	54	0	
2	1485	-1.057523	-0.000144643	3179.629	-0.001525902	5	5	-1.058887	0	0	0	0	0	0	0	0	0	0	0	0	0	54	0	
2	1486	-1.05691	-0.000144275	3180.629	-0.001525902	5	5	-1.058387	0	0	0	0	0	0	0	0	0	0	0	0	0	54	0	
2	1487	-1.056603	-0.000144029	3181.629	-0.001525902	5	5	-1.057887	0	0	0	0	0	0	0	0	0	0	0	0	0	54	0	
2	1488	-1.05599	-0.000143539	3182.629	-0.001525902	5	5	-1.057387	0	0	0	0	0	0	0	0	0	0	0	0	0	54	0	
2	1489	-1.055376	-0.000143232	3183.629	-0.001525902	5	5	-1.056887	0	0	0	0	0	0	0	0	0	0	0	0	0	54	0	
2	1490	-1.054763	-0.000142925	3184.629	-0.001525902	5	5	-1.056387	0	0	0	0	0	0	0	0	0	0	0	0	0	54	0	
2	1491	-1.054456	-0.00014268	3185.629	-0.001525902	5	5	-1.055887	0	0	0	0	0	0	0	0	0	0	0	0	0	54	0	
2	1492	-1.053843	-0.000142373	3186.629	-0.001525902	5	5	-1.055387	0	0	0	0	0	0	0	0	0	0	0	0	0	54	0	
2	1493	-1.053536	-0.000142005	3187.629	-0.001525902	5	5	-1.054887	0	0	0	0	0	0	0	0	0	0	0	0	0	54	0	
2	1494	-1.052923	-0.00014176	3188.629	-0.001525902	5	5	-1.054387	0	0	0	0	0	0	0	0	0	0	0	0	0	54	0	
2	1495	-1.052309	-0.000141514	3189.629	-0.001525902	5	5	-1.053887	0	0	0	0	0	0	0	0	0	0	0	0	0	54	0	
2	1496	-1.052003	-0.000141208	3190.629	-0.001525902	5	5	-1.053387	0	0	0	0	0	0	0	0	0	0	0	0	0	54	0	
2	1497	-1.051389	-0.000140901	3191.629	-0.001525902	5	5	-1.052887	0	0	0	0	0	0	0	0	0	0	0	0	0	54	0	
2	1498	-1.050776	-0.000140656	3192.629	-0.001525902	5	5	-1.052387	0	0	0	0	0	0	0	0	0	0	0	0	0	54	0	
2	1499	-1.050469	-0.00014041	3193.629	-0.001525902	5	5	-1.051887	0	0	0	0	0	0	0	0	0	0	0	0	0	54	0	
2	1500	-1.049856	-0.000140103	3194.629	-0.001525902	5	5	-1.051387	0	0	0	0	0	0	0	0	0	0	0	0	0	54	0	
2	1501	-1.049549	-0.000139693	3195.629	-0.001525902	6	6	-1.050887	0	0	0	0	0	0	0	0	0	0	0	0	0	54	0	
2	1502	-1.048936	-0.000139361	3196.629	-0.001525902	6	6	-1.050387	0	0	0	0	0	0	0	0	0	0	0	0	0	54	0	
2	1503	-1.048322	-0.000138999	3197.629	-0.001525902	6	6	-1.049887	0	0	0	0	0	0	0	0	0	0	0	0	0	54	0	
2	1504	-1.048015	-0.000138828	3198.629	-0.001525902	6	6	-1.049387	0	0	0	0	0	0	0	0	0	0	0	0	0	54	0	
2	1505	-1.047402	-0.000138521	3199.629	-0.001525902	6	6	-1.048887	0	0	0	0	0	0	0	0	0	0	0	0	0	54	0	
2	1506	-1.046789	-0.000138233	3200.629	-0.001525902	6	6	-1.048387	0	0	0	0	0	0	0	0	0	0	0	0	0	54	0	
2	1507	-1.046482	-0.000137957	3201.629	-0.001525902	6	6	-1.047887	0	0	0	0	0	0	0	0	0	0	0	0	0	54	0	
2	1508	-1.045868	-0.00013795	3202.629	-0.001525902	6	6	-1.047387	0	0	0	0	0	0	0	0	0	0	0	0	0	54	0	
2	1509	-1.045562	-0.000137742	3203.629	-0.001525902	6	6	-1.046887	0	0	0	0	0	0	0	0	0	0	0	0	0	54	0	
2	1510	-1.044948	-0.000137858	3204.629	-0.001525902	6	6	-1.046387	0	0	0	0	0	0	0	0	0	0	0	0	0	54	0	
2	1511	-1.044335	-0.000137938	3205.629	-0.001525902	6	6	-1.045887	0	0	0	0	0	0	0	0	0	0	0	0	0	54	0	
2	1512	-1.044028	-0.000137711	3206.629	-0.001525902	6	6	-1.045387	0	0	0	0	0	0	0	0	0	0	0	0	0	54	0	
2	1513	-1.043415	-0.000137901	3207.629	-0.001525902	6	6	-1.044887	0	0	0	0	0	0	0	0	0	0	0	0	0	54	0	
2	1514	-1.042801	-0.000137607	3208.629	-0.001525902	6	6	-1.044387	0	0	0	0	0	0	0	0	0	0	0	0	0	54	0	
2	1515	-1.042495	-0.000137233	3209.629	-0.001525902	6	6	-1.043887	0	0	0	0	0	0	0	0	0	0	0	0	0	54	0	
2	1516	-1.041881	-0.000136901	3210.629	-0.001525902	6	6	-1.043387	0	0	0	0	0	0	0	0	0	0	0	0	0	54	0	
2	1517	-1.041268	-0.000136595	3211.629	-0.001525902	6	6	-1.042887	0	0	0	0	0	0	0	0	0	0	0	0	0	54	0	
2	1518	-1.040961	-0.00013627	3212.629	-0.001525902	6	6	-1.042387	0	0	0	0	0	0	0	0	0	0	0	0	0	54	0	
2	1519	-1.040348	-0.00013592	3213.629	-0.001525902	6	6	-1.041887	0	0	0	0	0	0	0	0	0	0	0	0	0	54	0	
2	1520	-1.040041	-0.000135619	3214.629	-0.001525902	6	6	-1.041387	0	0	0	0	0	0	0	0	0	0	0	0	0	54	0	
2	1521	-1.039428	-0.000135307	3215.629	-0.001525902	6	6	-1.040887	0	0	0	0	0	0	0	0	0	0	0	0	0	54	0	
2	1522	-1.038814	-0.000134994	3216.629	-0.001525902	6	6	-1.040387	0	0	0	0	0	0	0	0	0	0	0	0	0	54	0	
2	1523	-1.038507	-0.000134681	3217.629	-0.001525902	6	6	-1.039887	0	0	0	0	0	0	0	0	0	0	0	0	0	54	0	
2	1524	-1.037894	-0.000134386	3218.629	-0.001525902	6	6	-1.039387	0	0	0	0	0	0	0	0	0	0	0	0	0	54	0	
2	1525	-1.037281	-0.000134117	3219.629	-0.001525902	6	6	-1.038887	0	0	0	0	0	0	0	0	0	0	0	0	0	54	0	
2	1526	-1.036974	-0.000133847	3220.629	-0.001525902	6	6	-1.038387	0	0	0	0	0	0	0	0	0	0	0	0	0	54	0	
2	1527	-1.036667	-0.000133571	3221.629	-0.001525902	6	6	-1.037887	0	0	0	0	0	0	0	0	0	0	0	0	0	54	0	
2	1528	-1.036054	-0.00013327	3222.629	-0.001525902	6	6	-1.037387	0	0	0	0	0	0	0	0	0	0	0	0	0	54	0	
2	1529	-1.03544	-0.000132982	3223.629	-0.001525902	6	6	-1.036887	0	0	0	0	0	0	0	0	0	0	0	0	0	54	0	
2	1530	-1.034827	-0.000132712	3224.629	-0.001525902	6	6	-1.036387	0	0	0	0	0	0	0	0	0	0	0	0	0	54	0	
2	1531	-1.03452	-0.00013243	3225.629	-0.001525902	6	6	-1.035887	0	0	0	0	0	0	0	0	0	0	0	0	0	54	0	
2	1532	-1.033907	-0.000132154	3226.629	-0.001525902	6	6	-1.035387	0	0	0	0	0	0	0	0	0	0	0	0	0	54	0	
2	1533	-1.0336	-0.000131902	3227.629	-0.001525902	6	6	-1.034887	0	0	0	0	0	0	0	0	0	0	0	0	0	54	0	
2	1534	-1.032987	-0.000131632	3228.629	-0.001525902	6	6	-1.034387	0	0	0	0	0	0	0	0	0	0	0	0	0	54	0	
2	1535	-1.032373	-0.000131191	3229.629	-0.001525902	6	6	-1.033887	0	0	0	0	0	0	0	0	0	0	0	0	0	54	0	
2	1536	-1.032067	-0.000130927	3230.629	-0.001525902	6	6	-1.033387	0	0	0	0	0	0	0	0	0	0	0	0	0	54	0	
2	1537	-1.031453	-0.000130651	3231.629	-0.001525902	6	6	-1.032887	0	0	0	0	0	0	0	0	0	0	0	0	0	54	0	
2	1538	-1.03084	-0.000130363	3232.629	-0.001525902	6	6	-1.032387	0	0	0	0	0	0	0	0	0	0	0	0	0	54	0	
2	1539	-1.030533	-0.00013024	3233.629	-0.001525902	6	6	-1.031887	0	0	0	0	0	0	0	0	0	0	0	0	0	54	0	
2	1540	-1.02992	-0.000129994	3234.629	-0.001525902	6	6	-1.031387	0	0	0	0	0	0	0	0	0	0	0	0	0	54	0	
2	1541	-1.029613	-0.000129749	3235.629	-0.001525902	6	6	-1.030887	0	0	0	0	0	0	0	0	0	0	0	0	0	54	0	
2	1542	-1.029	-0.000129504	3236.629	-0.001525902	6	6	-1.030387	0	0	0	0	0	0	0	0	0	0	0	0	0	54	0	
2	1543	-1.028386	-0.000129228	3237.629	-0.001525902	6	6	-1.029887	0	0	0	0	0	0	0	0	0	0	0	0	0	54	0	
2	1544	-1.02808	-0.00012897	3238.629	-0.001525902	6	6	-1.029387	0	0	0	0	0	0	0	0	0	0	0	0	0	54	0	
2	1545	-1.027466	-0.000128725	3239.629	-0.001525902	6	6	-1.028887	0	0	0	0	0	0	0	0	0	0	0	0	0	54	0	
2	1546	-1.026853	-0.000128492	3240.629	-0.001525902	6	6	-1.028387	0	0	0	0	0	0	0	0	0	0	0	0	0	54	0	
2	1547	-1.026546	-0.000128277	3241.629	-0.001525902	6	6	-1.027887	0	0	0	0	0	0	0	0	0	0	0	0	0	54	0	
2	1548	-1.025933	-0.000128074	3242.629	-0.001525902	6	6	-1.027387	0	0	0	0	0	0	0	0	0	0	0	0	0	54	0	
2	1549	-1.025319	-0.000127829	3243.629	-0.001525902	6	6	-1.026887	0	0	0	0	0	0	0	0	0	0	0	0	0	54	0	
2	1550	-1.025012	-0.000127614	3244.629	-0.001525902	6	6	-1.026387	0	0	0	0	0	0	0	0	0	0	0	0	0	54	0	
2	1551	-1.024399	-0.000127455	3245.629	-0.001525902	6	6	-1.025887	0	0	0	0	0	0	0	0	0	0	0	0	0	54	0	
2	1552	-1.024092	-0.000127253	3246.629	-0.001525902	6	6	-1.025387	0	0	0	0	0	0	0	0	0	0	0	0	0	54	0	
2	1553	-1.023479	-0.000127026	3247.629	-0.001525902	6	6	-1.024887	0	0	0	0	0	0	0	0	0	0	0	0	0	54	0	
2	1554	-1.022865	-0.000126786	3248.629	-0.001525902	6	6	-1.024387	0	0	0	0	0	0	0	0	0	0	0	0	0	54	0	
2	1555	-1.022559	-0.000126572	3249.629	-0.001525902	6	6	-1.023887	0	0	0	0	0	0	0	0	0	0	0	0	0	54	0	
2	1556	-1.021945	-0.000126345	3250.629	-0.001525902	6	6	-1.023387	0	0	0	0	0	0	0	0	0	0	0	0	0	54	0	
2	1557	-1.021639	-0.000126161	3251.629	-0.001525902	6	6	-1.022887	0	0	0	0	0	0	0	0	0	0	0	0	0	54	0	
2	1558	-1.021025	-0.000125952	3252.629	-0.001525902	6	6	-1.022387	0	0	0	0	0	0	0	0	0	0	0	0	0	54	0	
2	1559	-1.020719	-0.000125737	3253.629	-0.001525902	6	6	-1.021887	0	0	0	0	0	0	0	0	0	0	0	0	0	54	0	
2	1560	-1.020105	-0.000125504	3254.629	-0.001525902	6	6	-1.021387	0	0	0	0	0	0	0	0	0	0	0	0	0	54	0	
2	1561	-1.019492	-0.00012529	3255.629	-0.001525902	6	6	-1.020887	0	0	0	0	0	0	0	0	0	0	0	0	0	54	0	
2	1562	-1.019185	-0.000125069	3256.629	-0.001525902	6	6	-1.020387	0	0	0	0	0	0	0	0	0	0	0	0	0	54	0	
2	1563	-1.018572	-0.000124909	3257.629	-0.001525902	6	6	-1.019887	0	0	0	0	0	0	0	0	0	0	0	0	0	54	0	
2	1564	-1.018265	-0.000124664	3258.629	-0.001525902	6	6	-1.019387	0	0	0	0	0	0	0	0	0	0	0	0	0	54	0	
2	1565	-1.017651	-0.000124437	3259.629	-0.001525902	6	6	-1.018887	0	0	0	0	0	0	0	0	0	0	0	0	0	54	0	
2	1566	-1.017038	-0.000124235	3260.629	-0.001525902	6	6	-1.018387	0	0	0	0	0	0	0	0	0	0	0	0	0	54	0	
2	1567	-1.016731	-0.000124063	3261.629	-0.001525902	6	6	-1.017887	0	0	0	0	0	0	0	0	0	0	0	0	0	54	0	
2	1568	-1.016118	-0.000123897	3262.629	-0.001525902	6	6	-1.017387	0	0	0	0	0	0	0	0	0	0	0	0	0	54	0	
2	1569	-1.015811	-0.000123732	3263.629	-0.001525902	6	6	-1.016887	0	0	0	0	0	0	0	0	0	0	0	0	0	54	0	
2	1570	-1.015198	-0.00012356	3264.629	-0.001525902	6	6	-1.016387	0	0	0	0	0	0	0	0	0	0	0	0	0	54	0	
2	1571	-1.014584	-0.000123388	3265.629	-0.001525902	6	6	-1.015887	0	0	0	0	0	0	0	0	0	0	0	0	0	54	0	
2	1572	-1.014278	-0.000123173	3266.629	-0.001525902	6	6	-1.015387	0	0	0	0	0	0	0	0	0	0	0	0	0	54	0	
2	1573	-1.013664	-0.000122971	3267.629	-0.001525902	6	6	-1.014887	0	0	0	0	0	0	0	0	0	0	0	0	0	54	0	
2	1574	-1.013051	-0.000122775	3268.629	-0.001525902	6	6	-1.014387	0	0	0	0	0	0	0	0	0	0	0	0	0	54	0	
2	1575	-1.012744	-0.000122584	3269.629	-0.001525902	6	6	-1.013887	0	0	0	0	0	0	0	0	0	0	0	0	0	54	0	
2	1576	-1.012131	-0.0001224	3270.629	-0.001525902	6	6	-1.013387	0	0	0	0	0	0	0	0	0	0	0	0	0	54	0	
2	1577	-1.011517	-0.000122223	3271.629	-0.001525902	6	6	-1.012887	0	0	0	0	0	0	0	0	0	0	0	0	0	54	0	
2	1578	-1.011211	-0.000122057	3272.629	-0.001525902	6	6	-1.012387	0	0	0	0	0	0	0	0	0	0	0	0	0	54	0	
2	1579	-1.010597	-0.000121867	3273.629	-0.001525902	6	6	-1.011887	0	0	0	0	0	0	0	0	0	0	0	0	0	54	0	
2	1580	-1.010291	-0.000121689	3274.629	-0.001525902	6	6	-1.011387	0	0	0	0	0	0	0	0	0	0	0	0	0	54	0	
2	1581	-1.009677	-0.000121529	3275.629	-0.001525902	6	6	-1.010887	0	0	0	0	0	0	0	0	0	0	0	0	0	54	0	
2	1582	-1.00937	-0.000121689	3276.629	-0.001525902	6	6	-1.010387	0	0	0	0	0	0	0	0	0	0	0	0	0	54	0	
2	1583	-1.008757	-0.000121542	3277.629	-0.001525902	6	6	-1.009887	0	0	0	0	0	0	0	0	0	0	0	0	0	54	0	
2	1584	-1.008144	-0.00012145	3278.629	-0.001525902	6	6	-1.009387	0	0	0	0	0	0	0	0	0	0	0	0	0	54	0	
2	1585	-1.00753	-0.000121217	3279.629	-0.001525902	6	6	-1.008887	0	0	0	0	0	0	0	0	0	0	0	0	0	54	0	
2	1586	-1.007223	-0.000121039	3280.629	-0.001525902	6	6	-1.008387	0	0	0	0	0	0	0	0	0	0	0	0	0	54	0	
2	1587	-1.00661	-0.000120873	3281.629	-0.001525902	6	6	-1.007887	0	0	0	0	0	0	0	0	0	0	0	0	0	54	0	
2	1588	-1.005997	-0.000120695	3282.629	-0.001525902	6	6	-1.007387	0	0	0	0	0	0	0	0	0	0	0	0	0	54	0	
2	1589	-1.00569	-0.00012053	3283.629	-0.001525902	6	6	-1.006887	0	0	0	0	0	0	0	0	0	0	0	0	0	54	0	
2	1590	-1.005077	-0.00012037	3284.629	-0.001525902	6	6	-1.006387	0	0	0	0	0	0	0	0	0	0	0	0	0	54	0	
2	1591	-1.00477	-0.000120229	3285.629	-0.001525902	6	6	-1.005887	0	0	0	0	0	0	0	0	0	0	0	0	0	54	0	
2	1592	-1.004156	-0.000120069	3286.629	-0.001525902	6	6	-1.005387	0	0	0	0	0	0	0	0	0	0	0	0	0	54	0	
2	1593	-1.00385	-0.000119867	3287.629	-0.001525902	6	6	-1.004887	0	0	0	0	0	0	0	0	0	0	0	0	0	54	0	
2	1594	-1.003236	-0.000119695	3288.629	-0.001525902	6	6	-1.004387	0	0	0	0	0	0	0	0	0	0	0	0	0	54	0	
2	1595	-1.002623	-0.000119542	3289.629	-0.001525902	6	6	-1.003887	0	0	0	0	0	0	0	0	0	0	0	0	0	54	0	
2	1596	-1.002316	-0.000119407	3290.629	-0.001525902	6	6	-1.003387	0	0	0	0	0	0	0	0	0	0	0	0	0	54	0	
2	1597	-1.001703	-0.000119235	3291.629	-0.001525902	6	6	-1.002887	0	0	0	0	0	0	0	0	0	0	0	0	0	54	0	
2	1598	-1.001089	-0.000119045	3292.629	-0.001525902	6	6	-1.002387	0	0	0	0	0	0	0	0	0	0	0	0	0	54	0	
2	1599	-1.000783	-0.000118836	3293.629	-0.001525902	6	6	-1.001887	0	0	0	0	0	0	0	0	0	0	0	0	0	54	0	
2	1600	-1.000169	-0.000118622	3294.629	-0.001525902	6	6	-1.001387	0	0	0	0	0	0	0	0	0	0	0	0	0	54	0	
2	1601	-0.9998625	-0.000118352	3295.629	-0.001525902	6	6	-1.000887	0	0	0	0	0	0	0	0	0	0	0	0	0	54	0	
2	1602	-0.9992491	-0.000119217	3296.629	-0.001525902	6	6	-1.000387	0	0	0	0	0	0	0	0	0	0	0	0	0	54	0	
2	1603	-0.9986356	-0.000119389	3297.629	-0.001525902	6	6	-0.9998869	0	0	0	0	0	0	0	0	0	0	0	0	0	54	0	
2	1604	-0.9980223	-0.000119088	3298.629	-0.001525902	6	6	-0.9993869	0	0	0	0	0	0	0	0	0	0	0	0	0	54	0	
2	1605	-0.9977155	-0.000118757	3299.629	-0.001525902	6	6	-0.9988869	0	0	0	0	0	0	0	0	0	0	0	0	0	54	0	
2	1606	-0.9971021	-0.00011853	3300.629	-0.001525902	6	6	-0.9983869	0	0	0	0	0	0	0	0	0	0	0	0	0	54	0	
2	1607	-0.9967954	-0.000118309	3301.629	-0.001525902	6	6	-0.997887	0	0	0	0	0	0	0	0	0	0	0	0	0	54	0	
2	1608	-0.996182	-0.000118113	3302.629	-0.001525902	6	6	-0.9973869	0	0	0	0	0	0	0	0	0	0	0	0	0	54	0	
2	1609	-0.9955686	-0.000117904	3303.629	-0.001525902	6	6	-0.9968869	0	0	0	0	0	0	0	0	0	0	0	0	0	54	0	
2	1610	-0.9952619	-0.00011772	3304.629	-0.001525902	6	6	-0.9963869	0	0	0	0	0	0	0	0	0	0	0	0	0	54	0	
2	1611	-0.9946485	-0.000117512	3305.629	-0.001525902	6	6	-0.9958869	0	0	0	0	0	0	0	0	0	0	0	0	0	54	0	
2	1612	-0.9943418	-0.000117334	3306.629	-0.001525902	6	6	-0.9953869	0	0	0	0	0	0	0	0	0	0	0	0	0	54	0	
2	1613	-0.9937283	-0.000117131	3307.629	-0.001525902	6	6	-0.9948869	0	0	0	0	0	0	0	0	0	0	0	0	0	54	0	
2	1614	-0.9931149	-0.000116935	3308.629	-0.001525902	6	6	-0.9943869	0	0	0	0	0	0	0	0	0	0	0	0	0	54	0	
2	1615	-0.9928082	-0.000116806	3309.629	-0.001525902	6	6	-0.9938869	0	0	0	0	0	0	0	0	0	0	0	0	0	54	0	
2	1616	-0.9921948	-0.000116855	3310.629	-0.001525902	6	6	-0.9933869	0	0	0	0	0	0	0	0	0	0	0	0	0	54	0	
2	1617	-0.9918881	-0.000116702	3311.629	-0.001525902	6	6	-0.9928869	0	0	0	0	0	0	0	0	0	0	0	0	0	54	0	
2	1618	-0.9912747	-0.000116407	3312.629	-0.001525902	6	6	-0.9923869	0	0	0	0	0	0	0	0	0	0	0	0	0	54	0	
2	1619	-0.9906613	-0.000116217	3313.629	-0.001525902	6	6	-0.9918869	0	0	0	0	0	0	0	0	0	0	0	0	0	54	0	
2	1620	-0.9903546	-0.000116015	3314.629	-0.001525902	6	6	-0.991387	0	0	0	0	0	0	0	0	0	0	0	0	0	54	0	
2	1621	-0.9897412	-0.000115825	3315.629	-0.001525902	6	6	-0.9908869	0	0	0	0	0	0	0	0	0	0	0	0	0	54	0	
2	1622	-0.9891278	-0.000115622	3316.629	-0.001525902	6	6	-0.9913635	0	0	0	0	0	0	0	0	0	0	0	0	0	54	0	
2	1623	-0.9888211	-0.000115444	3317.629	-0.001525902	6	6	-0.9898869	0	0	0	0	0	0	0	0	0	0	0	0	0	54	0	
2	1624	-0.9882076	-0.000115254	3318.629	-0.001525902	6	6	-0.9893869	0	0	0	0	0	0	0	0	0	0	0	0	0	54	0	
2	1625	-0.9875942	-0.000115076	3319.629	-0.001525902	6	6	-0.988887	0	0	0	0	0	0	0	0	0	0	0	0	0	54	0	
2	1626	-0.9872875	-0.000114892	3320.629	-0.001525902	6	6	-0.9883869	0	0	0	0	0	0	0	0	0	0	0	0	0	54	0	
2	1627	-0.9866741	-0.000114696	3321.629	-0.001525902	6	6	-0.9878869	0	0	0	0	0	0	0	0	0	0	0	0	0	54	0	
2	1628	-0.9860607	-0.000114506	3322.629	-0.001525902	6	6	-0.9873869	0	0	0	0	0	0	0	0	0	0	0	0	0	54	0	
2	1629	-0.985754	-0.000114322	3323.629	-0.001525902	6	6	-0.9868869	0	0	0	0	0	0	0	0	0	0	0	0	0	54	0	
2	1630	-0.9851406	-0.000114138	3324.629	-0.001525902	6	6	-0.986387	0	0	0	0	0	0	0	0	0	0	0	0	0	54	0	
2	1631	-0.9848339	-0.000113954	3325.629	-0.001525902	6	6	-0.9858869	0	0	0	0	0	0	0	0	0	0	0	0	0	54	0	
2	1632	-0.9842204	-0.000113788	3326.629	-0.001525902	6	6	-0.9853869	0	0	0	0	0	0	0	0	0	0	0	0	0	54	0	
2	1633	-0.9836071	-0.000113616	3327.629	-0.001525902	6	6	-0.9848869	0	0	0	0	0	0	0	0	0	0	0	0	0	54	0	
2	1634	-0.9833003	-0.000113457	3328.629	-0.001525902	6	6	-0.9843869	0	0	0	0	0	0	0	0	0	0	0	0	0	54	0	
2	1635	-0.9826869	-0.000113285	3329.629	-0.001525902	6	6	-0.983887	0	0	0	0	0	0	0	0	0	0	0	0	0	54	0	
2	1636	-0.9820735	-0.000113126	3330.629	-0.001525902	6	6	-0.9833869	0	0	0	0	0	0	0	0	0	0	0	0	0	54	0	
2	1637	-0.9817668	-0.000112954	3331.629	-0.001525902	6	6	-0.9828869	0	0	0	0	0	0	0	0	0	0	0	0	0	54	0	
2	1638	-0.9811534	-0.000112764	3332.629	-0.001525902	6	6	-0.9823869	0	0	0	0	0	0	0	0	0	0	0	0	0	54	0	
2	1639	-0.98054	-0.000112616	3333.629	-0.001525902	6	6	-0.9818869	0	0	0	0	0	0	0	0	0	0	0	0	0	54	0	
2	1640	-0.9802333	-0.000112488	3334.629	-0.001525902	6	6	-0.9813869	0	0	0	0	0	0	0	0	0	0	0	0	0	54	0	
2	1641	-0.9796199	-0.000112347	3335.629	-0.001525902	6	6	-0.9808869	0	0	0	0	0	0	0	0	0	0	0	0	0	54	0	
2	1642	-0.9793132	-0.000112212	3336.629	-0.001525902	6	6	-0.9803869	0	0	0	0	0	0	0	0	0	0	0	0	0	54	0	
2	1643	-0.9786997	-0.000112138	3337.629	-0.001525902	6	6	-0.9798869	0	0	0	0	0	0	0	0	0	0	0	0	0	54	0	
2	1644	-0.9780864	-0.000111991	3338.629	-0.001525902	6	6	-0.9793869	0	0	0	0	0	0	0	0	0	0	0	0	0	54	0	
2	1645	-0.9777796	-0.000111837	3339.629	-0.001525902	6	6	-0.9788869	0	0	0	0	0	0	0	0	0	0	0	0	0	54	0	
2	1646	-0.9771662	-0.000111666	3340.629	-0.001525902	6	6	-0.9783869	0	0	0	0	0	0	0	0	0	0	0	0	0	54	0	
2	1647	-0.9765528	-0.000111506	3341.629	-0.001525902	6	6	-0.9778869	0	0	0	0	0	0	0	0	0	0	0	0	0	54	0	
2	1648	-0.9762461	-0.000111347	3342.629	-0.001525902	6	6	-0.977387	0	0	0	0	0	0	0	0	0	0	0	0	0	54	0	
2	1649	-0.9756327	-0.000111212	3343.629	-0.001525902	6	6	-0.9768869	0	0	0	0	0	0	0	0	0	0	0	0	0	54	0	
2	1650	-0.9750193	-0.000111058	3344.629	-0.001525902	6	6	-0.9763869	0	0	0	0	0	0	0	0	0	0	0	0	0	54	0	
2	1651	-0.9747126	-0.000110911	3345.629	-0.001525902	6	6	-0.9758869	0	0	0	0	0	0	0	0	0	0	0	0	0	54	0	
2	1652	-0.9740992	-0.00011077	3346.629	-0.001525902	6	6	-0.9753869	0	0	0	0	0	0	0	0	0	0	0	0	0	54	0	
2	1653	-0.9734858	-0.000110623	3347.629	-0.001525902	6	6	-0.974887	0	0	0	0	0	0	0	0	0	0	0	0	0	54	0	
2	1654	-0.973179	-0.000110476	3348.629	-0.001525902	6	6	-0.9743869	0	0	0	0	0	0	0	0	0	0	0	0	0	54	0	
2	1655	-0.9728723	-0.000110347	3349.629	-0.001525902	6	6	-0.9738869	0	0	0	0	0	0	0	0	0	0	0	0	0	54	0	
2	1656	-0.9722589	-0.000110267	3350.629	-0.001525902	6	6	-0.9733869	0	0	0	0	0	0	0	0	0	0	0	0	0	54	0	
2	1657	-0.9716455	-0.000110089	3351.629	-0.001525902	6	6	-0.9728869	0	0	0	0	0	0	0	0	0	0	0	0	0	54	0	
2	1658	-0.9710321	-0.00010996	3352.629	-0.001525902	6	6	-0.972387	0	0	0	0	0	0	0	0	0	0	0	0	0	54	0	
2	1659	-0.9707254	-0.000109819	3353.629	-0.001525902	6	6	-0.9718869	0	0	0	0	0	0	0	0	0	0	0	0	0	54	0	
2	1660	-0.970112	-0.000109678	3354.629	-0.001525902	6	6	-0.9713869	0	0	0	0	0	0	0	0	0	0	0	0	0	54	0	
2	1661	-0.9698053	-0.000109549	3355.629	-0.001525902	6	6	-0.9708869	0	0	0	0	0	0	0	0	0	0	0	0	0	54	0	
2	1662	-0.9691918	-0.000109433	3356.629	-0.001525902	6	6	-0.9703869	0	0	0	0	0	0	0	0	0	0	0	0	0	54	0	
2	1663	-0.9685785	-0.000109298	3357.629	-0.001525902	6	6	-0.9698869	0	0	0	0	0	0	0	0	0	0	0	0	0	54	0	
2	1664	-0.9682717	-0.000109163	3358.629	-0.001525902	6	6	-0.9693869	0	0	0	0	0	0	0	0	0	0	0	0	0	54	0	
2	1665	-0.9676583	-0.000109034	3359.629	-0.001525902	6	6	-0.9688869	0	0	0	0	0	0	0	0	0	0	0	0	0	54	0	
2	1666	-0.9670449	-0.000108893	3360.629	-0.001525902	6	6	-0.9683869	0	0	0	0	0	0	0	0	0	0	0	0	0	54	0	
2	1667	-0.9667382	-0.000108783	3361.629	-0.001525902	6	6	-0.9678869	0	0	0	0	0	0	0	0	0	0	0	0	0	54	0	
2	1668	-0.9661248	-0.000108666	3362.629	-0.001525902	6	6	-0.9673869	0	0	0	0	0	0	0	0	0	0	0	0	0	54	0	
2	1669	-0.9658181	-0.000108525	3363.629	-0.001525902	6	6	-0.9668869	0	0	0	0	0	0	0	0	0	0	0	0	0	54	0	
2	1670	-0.9652047	-0.000108378	3364.629	-0.001525902	6	6	-0.9663869	0	0	0	0	0	0	0	0	0	0	0	0	0	54	0	
2	1671	-0.9645913	-0.000108224	3365.629	-0.001525902	6	6	-0.965887	0	0	0	0	0	0	0	0	0	0	0	0	0	54	0	
2	1672	-0.9642845	-0.000108065	3366.629	-0.001525902	6	6	-0.9653869	0	0	0	0	0	0	0	0	0	0	0	0	0	54	0	
2	1673	-0.9636711	-0.000107918	3367.629	-0.001525902	6	6	-0.9648869	0	0	0	0	0	0	0	0	0	0	0	0	0	54	0	
2	1674	-0.9633644	-0.000107771	3368.629	-0.001525902	6	6	-0.9643869	0	0	0	0	0	0	0	0	0	0	0	0	0	54	0	
2	1675	-0.962751	-0.000107648	3369.629	-0.001525902	6	6	-0.9638869	0	0	0	0	0	0	0	0	0	0	0	0	0	54	0	
2	1676	-0.9621376	-0.000107519	3370.629	-0.001525902	6	6	-0.963387	0	0	0	0	0	0	0	0	0	0	0	0	0	54	0	
2	1677	-0.9618309	-0.00010739	3371.629	-0.001525902	6	6	-0.9628869	0	0	0	0	0	0	0	0	0	0	0	0	0	54	0	
2	1678	-0.9612175	-0.000107261	3372.629	-0.001525902	6	6	-0.9623869	0	0	0	0	0	0	0	0	0	0	0	0	0	54	0	
2	1679	-0.9606041	-0.000107114	3373.629	-0.001525902	6	6	-0.9618869	0	0	0	0	0	0	0	0	0	0	0	0	0	54	0	
2	1680	-0.9602974	-0.000106961	3374.629	-0.001525902	6	6	-0.9613869	0	0	0	0	0	0	0	0	0	0	0	0	0	54	0	
2	1681	-0.959684	-0.000106875	3375.629	-0.001525902	6	6	-0.960887	0	0	0	0	0	0	0	0	0	0	0	0	0	54	0	
2	1682	-0.9590706	-0.000106722	3376.629	-0.001525902	6	6	-0.9603869	0	0	0	0	0	0	0	0	0	0	0	0	0	54	0	
2	1683	-0.9587638	-0.000106623	3377.629	-0.001525902	6	6	-0.9598869	0	0	0	0	0	0	0	0	0	0	0	0	0	54	0	
2	1684	-0.9581504	-0.000106446	3378.629	-0.001525902	6	6	-0.9593869	0	0	0	0	0	0	0	0	0	0	0	0	0	54	0	
2	1685	-0.9578437	-0.000106298	3379.629	-0.001525902	6	6	-0.9588869	0	0	0	0	0	0	0	0	0	0	0	0	0	54	0	
2	1686	-0.9572303	-0.000106157	3380.629	-0.001525902	6	6	-0.9583869	0	0	0	0	0	0	0	0	0	0	0	0	0	54	0	
2	1687	-0.9566169	-0.000106035	3381.629	-0.001525902	6	6	-0.9578869	0	0	0	0	0	0	0	0	0	0	0	0	0	54	0	
2	1688	-0.9563102	-0.000105887	3382.629	-0.001525902	6	6	-0.9573869	0	0	0	0	0	0	0	0	0	0	0	0	0	54	0	
2	1689	-0.9556968	-0.00010574	3383.629	-0.001525902	6	6	-0.9568869	0	0	0	0	0	0	0	0	0	0	0	0	0	54	0	
2	1690	-0.9553901	-0.000105617	3384.629	-0.001525902	6	6	-0.9563869	0	0	0	0	0	0	0	0	0	0	0	0	0	54	0	
2	1691	-0.9547766	-0.000105489	3385.629	-0.001525902	6	6	-0.9558869	0	0	0	0	0	0	0	0	0	0	0	0	0	54	0	
2	1692	-0.9541633	-0.000105348	3386.629	-0.001525902	6	6	-0.9553869	0	0	0	0	0	0	0	0	0	0	0	0	0	54	0	
2	1693	-0.9538565	-0.000105206	3387.629	-0.001525902	6	6	-0.9548869	0	0	0	0	0	0	0	0	0	0	0	0	0	54	0	
2	1694	-0.9532431	-0.000105078	3388.629	-0.001525902	6	6	-0.9543869	0	0	0	0	0	0	0	0	0	0	0	0	0	54	0	
2	1695	-0.9526297	-0.00010493	3389.629	-0.001525902	6	6	-0.9538869	0	0	0	0	0	0	0	0	0	0	0	0	0	54	0	
2	1696	-0.952323	-0.000104789	3390.629	-0.001525902	6	6	-0.9533869	0	0	0	0	0	0	0	0	0	0	0	0	0	54	0	
2	1697	-0.9517096	-0.000104648	3391.629	-0.001525902	6	6	-0.9528869	0	0	0	0	0	0	0	0	0	0	0	0	0	54	0	
2	1698	-0.9514029	-0.000104519	3392.629	-0.001525902	6	6	-0.9523869	0	0	0	0	0	0	0	0	0	0	0	0	0	54	0	
2	1699	-0.9507895	-0.000104384	3393.629	-0.001525902	6	6	-0.951887	0	0	0	0	0	0	0	0	0	0	0	0	0	54	0	
2	1700	-0.9501761	-0.000104256	3394.629	-0.001525902	6	6	-0.9513869	0	0	0	0	0	0	0	0	0	0	0	0	0	54	0	
2	1701	-0.9498693	-0.000104133	3395.629	-0.001525902	6	6	-0.9508869	0	0	0	0	0	0	0	0	0	0	0	0	0	54	0	
2	1702	-0.9492559	-0.000104004	3396.629	-0.001525902	6	6	-0.9503869	0	0	0	0	0	0	0	0	0	0	0	0	0	54	0	
2	1703	-0.9486426	-0.000103863	3397.629	-0.001525902	6	6	-0.9498869	0	0	0	0	0	0	0	0	0	0	0	0	0	54	0	
2	1704	-0.9483358	-0.000103722	3398.629	-0.001525902	6	6	-0.949387	0	0	0	0	0	0	0	0	0	0	0	0	0	54	0	
2	1705	-0.9477224	-0.000103575	3399.629	-0.001525902	6	6	-0.9488869	0	0	0	0	0	0	0	0	0	0	0	0	0	54	0	
2	1706	-0.947109	-0.000103434	3400.629	-0.001525902	6	6	-0.9483869	0	0	0	0	0	0	0	0	0	0	0	0	0	54	0	
2	1707	-0.9468023	-0.000103305	3401.629	-0.001525902	6	6	-0.9478869	0	0	0	0	0	0	0	0	0	0	0	0	0	54	0	
2	1708	-0.9461889	-0.00010317	3402.629	-0.001525902	6	6	-0.9473869	0	0	0	0	0	0	0	0	0	0	0	0	0	54	0	
2	1709	-0.9455755	-0.000103035	3403.629	-0.001525902	6	6	-0.9468869	0	0	0	0	0	0	0	0	0	0	0	0	0	54	0	
2	1710	-0.9452688	-0.000102906	3404.629	-0.001525902	6	6	-0.9463869	0	0	0	0	0	0	0	0	0	0	0	0	0	54	0	
2	1711	-0.9446554	-0.000102771	3405.629	-0.001525902	6	6	-0.9458869	0	0	0	0	0	0	0	0	0	0	0	0	0	54	0	
2	1712	-0.9443486	-0.000102618	3406.629	-0.001525902	6	6	-0.9453869	0	0	0	0	0	0	0	0	0	0	0	0	0	54	0	
2	1713	-0.9437352	-0.000102477	3407.629	-0.001525902	6	6	-0.9448869	0	0	0	0	0	0	0	0	0	0	0	0	0	54	0	
2	1714	-0.9431219	-0.000102342	3408.629	-0.001525902	6	6	-0.9443869	0	0	0	0	0	0	0	0	0	0	0	0	0	54	0	
2	1715	-0.9425084	-0.000102213	3409.629	-0.001525902	6	6	-0.9438869	0	0	0	0	0	0	0	0	0	0	0	0	0	54	0	
2	1716	-0.9422017	-0.000102103	3410.629	-0.001525902	6	6	-0.9433869	0	0	0	0	0	0	0	0	0	0	0	0	0	54	0	
2	1717	-0.9415883	-0.000101986	3411.629	-0.001525902	6	6	-0.9428869	0	0	0	0	0	0	0	0	0	0	0	0	0	54	0	
2	1718	-0.9412816	-0.000101876	3412.629	-0.001525902	6	6	-0.9423869	0	0	0	0	0	0	0	0	0	0	0	0	0	54	0	
2	1719	-0.9406682	-0.000101759	3413.629	-0.001525902	6	6	-0.9418869	0	0	0	0	0	0	0	0	0	0	0	0	0	54	0	
2	1720	-0.9403614	-0.000101667	3414.629	-0.001525902	6	6	-0.9413869	0	0	0	0	0	0	0	0	0	0	0	0	0	54	0	
2	1721	-0.939748	-0.000101544	3415.629	-0.001525902	6	6	-0.9408869	0	0	0	0	0	0	0	0	0	0	0	0	0	54	0	
2	1722	-0.9391347	-0.000101428	3416.629	-0.001525902	6	6	-0.940387	0	0	0	0	0	0	0	0	0	0	0	0	0	54	0	
2	1723	-0.9385212	-0.000101311	3417.629	-0.001525902	6	6	-0.9398869	0	0	0	0	0	0	0	0	0	0	0	0	0	54	0	
2	1724	-0.9382145	-0.000101189	3418.629	-0.001525902	6	6	-0.9393869	0	0	0	0	0	0	0	0	0	0	0	0	0	54	0	
2	1725	-0.9376011	-0.000101054	3419.629	-0.001525902	6	6	-0.9388869	0	0	0	0	0	0	0	0	0	0	0	0	0	54	0	
2	1726	-0.9372944	-0.000100931	3420.629	-0.001525902	6	6	-0.9383869	0	0	0	0	0	0	0	0	0	0	0	0	0	54	0	
2	1727	-0.936681	-0.000100808	3421.629	-0.001525902	6	6	-0.937887	0	0	0	0	0	0	0	0	0	0	0	0	0	54	0	
2	1728	-0.9363743	-0.000100686	3422.629	-0.001525902	6	6	-0.9373869	0	0	0	0	0	0	0	0	0	0	0	0	0	54	0	
2	1729	-0.9357609	-0.000100569	3423.629	-0.001525902	6	6	-0.9368869	0	0	0	0	0	0	0	0	0	0	0	0	0	54	0	
2	1730	-0.9351475	-0.000100446	3424.629	-0.001525902	6	6	-0.9363869	0	0	0	0	0	0	0	0	0	0	0	0	0	54	0	
2	1731	-0.9348407	-0.00010033	3425.629	-0.001525902	6	6	-0.9358869	0	0	0	0	0	0	0	0	0	0	0	0	0	54	0	
2	1732	-0.9342273	-0.000100201	3426.629	-0.001525902	6	6	-0.9353869	0	0	0	0	0	0	0	0	0	0	0	0	0	54	0	
2	1733	-0.9336139	-0.000100084	3427.629	-0.001525902	6	6	-0.9348869	0	0	0	0	0	0	0	0	0	0	0	0	0	54	0	
2	1734	-0.9333072	-1.00E-04	3428.629	-0.001525902	6	6	-0.9343869	0	0	0	0	0	0	0	0	0	0	0	0	0	54	0	
2	1735	-0.9326938	-9.98E-05	3429.629	-0.001525902	6	6	-0.9338869	0	0	0	0	0	0	0	0	0	0	0	0	0	54	0	
2	1736	-0.9320804	-9.97E-05	3430.629	-0.001525902	6	6	-0.9333869	0	0	0	0	0	0	0	0	0	0	0	0	0	54	0	
2	1737	-0.9317737	-9.96E-05	3431.629	-0.001525902	6	6	-0.9328869	0	0	0	0	0	0	0	0	0	0	0	0	0	54	0	
2	1738	-0.9311603	-9.95E-05	3432.629	-0.001525902	6	6	-0.9323869	0	0	0	0	0	0	0	0	0	0	0	0	0	54	0	
2	1739	-0.9305469	-9.94E-05	3433.629	-0.001525902	6	6	-0.9318869	0	0	0	0	0	0	0	0	0	0	0	0	0	54	0	
2	1740	-0.9302402	-9.93E-05	3434.629	-0.001525902	6	6	-0.9313869	0	0	0	0	0	0	0	0	0	0	0	0	0	54	0	
2	1741	-0.9296268	-9.91E-05	3435.629	-0.001525902	6	6	-0.9308869	0	0	0	0	0	0	0	0	0	0	0	0	0	54	0	
2	1742	-0.92932	-9.90E-05	3436.629	-0.001525902	6	6	-0.9303869	0	0	0	0	0	0	0	0	0	0	0	0	0	54	0	
2	1743	-0.9287066	-9.89E-05	3437.629	-0.001525902	6	6	-0.9298869	0	0	0	0	0	0	0	0	0	0	0	0	0	54	0	
2	1744	-0.9280932	-9.88E-05	3438.629	-0.001525902	6	6	-0.9293869	0	0	0	0	0	0	0	0	0	0	0	0	0	54	0	
2	1745	-0.9277865	-9.87E-05	3439.629	-0.001525902	6	6	-0.928887	0	0	0	0	0	0	0	0	0	0	0	0	0	54	0	
2	1746	-0.9271731	-9.85E-05	3440.629	-0.001525902	6	6	-0.9283869	0	0	0	0	0	0	0	0	0	0	0	0	0	54	0	
2	1747	-0.9268664	-9.84E-05	3441.629	-0.001525902	6	6	-0.9288635	0	0	0	0	0	0	0	0	0	0	0	0	0	54	0	
2	1748	-0.926253	-9.83E-05	3442.629	-0.001525902	6	6	-0.9273869	0	0	0	0	0	0	0	0	0	0	0	0	0	54	0	
2	1749	-0.9256396	-9.82E-05	3443.629	-0.001525902	6	6	-0.9268869	0	0	0	0	0	0	0	0	0	0	0	0	0	54	0	
2	1750	-0.9253328	-9.81E-05	3444.629	-0.001525902	6	6	-0.926387	0	0	0	0	0	0	0	0	0	0	0	0	0	54	0	
2	1751	-0.9247195	-9.80E-05	3445.629	-0.001525902	6	6	-0.9258869	0	0	0	0	0	0	0	0	0	0	0	0	0	54	0	
2	1752	-0.924106	-9.79E-05	3446.629	-0.001525902	6	6	-0.9253869	0	0	0	0	0	0	0	0	0	0	0	0	0	54	0	
2	1753	-0.9237993	-9.77E-05	3447.629	-0.001525902	6	6	-0.9248869	0	0	0	0	0	0	0	0	0	0	0	0	0	54	0	
2	1754	-0.9231859	-9.76E-05	3448.629	-0.001525902	6	6	-0.9243869	0	0	0	0	0	0	0	0	0	0	0	0	0	54	0	
2	1755	-0.9228792	-9.75E-05	3449.629	-0.001525902	6	6	-0.9238869	0	0	0	0	0	0	0	0	0	0	0	0	0	54	0	
2	1756	-0.9222658	-9.74E-05	3450.629	-0.001525902	6	6	-0.9233869	0	0	0	0	0	0	0	0	0	0	0	0	0	54	0	
2	1757	-0.9216524	-9.73E-05	3451.629	-0.001525902	6	6	-0.9228869	0	0	0	0	0	0	0	0	0	0	0	0	0	54	0	
2	1758	-0.9213457	-9.72E-05	3452.629	-0.001525902	6	6	-0.9223869	0	0	0	0	0	0	0	0	0	0	0	0	0	54	0	
2	1759	-0.9207323	-9.71E-05	3453.629	-0.001525902	6	6	-0.9218869	0	0	0	0	0	0	0	0	0	0	0	0	0	54	0	
2	1760	-0.9201189	-9.70E-05	3454.629	-0.001525902	6	6	-0.9213869	0	0	0	0	0	0	0	0	0	0	0	0	0	54	0	
2	1761	-0.9198121	-9.69E-05	3455.629	-0.001525902	6	6	-0.9208869	0	0	0	0	0	0	0	0	0	0	0	0	0	54	0	
2	1762	-0.9191988	-9.68E-05	3456.629	-0.001525902	6	6	-0.9203869	0	0	0	0	0	0	0	0	0	0	0	0	0	54	0	
2	1763	-0.918892	-9.67E-05	3457.629	-0.001525902	6	6	-0.9198869	0	0	0	0	0	0	0	0	0	0	0	0	0	54	0	
2	1764	-0.9182786	-9.66E-05	3458.629	-0.001525902	6	6	-0.9193869	0	0	0	0	0	0	0	0	0	0	0	0	0	54	0	
2	1765	-0.9176652	-9.65E-05	3459.629	-0.001525902	6	6	-0.9188869	0	0	0	0	0	0	0	0	0	0	0	0	0	54	0	
2	1766	-0.9170518	-9.63E-05	3460.629	-0.001525902	6	6	-0.9183869	0	0	0	0	0	0	0	0	0	0	0	0	0	54	0	
2	1767	-0.9167451	-9.62E-05	3461.629	-0.001525902	6	6	-0.9178869	0	0	0	0	0	0	0	0	0	0	0	0	0	54	0	
2	1768	-0.9161317	-9.61E-05	3462.629	-0.001525902	6	6	-0.9173869	0	0	0	0	0	0	0	0	0	0	0	0	0	54	0	
2	1769	-0.9158249	-9.60E-05	3463.629	-0.001525902	6	6	-0.9168869	0	0	0	0	0	0	0	0	0	0	0	0	0	54	0	
2	1770	-0.9152116	-9.59E-05	3464.629	-0.001525902	6	6	-0.9163869	0	0	0	0	0	0	0	0	0	0	0	0	0	54	0	
2	1771	-0.9145981	-9.58E-05	3465.629	-0.001525902	6	6	-0.9158869	0	0	0	0	0	0	0	0	0	0	0	0	0	54	0	
2	1772	-0.9142914	-9.57E-05	3466.629	-0.001525902	6	6	-0.9153869	0	0	0	0	0	0	0	0	0	0	0	0	0	54	0	
2	1773	-0.913678	-9.56E-05	3467.629	-0.001525902	6	6	-0.914887	0	0	0	0	0	0	0	0	0	0	0	0	0	54	0	
2	1774	-0.9133713	-9.55E-05	3468.629	-0.001525902	6	6	-0.9143869	0	0	0	0	0	0	0	0	0	0	0	0	0	54	0	
2	1775	-0.9127579	-9.54E-05	3469.629	-0.001525902	6	6	-0.9138869	0	0	0	0	0	0	0	0	0	0	0	0	0	54	0	
2	1776	-0.9121445	-9.54E-05	3470.629	-0.001525902	6	6	-0.9133869	0	0	0	0	0	0	0	0	0	0	0	0	0	54	0	
2	1777	-0.9118378	-9.53E-05	3471.629	-0.001525902	6	6	-0.9128869	0	0	0	0	0	0	0	0	0	0	0	0	0	54	0	
2	1778	-0.9112244	-9.52E-05	3472.629	-0.001525902	6	6	-0.912387	0	0	0	0	0	0	0	0	0	0	0	0	0	54	0	
2	1779	-0.910611	-9.51E-05	3473.629	-0.001525902	6	6	-0.9118869	0	0	0	0	0	0	0	0	0	0	0	0	0	54	0	
2	1780	-0.9103042	-9.50E-05	3474.629	-0.001525902	6	6	-0.9113869	0	0	0	0	0	0	0	0	0	0	0	0	0	54	0	
2	1781	-0.9096909	-9.49E-05	3475.629	-0.001525902	6	6	-0.9108869	0	0	0	0	0	0	0	0	0	0	0	0	0	54	0	
2	1782	-0.9090774	-9.48E-05	3476.629	-0.001525902	6	6	-0.9103869	0	0	0	0	0	0	0	0	0	0	0	0	0	54	0	
2	1783	-0.9087707	-9.47E-05	3477.629	-0.001525902	6	6	-0.9098869	0	0	0	0	0	0	0	0	0	0	0	0	0	54	0	
2	1784	-0.9081573	-9.46E-05	3478.629	-0.001525902	6	6	-0.9093869	0	0	0	0	0	0	0	0	0	0	0	0	0	54	0	
2	1785	-0.9078506	-9.45E-05	3479.629	-0.001525902	6	6	-0.9088869	0	0	0	0	0	0	0	0	0	0	0	0	0	54	0	
2	1786	-0.9072372	-9.44E-05	3480.629	-0.001525902	6	6	-0.9083869	0	0	0	0	0	0	0	0	0	0	0	0	0	54	0	
2	1787	-0.9066238	-9.44E-05	3481.629	-0.001525902	6	6	-0.9078869	0	0	0	0	0	0	0	0	0	0	0	0	0	54	0	
2	1788	-0.9063171	-9.43E-05	3482.629	-0.001525902	6	6	-0.9073869	0	0	0	0	0	0	0	0	0	0	0	0	0	54	0	
2	1789	-0.9057037	-9.42E-05	3483.629	-0.001525902	6	6	-0.9068869	0	0	0	0	0	0	0	0	0	0	0	0	0	54	0	
2	1790	-0.9050902	-9.41E-05	3484.629	-0.001525902	6	6	-0.9063869	0	0	0	0	0	0	0	0	0	0	0	0	0	54	0	
2	1791	-0.9047835	-9.39E-05	3485.629	-0.001525902	6	6	-0.9058869	0	0	0	0	0	0	0	0	0	0	0	0	0	54	0	
2	1792	-0.9041701	-9.38E-05	3486.629	-0.001525902	6	6	-0.9053869	0	0	0	0	0	0	0	0	0	0	0	0	0	54	0	
2	1793	-0.9035567	-9.37E-05	3487.629	-0.001525902	6	6	-0.9048869	0	0	0	0	0	0	0	0	0	0	0	0	0	54	0	
2	1794	-0.90325	-9.36E-05	3488.629	-0.001525902	6	6	-0.9043869	0	0	0	0	0	0	0	0	0	0	0	0	0	54	0	
2	1795	-0.9026366	-9.35E-05	3489.629	-0.001525902	6	6	-0.9038869	0	0	0	0	0	0	0	0	0	0	0	0	0	54	0	
2	1796	-0.9023299	-9.34E-05	3490.629	-0.001525902	6	6	-0.903387	0	0	0	0	0	0	0	0	0	0	0	0	0	54	0	
2	1797	-0.9017165	-9.33E-05	3491.629	-0.001525902	6	6	-0.9028869	0	0	0	0	0	0	0	0	0	0	0	0	0	54	0	
2	1798	-0.9011031	-9.34E-05	3492.629	-0.001525902	6	6	-0.9023869	0	0	0	0	0	0	0	0	0	0	0	0	0	54	0	
2	1799	-0.9007964	-9.33E-05	3493.629	-0.001525902	6	6	-0.9018869	0	0	0	0	0	0	0	0	0	0	0	0	0	54	0	
2	1800	-0.900183	-9.32E-05	3494.629	-0.001525902	6	6	-0.9013869	0	0	0	0	0	0	0	0	0	0	0	0	0	54	0	
2	1801	-0.8998762	-9.30E-05	3495.629	-0.001525902	6	6	-0.900887	0	0	0	0	0	0	0	0	0	0	0	0	0	54	0	
2	1802	-0.8992628	-9.29E-05	3496.629	-0.001525902	6	6	-0.9003869	0	0	0	0	0	0	0	0	0	0	0	0	0	54	0	
2	1803	-0.8986494	-9.28E-05	3497.629	-0.001525902	6	6	-0.8998869	0	0	0	0	0	0	0	0	0	0	0	0	0	54	0	
2	1804	-0.8983427	-9.27E-05	3498.629	-0.001525902	6	6	-0.8993869	0	0	0	0	0	0	0	0	0	0	0	0	0	54	0	
2	1805	-0.8977293	-9.26E-05	3499.629	-0.001525902	6	6	-0.8988869	0	0	0	0	0	0	0	0	0	0	0	0	0	54	0	
2	1806	-0.8971159	-9.25E-05	3500.629	-0.001525902	6	6	-0.8983869	0	0	0	0	0	0	0	0	0	0	0	0	0	54	0	
2	1807	-0.8968092	-9.24E-05	3501.629	-0.001525902	6	6	-0.8978869	0	0	0	0	0	0	0	0	0	0	0	0	0	54	0	
2	1808	-0.8961958	-9.22E-05	3502.629	-0.001525902	6	6	-0.8973869	0	0	0	0	0	0	0	0	0	0	0	0	0	54	0	
2	1809	-0.895889	-9.21E-05	3503.629	-0.001525902	6	6	-0.8968869	0	0	0	0	0	0	0	0	0	0	0	0	0	54	0	
2	1810	-0.8952757	-9.20E-05	3504.629	-0.001525902	6	6	-0.8963869	0	0	0	0	0	0	0	0	0	0	0	0	0	54	0	
2	1811	-0.8946622	-9.20E-05	3505.629	-0.001525902	6	6	-0.8958869	0	0	0	0	0	0	0	0	0	0	0	0	0	54	0	
2	1812	-0.8940488	-9.19E-05	3506.629	-0.001525902	6	6	-0.8953869	0	0	0	0	0	0	0	0	0	0	0	0	0	54	0	
2	1813	-0.8937421	-9.18E-05	3507.629	-0.001525902	6	6	-0.8948869	0	0	0	0	0	0	0	0	0	0	0	0	0	54	0	
2	1814	-0.8931287	-9.17E-05	3508.629	-0.001525902	6	6	-0.8943869	0	0	0	0	0	0	0	0	0	0	0	0	0	54	0	
2	1815	-0.892822	-9.16E-05	3509.629	-0.001525902	6	6	-0.8938869	0	0	0	0	0	0	0	0	0	0	0	0	0	54	0	
2	1816	-0.8922086	-9.15E-05	3510.629	-0.001525902	6	6	-0.8933869	0	0	0	0	0	0	0	0	0	0	0	0	0	54	0	
2	1817	-0.8915952	-9.14E-05	3511.629	-0.001525902	6	6	-0.8928869	0	0	0	0	0	0	0	0	0	0	0	0	0	54	0	
2	1818	-0.8912885	-9.13E-05	3512.629	-0.001525902	6	6	-0.8923869	0	0	0	0	0	0	0	0	0	0	0	0	0	54	0	
2	1819	-0.890675	-9.12E-05	3513.629	-0.001525902	6	6	-0.8918869	0	0	0	0	0	0	0	0	0	0	0	0	0	54	0	
2	1820	-0.8903683	-9.11E-05	3514.629	-0.001525902	6	6	-0.8913869	0	0	0	0	0	0	0	0	0	0	0	0	0	54	0	
2	1821	-0.8897549	-9.10E-05	3515.629	-0.001525902	6	6	-0.8908869	0	0	0	0	0	0	0	0	0	0	0	0	0	54	0	
2	1822	-0.8891415	-9.09E-05	3516.629	-0.001525902	6	6	-0.8903869	0	0	0	0	0	0	0	0	0	0	0	0	0	54	0	
2	1823	-0.8888348	-9.08E-05	3517.629	-0.001525902	6	6	-0.8898869	0	0	0	0	0	0	0	0	0	0	0	0	0	54	0	
2	1824	-0.8882214	-9.07E-05	3518.629	-0.001525902	6	6	-0.889387	0	0	0	0	0	0	0	0	0	0	0	0	0	54	0	
2	1825	-0.887608	-9.06E-05	3519.629	-0.001525902	6	6	-0.8888869	0	0	0	0	0	0	0	0	0	0	0	0	0	54	0	
2	1826	-0.8873013	-9.05E-05	3520.629	-0.001525902	6	6	-0.8883869	0	0	0	0	0	0	0	0	0	0	0	0	0	54	0	
2	1827	-0.8866879	-9.04E-05	3521.629	-0.001525902	6	6	-0.8878869	0	0	0	0	0	0	0	0	0	0	0	0	0	54	0	
2	1828	-0.8860744	-9.03E-05	3522.629	-0.001525902	6	6	-0.8873869	0	0	0	0	0	0	0	0	0	0	0	0	0	54	0	
2	1829	-0.8857678	-9.02E-05	3523.629	-0.001525902	6	6	-0.8868869	0	0	0	0	0	0	0	0	0	0	0	0	0	54	0	
2	1830	-0.885461	-9.01E-05	3524.629	-0.001525902	6	6	-0.8863869	0	0	0	0	0	0	0	0	0	0	0	0	0	54	0	
2	1831	-0.8848476	-9.00E-05	3525.629	-0.001525902	6	6	-0.8858869	0	0	0	0	0	0	0	0	0	0	0	0	0	54	0	
2	1832	-0.8842342	-8.99E-05	3526.629	-0.001525902	6	6	-0.8853869	0	0	0	0	0	0	0	0	0	0	0	0	0	54	0	
2	1833	-0.8836208	-8.98E-05	3527.629	-0.001525902	6	6	-0.8848869	0	0	0	0	0	0	0	0	0	0	0	0	0	54	0	
2	1834	-0.8833141	-8.98E-05	3528.629	-0.001525902	6	6	-0.8843869	0	0	0	0	0	0	0	0	0	0	0	0	0	54	0	
2	1835	-0.8827007	-8.97E-05	3529.629	-0.001525902	6	6	-0.8838869	0	0	0	0	0	0	0	0	0	0	0	0	0	54	0	
2	1836	-0.8820872	-8.96E-05	3530.629	-0.001525902	6	6	-0.8833869	0	0	0	0	0	0	0	0	0	0	0	0	0	54	0	
2	1837	-0.8817806	-8.95E-05	3531.629	-0.001525902	6	6	-0.8828869	0	0	0	0	0	0	0	0	0	0	0	0	0	54	0	
2	1838	-0.8811671	-8.94E-05	3532.629	-0.001525902	6	6	-0.8823869	0	0	0	0	0	0	0	0	0	0	0	0	0	54	0	
2	1839	-0.8808604	-8.93E-05	3533.629	-0.001525902	6	6	-0.8818869	0	0	0	0	0	0	0	0	0	0	0	0	0	54	0	
2	1840	-0.880247	-8.92E-05	3534.629	-0.001525902	6	6	-0.8813869	0	0	0	0	0	0	0	0	0	0	0	0	0	54	0	
2	1841	-0.8799403	-8.91E-05	3535.629	-0.001525902	6	6	-0.8808869	0	0	0	0	0	0	0	0	0	0	0	0	0	54	0	
2	1842	-0.8793269	-8.90E-05	3536.629	-0.001525902	6	6	-0.8803869	0	0	0	0	0	0	0	0	0	0	0	0	0	54	0	
2	1843	-0.8787135	-8.89E-05	3537.629	-0.001525902	6	6	-0.8798869	0	0	0	0	0	0	0	0	0	0	0	0	0	54	0	
2	1844	-0.8784068	-8.88E-05	3538.629	-0.001525902	6	6	-0.8793869	0	0	0	0	0	0	0	0	0	0	0	0	0	54	0	
2	1845	-0.8777934	-8.87E-05	3539.629	-0.001525902	6	6	-0.8788869	0	0	0	0	0	0	0	0	0	0	0	0	0	54	0	
2	1846	-0.87718	-8.86E-05	3540.629	-0.001525902	6	6	-0.8783869	0	0	0	0	0	0	0	0	0	0	0	0	0	54	0	
2	1847	-0.8768733	-8.85E-05	3541.629	-0.001525902	6	6	-0.877887	0	0	0	0	0	0	0	0	0	0	0	0	0	54	0	
2	1848	-0.8762599	-8.84E-05	3542.629	-0.001525902	6	6	-0.8773869	0	0	0	0	0	0	0	0	0	0	0	0	0	54	0	
2	1849	-0.8759531	-8.83E-05	3543.629	-0.001525902	6	6	-0.8768869	0	0	0	0	0	0	0	0	0	0	0	0	0	54	0	
2	1850	-0.8753397	-8.82E-05	3544.629	-0.001525902	6	6	-0.8763869	0	0	0	0	0	0	0	0	0	0	0	0	0	54	0	
2	1851	-0.8747263	-8.81E-05	3545.629	-0.001525902	6	6	-0.8758869	0	0	0	0	0	0	0	0	0	0	0	0	0	54	0	
2	1852	-0.8741129	-8.80E-05	3546.629	-0.001525902	6	6	-0.8753869	0	0	0	0	0	0	0	0	0	0	0	0	0	54	0	
2	1853	-0.8738062	-8.79E-05	3547.629	-0.001525902	6	6	-0.8748869	0	0	0	0	0	0	0	0	0	0	0	0	0	54	0	
2	1854	-0.8731928	-8.78E-05	3548.629	-0.001525902	6	6	-0.8743869	0	0	0	0	0	0	0	0	0	0	0	0	0	54	0	
2	1855	-0.8728861	-8.77E-05	3549.629	-0.001525902	6	6	-0.8738869	0	0	0	0	0	0	0	0	0	0	0	0	0	54	0	
2	1856	-0.8722727	-8.76E-05	3550.629	-0.001525902	6	6	-0.8733869	0	0	0	0	0	0	0	0	0	0	0	0	0	54	0	
2	1857	-0.8716592	-8.75E-05	3551.629	-0.001525902	6	6	-0.8728869	0	0	0	0	0	0	0	0	0	0	0	0	0	54	0	
2	1858	-0.8713526	-8.74E-05	3552.629	-0.001525902	6	6	-0.8723869	0	0	0	0	0	0	0	0	0	0	0	0	0	54	0	
2	1859	-0.8707391	-8.73E-05	3553.629	-0.001525902	6	6	-0.8718869	0	0	0	0	0	0	0	0	0	0	0	0	0	54	0	
2	1860	-0.8704324	-8.72E-05	3554.629	-0.001525902	6	6	-0.8713869	0	0	0	0	0	0	0	0	0	0	0	0	0	54	0	
2	1861	-0.869819	-8.72E-05	3555.629	-0.001525902	6	6	-0.8708869	0	0	0	0	0	0	0	0	0	0	0	0	0	54	0	
2	1862	-0.8692056	-8.71E-05	3556.629	-0.001525902	6	6	-0.8703869	0	0	0	0	0	0	0	0	0	0	0	0	0	54	0	
2	1863	-0.8688989	-8.70E-05	3557.629	-0.001525902	6	6	-0.8698869	0	0	0	0	0	0	0	0	0	0	0	0	0	54	0	
2	1864	-0.8682855	-8.69E-05	3558.629	-0.001525902	6	6	-0.8693869	0	0	0	0	0	0	0	0	0	0	0	0	0	54	0	
2	1865	-0.8676721	-8.68E-05	3559.629	-0.001525902	6	6	-0.8688869	0	0	0	0	0	0	0	0	0	0	0	0	0	54	0	
2	1866	-0.8673654	-8.67E-05	3560.629	-0.001525902	6	6	-0.8683869	0	0	0	0	0	0	0	0	0	0	0	0	0	54	0	
2	1867	-0.866752	-8.66E-05	3561.629	-0.001525902	6	6	-0.8678869	0	0	0	0	0	0	0	0	0	0	0	0	0	54	0	
2	1868	-0.8661385	-8.65E-05	3562.629	-0.001525902	6	6	-0.8673869	0	0	0	0	0	0	0	0	0	0	0	0	0	54	0	
2	1869	-0.8658319	-8.64E-05	3563.629	-0.001525902	6	6	-0.8668869	0	0	0	0	0	0	0	0	0	0	0	0	0	54	0	
2	1870	-0.8652184	-8.63E-05	3564.629	-0.001525902	6	6	-0.866387	0	0	0	0	0	0	0	0	0	0	0	0	0	54	0	
2	1871	-0.8649117	-8.62E-05	3565.629	-0.001525902	6	6	-0.8658869	0	0	0	0	0	0	0	0	0	0	0	0	0	54	0	
2	1872	-0.8642983	-8.61E-05	3566.629	-0.001525902	6	6	-0.8663635	0	0	0	0	0	0	0	0	0	0	0	0	0	54	0	
2	1873	-0.8639916	-8.60E-05	3567.629	-0.001525902	6	6	-0.8648869	0	0	0	0	0	0	0	0	0	0	0	0	0	54	0	
2	1874	-0.8633782	-8.59E-05	3568.629	-0.001525902	6	6	-0.8643869	0	0	0	0	0	0	0	0	0	0	0	0	0	54	0	
2	1875	-0.8630714	-8.58E-05	3569.629	-0.001525902	6	6	-0.8638869	0	0	0	0	0	0	0	0	0	0	0	0	0	54	0	
2	1876	-0.8624581	-8.57E-05	3570.629	-0.001525902	6	6	-0.8633869	0	0	0	0	0	0	0	0	0	0	0	0	0	54	0	
2	1877	-0.8618447	-8.57E-05	3571.629	-0.001525902	6	6	-0.8628869	0	0	0	0	0	0	0	0	0	0	0	0	0	54	0	
2	1878	-0.8615379	-8.56E-05	3572.629	-0.001525902	6	6	-0.8623869	0	0	0	0	0	0	0	0	0	0	0	0	0	54	0	
2	1879	-0.8609245	-8.55E-05	3573.629	-0.001525902	6	6	-0.8618869	0	0	0	0	0	0	0	0	0	0	0	0	0	54	0	
2	1880	-0.8606178	-8.55E-05	3574.629	-0.001525902	6	6	-0.8613869	0	0	0	0	0	0	0	0	0	0	0	0	0	54	0	
2	1881	-0.8600044	-8.54E-05	3575.629	-0.001525902	6	6	-0.8608869	0	0	0	0	0	0	0	0	0	0	0	0	0	54	0	
2	1882	-0.859391	-8.52E-05	3576.629	-0.001525902	6	6	-0.8603869	0	0	0	0	0	0	0	0	0	0	0	0	0	54	0	
2	1883	-0.8587776	-8.51E-05	3577.629	-0.001525902	6	6	-0.8598869	0	0	0	0	0	0	0	0	0	0	0	0	0	54	0	
2	1884	-0.8584709	-8.50E-05	3578.629	-0.001525902	6	6	-0.8593869	0	0	0	0	0	0	0	0	0	0	0	0	0	54	0	
2	1885	-0.8578575	-8.49E-05	3579.629	-0.001525902	6	6	-0.8588869	0	0	0	0	0	0	0	0	0	0	0	0	0	54	0	
2	1886	-0.8575507	-8.48E-05	3580.629	-0.001525902	6	6	-0.8583869	0	0	0	0	0	0	0	0	0	0	0	0	0	54	0	
2	1887	-0.8569373	-8.47E-05	3581.629	-0.001525902	6	6	-0.8578869	0	0	0	0	0	0	0	0	0	0	0	0	0	54	0	
2	1888	-0.8563239	-8.46E-05	3582.629	-0.001525902	6	6	-0.8573869	0	0	0	0	0	0	0	0	0	0	0	0	0	54	0	
2	1889	-0.8560172	-8.45E-05	3583.629	-0.001525902	6	6	-0.8568869	0	0	0	0	0	0	0	0	0	0	0	0	0	54	0	
2	1890	-0.8554038	-8.44E-05	3584.629	-0.001525902	6	6	-0.8563869	0	0	0	0	0	0	0	0	0	0	0	0	0	54	0	
2	1891	-0.8547904	-8.43E-05	3585.629	-0.001525902	6	6	-0.8558869	0	0	0	0	0	0	0	0	0	0	0	0	0	54	0	
2	1892	-0.8544837	-8.42E-05	3586.629	-0.001525902	6	6	-0.8553869	0	0	0	0	0	0	0	0	0	0	0	0	0	54	0	
2	1893	-0.8538703	-8.41E-05	3587.629	-0.001525902	6	6	-0.8548869	0	0	0	0	0	0	0	0	0	0	0	0	0	54	0	
2	1894	-0.8535635	-8.41E-05	3588.629	-0.001525902	6	6	-0.8543869	0	0	0	0	0	0	0	0	0	0	0	0	0	54	0	
2	1895	-0.8529502	-8.40E-05	3589.629	-0.001525902	6	6	-0.8538869	0	0	0	0	0	0	0	0	0	0	0	0	0	54	0	
2	1896	-0.8523368	-8.39E-05	3590.629	-0.001525902	6	6	-0.8533869	0	0	0	0	0	0	0	0	0	0	0	0	0	54	0	
2	1897	-0.85203	-8.38E-05	3591.629	-0.001525902	6	6	-0.8528869	0	0	0	0	0	0	0	0	0	0	0	0	0	54	0	
2	1898	-0.8514166	-8.37E-05	3592.629	-0.001525902	6	6	-0.8523869	0	0	0	0	0	0	0	0	0	0	0	0	0	54	0	
2	1899	-0.8508032	-8.36E-05	3593.629	-0.001525902	6	6	-0.8518869	0	0	0	0	0	0	0	0	0	0	0	0	0	54	0	
2	1900	-0.8504965	-8.35E-05	3594.629	-0.001525902	6	6	-0.8513869	0	0	0	0	0	0	0	0	0	0	0	0	0	54	0	
2	1901	-0.8498831	-8.34E-05	3595.629	-0.001525902	6	6	-0.8508869	0	0	0	0	0	0	0	0	0	0	0	0	0	54	0	
2	1902	-0.8495764	-8.33E-05	3596.629	-0.001525902	6	6	-0.8503869	0	0	0	0	0	0	0	0	0	0	0	0	0	54	0	
2	1903	-0.848963	-8.32E-05	3597.629	-0.001525902	6	6	-0.8498869	0	0	0	0	0	0	0	0	0	0	0	0	0	54	0	
2	1904	-0.8483496	-8.31E-05	3598.629	-0.001525902	6	6	-0.8493869	0	0	0	0	0	0	0	0	0	0	0	0	0	54	0	
2	1905	-0.8480428	-8.30E-05	3599.629	-0.001525902	6	6	-0.8488869	0	0	0	0	0	0	0	0	0	0	0	0	0	54	0	
2	1906	-0.8474295	-8.29E-05	3600.629	-0.001525902	6	6	-0.8483869	0	0	0	0	0	0	0	0	0	0	0	0	0	54	0	
2	1907	-0.8471227	-8.29E-05	3601.629	-0.001525902	6	6	-0.8478869	0	0	0	0	0	0	0	0	0	0	0	0	0	54	0	
2	1908	-0.8465093	-8.28E-05	3602.629	-0.001525902	6	6	-0.8473869	0	0	0	0	0	0	0	0	0	0	0	0	0	54	0	
2	1909	-0.8458959	-8.27E-05	3603.629	-0.001525902	6	6	-0.8468869	0	0	0	0	0	0	0	0	0	0	0	0	0	54	0	
2	1910	-0.8455892	-8.26E-05	3604.629	-0.001525902	6	6	-0.8463869	0	0	0	0	0	0	0	0	0	0	0	0	0	54	0	
2	1911	-0.8449758	-8.25E-05	3605.629	-0.001525902	6	6	-0.8458869	0	0	0	0	0	0	0	0	0	0	0	0	0	54	0	
2	1912	-0.8443624	-8.24E-05	3606.629	-0.001525902	6	6	-0.8453869	0	0	0	0	0	0	0	0	0	0	0	0	0	54	0	
2	1913	-0.8440557	-8.24E-05	3607.629	-0.001525902	6	6	-0.8448869	0	0	0	0	0	0	0	0	0	0	0	0	0	54	0	
2	1914	-0.8434423	-8.23E-05	3608.629	-0.001525902	6	6	-0.8443869	0	0	0	0	0	0	0	0	0	0	0	0	0	54	0	
2	1915	-0.8428289	-8.22E-05	3609.629	-0.001525902	6	6	-0.8438869	0	0	0	0	0	0	0	0	0	0	0	0	0	54	0	
2	1916	-0.8425221	-8.21E-05	3610.629	-0.001525902	6	6	-0.8433869	0	0	0	0	0	0	0	0	0	0	0	0	0	54	0	
2	1917	-0.8419088	-8.20E-05	3611.629	-0.001525902	6	6	-0.8428869	0	0	0	0	0	0	0	0	0	0	0	0	0	54	0	
2	1918	-0.841602	-8.20E-05	3612.629	-0.001525902	6	6	-0.8423869	0	0	0	0	0	0	0	0	0	0	0	0	0	54	0	
2	1919	-0.8409886	-8.19E-05	3613.629	-0.001525902	6	6	-0.8418869	0	0	0	0	0	0	0	0	0	0	0	0	0	54	0	
2	1920	-0.8406819	-8.18E-05	3614.629	-0.001525902	6	6	-0.8413869	0	0	0	0	0	0	0	0	0	0	0	0	0	54	0	
2	1921	-0.8400685	-8.17E-05	3615.629	-0.001525902	6	6	-0.840887	0	0	0	0	0	0	0	0	0	0	0	0	0	54	0	
2	1922	-0.8394551	-8.17E-05	3616.629	-0.001525902	6	6	-0.8403869	0	0	0	0	0	0	0	0	0	0	0	0	0	54	0	
2	1923	-0.8388417	-8.16E-05	3617.629	-0.001525902	6	6	-0.8398869	0	0	0	0	0	0	0	0	0	0	0	0	0	54	0	
2	1924	-0.838535	-8.15E-05	3618.629	-0.001525902	6	6	-0.8393869	0	0	0	0	0	0	0	0	0	0	0	0	0	54	0	
2	1925	-0.8379216	-8.14E-05	3619.629	-0.001525902	6	6	-0.8388869	0	0	0	0	0	0	0	0	0	0	0	0	0	54	0	
2	1926	-0.8376148	-8.13E-05	3620.629	-0.001525902	6	6	-0.8383869	0	0	0	0	0	0	0	0	0	0	0	0	0	54	0	
2	1927	-0.8370014	-8.12E-05	3621.629	-0.001525902	6	6	-0.8378869	0	0	0	0	0	0	0	0	0	0	0	0	0	54	0	
2	1928	-0.836388	-8.11E-05	3622.629	-0.001525902	6	6	-0.8373869	0	0	0	0	0	0	0	0	0	0	0	0	0	54	0	
2	1929	-0.8360813	-8.10E-05	3623.629	-0.001525902	6	6	-0.8368869	0	0	0	0	0	0	0	0	0	0	0	0	0	54	0	
2	1930	-0.8354679	-8.10E-05	3624.629	-0.001525902	6	6	-0.8363869	0	0	0	0	0	0	0	0	0	0	0	0	0	54	0	
2	1931	-0.8351612	-8.09E-05	3625.629	-0.001525902	6	6	-0.8358869	0	0	0	0	0	0	0	0	0	0	0	0	0	54	0	
2	1932	-0.8345478	-8.08E-05	3626.629	-0.001525902	6	6	-0.8353869	0	0	0	0	0	0	0	0	0	0	0	0	0	54	0	
2	1933	-0.8339344	-8.07E-05	3627.629	-0.001525902	6	6	-0.8348869	0	0	0	0	0	0	0	0	0	0	0	0	0	54	0	
2	1934	-0.8336276	-8.06E-05	3628.629	-0.001525902	6	6	-0.8343869	0	0	0	0	0	0	0	0	0	0	0	0	0	54	0	
2	1935	-0.8330142	-8.05E-05	3629.629	-0.001525902	6	6	-0.8338869	0	0	0	0	0	0	0	0	0	0	0	0	0	54	0	
2	1936	-0.8324009	-8.04E-05	3630.629	-0.001525902	6	6	-0.8333869	0	0	0	0	0	0	0	0	0	0	0	0	0	54	0	
2	1937	-0.8320941	-8.03E-05	3631.629	-0.001525902	6	6	-0.8328869	0	0	0	0	0	0	0	0	0	0	0	0	0	54	0	
2	1938	-0.8314807	-8.02E-05	3632.629	-0.001525902	6	6	-0.8323869	0	0	0	0	0	0	0	0	0	0	0	0	0	54	0	
2	1939	-0.8308673	-8.01E-05	3633.629	-0.001525902	6	6	-0.8318869	0	0	0	0	0	0	0	0	0	0	0	0	0	54	0	
2	1940	-0.8305606	-8.01E-05	3634.629	-0.001525902	6	6	-0.8313869	0	0	0	0	0	0	0	0	0	0	0	0	0	54	0	
2	1941	-0.8299472	-8.00E-05	3635.629	-0.001525902	6	6	-0.8308869	0	0	0	0	0	0	0	0	0	0	0	0	0	54	0	
2	1942	-0.8293338	-7.99E-05	3636.629	-0.001525902	6	6	-0.8303869	0	0	0	0	0	0	0	0	0	0	0	0	0	54	0	
2	1943	-0.8290271	-7.98E-05	3637.629	-0.001525902	6	6	-0.8298869	0	0	0	0	0	0	0	0	0	0	0	0	0	54	0	
2	1944	-0.8284137	-7.97E-05	3638.629	-0.001525902	6	6	-0.8293869	0	0	0	0	0	0	0	0	0	0	0	0	0	54	0	
2	1945	-0.8278002	-7.96E-05	3639.629	-0.001525902	6	6	-0.8288869	0	0	0	0	0	0	0	0	0	0	0	0	0	54	0	
2	1946	-0.8274935	-7.95E-05	3640.629	-0.001525902	6	6	-0.8283869	0	0	0	0	0	0	0	0	0	0	0	0	0	54	0	
2	1947	-0.8268801	-7.94E-05	3641.629	-0.001525902	6	6	-0.8278869	0	0	0	0	0	0	0	0	0	0	0	0	0	54	0	
2	1948	-0.8265734	-7.94E-05	3642.629	-0.001525902	6	6	-0.8273869	0	0	0	0	0	0	0	0	0	0	0	0	0	54	0	
2	1949	-0.82596	-7.93E-05	3643.629	-0.001525902	6	6	-0.8268869	0	0	0	0	0	0	0	0	0	0	0	0	0	54	0	
2	1950	-0.8253466	-7.92E-05	3644.629	-0.001525902	6	6	-0.8263869	0	0	0	0	0	0	0	0	0	0	0	0	0	54	0	
2	1951	-0.8250399	-7.91E-05	3645.629	-0.001525902	6	6	-0.8258869	0	0	0	0	0	0	0	0	0	0	0	0	0	54	0	
2	1952	-0.8244265	-7.90E-05	3646.629	-0.001525902	6	6	-0.8253869	0	0	0	0	0	0	0	0	0	0	0	0	0	54	0	
2	1953	-0.8238131	-7.89E-05	3647.629	-0.001525902	6	6	-0.8248869	0	0	0	0	0	0	0	0	0	0	0	0	0	54	0	
2	1954	-0.8235064	-7.88E-05	3648.629	-0.001525902	6	6	-0.8243869	0	0	0	0	0	0	0	0	0	0	0	0	0	54	0	
2	1955	-0.822893	-7.87E-05	3649.629	-0.001525902	6	6	-0.8238869	0	0	0	0	0	0	0	0	0	0	0	0	0	54	0	
2	1956	-0.8222795	-7.86E-05	3650.629	-0.001525902	6	6	-0.8233869	0	0	0	0	0	0	0	0	0	0	0	0	0	54	0	
2	1957	-0.8219728	-7.85E-05	3651.629	-0.001525902	6	6	-0.8228869	0	0	0	0	0	0	0	0	0	0	0	0	0	54	0	
2	1958	-0.8213594	-7.84E-05	3652.629	-0.001525902	6	6	-0.8223869	0	0	0	0	0	0	0	0	0	0	0	0	0	54	0	
2	1959	-0.8210527	-7.83E-05	3653.629	-0.001525902	6	6	-0.8218869	0	0	0	0	0	0	0	0	0	0	0	0	0	54	0	
2	1960	-0.8204393	-7.82E-05	3654.629	-0.001525902	6	6	-0.8213869	0	0	0	0	0	0	0	0	0	0	0	0	0	54	0	
2	1961	-0.8198259	-7.81E-05	3655.629	-0.001525902	6	6	-0.8208869	0	0	0	0	0	0	0	0	0	0	0	0	0	54	0	
2	1962	-0.8195192	-7.80E-05	3656.629	-0.001525902	6	6	-0.8203869	0	0	0	0	0	0	0	0	0	0	0	0	0	54	0	
2	1963	-0.8189058	-7.79E-05	3657.629	-0.001525902	6	6	-0.8198869	0	0	0	0	0	0	0	0	0	0	0	0	0	54	0	
2	1964	-0.818599	-7.78E-05	3658.629	-0.001525902	6	6	-0.8193869	0	0	0	0	0	0	0	0	0	0	0	0	0	54	0	
2	1965	-0.8179857	-7.77E-05	3659.629	-0.001525902	6	6	-0.8188869	0	0	0	0	0	0	0	0	0	0	0	0	0	54	0	
2	1966	-0.8173722	-7.76E-05	3660.629	-0.001525902	6	6	-0.8183869	0	0	0	0	0	0	0	0	0	0	0	0	0	54	0	
2	1967	-0.8170655	-7.75E-05	3661.629	-0.001525902	6	6	-0.8178869	0	0	0	0	0	0	0	0	0	0	0	0	0	54	0	
2	1968	-0.8164521	-7.74E-05	3662.629	-0.001525902	6	6	-0.8173869	0	0	0	0	0	0	0	0	0	0	0	0	0	54	0	
2	1969	-0.8158387	-7.73E-05	3663.629	-0.001525902	6	6	-0.8168869	0	0	0	0	0	0	0	0	0	0	0	0	0	54	0	
2	1970	-0.815532	-7.72E-05	3664.629	-0.001525902	6	6	-0.8163869	0	0	0	0	0	0	0	0	0	0	0	0	0	54	0	
2	1971	-0.8149186	-7.71E-05	3665.629	-0.001525902	6	6	-0.8158869	0	0	0	0	0	0	0	0	0	0	0	0	0	54	0	
2	1972	-0.8146119	-7.70E-05	3666.629	-0.001525902	6	6	-0.8153869	0	0	0	0	0	0	0	0	0	0	0	0	0	54	0	
2	1973	-0.8139985	-7.70E-05	3667.629	-0.001525902	6	6	-0.8148869	0	0	0	0	0	0	0	0	0	0	0	0	0	54	0	
2	1974	-0.813385	-7.69E-05	3668.629	-0.001525902	6	6	-0.8143869	0	0	0	0	0	0	0	0	0	0	0	0	0	54	0	
2	1975	-0.8130783	-7.68E-05	3669.629	-0.001525902	6	6	-0.8138869	0	0	0	0	0	0	0	0	0	0	0	0	0	54	0	
2	1976	-0.8124649	-7.67E-05	3670.629	-0.001525902	6	6	-0.8133869	0	0	0	0	0	0	0	0	0	0	0	0	0	54	0	
2	1977	-0.8121582	-7.66E-05	3671.629	-0.001525902	6	6	-0.8128869	0	0	0	0	0	0	0	0	0	0	0	0	0	54	0	
2	1978	-0.8115448	-7.65E-05	3672.629	-0.001525902	6	6	-0.8123869	0	0	0	0	0	0	0	0	0	0	0	0	0	54	0	
2	1979	-0.8109314	-7.65E-05	3673.629	-0.001525902	6	6	-0.8118869	0	0	0	0	0	0	0	0	0	0	0	0	0	54	0	
2	1980	-0.8106247	-7.71E-05	3674.629	-0.001525902	6	6	-0.8113869	0	0	0	0	0	0	0	0	0	0	0	0	0	54	0	
2	1981	-0.8100113	-7.72E-05	3675.629	-0.001525902	6	6	-0.8108869	0	0	0	0	0	0	0	0	0	0	0	0	0	54	0	
2	1982	-0.8093979	-7.70E-05	3676.629	-0.001525902	6	6	-0.8103869	0	0	0	0	0	0	0	0	0	0	0	0	0	54	0	
2	1983	-0.8090912	-7.68E-05	3677.629	-0.001525902	6	6	-0.8098869	0	0	0	0	0	0	0	0	0	0	0	0	0	54	0	
2	1984	-0.8084778	-7.66E-05	3678.629	-0.001525902	6	6	-0.8093869	0	0	0	0	0	0	0	0	0	0	0	0	0	54	0	
2	1985	-0.808171	-7.65E-05	3679.629	-0.001525902	6	6	-0.8088869	0	0	0	0	0	0	0	0	0	0	0	0	0	54	0	
2	1986	-0.8075576	-7.64E-05	3680.629	-0.001525902	6	6	-0.8083869	0	0	0	0	0	0	0	0	0	0	0	0	0	54	0	
2	1987	-0.8069442	-7.62E-05	3681.629	-0.001525902	6	6	-0.8078869	0	0	0	0	0	0	0	0	0	0	0	0	0	54	0	
2	1988	-0.8066375	-7.61E-05	3682.629	-0.001525902	6	6	-0.8073869	0	0	0	0	0	0	0	0	0	0	0	0	0	54	0	
2	1989	-0.8060241	-7.60E-05	3683.629	-0.001525902	6	6	-0.8068869	0	0	0	0	0	0	0	0	0	0	0	0	0	54	0	
2	1990	-0.8054107	-7.61E-05	3684.629	-0.001525902	6	6	-0.8063869	0	0	0	0	0	0	0	0	0	0	0	0	0	54	0	
2	1991	-0.805104	-7.61E-05	3685.629	-0.001525902	6	6	-0.8058869	0	0	0	0	0	0	0	0	0	0	0	0	0	54	0	
2	1992	-0.8044906	-7.59E-05	3686.629	-0.001525902	6	6	-0.8053869	0	0	0	0	0	0	0	0	0	0	0	0	0	54	0	
2	1993	-0.8038771	-7.58E-05	3687.629	-0.001525902	6	6	-0.8048869	0	0	0	0	0	0	0	0	0	0	0	0	0	54	0	
2	1994	-0.8035704	-7.56E-05	3688.629	-0.001525902	6	6	-0.8043869	0	0	0	0	0	0	0	0	0	0	0	0	0	54	0	
2	1995	-0.802957	-7.55E-05	3689.629	-0.001525902	6	6	-0.8038869	0	0	0	0	0	0	0	0	0	0	0	0	0	54	0	
2	1996	-0.8026503	-7.54E-05	3690.629	-0.001525902	6	6	-0.8033869	0	0	0	0	0	0	0	0	0	0	0	0	0	54	0	
2	1997	-0.8020369	-7.53E-05	3691.629	-0.001525902	6	6	-0.8038635	0	0	0	0	0	0	0	0	0	0	0	0	0	54	0	
2	1998	-0.8014235	-7.52E-05	3692.629	-0.001525902	6	6	-0.8023869	0	0	0	0	0	0	0	0	0	0	0	0	0	54	0	
2	1999	-0.8011168	-7.51E-05	3693.629	-0.001525902	6	6	-0.8018869	0	0	0	0	0	0	0	0	0	0	0	0	0	54	0	
2	2000	-0.8005034	-7.49E-05	3694.629	-0.001525902	6	6	-0.8013869	0	0	0	0	0	0	0	0	0	0	0	0	0	54	0	
2	2001	-0.79989	-7.48E-05	3695.629	-0.001525902	6	6	-0.8008869	0	0	0	0	0	0	0	0	0	0	0	0	0	54	0	
2	2002	-0.7995833	-7.47E-05	3696.629	-0.001525902	6	6	-0.8003869	0	0	0	0	0	0	0	0	0	0	0	0	0	54	0	
2	2003	-0.7989699	-7.46E-05	3697.629	-0.001525902	6	6	-0.7998869	0	0	0	0	0	0	0	0	0	0	0	0	0	54	0	
2	2004	-0.7986631	-7.45E-05	3698.629	-0.001525902	6	6	-0.7993869	0	0	0	0	0	0	0	0	0	0	0	0	0	54	0	
2	2005	-0.7980497	-7.44E-05	3699.629	-0.001525902	6	6	-0.7988869	0	0	0	0	0	0	0	0	0	0	0	0	0	54	0	
2	2006	-0.7974363	-7.43E-05	3700.629	-0.001525902	6	6	-0.7983869	0	0	0	0	0	0	0	0	0	0	0	0	0	54	0	
2	2007	-0.7971296	-7.42E-05	3701.629	-0.001525902	6	6	-0.7978869	0	0	0	0	0	0	0	0	0	0	0	0	0	54	0	
2	2008	-0.7965162	-7.41E-05	3702.629	-0.001525902	6	6	-0.7973869	0	0	0	0	0	0	0	0	0	0	0	0	0	54	0	
2	2009	-0.7959028	-7.40E-05	3703.629	-0.001525902	6	6	-0.7968869	0	0	0	0	0	0	0	0	0	0	0	0	0	54	0	
2	2010	-0.7955961	-7.39E-05	3704.629	-0.001525902	6	6	-0.7963869	0	0	0	0	0	0	0	0	0	0	0	0	0	54	0	
2	2011	-0.7949827	-7.38E-05	3705.629	-0.001525902	6	6	-0.7958869	0	0	0	0	0	0	0	0	0	0	0	0	0	54	0	
2	2012	-0.7943692	-7.37E-05	3706.629	-0.001525902	6	6	-0.7953869	0	0	0	0	0	0	0	0	0	0	0	0	0	54	0	
2	2013	-0.7940626	-7.36E-05	3707.629	-0.001525902	6	6	-0.7948869	0	0	0	0	0	0	0	0	0	0	0	0	0	54	0	
2	2014	-0.7934491	-7.35E-05	3708.629	-0.001525902	6	6	-0.7943869	0	0	0	0	0	0	0	0	0	0	0	0	0	54	0	
2	2015	-0.7928357	-7.34E-05	3709.629	-0.001525902	6	6	-0.7938869	0	0	0	0	0	0	0	0	0	0	0	0	0	54	0	
2	2016	-0.792529	-7.33E-05	3710.629	-0.001525902	6	6	-0.7933869	0	0	0	0	0	0	0	0	0	0	0	0	0	54	0	
2	2017	-0.7919156	-7.32E-05	3711.629	-0.001525902	6	6	-0.7928869	0	0	0	0	0	0	0	0	0	0	0	0	0	54	0	
2	2018	-0.7916089	-7.31E-05	3712.629	-0.001525902	6	6	-0.7923869	0	0	0	0	0	0	0	0	0	0	0	0	0	54	0	
2	2019	-0.7909955	-7.30E-05	3713.629	-0.001525902	6	6	-0.7918869	0	0	0	0	0	0	0	0	0	0	0	0	0	54	0	
2	2020	-0.7903821	-7.29E-05	3714.629	-0.001525902	6	6	-0.7913869	0	0	0	0	0	0	0	0	0	0	0	0	0	54	0	
2	2021	-0.7900754	-7.28E-05	3715.629	-0.001525902	6	6	-0.7908869	0	0	0	0	0	0	0	0	0	0	0	0	0	54	0	
2	2022	-0.789462	-7.27E-05	3716.629	-0.001525902	6	6	-0.7903869	0	0	0	0	0	0	0	0	0	0	0	0	0	54	0	
2	2023	-0.7891552	-7.26E-05	3717.629	-0.001525902	6	6	-0.7898869	0	0	0	0	0	0	0	0	0	0	0	0	0	54	0	
2	2024	-0.7885419	-7.25E-05	3718.629	-0.001525902	6	6	-0.7893869	0	0	0	0	0	0	0	0	0	0	0	0	0	54	0	
2	2025	-0.7879284	-7.24E-05	3719.629	-0.001525902	6	6	-0.7888869	0	0	0	0	0	0	0	0	0	0	0	0	0	54	0	
2	2026	-0.7876217	-7.23E-05	3720.629	-0.001525902	6	6	-0.7883869	0	0	0	0	0	0	0	0	0	0	0	0	0	54	0	
2	2027	-0.7870083	-7.22E-05	3721.629	-0.001525902	6	6	-0.7878869	0	0	0	0	0	0	0	0	0	0	0	0	0	54	0	
2	2028	-0.7867016	-7.21E-05	3722.629	-0.001525902	6	6	-0.7873869	0	0	0	0	0	0	0	0	0	0	0	0	0	54	0	
2	2029	-0.7860882	-7.20E-05	3723.629	-0.001525902	6	6	-0.7868869	0	0	0	0	0	0	0	0	0	0	0	0	0	54	0	
2	2030	-0.7854748	-7.19E-05	3724.629	-0.001525902	6	6	-0.7863869	0	0	0	0	0	0	0	0	0	0	0	0	0	54	0	
2	2031	-0.7848613	-7.18E-05	3725.629	-0.001525902	6	6	-0.7858869	0	0	0	0	0	0	0	0	0	0	0	0	0	54	0	
2	2032	-0.7845547	-7.17E-05	3726.629	-0.001525902	6	6	-0.7853869	0	0	0	0	0	0	0	0	0	0	0	0	0	54	0	
2	2033	-0.7839412	-7.15E-05	3727.629	-0.001525902	6	6	-0.7848869	0	0	0	0	0	0	0	0	0	0	0	0	0	54	0	
2	2034	-0.7836345	-7.14E-05	3728.629	-0.001525902	6	6	-0.7843869	0	0	0	0	0	0	0	0	0	0	0	0	0	54	0	
2	2035	-0.7830211	-7.13E-05	3729.629	-0.001525902	6	6	-0.7838869	0	0	0	0	0	0	0	0	0	0	0	0	0	54	0	
2	2036	-0.7827144	-7.12E-05	3730.629	-0.001525902	6	6	-0.7833869	0	0	0	0	0	0	0	0	0	0	0	0	0	54	0	
2	2037	-0.782101	-7.11E-05	3731.629	-0.001525902	6	6	-0.7828869	0	0	0	0	0	0	0	0	0	0	0	0	0	54	0	
2	2038	-0.7814876	-7.10E-05	3732.629	-0.001525902	6	6	-0.7823869	0	0	0	0	0	0	0	0	0	0	0	0	0	54	0	
2	2039	-0.7808742	-7.09E-05	3733.629	-0.001525902	6	6	-0.7818869	0	0	0	0	0	0	0	0	0	0	0	0	0	54	0	
2	2040	-0.7805675	-7.08E-05	3734.629	-0.001525902	6	6	-0.7813869	0	0	0	0	0	0	0	0	0	0	0	0	0	54	0	
2	2041	-0.7799541	-7.07E-05	3735.629	-0.001525902	6	6	-0.7808869	0	0	0	0	0	0	0	0	0	0	0	0	0	54	0	
2	2042	-0.7793406	-7.06E-05	3736.629	-0.001525902	6	6	-0.7803869	0	0	0	0	0	0	0	0	0	0	0	0	0	54	0	
2	2043	-0.779034	-7.05E-05	3737.629	-0.001525902	6	6	-0.7798869	0	0	0	0	0	0	0	0	0	0	0	0	0	54	0	
2	2044	-0.7784205	-7.04E-05	3738.629	-0.001525902	6	6	-0.7793869	0	0	0	0	0	0	0	0	0	0	0	0	0	54	0	
2	2045	-0.7781138	-7.03E-05	3739.629	-0.001525902	6	6	-0.7788869	0	0	0	0	0	0	0	0	0	0	0	0	0	54	0	
2	2046	-0.7775004	-7.02E-05	3740.629	-0.001525902	6	6	-0.7783869	0	0	0	0	0	0	0	0	0	0	0	0	0	54	0	
2	2047	-0.776887	-7.01E-05	3741.629	-0.001525902	6	6	-0.7778869	0	0	0	0	0	0	0	0	0	0	0	0	0	54	0	
2	2048	-0.7765803	-7.00E-05	3742.629	-0.001525902	6	6	-0.7773869	0	0	0	0	0	0	0	0	0	0	0	0	0	54	0	
2	2049	-0.7759669	-6.99E-05	3743.629	-0.001525902	6	6	-0.7768869	0	0	0	0	0	0	0	0	0	0	0	0	0	54	0	
2	2050	-0.7753534	-6.98E-05	3744.629	-0.001525902	6	6	-0.7763869	0	0	0	0	0	0	0	0	0	0	0	0	0	54	0	
2	2051	-0.7750468	-6.97E-05	3745.629	-0.001525902	6	6	-0.7758869	0	0	0	0	0	0	0	0	0	0	0	0	0	54	0	
2	2052	-0.7744333	-6.96E-05	3746.629	-0.001525902	6	6	-0.7753869	0	0	0	0	0	0	0	0	0	0	0	0	0	54	0	
2	2053	-0.7741266	-6.97E-05	3747.629	-0.001525902	6	6	-0.7748869	0	0	0	0	0	0	0	0	0	0	0	0	0	54	0	
2	2054	-0.7735132	-6.96E-05	3748.629	-0.001525902	6	6	-0.7743869	0	0	0	0	0	0	0	0	0	0	0	0	0	54	0	
2	2055	-0.7728998	-6.96E-05	3749.629	-0.001525902	6	6	-0.7738869	0	0	0	0	0	0	0	0	0	0	0	0	0	54	0	
2	2056	-0.7725931	-6.95E-05	3750.629	-0.001525902	6	6	-0.7733869	0	0	0	0	0	0	0	0	0	0	0	0	0	54	0	
2	2057	-0.7719797	-6.94E-05	3751.629	-0.001525902	6	6	-0.7728869	0	0	0	0	0	0	0	0	0	0	0	0	0	54	0	
2	2058	-0.7713663	-6.94E-05	3752.629	-0.001525902	6	6	-0.7723869	0	0	0	0	0	0	0	0	0	0	0	0	0	54	0	
2	2059	-0.7710596	-6.93E-05	3753.629	-0.001525902	6	6	-0.7718869	0	0	0	0	0	0	0	0	0	0	0	0	0	54	0	
2	2060	-0.7704462	-6.92E-05	3754.629	-0.001525902	6	6	-0.7713869	0	0	0	0	0	0	0	0	0	0	0	0	0	54	0	
2	2061	-0.7698327	-6.91E-05	3755.629	-0.001525902	6	6	-0.7708869	0	0	0	0	0	0	0	0	0	0	0	0	0	54	0	
2	2062	-0.769526	-6.90E-05	3756.629	-0.001525902	6	6	-0.7703869	0	0	0	0	0	0	0	0	0	0	0	0	0	54	0	
2	2063	-0.7689126	-6.89E-05	3757.629	-0.001525902	6	6	-0.7698869	0	0	0	0	0	0	0	0	0	0	0	0	0	54	0	
2	2064	-0.7686059	-6.88E-05	3758.629	-0.001525902	6	6	-0.7693869	0	0	0	0	0	0	0	0	0	0	0	0	0	54	0	
2	2065	-0.7679925	-6.87E-05	3759.629	-0.001525902	6	6	-0.7688869	0	0	0	0	0	0	0	0	0	0	0	0	0	54	0	
2	2066	-0.7676858	-6.86E-05	3760.629	-0.001525902	6	6	-0.7683869	0	0	0	0	0	0	0	0	0	0	0	0	0	54	0	
2	2067	-0.7670724	-6.86E-05	3761.629	-0.001525902	6	6	-0.7678869	0	0	0	0	0	0	0	0	0	0	0	0	0	54	0	
2	2068	-0.766459	-6.85E-05	3762.629	-0.001525902	6	6	-0.7673869	0	0	0	0	0	0	0	0	0	0	0	0	0	54	0	
2	2069	-0.7661523	-6.84E-05	3763.629	-0.001525902	6	6	-0.7668869	0	0	0	0	0	0	0	0	0	0	0	0	0	54	0	
2	2070	-0.7655389	-6.83E-05	3764.629	-0.001525902	6	6	-0.7663869	0	0	0	0	0	0	0	0	0	0	0	0	0	54	0	
2	2071	-0.7649254	-6.82E-05	3765.629	-0.001525902	6	6	-0.7658869	0	0	0	0	0	0	0	0	0	0	0	0	0	54	0	
2	2072	-0.7646188	-6.81E-05	3766.629	-0.001525902	6	6	-0.7653869	0	0	0	0	0	0	0	0	0	0	0	0	0	54	0	
2	2073	-0.7640053	-6.80E-05	3767.629	-0.001525902	6	6	-0.7648869	0	0	0	0	0	0	0	0	0	0	0	0	0	54	0	
2	2074	-0.7633919	-6.79E-05	3768.629	-0.001525902	6	6	-0.7643869	0	0	0	0	0	0	0	0	0	0	0	0	0	54	0	
2	2075	-0.7630852	-6.78E-05	3769.629	-0.001525902	6	6	-0.7638869	0	0	0	0	0	0	0	0	0	0	0	0	0	54	0	
2	2076	-0.7624718	-6.78E-05	3770.629	-0.001525902	6	6	-0.7633869	0	0	0	0	0	0	0	0	0	0	0	0	0	54	0	
2	2077	-0.7618584	-6.77E-05	3771.629	-0.001525902	6	6	-0.7628869	0	0	0	0	0	0	0	0	0	0	0	0	0	54	0	
2	2078	-0.7615517	-6.75E-05	3772.629	-0.001525902	6	6	-0.7623869	0	0	0	0	0	0	0	0	0	0	0	0	0	54	0	
2	2079	-0.7609382	-6.74E-05	3773.629	-0.001525902	6	6	-0.7618869	0	0	0	0	0	0	0	0	0	0	0	0	0	54	0	
2	2080	-0.7606316	-6.73E-05	3774.629	-0.001525902	6	6	-0.7613869	0	0	0	0	0	0	0	0	0	0	0	0	0	54	0	
2	2081	-0.7600181	-6.72E-05	3775.629	-0.001525902	6	6	-0.7608869	0	0	0	0	0	0	0	0	0	0	0	0	0	54	0	
2	2082	-0.7594047	-6.71E-05	3776.629	-0.001525902	6	6	-0.7603869	0	0	0	0	0	0	0	0	0	0	0	0	0	54	0	
2	2083	-0.759098	-6.70E-05	3777.629	-0.001525902	6	6	-0.7598869	0	0	0	0	0	0	0	0	0	0	0	0	0	54	0	
2	2084	-0.7584846	-6.69E-05	3778.629	-0.001525902	6	6	-0.7593869	0	0	0	0	0	0	0	0	0	0	0	0	0	54	0	
2	2085	-0.7581779	-6.68E-05	3779.629	-0.001525902	6	6	-0.7588869	0	0	0	0	0	0	0	0	0	0	0	0	0	54	0	
2	2086	-0.7575645	-6.67E-05	3780.629	-0.001525902	6	6	-0.7583869	0	0	0	0	0	0	0	0	0	0	0	0	0	54	0	
2	2087	-0.7569511	-6.66E-05	3781.629	-0.001525902	6	6	-0.7578869	0	0	0	0	0	0	0	0	0	0	0	0	0	54	0	
2	2088	-0.7566444	-6.65E-05	3782.629	-0.001525902	6	6	-0.7573869	0	0	0	0	0	0	0	0	0	0	0	0	0	54	0	
2	2089	-0.756031	-6.64E-05	3783.629	-0.001525902	6	6	-0.7568869	0	0	0	0	0	0	0	0	0	0	0	0	0	54	0	
2	2090	-0.7557243	-6.63E-05	3784.629	-0.001525902	6	6	-0.7563869	0	0	0	0	0	0	0	0	0	0	0	0	0	54	0	
2	2091	-0.7551109	-6.63E-05	3785.629	-0.001525902	6	6	-0.7558869	0	0	0	0	0	0	0	0	0	0	0	0	0	54	0	
2	2092	-0.7544974	-6.62E-05	3786.629	-0.001525902	6	6	-0.7553869	0	0	0	0	0	0	0	0	0	0	0	0	0	54	0	
2	2093	-0.753884	-6.61E-05	3787.629	-0.001525902	6	6	-0.7548869	0	0	0	0	0	0	0	0	0	0	0	0	0	54	0	
2	2094	-0.7535773	-6.60E-05	3788.629	-0.001525902	6	6	-0.7543869	0	0	0	0	0	0	0	0	0	0	0	0	0	54	0	
2	2095	-0.7529639	-6.59E-05	3789.629	-0.001525902	6	6	-0.7538869	0	0	0	0	0	0	0	0	0	0	0	0	0	54	0	
2	2096	-0.7523504	-6.58E-05	3790.629	-0.001525902	6	6	-0.7533869	0	0	0	0	0	0	0	0	0	0	0	0	0	54	0	
2	2097	-0.7520438	-6.57E-05	3791.629	-0.001525902	6	6	-0.7528869	0	0	0	0	0	0	0	0	0	0	0	0	0	54	0	
2	2098	-0.7514303	-6.56E-05	3792.629	-0.001525902	6	6	-0.7523869	0	0	0	0	0	0	0	0	0	0	0	0	0	54	0	
2	2099	-0.7511237	-6.55E-05	3793.629	-0.001525902	6	6	-0.7518869	0	0	0	0	0	0	0	0	0	0	0	0	0	54	0	
2	2100	-0.7505102	-6.54E-05	3794.629	-0.001525902	6	6	-0.7513869	0	0	0	0	0	0	0	0	0	0	0	0	0	54	0	
2	2101	-0.7498968	-6.53E-05	3795.629	-0.001525902	6	6	-0.7508869	0	0	0	0	0	0	0	0	0	0	0	0	0	54	0	
2	2102	-0.7495901	-6.52E-05	3796.629	-0.001525902	6	6	-0.7503869	0	0	0	0	0	0	0	0	0	0	0	0	0	54	0	
2	2103	-0.7489767	-6.51E-05	3797.629	-0.001525902	6	6	-0.7498869	0	0	0	0	0	0	0	0	0	0	0	0	0	54	0	
2	2104	-0.7483633	-6.50E-05	3798.629	-0.001525902	6	6	-0.7493869	0	0	0	0	0	0	0	0	0	0	0	0	0	54	0	
2	2105	-0.7480566	-6.49E-05	3799.629	-0.001525902	6	6	-0.7488869	0	0	0	0	0	0	0	0	0	0	0	0	0	54	0	
2	2106	-0.7474432	-6.48E-05	3800.629	-0.001525902	6	6	-0.7483869	0	0	0	0	0	0	0	0	0	0	0	0	0	54	0	
2	2107	-0.7468297	-6.47E-05	3801.629	-0.001525902	6	6	-0.7478869	0	0	0	0	0	0	0	0	0	0	0	0	0	54	0	
2	2108	-0.7465231	-6.46E-05	3802.629	-0.001525902	6	6	-0.7473869	0	0	0	0	0	0	0	0	0	0	0	0	0	54	0	
2	2109	-0.7459096	-6.45E-05	3803.629	-0.001525902	6	6	-0.7468869	0	0	0	0	0	0	0	0	0	0	0	0	0	54	0	
2	2110	-0.745603	-6.44E-05	3804.629	-0.001525902	6	6	-0.7463869	0	0	0	0	0	0	0	0	0	0	0	0	0	54	0	
2	2111	-0.7449895	-6.43E-05	3805.629	-0.001525902	6	6	-0.7458869	0	0	0	0	0	0	0	0	0	0	0	0	0	54	0	
2	2112	-0.7443761	-6.42E-05	3806.629	-0.001525902	6	6	-0.7453869	0	0	0	0	0	0	0	0	0	0	0	0	0	54	0	
2	2113	-0.7440694	-6.40E-05	3807.629	-0.001525902	6	6	-0.7448869	0	0	0	0	0	0	0	0	0	0	0	0	0	54	0	
2	2114	-0.743456	-6.39E-05	3808.629	-0.001525902	6	6	-0.7443869	0	0	0	0	0	0	0	0	0	0	0	0	0	54	0	
2	2115	-0.7431493	-6.38E-05	3809.629	-0.001525902	6	6	-0.7438869	0	0	0	0	0	0	0	0	0	0	0	0	0	54	0	
2	2116	-0.7425359	-6.37E-05	3810.629	-0.001525902	6	6	-0.7433869	0	0	0	0	0	0	0	0	0	0	0	0	0	54	0	
2	2117	-0.7419224	-6.36E-05	3811.629	-0.001525902	6	6	-0.7428869	0	0	0	0	0	0	0	0	0	0	0	0	0	54	0	
2	2118	-0.741309	-6.35E-05	3812.629	-0.001525902	6	6	-0.7423869	0	0	0	0	0	0	0	0	0	0	0	0	0	54	0	
2	2119	-0.7410023	-6.34E-05	3813.629	-0.001525902	6	6	-0.7418869	0	0	0	0	0	0	0	0	0	0	0	0	0	54	0	
2	2120	-0.7403889	-6.33E-05	3814.629	-0.001525902	6	6	-0.7413869	0	0	0	0	0	0	0	0	0	0	0	0	0	54	0	
2	2121	-0.7400822	-6.32E-05	3815.629	-0.001525902	6	6	-0.7408869	0	0	0	0	0	0	0	0	0	0	0	0	0	54	0	
2	2122	-0.7394688	-6.31E-05	3816.629	-0.001525902	6	6	-0.7413635	0	0	0	0	0	0	0	0	0	0	0	0	0	54	0	
2	2123	-0.7388554	-6.29E-05	3817.629	-0.001525902	6	6	-0.7398869	0	0	0	0	0	0	0	0	0	0	0	0	0	54	0	
2	2124	-0.7385487	-6.28E-05	3818.629	-0.001525902	6	6	-0.7393869	0	0	0	0	0	0	0	0	0	0	0	0	0	54	0	
2	2125	-0.7379353	-6.27E-05	3819.629	-0.001525902	6	6	-0.7388869	0	0	0	0	0	0	0	0	0	0	0	0	0	54	0	
2	2126	-0.7373219	-6.26E-05	3820.629	-0.001525902	6	6	-0.7383869	0	0	0	0	0	0	0	0	0	0	0	0	0	54	0	
2	2127	-0.7370152	-6.25E-05	3821.629	-0.001525902	6	6	-0.7378869	0	0	0	0	0	0	0	0	0	0	0	0	0	54	0	
2	2128	-0.7364017	-6.24E-05	3822.629	-0.001525902	6	6	-0.7373869	0	0	0	0	0	0	0	0	0	0	0	0	0	54	0	
2	2129	-0.7360951	-6.23E-05	3823.629	-0.001525902	6	6	-0.7368869	0	0	0	0	0	0	0	0	0	0	0	0	0	54	0	
2	2130	-0.7354816	-6.22E-05	3824.629	-0.001525902	6	6	-0.7363869	0	0	0	0	0	0	0	0	0	0	0	0	0	54	0	
2	2131	-0.7351749	-6.21E-05	3825.629	-0.001525902	6	6	-0.7358869	0	0	0	0	0	0	0	0	0	0	0	0	0	54	0	
2	2132	-0.7345615	-6.20E-05	3826.629	-0.001525902	6	6	-0.7353869	0	0	0	0	0	0	0	0	0	0	0	0	0	54	0	
2	2133	-0.7339481	-6.19E-05	3827.629	-0.001525902	6	6	-0.7348869	0	0	0	0	0	0	0	0	0	0	0	0	0	54	0	
2	2134	-0.7336414	-6.18E-05	3828.629	-0.001525902	6	6	-0.7343869	0	0	0	0	0	0	0	0	0	0	0	0	0	54	0	
2	2135	-0.733028	-6.17E-05	3829.629	-0.001525902	6	6	-0.7338869	0	0	0	0	0	0	0	0	0	0	0	0	0	54	0	
2	2136	-0.7324145	-6.16E-05	3830.629	-0.001525902	6	6	-0.7333869	0	0	0	0	0	0	0	0	0	0	0	0	0	54	0	
2	2137	-0.7321079	-6.15E-05	3831.629	-0.001525902	6	6	-0.7328869	0	0	0	0	0	0	0	0	0	0	0	0	0	54	0	
2	2138	-0.7314944	-6.14E-05	3832.629	-0.001525902	6	6	-0.7323869	0	0	0	0	0	0	0	0	0	0	0	0	0	54	0	
2	2139	-0.7311878	-6.13E-05	3833.629	-0.001525902	6	6	-0.7318869	0	0	0	0	0	0	0	0	0	0	0	0	0	54	0	
2	2140	-0.7305743	-6.12E-05	3834.629	-0.001525902	6	6	-0.7313869	0	0	0	0	0	0	0	0	0	0	0	0	0	54	0	
2	2141	-0.7299609	-6.11E-05	3835.629	-0.001525902	6	6	-0.7308869	0	0	0	0	0	0	0	0	0	0	0	0	0	54	0	
2	2142	-0.7296542	-6.09E-05	3836.629	-0.001525902	6	6	-0.7303869	0	0	0	0	0	0	0	0	0	0	0	0	0	54	0	
2	2143	-0.7290408	-6.08E-05	3837.629	-0.001525902	6	6	-0.7298869	0	0	0	0	0	0	0	0	0	0	0	0	0	54	0	
2	2144	-0.7284274	-6.07E-05	3838.629	-0.001525902	6	6	-0.7293869	0	0	0	0	0	0	0	0	0	0	0	0	0	54	0	
2	2145	-0.727814	-6.06E-05	3839.629	-0.001525902	6	6	-0.7288869	0	0	0	0	0	0	0	0	0	0	0	0	0	54	0	
2	2146	-0.7275073	-6.05E-05	3840.629	-0.001525902	6	6	-0.7283869	0	0	0	0	0	0	0	0	0	0	0	0	0	54	0	
2	2147	-0.7272006	-6.04E-05	3841.629	-0.001525902	6	6	-0.7278869	0	0	0	0	0	0	0	0	0	0	0	0	0	54	0	
2	2148	-0.7265871	-6.03E-05	3842.629	-0.001525902	6	6	-0.7273869	0	0	0	0	0	0	0	0	0	0	0	0	0	54	0	
2	2149	-0.7259737	-6.02E-05	3843.629	-0.001525902	6	6	-0.7268869	0	0	0	0	0	0	0	0	0	0	0	0	0	54	0	
2	2150	-0.725667	-6.01E-05	3844.629	-0.001525902	6	6	-0.7263869	0	0	0	0	0	0	0	0	0	0	0	0	0	54	0	
2	2151	-0.7250536	-6.00E-05	3845.629	-0.001525902	6	6	-0.7258869	0	0	0	0	0	0	0	0	0	0	0	0	0	54	0	
2	2152	-0.7244402	-5.99E-05	3846.629	-0.001525902	6	6	-0.7253869	0	0	0	0	0	0	0	0	0	0	0	0	0	54	0	
2	2153	-0.7241335	-5.98E-05	3847.629	-0.001525902	6	6	-0.7248869	0	0	0	0	0	0	0	0	0	0	0	0	0	54	0	
2	2154	-0.7235201	-5.96E-05	3848.629	-0.001525902	6	6	-0.7243869	0	0	0	0	0	0	0	0	0	0	0	0	0	54	0	
2	2155	-0.7229066	-5.95E-05	3849.629	-0.001525902	6	6	-0.7238869	0	0	0	0	0	0	0	0	0	0	0	0	0	54	0	
2	2156	-0.7226	-5.94E-05	3850.629	-0.001525902	6	6	-0.7233869	0	0	0	0	0	0	0	0	0	0	0	0	0	54	0	
2	2157	-0.7219865	-5.93E-05	3851.629	-0.001525902	6	6	-0.7228869	0	0	0	0	0	0	0	0	0	0	0	0	0	54	0	
2	2158	-0.7213731	-5.92E-05	3852.629	-0.001525902	6	6	-0.7223869	0	0	0	0	0	0	0	0	0	0	0	0	0	54	0	
2	2159	-0.7210664	-5.91E-05	3853.629	-0.001525902	6	6	-0.7218869	0	0	0	0	0	0	0	0	0	0	0	0	0	54	0	
2	2160	-0.720453	-5.90E-05	3854.629	-0.001525902	6	6	-0.7213869	0	0	0	0	0	0	0	0	0	0	0	0	0	54	0	
2	2161	-0.7201463	-5.89E-05	3855.629	-0.001525902	6	6	-0.7208869	0	0	0	0	0	0	0	0	0	0	0	0	0	54	0	
2	2162	-0.7195329	-5.88E-05	3856.629	-0.001525902	6	6	-0.7203869	0	0	0	0	0	0	0	0	0	0	0	0	0	54	0	
2	2163	-0.7189195	-5.86E-05	3857.629	-0.001525902	6	6	-0.7198869	0	0	0	0	0	0	0	0	0	0	0	0	0	54	0	
2	2164	-0.7186128	-5.85E-05	3858.629	-0.001525902	6	6	-0.7193869	0	0	0	0	0	0	0	0	0	0	0	0	0	54	0	
2	2165	-0.7179993	-5.84E-05	3859.629	-0.001525902	6	6	-0.7188869	0	0	0	0	0	0	0	0	0	0	0	0	0	54	0	
2	2166	-0.7173859	-5.83E-05	3860.629	-0.001525902	6	6	-0.7183869	0	0	0	0	0	0	0	0	0	0	0	0	0	54	0	
2	2167	-0.7170792	-5.82E-05	3861.629	-0.001525902	6	6	-0.7178869	0	0	0	0	0	0	0	0	0	0	0	0	0	54	0	
2	2168	-0.7164658	-5.81E-05	3862.629	-0.001525902	6	6	-0.7173869	0	0	0	0	0	0	0	0	0	0	0	0	0	54	0	
2	2169	-0.7158524	-5.80E-05	3863.629	-0.001525902	6	6	-0.7168869	0	0	0	0	0	0	0	0	0	0	0	0	0	54	0	
2	2170	-0.7155457	-5.79E-05	3864.629	-0.001525902	6	6	-0.7163869	0	0	0	0	0	0	0	0	0	0	0	0	0	54	0	
2	2171	-0.7149323	-5.78E-05	3865.629	-0.001525902	6	6	-0.7158869	0	0	0	0	0	0	0	0	0	0	0	0	0	54	0	
2	2172	-0.7146256	-5.77E-05	3866.629	-0.001525902	6	6	-0.7153869	0	0	0	0	0	0	0	0	0	0	0	0	0	54	0	
2	2173	-0.7140122	-5.76E-05	3867.629	-0.001525902	6	6	-0.7148869	0	0	0	0	0	0	0	0	0	0	0	0	0	54	0	
2	2174	-0.7137055	-5.75E-05	3868.629	-0.001525902	6	6	-0.7143869	0	0	0	0	0	0	0	0	0	0	0	0	0	54	0	
2	2175	-0.7130921	-5.73E-05	3869.629	-0.001525902	6	6	-0.7138869	0	0	0	0	0	0	0	0	0	0	0	0	0	54	0	
2	2176	-0.7124786	-5.72E-05	3870.629	-0.001525902	6	6	-0.7133869	0	0	0	0	0	0	0	0	0	0	0	0	0	54	0	
2	2177	-0.712172	-5.71E-05	3871.629	-0.001525902	6	6	-0.7128869	0	0	0	0	0	0	0	0	0	0	0	0	0	54	0	
2	2178	-0.7115585	-5.70E-05	3872.629	-0.001525902	6	6	-0.7123869	0	0	0	0	0	0	0	0	0	0	0	0	0	54	0	
2	2179	-0.7109451	-5.69E-05	3873.629	-0.001525902	6	6	-0.7118869	0	0	0	0	0	0	0	0	0	0	0	0	0	54	0	
2	2180	-0.7106384	-5.68E-05	3874.629	-0.001525902	6	6	-0.7113869	0	0	0	0	0	0	0	0	0	0	0	0	0	54	0	
2	2181	-0.710025	-5.67E-05	3875.629	-0.001525902	6	6	-0.7108869	0	0	0	0	0	0	0	0	0	0	0	0	0	54	0	
2	2182	-0.7097183	-5.66E-05	3876.629	-0.001525902	6	6	-0.7103869	0	0	0	0	0	0	0	0	0	0	0	0	0	54	0	
2	2183	-0.7091049	-5.65E-05	3877.629	-0.001525902	6	6	-0.7098869	0	0	0	0	0	0	0	0	0	0	0	0	0	54	0	
2	2184	-0.7084914	-5.64E-05	3878.629	-0.001525902	6	6	-0.7093869	0	0	0	0	0	0	0	0	0	0	0	0	0	54	0	
2	2185	-0.7081848	-5.63E-05	3879.629	-0.001525902	6	6	-0.7088869	0	0	0	0	0	0	0	0	0	0	0	0	0	54	0	
2	2186	-0.7075713	-5.62E-05	3880.629	-0.001525902	6	6	-0.7083869	0	0	0	0	0	0	0	0	0	0	0	0	0	54	0	
2	2187	-0.7072647	-5.61E-05	3881.629	-0.001525902	6	6	-0.7078869	0	0	0	0	0	0	0	0	0	0	0	0	0	54	0	
2	2188	-0.7066512	-5.59E-05	3882.629	-0.001525902	6	6	-0.7073869	0	0	0	0	0	0	0	0	0	0	0	0	0	54	0	
2	2189	-0.7060378	-5.58E-05	3883.629	-0.001525902	6	6	-0.7068869	0	0	0	0	0	0	0	0	0	0	0	0	0	54	0	
2	2190	-0.7057311	-5.57E-05	3884.629	-0.001525902	6	6	-0.7063869	0	0	0	0	0	0	0	0	0	0	0	0	0	54	0	
2	2191	-0.7051177	-5.56E-05	3885.629	-0.001525902	6	6	-0.7058869	0	0	0	0	0	0	0	0	0	0	0	0	0	54	0	
2	2192	-0.7045043	-5.55E-05	3886.629	-0.001525902	6	6	-0.7053869	0	0	0	0	0	0	0	0	0	0	0	0	0	54	0	
2	2193	-0.7041976	-5.54E-05	3887.629	-0.001525902	6	6	-0.7048869	0	0	0	0	0	0	0	0	0	0	0	0	0	54	0	
2	2194	-0.7035842	-5.53E-05	3888.629	-0.001525902	6	6	-0.7043869	0	0	0	0	0	0	0	0	0	0	0	0	0	54	0	
2	2195	-0.7029707	-5.52E-05	3889.629	-0.001525902	6	6	-0.7038869	0	0	0	0	0	0	0	0	0	0	0	0	0	54	0	
2	2196	-0.7026641	-5.51E-05	3890.629	-0.001525902	6	6	-0.7033869	0	0	0	0	0	0	0	0	0	0	0	0	0	54	0	
2	2197	-0.7020506	-5.50E-05	3891.629	-0.001525902	6	6	-0.7028869	0	0	0	0	0	0	0	0	0	0	0	0	0	54	0	
2	2198	-0.7014372	-5.49E-05	3892.629	-0.001525902	6	6	-0.7023869	0	0	0	0	0	0	0	0	0	0	0	0	0	54	0	
2	2199	-0.7011305	-5.47E-05	3893.629	-0.001525902	6	6	-0.7018869	0	0	0	0	0	0	0	0	0	0	0	0	0	54	0	
2	2200	-0.7005171	-5.46E-05	3894.629	-0.001525902	6	6	-0.7013869	0	0	0	0	0	0	0	0	0	0	0	0	0	54	0	
2	2201	-0.6999037	-5.45E-05	3895.629	-0.001525902	6	6	-0.7008869	0	0	0	0	0	0	0	0	0	0	0	0	0	54	0	
2	2202	-0.699597	-5.44E-05	3896.629	-0.001525902	6	6	-0.7003869	0	0	0	0	0	0	0	0	0	0	0	0	0	54	0	
2	2203	-0.6989836	-5.43E-05	3897.629	-0.001525902	6	6	-0.6998869	0	0	0	0	0	0	0	0	0	0	0	0	0	54	0	
2	2204	-0.6986769	-5.42E-05	3898.629	-0.001525902	6	6	-0.6993869	0	0	0	0	0	0	0	0	0	0	0	0	0	54	0	
2	2205	-0.6980634	-5.41E-05	3899.629	-0.001525902	6	6	-0.6988869	0	0	0	0	0	0	0	0	0	0	0	0	0	54	0	
2	2206	-0.69745	-5.40E-05	3900.629	-0.001525902	6	6	-0.6983869	0	0	0	0	0	0	0	0	0	0	0	0	0	54	0	
2	2207	-0.6971433	-5.39E-05	3901.629	-0.001525902	6	6	-0.6978869	0	0	0	0	0	0	0	0	0	0	0	0	0	54	0	
2	2208	-0.6965299	-5.38E-05	3902.629	-0.001525902	6	6	-0.6973869	0	0	0	0	0	0	0	0	0	0	0	0	0	54	0	
2	2209	-0.6962232	-5.37E-05	3903.629	-0.001525902	6	6	-0.6968869	0	0	0	0	0	0	0	0	0	0	0	0	0	54	0	
2	2210	-0.6956098	-5.36E-05	3904.629	-0.001525902	6	6	-0.6963869	0	0	0	0	0	0	0	0	0	0	0	0	0	54	0	
2	2211	-0.6949964	-5.35E-05	3905.629	-0.001525902	6	6	-0.6958869	0	0	0	0	0	0	0	0	0	0	0	0	0	54	0	
2	2212	-0.6946897	-5.34E-05	3906.629	-0.001525902	6	6	-0.6953869	0	0	0	0	0	0	0	0	0	0	0	0	0	54	0	
2	2213	-0.6940763	-5.33E-05	3907.629	-0.001525902	6	6	-0.6948869	0	0	0	0	0	0	0	0	0	0	0	0	0	54	0	
2	2214	-0.6934628	-5.32E-05	3908.629	-0.001525902	6	6	-0.6943869	0	0	0	0	0	0	0	0	0	0	0	0	0	54	0	
2	2215	-0.6931562	-5.31E-05	3909.629	-0.001525902	6	6	-0.6938869	0	0	0	0	0	0	0	0	0	0	0	0	0	54	0	
2	2216	-0.6925427	-5.30E-05	3910.629	-0.001525902	6	6	-0.6933869	0	0	0	0	0	0	0	0	0	0	0	0	0	54	0	
2	2217	-0.692236	-5.29E-05	3911.629	-0.001525902	6	6	-0.6928869	0	0	0	0	0	0	0	0	0	0	0	0	0	54	0	
2	2218	-0.6916226	-5.28E-05	3912.629	-0.001525902	6	6	-0.6923869	0	0	0	0	0	0	0	0	0	0	0	0	0	54	0	
2	2219	-0.6910092	-5.27E-05	3913.629	-0.001525902	6	6	-0.6918869	0	0	0	0	0	0	0	0	0	0	0	0	0	54	0	
2	2220	-0.6907025	-5.26E-05	3914.629	-0.001525902	6	6	-0.6913869	0	0	0	0	0	0	0	0	0	0	0	0	0	54	0	
2	2221	-0.6900891	-5.25E-05	3915.629	-0.001525902	6	6	-0.6908869	0	0	0	0	0	0	0	0	0	0	0	0	0	54	0	
2	2222	-0.6894757	-5.24E-05	3916.629	-0.001525902	6	6	-0.6903869	0	0	0	0	0	0	0	0	0	0	0	0	0	54	0	
2	2223	-0.689169	-5.23E-05	3917.629	-0.001525902	6	6	-0.6898869	0	0	0	0	0	0	0	0	0	0	0	0	0	54	0	
2	2224	-0.6888623	-5.22E-05	3918.629	-0.001525902	6	6	-0.6893869	0	0	0	0	0	0	0	0	0	0	0	0	0	54	0	
2	2225	-0.6882489	-5.21E-05	3919.629	-0.001525902	6	6	-0.6888869	0	0	0	0	0	0	0	0	0	0	0	0	0	54	0	
2	2226	-0.6876354	-5.20E-05	3920.629	-0.001525902	6	6	-0.6883869	0	0	0	0	0	0	0	0	0	0	0	0	0	54	0	
2	2227	-0.687022	-5.19E-05	3921.629	-0.001525902	6	6	-0.6878869	0	0	0	0	0	0	0	0	0	0	0	0	0	54	0	
2	2228	-0.6867153	-5.18E-05	3922.629	-0.001525902	6	6	-0.6873869	0	0	0	0	0	0	0	0	0	0	0	0	0	54	0	
2	2229	-0.6861019	-5.17E-05	3923.629	-0.001525902	6	6	-0.6868869	0	0	0	0	0	0	0	0	0	0	0	0	0	54	0	
2	2230	-0.6857952	-5.16E-05	3924.629	-0.001525902	6	6	-0.6863869	0	0	0	0	0	0	0	0	0	0	0	0	0	54	0	
2	2231	-0.6851818	-5.15E-05	3925.629	-0.001525902	6	6	-0.6858869	0	0	0	0	0	0	0	0	0	0	0	0	0	54	0	
2	2232	-0.6845684	-5.14E-05	3926.629	-0.001525902	6	6	-0.6853869	0	0	0	0	0	0	0	0	0	0	0	0	0	54	0	
2	2233	-0.683955	-5.13E-05	3927.629	-0.001525902	6	6	-0.6848869	0	0	0	0	0	0	0	0	0	0	0	0	0	54	0	
2	2234	-0.6836482	-5.12E-05	3928.629	-0.001525902	6	6	-0.6843869	0	0	0	0	0	0	0	0	0	0	0	0	0	54	0	
2	2235	-0.6830348	-5.11E-05	3929.629	-0.001525902	6	6	-0.6838869	0	0	0	0	0	0	0	0	0	0	0	0	0	54	0	
2	2236	-0.6827281	-5.10E-05	3930.629	-0.001525902	6	6	-0.6833869	0	0	0	0	0	0	0	0	0	0	0	0	0	54	0	
2	2237	-0.6821147	-5.09E-05	3931.629	-0.001525902	6	6	-0.6828869	0	0	0	0	0	0	0	0	0	0	0	0	0	54	0	
2	2238	-0.6815013	-5.08E-05	3932.629	-0.001525902	6	6	-0.6823869	0	0	0	0	0	0	0	0	0	0	0	0	0	54	0	
2	2239	-0.6811946	-5.07E-05	3933.629	-0.001525902	6	6	-0.6818869	0	0	0	0	0	0	0	0	0	0	0	0	0	54	0	
2	2240	-0.6805812	-5.06E-05	3934.629	-0.001525902	6	6	-0.6813869	0	0	0	0	0	0	0	0	0	0	0	0	0	54	0	
2	2241	-0.6799678	-5.05E-05	3935.629	-0.001525902	6	6	-0.6808869	0	0	0	0	0	0	0	0	0	0	0	0	0	54	0	
2	2242	-0.6796611	-5.04E-05	3936.629	-0.001525902	6	6	-0.6803869	0	0	0	0	0	0	0	0	0	0	0	0	0	54	0	
2	2243	-0.6790476	-5.03E-05	3937.629	-0.001525902	6	6	-0.6798869	0	0	0	0	0	0	0	0	0	0	0	0	0	54	0	
2	2244	-0.678741	-5.02E-05	3938.629	-0.001525902	6	6	-0.6793869	0	0	0	0	0	0	0	0	0	0	0	0	0	54	0	
2	2245	-0.6781275	-5.01E-05	3939.629	-0.001525902	6	6	-0.6788869	0	0	0	0	0	0	0	0	0	0	0	0	0	54	0	
2	2246	-0.6775141	-5.00E-05	3940.629	-0.001525902	6	6	-0.6783869	0	0	0	0	0	0	0	0	0	0	0	0	0	54	0	
2	2247	-0.6772074	-4.99E-05	3941.629	-0.001525902	6	6	-0.6788635	0	0	0	0	0	0	0	0	0	0	0	0	0	54	0	
2	2248	-0.676594	-4.98E-05	3942.629	-0.001525902	6	6	-0.6773869	0	0	0	0	0	0	0	0	0	0	0	0	0	54	0	
2	2249	-0.6762873	-4.97E-05	3943.629	-0.001525902	6	6	-0.6768869	0	0	0	0	0	0	0	0	0	0	0	0	0	54	0	
2	2250	-0.6756739	-4.96E-05	3944.629	-0.001525902	6	6	-0.6763869	0	0	0	0	0	0	0	0	0	0	0	0	0	54	0	
2	2251	-0.6750605	-4.95E-05	3945.629	-0.001525902	6	6	-0.6758869	0	0	0	0	0	0	0	0	0	0	0	0	0	54	0	
2	2252	-0.6747538	-4.94E-05	3946.629	-0.001525902	6	6	-0.6753869	0	0	0	0	0	0	0	0	0	0	0	0	0	54	0	
2	2253	-0.6741403	-4.93E-05	3947.629	-0.001525902	6	6	-0.6748869	0	0	0	0	0	0	0	0	0	0	0	0	0	54	0	
2	2254	-0.6735269	-4.92E-05	3948.629	-0.001525902	6	6	-0.6743869	0	0	0	0	0	0	0	0	0	0	0	0	0	54	0	
2	2255	-0.6732202	-4.91E-05	3949.629	-0.001525902	6	6	-0.6738869	0	0	0	0	0	0	0	0	0	0	0	0	0	54	0	
2	2256	-0.6726068	-4.90E-05	3950.629	-0.001525902	6	6	-0.6733869	0	0	0	0	0	0	0	0	0	0	0	0	0	54	0	
2	2257	-0.6723001	-4.89E-05	3951.629	-0.001525902	6	6	-0.6728869	0	0	0	0	0	0	0	0	0	0	0	0	0	54	0	
2	2258	-0.6716867	-4.88E-05	3952.629	-0.001525902	6	6	-0.6723869	0	0	0	0	0	0	0	0	0	0	0	0	0	54	0	
2	2259	-0.6710733	-4.87E-05	3953.629	-0.001525902	6	6	-0.6718869	0	0	0	0	0	0	0	0	0	0	0	0	0	54	0	
2	2260	-0.6707666	-4.86E-05	3954.629	-0.001525902	6	6	-0.6713869	0	0	0	0	0	0	0	0	0	0	0	0	0	54	0	
2	2261	-0.6701532	-4.85E-05	3955.629	-0.001525902	6	6	-0.6708869	0	0	0	0	0	0	0	0	0	0	0	0	0	54	0	
2	2262	-0.6695397	-4.84E-05	3956.629	-0.001525902	6	6	-0.6703869	0	0	0	0	0	0	0	0	0	0	0	0	0	54	0	
2	2263	-0.6692331	-4.83E-05	3957.629	-0.001525902	6	6	-0.6698869	0	0	0	0	0	0	0	0	0	0	0	0	0	54	0	
2	2264	-0.6686196	-4.82E-05	3958.629	-0.001525902	6	6	-0.6693869	0	0	0	0	0	0	0	0	0	0	0	0	0	54	0	
2	2265	-0.6680062	-4.81E-05	3959.629	-0.001525902	6	6	-0.6688869	0	0	0	0	0	0	0	0	0	0	0	0	0	54	0	
2	2266	-0.6676995	-4.80E-05	3960.629	-0.001525902	6	6	-0.6683869	0	0	0	0	0	0	0	0	0	0	0	0	0	54	0	
2	2267	-0.6670861	-4.79E-05	3961.629	-0.001525902	6	6	-0.6678869	0	0	0	0	0	0	0	0	0	0	0	0	0	54	0	
2	2268	-0.6667794	-4.78E-05	3962.629	-0.001525902	6	6	-0.6673869	0	0	0	0	0	0	0	0	0	0	0	0	0	54	0	
2	2269	-0.666166	-4.77E-05	3963.629	-0.001525902	6	6	-0.6668869	0	0	0	0	0	0	0	0	0	0	0	0	0	54	0	
2	2270	-0.6655526	-4.76E-05	3964.629	-0.001525902	6	6	-0.6663869	0	0	0	0	0	0	0	0	0	0	0	0	0	54	0	
2	2271	-0.6652459	-4.75E-05	3965.629	-0.001525902	6	6	-0.6658869	0	0	0	0	0	0	0	0	0	0	0	0	0	54	0	
2	2272	-0.6646324	-4.74E-05	3966.629	-0.001525902	6	6	-0.6653869	0	0	0	0	0	0	0	0	0	0	0	0	0	54	0	
2	2273	-0.664019	-4.73E-05	3967.629	-0.001525902	6	6	-0.6648869	0	0	0	0	0	0	0	0	0	0	0	0	0	54	0	
2	2274	-0.6637123	-4.72E-05	3968.629	-0.001525902	6	6	-0.6643869	0	0	0	0	0	0	0	0	0	0	0	0	0	54	0	
2	2275	-0.6630989	-4.71E-05	3969.629	-0.001525902	6	6	-0.6638869	0	0	0	0	0	0	0	0	0	0	0	0	0	54	0	
2	2276	-0.6624855	-4.70E-05	3970.629	-0.001525902	6	6	-0.6633869	0	0	0	0	0	0	0	0	0	0	0	0	0	54	0	
2	2277	-0.6621788	-4.69E-05	3971.629	-0.001525902	6	6	-0.6628869	0	0	0	0	0	0	0	0	0	0	0	0	0	54	0	
2	2278	-0.6615654	-4.68E-05	3972.629	-0.001525902	6	6	-0.6623869	0	0	0	0	0	0	0	0	0	0	0	0	0	54	0	
2	2279	-0.6612587	-4.67E-05	3973.629	-0.001525902	6	6	-0.6618869	0	0	0	0	0	0	0	0	0	0	0	0	0	54	0	
2	2280	-0.6606453	-4.66E-05	3974.629	-0.001525902	6	6	-0.6613869	0	0	0	0	0	0	0	0	0	0	0	0	0	54	0	
2	2281	-0.6600319	-4.65E-05	3975.629	-0.001525902	6	6	-0.6608869	0	0	0	0	0	0	0	0	0	0	0	0	0	54	0	
2	2282	-0.6597252	-4.64E-05	3976.629	-0.001525902	6	6	-0.6603869	0	0	0	0	0	0	0	0	0	0	0	0	0	54	0	
2	2283	-0.6591117	-4.63E-05	3977.629	-0.001525902	6	6	-0.6598869	0	0	0	0	0	0	0	0	0	0	0	0	0	54	0	
2	2284	-0.6584983	-4.62E-05	3978.629	-0.001525902	6	6	-0.6593869	0	0	0	0	0	0	0	0	0	0	0	0	0	54	0	
2	2285	-0.6581916	-4.61E-05	3979.629	-0.001525902	6	6	-0.6588869	0	0	0	0	0	0	0	0	0	0	0	0	0	54	0	
2	2286	-0.6575782	-4.60E-05	3980.629	-0.001525902	6	6	-0.6583869	0	0	0	0	0	0	0	0	0	0	0	0	0	54	0	
2	2287	-0.6572715	-4.59E-05	3981.629	-0.001525902	6	6	-0.6578869	0	0	0	0	0	0	0	0	0	0	0	0	0	54	0	
2	2288	-0.6566581	-4.58E-05	3982.629	-0.001525902	6	6	-0.6573869	0	0	0	0	0	0	0	0	0	0	0	0	0	54	0	
2	2289	-0.6560447	-4.57E-05	3983.629	-0.001525902	6	6	-0.6568869	0	0	0	0	0	0	0	0	0	0	0	0	0	54	0	
2	2290	-0.655738	-4.56E-05	3984.629	-0.001525902	6	6	-0.6563869	0	0	0	0	0	0	0	0	0	0	0	0	0	54	0	
2	2291	-0.6551245	-4.55E-05	3985.629	-0.001525902	6	6	-0.6558869	0	0	0	0	0	0	0	0	0	0	0	0	0	54	0	
2	2292	-0.6545112	-4.54E-05	3986.629	-0.001525902	6	6	-0.6553869	0	0	0	0	0	0	0	0	0	0	0	0	0	54	0	
2	2293	-0.6542044	-4.53E-05	3987.629	-0.001525902	6	6	-0.6548869	0	0	0	0	0	0	0	0	0	0	0	0	0	54	0	
2	2294	-0.653591	-4.52E-05	3988.629	-0.001525902	6	6	-0.6543869	0	0	0	0	0	0	0	0	0	0	0	0	0	54	0	
2	2295	-0.6532843	-4.51E-05	3989.629	-0.001525902	6	6	-0.6538869	0	0	0	0	0	0	0	0	0	0	0	0	0	54	0	
2	2296	-0.6526709	-4.51E-05	3990.629	-0.001525902	6	6	-0.6533869	0	0	0	0	0	0	0	0	0	0	0	0	0	54	0	
2	2297	-0.6520575	-4.50E-05	3991.629	-0.001525902	6	6	-0.6528869	0	0	0	0	0	0	0	0	0	0	0	0	0	54	0	
2	2298	-0.6514441	-4.49E-05	3992.629	-0.001525902	6	6	-0.6523869	0	0	0	0	0	0	0	0	0	0	0	0	0	54	0	
2	2299	-0.6511374	-4.48E-05	3993.629	-0.001525902	6	6	-0.6518869	0	0	0	0	0	0	0	0	0	0	0	0	0	54	0	
2	2300	-0.650524	-4.47E-05	3994.629	-0.001525902	6	6	-0.6513869	0	0	0	0	0	0	0	0	0	0	0	0	0	54	0	
2	2301	-0.6502173	-4.46E-05	3995.629	-0.001525902	6	6	-0.6508869	0	0	0	0	0	0	0	0	0	0	0	0	0	54	0	
2	2302	-0.6496038	-4.45E-05	3996.629	-0.001525902	6	6	-0.6503869	0	0	0	0	0	0	0	0	0	0	0	0	0	54	0	
2	2303	-0.6492971	-4.44E-05	3997.629	-0.001525902	6	6	-0.6498869	0	0	0	0	0	0	0	0	0	0	0	0	0	54	0	
2	2304	-0.6486837	-4.44E-05	3998.629	-0.001525902	6	6	-0.6493869	0	0	0	0	0	0	0	0	0	0	0	0	0	54	0	
2	2305	-0.6480703	-4.43E-05	3999.629	-0.001525902	6	6	-0.6488869	0	0	0	0	0	0	0	0	0	0	0	0	0	54	0	
2	2306	-0.6477636	-4.42E-05	4000.629	-0.001525902	6	6	-0.6483869	0	0	0	0	0	0	0	0	0	0	0	0	0	54	0	
2	2307	-0.6471502	-4.41E-05	4001.629	-0.001525902	6	6	-0.6478869	0	0	0	0	0	0	0	0	0	0	0	0	0	54	0	
2	2308	-0.6465368	-4.40E-05	4002.629	-0.001525902	6	6	-0.6473869	0	0	0	0	0	0	0	0	0	0	0	0	0	54	0	
2	2309	-0.6462301	-4.39E-05	4003.629	-0.001525902	6	6	-0.6468869	0	0	0	0	0	0	0	0	0	0	0	0	0	54	0	
2	2310	-0.6456167	-4.38E-05	4004.629	-0.001525902	6	6	-0.6463869	0	0	0	0	0	0	0	0	0	0	0	0	0	54	0	
2	2311	-0.64531	-4.37E-05	4005.629	-0.001525902	6	6	-0.6458869	0	0	0	0	0	0	0	0	0	0	0	0	0	54	0	
2	2312	-0.6446965	-4.36E-05	4006.629	-0.001525902	6	6	-0.6453869	0	0	0	0	0	0	0	0	0	0	0	0	0	54	0	
2	2313	-0.6440831	-4.35E-05	4007.629	-0.001525902	6	6	-0.6448869	0	0	0	0	0	0	0	0	0	0	0	0	0	54	0	
2	2314	-0.6437764	-4.34E-05	4008.629	-0.001525902	6	6	-0.6443869	0	0	0	0	0	0	0	0	0	0	0	0	0	54	0	
2	2315	-0.643163	-4.33E-05	4009.629	-0.001525902	6	6	-0.6438869	0	0	0	0	0	0	0	0	0	0	0	0	0	54	0	
2	2316	-0.6425496	-4.32E-05	4010.629	-0.001525902	6	6	-0.6433869	0	0	0	0	0	0	0	0	0	0	0	0	0	54	0	
2	2317	-0.6422429	-4.31E-05	4011.629	-0.001525902	6	6	-0.6428869	0	0	0	0	0	0	0	0	0	0	0	0	0	54	0	
2	2318	-0.6416295	-4.30E-05	4012.629	-0.001525902	6	6	-0.6423869	0	0	0	0	0	0	0	0	0	0	0	0	0	54	0	
2	2319	-0.6410161	-4.29E-05	4013.629	-0.001525902	6	6	-0.6418869	0	0	0	0	0	0	0	0	0	0	0	0	0	54	0	
2	2320	-0.6407093	-4.28E-05	4014.629	-0.001525902	6	6	-0.6413869	0	0	0	0	0	0	0	0	0	0	0	0	0	54	0	
2	2321	-0.6400959	-4.27E-05	4015.629	-0.001525902	6	6	-0.6408869	0	0	0	0	0	0	0	0	0	0	0	0	0	54	0	
2	2322	-0.6397892	-4.26E-05	4016.629	-0.001525902	6	6	-0.6403869	0	0	0	0	0	0	0	0	0	0	0	0	0	54	0	
2	2323	-0.6391758	-4.25E-05	4017.629	-0.001525902	6	6	-0.6398869	0	0	0	0	0	0	0	0	0	0	0	0	0	54	0	
2	2324	-0.6385624	-4.24E-05	4018.629	-0.001525902	6	6	-0.6393869	0	0	0	0	0	0	0	0	0	0	0	0	0	54	0	
2	2325	-0.6382557	-4.23E-05	4019.629	-0.001525902	6	6	-0.6388869	0	0	0	0	0	0	0	0	0	0	0	0	0	54	0	
2	2326	-0.6376423	-4.22E-05	4020.629	-0.001525902	6	6	-0.6383869	0	0	0	0	0	0	0	0	0	0	0	0	0	54	0	
2	2327	-0.6370289	-4.21E-05	4021.629	-0.001525902	6	6	-0.6378869	0	0	0	0	0	0	0	0	0	0	0	0	0	54	0	
2	2328	-0.6367222	-4.20E-05	4022.629	-0.001525902	6	6	-0.6373869	0	0	0	0	0	0	0	0	0	0	0	0	0	54	0	
2	2329	-0.6361088	-4.19E-05	4023.629	-0.001525902	6	6	-0.6368869	0	0	0	0	0	0	0	0	0	0	0	0	0	54	0	
2	2330	-0.6358021	-4.18E-05	4024.629	-0.001525902	6	6	-0.6363869	0	0	0	0	0	0	0	0	0	0	0	0	0	54	0	
2	2331	-0.6351886	-4.17E-05	4025.629	-0.001525902	6	6	-0.6358869	0	0	0	0	0	0	0	0	0	0	0	0	0	54	0	
2	2332	-0.6345752	-4.16E-05	4026.629	-0.001525902	6	6	-0.6353869	0	0	0	0	0	0	0	0	0	0	0	0	0	54	0	
2	2333	-0.6342685	-4.15E-05	4027.629	-0.001525902	6	6	-0.6348869	0	0	0	0	0	0	0	0	0	0	0	0	0	54	0	
2	2334	-0.6336551	-4.14E-05	4028.629	-0.001525902	6	6	-0.6343869	0	0	0	0	0	0	0	0	0	0	0	0	0	54	0	
2	2335	-0.6330417	-4.13E-05	4029.629	-0.001525902	6	6	-0.6338869	0	0	0	0	0	0	0	0	0	0	0	0	0	54	0	
2	2336	-0.632735	-4.12E-05	4030.629	-0.001525902	6	6	-0.6333869	0	0	0	0	0	0	0	0	0	0	0	0	0	54	0	
2	2337	-0.6321216	-4.11E-05	4031.629	-0.001525902	6	6	-0.6328869	0	0	0	0	0	0	0	0	0	0	0	0	0	54	0	
2	2338	-0.6318149	-4.10E-05	4032.629	-0.001525902	6	6	-0.6323869	0	0	0	0	0	0	0	0	0	0	0	0	0	54	0	
2	2339	-0.6312014	-4.09E-05	4033.629	-0.001525902	6	6	-0.6318869	0	0	0	0	0	0	0	0	0	0	0	0	0	54	0	
2	2340	-0.6305881	-4.08E-05	4034.629	-0.001525902	6	6	-0.6313869	0	0	0	0	0	0	0	0	0	0	0	0	0	54	0	
2	2341	-0.6302813	-4.07E-05	4035.629	-0.001525902	6	6	-0.6308869	0	0	0	0	0	0	0	0	0	0	0	0	0	54	0	
2	2342	-0.6296679	-4.06E-05	4036.629	-0.001525902	6	6	-0.6303869	0	0	0	0	0	0	0	0	0	0	0	0	0	54	0	
2	2343	-0.6293612	-4.05E-05	4037.629	-0.001525902	6	6	-0.6298869	0	0	0	0	0	0	0	0	0	0	0	0	0	54	0	
2	2344	-0.6287478	-4.04E-05	4038.629	-0.001525902	6	6	-0.6293869	0	0	0	0	0	0	0	0	0	0	0	0	0	54	0	
2	2345	-0.6281344	-4.03E-05	4039.629	-0.001525902	6	6	-0.6288869	0	0	0	0	0	0	0	0	0	0	0	0	0	54	0	
2	2346	-0.6278277	-4.03E-05	4040.629	-0.001525902	6	6	-0.6283869	0	0	0	0	0	0	0	0	0	0	0	0	0	54	0	
2	2347	-0.6272143	-4.02E-05	4041.629	-0.001525902	6	6	-0.6278869	0	0	0	0	0	0	0	0	0	0	0	0	0	54	0	
2	2348	-0.6266009	-4.01E-05	4042.629	-0.001525902	6	6	-0.6273869	0	0	0	0	0	0	0	0	0	0	0	0	0	54	0	
2	2349	-0.6259875	-4.00E-05	4043.629	-0.001525902	6	6	-0.6268869	0	0	0	0	0	0	0	0	0	0	0	0	0	54	0	
2	2350	-0.6256807	-3.99E-05	4044.629	-0.001525902	6	6	-0.6263869	0	0	0	0	0	0	0	0	0	0	0	0	0	54	0	
2	2351	-0.6250674	-3.98E-05	4045.629	-0.001525902	6	6	-0.6258869	0	0	0	0	0	0	0	0	0	0	0	0	0	54	0	
2	2352	-0.6247606	-3.97E-05	4046.629	-0.001525902	6	6	-0.6253869	0	0	0	0	0	0	0	0	0	0	0	0	0	54	0	
2	2353	-0.6241472	-3.96E-05	4047.629	-0.001525902	6	6	-0.6248869	0	0	0	0	0	0	0	0	0	0	0	0	0	54	0	
2	2354	-0.6235338	-3.96E-05	4048.629	-0.001525902	6	6	-0.6243869	0	0	0	0	0	0	0	0	0	0	0	0	0	54	0	
2	2355	-0.6232271	-3.95E-05	4049.629	-0.001525902	6	6	-0.6238869	0	0	0	0	0	0	0	0	0	0	0	0	0	54	0	
2	2356	-0.6226137	-3.94E-05	4050.629	-0.001525902	6	6	-0.6233869	0	0	0	0	0	0	0	0	0	0	0	0	0	54	0	
2	2357	-0.6220003	-3.93E-05	4051.629	-0.001525902	6	6	-0.6228869	0	0	0	0	0	0	0	0	0	0	0	0	0	54	0	
2	2358	-0.6216936	-3.92E-05	4052.629	-0.001525902	6	6	-0.6223869	0	0	0	0	0	0	0	0	0	0	0	0	0	54	0	
2	2359	-0.6210802	-3.92E-05	4053.629	-0.001525902	6	6	-0.6218869	0	0	0	0	0	0	0	0	0	0	0	0	0	54	0	
2	2360	-0.6207734	-3.91E-05	4054.629	-0.001525902	6	6	-0.6213869	0	0	0	0	0	0	0	0	0	0	0	0	0	54	0	
2	2361	-0.62016	-3.90E-05	4055.629	-0.001525902	6	6	-0.6208869	0	0	0	0	0	0	0	0	0	0	0	0	0	54	0	
2	2362	-0.6195467	-3.89E-05	4056.629	-0.001525902	6	6	-0.6203869	0	0	0	0	0	0	0	0	0	0	0	0	0	54	0	
2	2363	-0.6192399	-3.88E-05	4057.629	-0.001525902	6	6	-0.6198869	0	0	0	0	0	0	0	0	0	0	0	0	0	54	0	
2	2364	-0.6186265	-3.87E-05	4058.629	-0.001525902	6	6	-0.6193869	0	0	0	0	0	0	0	0	0	0	0	0	0	54	0	
2	2365	-0.6180131	-3.86E-05	4059.629	-0.001525902	6	6	-0.6188869	0	0	0	0	0	0	0	0	0	0	0	0	0	54	0	
2	2366	-0.6177064	-3.85E-05	4060.629	-0.001525902	6	6	-0.6183869	0	0	0	0	0	0	0	0	0	0	0	0	0	54	0	
2	2367	-0.617093	-3.84E-05	4061.629	-0.001525902	6	6	-0.6178869	0	0	0	0	0	0	0	0	0	0	0	0	0	54	0	
2	2368	-0.6164796	-3.84E-05	4062.629	-0.001525902	6	6	-0.6173869	0	0	0	0	0	0	0	0	0	0	0	0	0	54	0	
2	2369	-0.6161729	-3.83E-05	4063.629	-0.001525902	6	6	-0.6168869	0	0	0	0	0	0	0	0	0	0	0	0	0	54	0	
2	2370	-0.6155595	-3.82E-05	4064.629	-0.001525902	6	6	-0.6163869	0	0	0	0	0	0	0	0	0	0	0	0	0	54	0	
2	2371	-0.614946	-3.81E-05	4065.629	-0.001525902	6	6	-0.6158869	0	0	0	0	0	0	0	0	0	0	0	0	0	54	0	
2	2372	-0.6146393	-3.80E-05	4066.629	-0.001525902	6	6	-0.6163635	0	0	0	0	0	0	0	0	0	0	0	0	0	54	0	
2	2373	-0.6140259	-3.79E-05	4067.629	-0.001525902	6	6	-0.6148869	0	0	0	0	0	0	0	0	0	0	0	0	0	54	0	
2	2374	-0.6137192	-3.79E-05	4068.629	-0.001525902	6	6	-0.6143869	0	0	0	0	0	0	0	0	0	0	0	0	0	54	0	
2	2375	-0.6131058	-3.78E-05	4069.629	-0.001525902	6	6	-0.6138869	0	0	0	0	0	0	0	0	0	0	0	0	0	54	0	
2	2376	-0.6124924	-3.77E-05	4070.629	-0.001525902	6	6	-0.6133869	0	0	0	0	0	0	0	0	0	0	0	0	0	54	0	
2	2377	-0.6121857	-3.76E-05	4071.629	-0.001525902	6	6	-0.6128869	0	0	0	0	0	0	0	0	0	0	0	0	0	54	0	
2	2378	-0.6115723	-3.75E-05	4072.629	-0.001525902	6	6	-0.6123869	0	0	0	0	0	0	0	0	0	0	0	0	0	54	0	
2	2379	-0.6112655	-3.74E-05	4073.629	-0.001525902	6	6	-0.6118869	0	0	0	0	0	0	0	0	0	0	0	0	0	54	0	
2	2380	-0.6106521	-3.73E-05	4074.629	-0.001525902	6	6	-0.6113869	0	0	0	0	0	0	0	0	0	0	0	0	0	54	0	
2	2381	-0.6100388	-3.72E-05	4075.629	-0.001525902	6	6	-0.6108869	0	0	0	0	0	0	0	0	0	0	0	0	0	54	0	
2	2382	-0.609732	-3.71E-05	4076.629	-0.001525902	6	6	-0.6103869	0	0	0	0	0	0	0	0	0	0	0	0	0	54	0	
2	2383	-0.6091186	-3.70E-05	4077.629	-0.001525902	6	6	-0.6098869	0	0	0	0	0	0	0	0	0	0	0	0	0	54	0	
2	2384	-0.6088119	-3.69E-05	4078.629	-0.001525902	6	6	-0.6093869	0	0	0	0	0	0	0	0	0	0	0	0	0	54	0	
2	2385	-0.6081985	-3.68E-05	4079.629	-0.001525902	6	6	-0.6088869	0	0	0	0	0	0	0	0	0	0	0	0	0	54	0	
2	2386	-0.6075851	-3.67E-05	4080.629	-0.001525902	6	6	-0.6083869	0	0	0	0	0	0	0	0	0	0	0	0	0	54	0	
2	2387	-0.6072784	-3.66E-05	4081.629	-0.001525902	6	6	-0.6078869	0	0	0	0	0	0	0	0	0	0	0	0	0	54	0	
2	2388	-0.606665	-3.65E-05	4082.629	-0.001525902	6	6	-0.6073869	0	0	0	0	0	0	0	0	0	0	0	0	0	54	0	
2	2389	-0.6060516	-3.64E-05	4083.629	-0.001525902	6	6	-0.6068869	0	0	0	0	0	0	0	0	0	0	0	0	0	54	0	
2	2390	-0.6057448	-3.63E-05	4084.629	-0.001525902	6	6	-0.6063869	0	0	0	0	0	0	0	0	0	0	0	0	0	54	0	
2	2391	-0.6051314	-3.63E-05	4085.629	-0.001525902	6	6	-0.6058869	0	0	0	0	0	0	0	0	0	0	0	0	0	54	0	
2	2392	-0.604518	-3.62E-05	4086.629	-0.001525902	6	6	-0.6053869	0	0	0	0	0	0	0	0	0	0	0	0	0	54	0	
2	2393	-0.6042113	-3.61E-05	4087.629	-0.001525902	6	6	-0.6048869	0	0	0	0	0	0	0	0	0	0	0	0	0	54	0	
2	2394	-0.6035979	-3.60E-05	4088.629	-0.001525902	6	6	-0.6043869	0	0	0	0	0	0	0	0	0	0	0	0	0	54	0	
2	2395	-0.6032912	-3.59E-05	4089.629	-0.001525902	6	6	-0.6038869	0	0	0	0	0	0	0	0	0	0	0	0	0	54	0	
2	2396	-0.6026778	-3.58E-05	4090.629	-0.001525902	6	6	-0.6033869	0	0	0	0	0	0	0	0	0	0	0	0	0	54	0	
2	2397	-0.6020644	-3.57E-05	4091.629	-0.001525902	6	6	-0.6028869	0	0	0	0	0	0	0	0	0	0	0	0	0	54	0	
2	2398	-0.6017576	-3.56E-05	4092.629	-0.001525902	6	6	-0.6023869	0	0	0	0	0	0	0	0	0	0	0	0	0	54	0	
2	2399	-0.6011443	-3.55E-05	4093.629	-0.001525902	6	6	-0.6018869	0	0	0	0	0	0	0	0	0	0	0	0	0	54	0	
2	2400	-0.6008375	-3.54E-05	4094.629	-0.001525902	6	6	-0.6013869	0	0	0	0	0	0	0	0	0	0	0	0	0	54	0	
2	2401	-0.6002241	-3.54E-05	4095.629	-0.001525902	6	6	-0.6008869	0	0	0	0	0	0	0	0	0	0	0	0	0	54	0	
2	2402	-0.5996107	-3.53E-05	4096.629	-0.001525902	6	6	-0.6003869	0	0	0	0	0	0	0	0	0	0	0	0	0	54	0	
2	2403	-0.599304	-3.52E-05	4097.629	-0.001525902	6	6	-0.5998869	0	0	0	0	0	0	0	0	0	0	0	0	0	54	0	
2	2404	-0.5986906	-3.51E-05	4098.629	-0.001525902	6	6	-0.5993869	0	0	0	0	0	0	0	0	0	0	0	0	0	54	0	
2	2405	-0.5980772	-3.50E-05	4099.629	-0.001525902	6	6	-0.5988869	0	0	0	0	0	0	0	0	0	0	0	0	0	54	0	
2	2406	-0.5977705	-3.49E-05	4100.629	-0.001525902	6	6	-0.5983869	0	0	0	0	0	0	0	0	0	0	0	0	0	54	0	
2	2407	-0.5971571	-3.48E-05	4101.629	-0.001525902	6	6	-0.5978869	0	0	0	0	0	0	0	0	0	0	0	0	0	54	0	
2	2408	-0.5968503	-3.47E-05	4102.629	-0.001525902	6	6	-0.5973869	0	0	0	0	0	0	0	0	0	0	0	0	0	54	0	
2	2409	-0.5962369	-3.47E-05	4103.629	-0.001525902	6	6	-0.5968869	0	0	0	0	0	0	0	0	0	0	0	0	0	54	0	
2	2410	-0.5956236	-3.46E-05	4104.629	-0.001525902	6	6	-0.5963869	0	0	0	0	0	0	0	0	0	0	0	0	0	54	0	
2	2411	-0.5950101	-3.45E-05	4105.629	-0.001525902	6	6	-0.5958869	0	0	0	0	0	0	0	0	0	0	0	0	0	54	0	
2	2412	-0.5947034	-3.44E-05	4106.629	-0.001525902	6	6	-0.5953869	0	0	0	0	0	0	0	0	0	0	0	0	0	54	0	
2	2413	-0.59409	-3.43E-05	4107.629	-0.001525902	6	6	-0.5948869	0	0	0	0	0	0	0	0	0	0	0	0	0	54	0	
2	2414	-0.5937833	-3.42E-05	4108.629	-0.001525902	6	6	-0.5943869	0	0	0	0	0	0	0	0	0	0	0	0	0	54	0	
2	2415	-0.5931699	-3.41E-05	4109.629	-0.001525902	6	6	-0.5938869	0	0	0	0	0	0	0	0	0	0	0	0	0	54	0	
2	2416	-0.5925565	-3.41E-05	4110.629	-0.001525902	6	6	-0.5933869	0	0	0	0	0	0	0	0	0	0	0	0	0	54	0	
2	2417	-0.5922498	-3.40E-05	4111.629	-0.001525902	6	6	-0.5928869	0	0	0	0	0	0	0	0	0	0	0	0	0	54	0	
2	2418	-0.5916364	-3.39E-05	4112.629	-0.001525902	6	6	-0.5923869	0	0	0	0	0	0	0	0	0	0	0	0	0	54	0	
2	2419	-0.5913296	-3.38E-05	4113.629	-0.001525902	6	6	-0.5918869	0	0	0	0	0	0	0	0	0	0	0	0	0	54	0	
2	2420	-0.5907162	-3.37E-05	4114.629	-0.001525902	6	6	-0.5913869	0	0	0	0	0	0	0	0	0	0	0	0	0	54	0	
2	2421	-0.5901029	-3.36E-05	4115.629	-0.001525902	6	6	-0.5908869	0	0	0	0	0	0	0	0	0	0	0	0	0	54	0	
2	2422	-0.5897961	-3.35E-05	4116.629	-0.001525902	6	6	-0.5903869	0	0	0	0	0	0	0	0	0	0	0	0	0	54	0	
2	2423	-0.5891827	-3.34E-05	4117.629	-0.001525902	6	6	-0.5898869	0	0	0	0	0	0	0	0	0	0	0	0	0	54	0	
2	2424	-0.5885693	-3.33E-05	4118.629	-0.001525902	6	6	-0.5893869	0	0	0	0	0	0	0	0	0	0	0	0	0	54	0	
2	2425	-0.5882626	-3.32E-05	4119.629	-0.001525902	6	6	-0.5888869	0	0	0	0	0	0	0	0	0	0	0	0	0	54	0	
2	2426	-0.5876492	-3.31E-05	4120.629	-0.001525902	6	6	-0.5883869	0	0	0	0	0	0	0	0	0	0	0	0	0	54	0	
2	2427	-0.5873424	-3.30E-05	4121.629	-0.001525902	6	6	-0.5878869	0	0	0	0	0	0	0	0	0	0	0	0	0	54	0	
2	2428	-0.586729	-3.29E-05	4122.629	-0.001525902	6	6	-0.5873869	0	0	0	0	0	0	0	0	0	0	0	0	0	54	0	
2	2429	-0.5861157	-3.29E-05	4123.629	-0.001525902	6	6	-0.5868869	0	0	0	0	0	0	0	0	0	0	0	0	0	54	0	
2	2430	-0.5858089	-3.28E-05	4124.629	-0.001525902	6	6	-0.5863869	0	0	0	0	0	0	0	0	0	0	0	0	0	54	0	
2	2431	-0.5851955	-3.27E-05	4125.629	-0.001525902	6	6	-0.5858869	0	0	0	0	0	0	0	0	0	0	0	0	0	54	0	
2	2432	-0.5845821	-3.26E-05	4126.629	-0.001525902	6	6	-0.5853869	0	0	0	0	0	0	0	0	0	0	0	0	0	54	0	
2	2433	-0.5842754	-3.25E-05	4127.629	-0.001525902	6	6	-0.5848869	0	0	0	0	0	0	0	0	0	0	0	0	0	54	0	
2	2434	-0.583662	-3.24E-05	4128.629	-0.001525902	6	6	-0.5843869	0	0	0	0	0	0	0	0	0	0	0	0	0	54	0	
2	2435	-0.5830486	-3.23E-05	4129.629	-0.001525902	6	6	-0.5838869	0	0	0	0	0	0	0	0	0	0	0	0	0	54	0	
2	2436	-0.5827419	-3.22E-05	4130.629	-0.001525902	6	6	-0.5833869	0	0	0	0	0	0	0	0	0	0	0	0	0	54	0	
2	2437	-0.5821285	-3.21E-05	4131.629	-0.001525902	6	6	-0.5828869	0	0	0	0	0	0	0	0	0	0	0	0	0	54	0	
2	2438	-0.5815151	-3.20E-05	4132.629	-0.001525902	6	6	-0.5823869	0	0	0	0	0	0	0	0	0	0	0	0	0	54	0	
2	2439	-0.5812083	-3.19E-05	4133.629	-0.001525902	6	6	-0.5818869	0	0	0	0	0	0	0	0	0	0	0	0	0	54	0	
2	2440	-0.580595	-3.19E-05	4134.629	-0.001525902	6	6	-0.5813869	0	0	0	0	0	0	0	0	0	0	0	0	0	54	0	
2	2441	-0.5799815	-3.18E-05	4135.629	-0.001525902	6	6	-0.5808869	0	0	0	0	0	0	0	0	0	0	0	0	0	54	0	
2	2442	-0.5796748	-3.17E-05	4136.629	-0.001525902	6	6	-0.5803869	0	0	0	0	0	0	0	0	0	0	0	0	0	54	0	
2	2443	-0.5790614	-3.16E-05	4137.629	-0.001525902	6	6	-0.5798869	0	0	0	0	0	0	0	0	0	0	0	0	0	54	0	
2	2444	-0.5787547	-3.15E-05	4138.629	-0.001525902	6	6	-0.5793869	0	0	0	0	0	0	0	0	0	0	0	0	0	54	0	
2	2445	-0.5781413	-3.14E-05	4139.629	-0.001525902	6	6	-0.5788869	0	0	0	0	0	0	0	0	0	0	0	0	0	54	0	
2	2446	-0.5775279	-3.13E-05	4140.629	-0.001525902	6	6	-0.5783869	0	0	0	0	0	0	0	0	0	0	0	0	0	54	0	
2	2447	-0.5772212	-3.12E-05	4141.629	-0.001525902	6	6	-0.5778869	0	0	0	0	0	0	0	0	0	0	0	0	0	54	0	
2	2448	-0.5766078	-3.11E-05	4142.629	-0.001525902	6	6	-0.5773869	0	0	0	0	0	0	0	0	0	0	0	0	0	54	0	
2	2449	-0.576301	-3.10E-05	4143.629	-0.001525902	6	6	-0.5768869	0	0	0	0	0	0	0	0	0	0	0	0	0	54	0	
2	2450	-0.5756876	-3.09E-05	4144.629	-0.001525902	6	6	-0.5763869	0	0	0	0	0	0	0	0	0	0	0	0	0	54	0	
2	2451	-0.5750742	-3.08E-05	4145.629	-0.001525902	6	6	-0.5758869	0	0	0	0	0	0	0	0	0	0	0	0	0	54	0	
2	2452	-0.5747675	-3.07E-05	4146.629	-0.001525902	6	6	-0.5753869	0	0	0	0	0	0	0	0	0	0	0	0	0	54	0	
2	2453	-0.5741541	-3.06E-05	4147.629	-0.001525902	6	6	-0.5748869	0	0	0	0	0	0	0	0	0	0	0	0	0	54	0	
2	2454	-0.5735407	-3.05E-05	4148.629	-0.001525902	6	6	-0.5743869	0	0	0	0	0	0	0	0	0	0	0	0	0	54	0	
2	2455	-0.573234	-3.04E-05	4149.629	-0.001525902	6	6	-0.5738869	0	0	0	0	0	0	0	0	0	0	0	0	0	54	0	
2	2456	-0.5726206	-3.03E-05	4150.629	-0.001525902	6	6	-0.5733869	0	0	0	0	0	0	0	0	0	0	0	0	0	54	0	
2	2457	-0.5723138	-3.02E-05	4151.629	-0.001525902	6	6	-0.5728869	0	0	0	0	0	0	0	0	0	0	0	0	0	54	0	
2	2458	-0.5717005	-3.01E-05	4152.629	-0.001525902	6	6	-0.5723869	0	0	0	0	0	0	0	0	0	0	0	0	0	54	0	
2	2459	-0.571087	-3.00E-05	4153.629	-0.001525902	6	6	-0.5718869	0	0	0	0	0	0	0	0	0	0	0	0	0	54	0	
2	2460	-0.5707803	-2.99E-05	4154.629	-0.001525902	6	6	-0.5713869	0	0	0	0	0	0	0	0	0	0	0	0	0	54	0	
2	2461	-0.5701669	-2.98E-05	4155.629	-0.001525902	6	6	-0.5708869	0	0	0	0	0	0	0	0	0	0	0	0	0	54	0	
2	2462	-0.5695535	-2.98E-05	4156.629	-0.001525902	6	6	-0.5703869	0	0	0	0	0	0	0	0	0	0	0	0	0	54	0	
2	2463	-0.5692468	-2.97E-05	4157.629	-0.001525902	6	6	-0.5698869	0	0	0	0	0	0	0	0	0	0	0	0	0	54	0	
2	2464	-0.5686334	-2.96E-05	4158.629	-0.001525902	6	6	-0.5693869	0	0	0	0	0	0	0	0	0	0	0	0	0	54	0	
2	2465	-0.56802	-2.95E-05	4159.629	-0.001525902	6	6	-0.5688869	0	0	0	0	0	0	0	0	0	0	0	0	0	54	0	
2	2466	-0.5677133	-2.94E-05	4160.629	-0.001525902	6	6	-0.5683869	0	0	0	0	0	0	0	0	0	0	0	0	0	54	0	
2	2467	-0.5670999	-2.93E-05	4161.629	-0.001525902	6	6	-0.5678869	0	0	0	0	0	0	0	0	0	0	0	0	0	54	0	
2	2468	-0.5667931	-2.92E-05	4162.629	-0.001525902	6	6	-0.5673869	0	0	0	0	0	0	0	0	0	0	0	0	0	54	0	
2	2469	-0.5661798	-2.91E-05	4163.629	-0.001525902	6	6	-0.5668869	0	0	0	0	0	0	0	0	0	0	0	0	0	54	0	
2	2470	-0.5655663	-2.90E-05	4164.629	-0.001525902	6	6	-0.5663869	0	0	0	0	0	0	0	0	0	0	0	0	0	54	0	
2	2471	-0.5652596	-2.89E-05	4165.629	-0.001525902	6	6	-0.5658869	0	0	0	0	0	0	0	0	0	0	0	0	0	54	0	
2	2472	-0.5646462	-2.88E-05	4166.629	-0.001525902	6	6	-0.5653869	0	0	0	0	0	0	0	0	0	0	0	0	0	54	0	
2	2473	-0.5643395	-2.87E-05	4167.629	-0.001525902	6	6	-0.5648869	0	0	0	0	0	0	0	0	0	0	0	0	0	54	0	
2	2474	-0.5637261	-2.86E-05	4168.629	-0.001525902	6	6	-0.5643869	0	0	0	0	0	0	0	0	0	0	0	0	0	54	0	
2	2475	-0.5631127	-2.85E-05	4169.629	-0.001525902	6	6	-0.5638869	0	0	0	0	0	0	0	0	0	0	0	0	0	54	0	
2	2476	-0.562806	-2.84E-05	4170.629	-0.001525902	6	6	-0.5633869	0	0	0	0	0	0	0	0	0	0	0	0	0	54	0	
2	2477	-0.5621926	-2.84E-05	4171.629	-0.001525902	6	6	-0.5628869	0	0	0	0	0	0	0	0	0	0	0	0	0	54	0	
2	2478	-0.5618858	-2.83E-05	4172.629	-0.001525902	6	6	-0.5623869	0	0	0	0	0	0	0	0	0	0	0	0	0	54	0	
2	2479	-0.5612724	-2.82E-05	4173.629	-0.001525902	6	6	-0.5618869	0	0	0	0	0	0	0	0	0	0	0	0	0	54	0	
2	2480	-0.560659	-2.81E-05	4174.629	-0.001525902	6	6	-0.5613869	0	0	0	0	0	0	0	0	0	0	0	0	0	54	0	
2	2481	-0.5600456	-2.80E-05	4175.629	-0.001525902	6	6	-0.5608869	0	0	0	0	0	0	0	0	0	0	0	0	0	54	0	
2	2482	-0.5597389	-2.79E-05	4176.629	-0.001525902	6	6	-0.5603869	0	0	0	0	0	0	0	0	0	0	0	0	0	54	0	
2	2483	-0.5591255	-2.78E-05	4177.629	-0.001525902	6	6	-0.5598869	0	0	0	0	0	0	0	0	0	0	0	0	0	54	0	
2	2484	-0.5588188	-2.77E-05	4178.629	-0.001525902	6	6	-0.5593869	0	0	0	0	0	0	0	0	0	0	0	0	0	54	0	
2	2485	-0.5582054	-2.76E-05	4179.629	-0.001525902	6	6	-0.5588869	0	0	0	0	0	0	0	0	0	0	0	0	0	54	0	
2	2486	-0.557592	-2.76E-05	4180.629	-0.001525902	6	6	-0.5583869	0	0	0	0	0	0	0	0	0	0	0	0	0	54	0	
2	2487	-0.5572852	-2.75E-05	4181.629	-0.001525902	6	6	-0.5578869	0	0	0	0	0	0	0	0	0	0	0	0	0	54	0	
2	2488	-0.5566719	-2.74E-05	4182.629	-0.001525902	6	6	-0.5573869	0	0	0	0	0	0	0	0	0	0	0	0	0	54	0	
2	2489	-0.5560584	-2.73E-05	4183.629	-0.001525902	6	6	-0.5568869	0	0	0	0	0	0	0	0	0	0	0	0	0	54	0	
2	2490	-0.5557517	-2.72E-05	4184.629	-0.001525902	6	6	-0.5563869	0	0	0	0	0	0	0	0	0	0	0	0	0	54	0	
2	2491	-0.5551383	-2.71E-05	4185.629	-0.001525902	6	6	-0.5558869	0	0	0	0	0	0	0	0	0	0	0	0	0	54	0	
2	2492	-0.5548316	-2.70E-05	4186.629	-0.001525902	6	6	-0.5553869	0	0	0	0	0	0	0	0	0	0	0	0	0	54	0	
2	2493	-0.5542182	-2.69E-05	4187.629	-0.001525902	6	6	-0.5548869	0	0	0	0	0	0	0	0	0	0	0	0	0	54	0	
2	2494	-0.5536048	-2.68E-05	4188.629	-0.001525902	6	6	-0.5543869	0	0	0	0	0	0	0	0	0	0	0	0	0	54	0	
2	2495	-0.5532981	-2.68E-05	4189.629	-0.001525902	6	6	-0.5538869	0	0	0	0	0	0	0	0	0	0	0	0	0	54	0	
2	2496	-0.5526847	-2.67E-05	4190.629	-0.001525902	6	6	-0.5533869	0	0	0	0	0	0	0	0	0	0	0	0	0	54	0	
2	2497	-0.5520712	-2.66E-05	4191.629	-0.001525902	6	6	-0.5538635	0	0	0	0	0	0	0	0	0	0	0	0	0	54	0	
2	2498	-0.5517645	-2.65E-05	4192.629	-0.001525902	6	6	-0.5523869	0	0	0	0	0	0	0	0	0	0	0	0	0	54	0	
2	2499	-0.5511511	-2.64E-05	4193.629	-0.001525902	6	6	-0.5518869	0	0	0	0	0	0	0	0	0	0	0	0	0	54	0	
2	2500	-0.5505377	-2.63E-05	4194.629	-0.001525902	6	6	-0.5513869	0	0	0	0	0	0	0	0	0	0	0	0	0	54	0	
2	2501	-0.550231	-2.62E-05	4195.629	-0.001525902	6	6	-0.5508869	0	0	0	0	0	0	0	0	0	0	0	0	0	54	0	
2	2502	-0.5499243	-2.61E-05	4196.629	-0.001525902	6	6	-0.5503869	0	0	0	0	0	0	0	0	0	0	0	0	0	54	0	
2	2503	-0.5493109	-2.60E-05	4197.629	-0.001525902	6	6	-0.5498869	0	0	0	0	0	0	0	0	0	0	0	0	0	54	0	
2	2504	-0.5486975	-2.59E-05	4198.629	-0.001525902	6	6	-0.5493869	0	0	0	0	0	0	0	0	0	0	0	0	0	54	0	
2	2505	-0.5483907	-2.58E-05	4199.629	-0.001525902	6	6	-0.5488869	0	0	0	0	0	0	0	0	0	0	0	0	0	54	0	
2	2506	-0.5477774	-2.57E-05	4200.629	-0.001525902	6	6	-0.5483869	0	0	0	0	0	0	0	0	0	0	0	0	0	54	0	
2	2507	-0.5474706	-2.56E-05	4201.629	-0.001525902	6	6	-0.5478869	0	0	0	0	0	0	0	0	0	0	0	0	0	54	0	
2	2508	-0.5468572	-2.55E-05	4202.629	-0.001525902	6	6	-0.5473869	0	0	0	0	0	0	0	0	0	0	0	0	0	54	0	
2	2509	-0.5462438	-2.55E-05	4203.629	-0.001525902	6	6	-0.5468869	0	0	0	0	0	0	0	0	0	0	0	0	0	54	0	
2	2510	-0.5459371	-2.54E-05	4204.629	-0.001525902	6	6	-0.5463869	0	0	0	0	0	0	0	0	0	0	0	0	0	54	0	
2	2511	-0.5453237	-2.53E-05	4205.629	-0.001525902	6	6	-0.5458869	0	0	0	0	0	0	0	0	0	0	0	0	0	54	0	
2	2512	-0.545017	-2.52E-05	4206.629	-0.001525902	6	6	-0.5453869	0	0	0	0	0	0	0	0	0	0	0	0	0	54	0	
2	2513	-0.5444036	-2.51E-05	4207.629	-0.001525902	6	6	-0.5448869	0	0	0	0	0	0	0	0	0	0	0	0	0	54	0	
2	2514	-0.5437902	-2.50E-05	4208.629	-0.001525902	6	6	-0.5443869	0	0	0	0	0	0	0	0	0	0	0	0	0	54	0	
2	2515	-0.5434834	-2.49E-05	4209.629	-0.001525902	6	6	-0.5438869	0	0	0	0	0	0	0	0	0	0	0	0	0	54	0	
2	2516	-0.54287	-2.48E-05	4210.629	-0.001525902	6	6	-0.5433869	0	0	0	0	0	0	0	0	0	0	0	0	0	54	0	
2	2517	-0.5422567	-2.47E-05	4211.629	-0.001525902	6	6	-0.5428869	0	0	0	0	0	0	0	0	0	0	0	0	0	54	0	
2	2518	-0.5419499	-2.46E-05	4212.629	-0.001525902	6	6	-0.5423869	0	0	0	0	0	0	0	0	0	0	0	0	0	54	0	
2	2519	-0.5413365	-2.45E-05	4213.629	-0.001525902	6	6	-0.5418869	0	0	0	0	0	0	0	0	0	0	0	0	0	54	0	
2	2520	-0.5410298	-2.44E-05	4214.629	-0.001525902	6	6	-0.5413869	0	0	0	0	0	0	0	0	0	0	0	0	0	54	0	
2	2521	-0.5404164	-2.43E-05	4215.629	-0.001525902	6	6	-0.5408869	0	0	0	0	0	0	0	0	0	0	0	0	0	54	0	
2	2522	-0.539803	-2.42E-05	4216.629	-0.001525902	6	6	-0.5403869	0	0	0	0	0	0	0	0	0	0	0	0	0	54	0	
2	2523	-0.5394963	-2.41E-05	4217.629	-0.001525902	6	6	-0.5398869	0	0	0	0	0	0	0	0	0	0	0	0	0	54	0	
2	2524	-0.5388829	-2.40E-05	4218.629	-0.001525902	6	6	-0.5393869	0	0	0	0	0	0	0	0	0	0	0	0	0	54	0	
2	2525	-0.5382695	-2.39E-05	4219.629	-0.001525902	6	6	-0.5388869	0	0	0	0	0	0	0	0	0	0	0	0	0	54	0	
2	2526	-0.5379627	-2.38E-05	4220.629	-0.001525902	6	6	-0.5383869	0	0	0	0	0	0	0	0	0	0	0	0	0	54	0	
2	2527	-0.5373493	-2.37E-05	4221.629	-0.001525902	6	6	-0.5378869	0	0	0	0	0	0	0	0	0	0	0	0	0	54	0	
2	2528	-0.5367359	-2.36E-05	4222.629	-0.001525902	6	6	-0.5373869	0	0	0	0	0	0	0	0	0	0	0	0	0	54	0	
2	2529	-0.5364292	-2.35E-05	4223.629	-0.001525902	6	6	-0.5368869	0	0	0	0	0	0	0	0	0	0	0	0	0	54	0	
2	2530	-0.5358158	-2.34E-05	4224.629	-0.001525902	6	6	-0.5363869	0	0	0	0	0	0	0	0	0	0	0	0	0	54	0	
2	2531	-0.5355091	-2.34E-05	4225.629	-0.001525902	6	6	-0.5358869	0	0	0	0	0	0	0	0	0	0	0	0	0	54	0	
2	2532	-0.5348957	-2.33E-05	4226.629	-0.001525902	6	6	-0.5353869	0	0	0	0	0	0	0	0	0	0	0	0	0	54	0	
2	2533	-0.5342823	-2.32E-05	4227.629	-0.001525902	6	6	-0.5348869	0	0	0	0	0	0	0	0	0	0	0	0	0	54	0	
2	2534	-0.5339755	-2.31E-05	4228.629	-0.001525902	6	6	-0.5343869	0	0	0	0	0	0	0	0	0	0	0	0	0	54	0	
2	2535	-0.5333622	-2.30E-05	4229.629	-0.001525902	6	6	-0.5338869	0	0	0	0	0	0	0	0	0	0	0	0	0	54	0	
2	2536	-0.5330554	-2.29E-05	4230.629	-0.001525902	6	6	-0.5333869	0	0	0	0	0	0	0	0	0	0	0	0	0	54	0	
2	2537	-0.532442	-2.28E-05	4231.629	-0.001525902	6	6	-0.5328869	0	0	0	0	0	0	0	0	0	0	0	0	0	54	0	
2	2538	-0.5318286	-2.27E-05	4232.629	-0.001525902	6	6	-0.5323869	0	0	0	0	0	0	0	0	0	0	0	0	0	54	0	
2	2539	-0.5312152	-2.27E-05	4233.629	-0.001525902	6	6	-0.5318869	0	0	0	0	0	0	0	0	0	0	0	0	0	54	0	
2	2540	-0.5309085	-2.26E-05	4234.629	-0.001525902	6	6	-0.5313869	0	0	0	0	0	0	0	0	0	0	0	0	0	54	0	
2	2541	-0.5302951	-2.25E-05	4235.629	-0.001525902	6	6	-0.5308869	0	0	0	0	0	0	0	0	0	0	0	0	0	54	0	
2	2542	-0.5299884	-2.24E-05	4236.629	-0.001525902	6	6	-0.5303869	0	0	0	0	0	0	0	0	0	0	0	0	0	54	0	
2	2543	-0.529375	-2.23E-05	4237.629	-0.001525902	6	6	-0.5298869	0	0	0	0	0	0	0	0	0	0	0	0	0	54	0	
2	2544	-0.5287616	-2.22E-05	4238.629	-0.001525902	6	6	-0.5293869	0	0	0	0	0	0	0	0	0	0	0	0	0	54	0	
2	2545	-0.5284548	-2.21E-05	4239.629	-0.001525902	6	6	-0.5288869	0	0	0	0	0	0	0	0	0	0	0	0	0	54	0	
2	2546	-0.5278414	-2.20E-05	4240.629	-0.001525902	6	6	-0.5283869	0	0	0	0	0	0	0	0	0	0	0	0	0	54	0	
2	2547	-0.5275347	-2.20E-05	4241.629	-0.001525902	6	6	-0.5278869	0	0	0	0	0	0	0	0	0	0	0	0	0	54	0	
2	2548	-0.5269213	-2.19E-05	4242.629	-0.001525902	6	6	-0.5273869	0	0	0	0	0	0	0	0	0	0	0	0	0	54	0	
2	2549	-0.5263079	-2.18E-05	4243.629	-0.001525902	6	6	-0.5268869	0	0	0	0	0	0	0	0	0	0	0	0	0	54	0	
2	2550	-0.5260012	-2.17E-05	4244.629	-0.001525902	6	6	-0.5263869	0	0	0	0	0	0	0	0	0	0	0	0	0	54	0	
2	2551	-0.5253878	-2.16E-05	4245.629	-0.001525902	6	6	-0.5258869	0	0	0	0	0	0	0	0	0	0	0	0	0	54	0	
2	2552	-0.5250811	-2.15E-05	4246.629	-0.001525902	6	6	-0.5253869	0	0	0	0	0	0	0	0	0	0	0	0	0	54	0	
2	2553	-0.5244676	-2.14E-05	4247.629	-0.001525902	6	6	-0.5248869	0	0	0	0	0	0	0	0	0	0	0	0	0	54	0	
2	2554	-0.5238543	-2.13E-05	4248.629	-0.001525902	6	6	-0.5243869	0	0	0	0	0	0	0	0	0	0	0	0	0	54	0	
2	2555	-0.5235475	-2.12E-05	4249.629	-0.001525902	6	6	-0.5238869	0	0	0	0	0	0	0	0	0	0	0	0	0	54	0	
2	2556	-0.5229341	-2.11E-05	4250.629	-0.001525902	6	6	-0.5233869	0	0	0	0	0	0	0	0	0	0	0	0	0	54	0	
2	2557	-0.5223207	-2.10E-05	4251.629	-0.001525902	6	6	-0.5228869	0	0	0	0	0	0	0	0	0	0	0	0	0	54	0	
2	2558	-0.5217073	-2.09E-05	4252.629	-0.001525902	6	6	-0.5223869	0	0	0	0	0	0	0	0	0	0	0	0	0	54	0	
2	2559	-0.5214006	-2.09E-05	4253.629	-0.001525902	6	6	-0.5218869	0	0	0	0	0	0	0	0	0	0	0	0	0	54	0	
2	2560	-0.5207872	-2.08E-05	4254.629	-0.001525902	6	6	-0.5213869	0	0	0	0	0	0	0	0	0	0	0	0	0	54	0	
2	2561	-0.5204805	-2.07E-05	4255.629	-0.001525902	6	6	-0.5208869	0	0	0	0	0	0	0	0	0	0	0	0	0	54	0	
2	2562	-0.5198671	-2.06E-05	4256.629	-0.001525902	6	6	-0.5203869	0	0	0	0	0	0	0	0	0	0	0	0	0	54	0	
2	2563	-0.5192537	-2.05E-05	4257.629	-0.001525902	6	6	-0.5198869	0	0	0	0	0	0	0	0	0	0	0	0	0	54	0	
2	2564	-0.5189469	-2.04E-05	4258.629	-0.001525902	6	6	-0.5193869	0	0	0	0	0	0	0	0	0	0	0	0	0	54	0	
2	2565	-0.5183336	-2.03E-05	4259.629	-0.001525902	6	6	-0.5188869	0	0	0	0	0	0	0	0	0	0	0	0	0	54	0	
2	2566	-0.5180268	-2.02E-05	4260.629	-0.001525902	6	6	-0.5183869	0	0	0	0	0	0	0	0	0	0	0	0	0	54	0	
2	2567	-0.5174134	-2.01E-05	4261.629	-0.001525902	6	6	-0.5178869	0	0	0	0	0	0	0	0	0	0	0	0	0	54	0	
2	2568	-0.5171067	-2.00E-05	4262.629	-0.001525902	6	6	-0.5173869	0	0	0	0	0	0	0	0	0	0	0	0	0	54	0	
2	2569	-0.5164933	-1.99E-05	4263.629	-0.001525902	6	6	-0.5168869	0	0	0	0	0	0	0	0	0	0	0	0	0	54	0	
2	2570	-0.5158799	-1.99E-05	4264.629	-0.001525902	6	6	-0.5163869	0	0	0	0	0	0	0	0	0	0	0	0	0	54	0	
2	2571	-0.5155732	-1.98E-05	4265.629	-0.001525902	6	6	-0.5158869	0	0	0	0	0	0	0	0	0	0	0	0	0	54	0	
2	2572	-0.5149598	-1.97E-05	4266.629	-0.001525902	6	6	-0.5153869	0	0	0	0	0	0	0	0	0	0	0	0	0	54	0	
2	2573	-0.5143464	-1.96E-05	4267.629	-0.001525902	6	6	-0.5148869	0	0	0	0	0	0	0	0	0	0	0	0	0	54	0	
2	2574	-0.5140396	-1.95E-05	4268.629	-0.001525902	6	6	-0.5143869	0	0	0	0	0	0	0	0	0	0	0	0	0	54	0	
2	2575	-0.5134262	-1.94E-05	4269.629	-0.001525902	6	6	-0.5138869	0	0	0	0	0	0	0	0	0	0	0	0	0	54	0	
2	2576	-0.5128129	-1.93E-05	4270.629	-0.001525902	6	6	-0.5133869	0	0	0	0	0	0	0	0	0	0	0	0	0	54	0	
2	2577	-0.5125061	-1.92E-05	4271.629	-0.001525902	6	6	-0.5128869	0	0	0	0	0	0	0	0	0	0	0	0	0	54	0	
2	2578	-0.5118927	-1.91E-05	4272.629	-0.001525902	6	6	-0.5123869	0	0	0	0	0	0	0	0	0	0	0	0	0	54	0	
2	2579	-0.511586	-1.90E-05	4273.629	-0.001525902	6	6	-0.5118869	0	0	0	0	0	0	0	0	0	0	0	0	0	54	0	
2	2580	-0.5109726	-1.89E-05	4274.629	-0.001525902	6	6	-0.5113869	0	0	0	0	0	0	0	0	0	0	0	0	0	54	0	
2	2581	-0.5103592	-1.88E-05	4275.629	-0.001525902	6	6	-0.5108869	0	0	0	0	0	0	0	0	0	0	0	0	0	54	0	
2	2582	-0.5097458	-1.87E-05	4276.629	-0.001525902	6	6	-0.5103869	0	0	0	0	0	0	0	0	0	0	0	0	0	54	0	
2	2583	-0.5094391	-1.86E-05	4277.629	-0.001525902	6	6	-0.5098869	0	0	0	0	0	0	0	0	0	0	0	0	0	54	0	
2	2584	-0.5088257	-1.85E-05	4278.629	-0.001525902	6	6	-0.5093869	0	0	0	0	0	0	0	0	0	0	0	0	0	54	0	
2	2585	-0.5085189	-1.84E-05	4279.629	-0.001525902	6	6	-0.5088869	0	0	0	0	0	0	0	0	0	0	0	0	0	54	0	
2	2586	-0.5079055	-1.83E-05	4280.629	-0.001525902	6	6	-0.5083869	0	0	0	0	0	0	0	0	0	0	0	0	0	54	0	
2	2587	-0.5072921	-1.82E-05	4281.629	-0.001525902	6	6	-0.5078869	0	0	0	0	0	0	0	0	0	0	0	0	0	54	0	
2	2588	-0.5069854	-1.81E-05	4282.629	-0.001525902	6	6	-0.5073869	0	0	0	0	0	0	0	0	0	0	0	0	0	54	0	
2	2589	-0.506372	-1.80E-05	4283.629	-0.001525902	6	6	-0.5068869	0	0	0	0	0	0	0	0	0	0	0	0	0	54	0	
2	2590	-0.5057586	-1.79E-05	4284.629	-0.001525902	6	6	-0.5063869	0	0	0	0	0	0	0	0	0	0	0	0	0	54	0	
2	2591	-0.5054519	-1.78E-05	4285.629	-0.001525902	6	6	-0.5058869	0	0	0	0	0	0	0	0	0	0	0	0	0	54	0	
2	2592	-0.5048385	-1.77E-05	4286.629	-0.001525902	6	6	-0.5053869	0	0	0	0	0	0	0	0	0	0	0	0	0	54	0	
2	2593	-0.5045317	-1.77E-05	4287.629	-0.001525902	6	6	-0.5048869	0	0	0	0	0	0	0	0	0	0	0	0	0	54	0	
2	2594	-0.5039183	-1.76E-05	4288.629	-0.001525902	6	6	-0.5043869	0	0	0	0	0	0	0	0	0	0	0	0	0	54	0	
2	2595	-0.503305	-1.76E-05	4289.629	-0.001525902	6	6	-0.5038869	0	0	0	0	0	0	0	0	0	0	0	0	0	54	0	
2	2596	-0.5029982	-1.76E-05	4290.629	-0.001525902	6	6	-0.5033869	0	0	0	0	0	0	0	0	0	0	0	0	0	54	0	
2	2597	-0.5023848	-1.75E-05	4291.629	-0.001525902	6	6	-0.5028869	0	0	0	0	0	0	0	0	0	0	0	0	0	54	0	
2	2598	-0.5017714	-1.75E-05	4292.629	-0.001525902	6	6	-0.5023869	0	0	0	0	0	0	0	0	0	0	0	0	0	54	0	
2	2599	-0.5014647	-1.74E-05	4293.629	-0.001525902	6	6	-0.5018869	0	0	0	0	0	0	0	0	0	0	0	0	0	54	0	
2	2600	-0.5008513	-1.73E-05	4294.629	-0.001525902	6	6	-0.5013869	0	0	0	0	0	0	0	0	0	0	0	0	0	54	0	
2	2601	-0.5005445	-1.72E-05	4295.629	-0.001525902	6	6	-0.5008869	0	0	0	0	0	0	0	0	0	0	0	0	0	54	0	
2	2602	-0.4999312	-1.72E-05	4296.629	-0.001525902	6	6	-0.5003869	0	0	0	0	0	0	0	0	0	0	0	0	0	54	0	
2	2603	-0.4993177	-1.71E-05	4297.629	-0.001525902	6	6	-0.4998869	0	0	0	0	0	0	0	0	0	0	0	0	0	54	0	
2	2604	-0.499011	-1.71E-05	4298.629	-0.001525902	6	6	-0.4993869	0	0	0	0	0	0	0	0	0	0	0	0	0	54	0	
2	2605	-0.4983976	-1.70E-05	4299.629	-0.001525902	6	6	-0.4988869	0	0	0	0	0	0	0	0	0	0	0	0	0	54	0	
2	2606	-0.4977842	-1.69E-05	4300.629	-0.001525902	6	6	-0.4983869	0	0	0	0	0	0	0	0	0	0	0	0	0	54	0	
2	2607	-0.4974775	-1.69E-05	4301.629	-0.001525902	6	6	-0.4978869	0	0	0	0	0	0	0	0	0	0	0	0	0	54	0	
2	2608	-0.4968641	-1.69E-05	4302.629	-0.001525902	6	6	-0.4978752	0	0	0	0	0	0	0	0	0	0	0	0	0	54	0	
2	2609	-0.4962507	-1.69E-05	4303.629	-0.001525902	6	6	-0.4968869	0	0	0	0	0	0	0	0	0	0	0	0	0	54	0	
2	2610	-0.495944	-1.68E-05	4304.629	-0.001525902	6	6	-0.4963869	0	0	0	0	0	0	0	0	0	0	0	0	0	54	0	
2	2611	-0.4953306	-1.67E-05	4305.629	-0.001525902	6	6	-0.4958869	0	0	0	0	0	0	0	0	0	0	0	0	0	54	0	
2	2612	-0.4950238	-1.67E-05	4306.629	-0.001525902	6	6	-0.4953869	0	0	0	0	0	0	0	0	0	0	0	0	0	54	0	
2	2613	-0.4944105	-1.66E-05	4307.629	-0.001525902	6	6	-0.4948869	0	0	0	0	0	0	0	0	0	0	0	0	0	54	0	
2	2614	-0.493797	-1.65E-05	4308.629	-0.001525902	6	6	-0.4943869	0	0	0	0	0	0	0	0	0	0	0	0	0	54	0	
2	2615	-0.4934903	-1.65E-05	4309.629	-0.001525902	6	6	-0.4938869	0	0	0	0	0	0	0	0	0	0	0	0	0	54	0	
2	2616	-0.4928769	-1.64E-05	4310.629	-0.001525902	6	6	-0.4933869	0	0	0	0	0	0	0	0	0	0	0	0	0	54	0	
2	2617	-0.4925702	-1.64E-05	4311.629	-0.001525902	6	6	-0.4928869	0	0	0	0	0	0	0	0	0	0	0	0	0	54	0	
2	2618	-0.4919568	-1.63E-05	4312.629	-0.001525902	6	6	-0.4923869	0	0	0	0	0	0	0	0	0	0	0	0	0	54	0	
2	2619	-0.4913434	-1.62E-05	4313.629	-0.001525902	6	6	-0.4918869	0	0	0	0	0	0	0	0	0	0	0	0	0	54	0	
2	2620	-0.4910367	-1.61E-05	4314.629	-0.001525902	6	6	-0.4913869	0	0	0	0	0	0	0	0	0	0	0	0	0	54	0	
2	2621	-0.4904233	-1.61E-05	4315.629	-0.001525902	6	6	-0.4908869	0	0	0	0	0	0	0	0	0	0	0	0	0	54	0	
2	2622	-0.4898098	-1.60E-05	4316.629	-0.001525902	6	6	-0.4903869	0	0	0	0	0	0	0	0	0	0	0	0	0	54	0	
2	2623	-0.4895031	-1.59E-05	4317.629	-0.001525902	6	6	-0.4898869	0	0	0	0	0	0	0	0	0	0	0	0	0	54	0	
2	2624	-0.4888897	-1.59E-05	4318.629	-0.001525902	6	6	-0.4893869	0	0	0	0	0	0	0	0	0	0	0	0	0	54	0	
2	2625	-0.488583	-1.58E-05	4319.629	-0.001525902	6	6	-0.4888869	0	0	0	0	0	0	0	0	0	0	0	0	0	54	0	
2	2626	-0.4879696	-1.57E-05	4320.629	-0.001525902	6	6	-0.4883869	0	0	0	0	0	0	0	0	0	0	0	0	0	54	0	
2	2627	-0.4873562	-1.56E-05	4321.629	-0.001525902	6	6	-0.4878869	0	0	0	0	0	0	0	0	0	0	0	0	0	54	0	
2	2628	-0.4870495	-1.56E-05	4322.629	-0.001525902	6	6	-0.4873869	0	0	0	0	0	0	0	0	0	0	0	0	0	54	0	
2	2629	-0.4864361	-1.55E-05	4323.629	-0.001525902	6	6	-0.4868869	0	0	0	0	0	0	0	0	0	0	0	0	0	54	0	
2	2630	-0.4858227	-1.54E-05	4324.629	-0.001525902	6	6	-0.4863869	0	0	0	0	0	0	0	0	0	0	0	0	0	54	0	
2	2631	-0.485516	-1.52E-05	4325.629	-0.001525902	6	6	-0.4858869	0	0	0	0	0	0	0	0	0	0	0	0	0	54	0	
2	2632	-0.4849026	-1.51E-05	4326.629	-0.001525902	6	6	-0.4853869	0	0	0	0	0	0	0	0	0	0	0	0	0	54	0	
2	2633	-0.4842891	-1.50E-05	4327.629	-0.001525902	6	6	-0.4848869	0	0	0	0	0	0	0	0	0	0	0	0	0	54	0	
2	2634	-0.4839824	-1.49E-05	4328.629	-0.001525902	6	6	-0.4843869	0	0	0	0	0	0	0	0	0	0	0	0	0	54	0	
2	2635	-0.483369	-1.47E-05	4329.629	-0.001525902	6	6	-0.4838869	0	0	0	0	0	0	0	0	0	0	0	0	0	54	0	
2	2636	-0.4830623	-1.46E-05	4330.629	-0.001525902	6	6	-0.4833869	0	0	0	0	0	0	0	0	0	0	0	0	0	54	0	
2	2637	-0.4824489	-1.45E-05	4331.629	-0.001525902	6	6	-0.4828869	0	0	0	0	0	0	0	0	0	0	0	0	0	54	0	
2	2638	-0.4818355	-1.44E-05	4332.629	-0.001525902	6	6	-0.4823869	0	0	0	0	0	0	0	0	0	0	0	0	0	54	0	
2	2639	-0.4815288	-1.42E-05	4333.629	-0.001525902	6	6	-0.4818869	0	0	0	0	0	0	0	0	0	0	0	0	0	54	0	
2	2640	-0.4809154	-1.41E-05	4334.629	-0.001525902	6	6	-0.4813869	0	0	0	0	0	0	0	0	0	0	0	0	0	54	0	
2	2641	-0.4803019	-1.40E-05	4335.629	-0.001525902	6	6	-0.4808869	0	0	0	0	0	0	0	0	0	0	0	0	0	54	0	
2	2642	-0.4799953	-1.39E-05	4336.629	-0.001525902	7	7	-0.4803869	0	0	0	0	0	0	0	0	0	0	0	0	0	54	0	
2	2643	-0.4793818	-1.37E-05	4337.629	-0.001525902	7	7	-0.4798869	0	0	0	0	0	0	0	0	0	0	0	0	0	54	0	
2	2644	-0.4790751	-1.36E-05	4338.629	-0.001525902	7	7	-0.4793869	0	0	0	0	0	0	0	0	0	0	0	0	0	54	0	
2	2645	-0.4784617	-1.35E-05	4339.629	-0.001525902	7	7	-0.4788869	0	0	0	0	0	0	0	0	0	0	0	0	0	54	0	
2	2646	-0.4778483	-1.34E-05	4340.629	-0.001525902	7	7	-0.4783869	0	0	0	0	0	0	0	0	0	0	0	0	0	54	0	
2	2647	-0.4775416	-1.33E-05	4341.629	-0.001525902	7	7	-0.4778869	0	0	0	0	0	0	0	0	0	0	0	0	0	54	0	
2	2648	-0.4769282	-1.32E-05	4342.629	-0.001525902	7	7	-0.4773869	0	0	0	0	0	0	0	0	0	0	0	0	0	54	0	
2	2649	-0.4766215	-1.31E-05	4343.629	-0.001525902	7	7	-0.4768869	0	0	0	0	0	0	0	0	0	0	0	0	0	54	0	
2	2650	-0.4760081	-1.30E-05	4344.629	-0.001525902	7	7	-0.4763869	0	0	0	0	0	0	0	0	0	0	0	0	0	54	0	
2	2651	-0.4753947	-1.29E-05	4345.629	-0.001525902	7	7	-0.4758869	0	0	0	0	0	0	0	0	0	0	0	0	0	54	0	
2	2652	-0.4747812	-1.28E-05	4346.629	-0.001525902	7	7	-0.4753869	0	0	0	0	0	0	0	0	0	0	0	0	0	54	0	
2	2653	-0.4744745	-1.27E-05	4347.629	-0.001525902	7	7	-0.4748869	0	0	0	0	0	0	0	0	0	0	0	0	0	54	0	
2	2654	-0.4738611	-1.26E-05	4348.629	-0.001525902	7	7	-0.4743869	0	0	0	0	0	0	0	0	0	0	0	0	0	54	0	
2	2655	-0.4735544	-1.25E-05	4349.629	-0.001525902	7	7	-0.4738869	0	0	0	0	0	0	0	0	0	0	0	0	0	54	0	
2	2656	-0.472941	-1.24E-05	4350.629	-0.001525902	7	7	-0.4733869	0	0	0	0	0	0	0	0	0	0	0	0	0	54	0	
2	2657	-0.4723276	-1.22E-05	4351.629	-0.001525902	7	7	-0.4728869	0	0	0	0	0	0	0	0	0	0	0	0	0	54	0	
2	2658	-0.4720209	-1.21E-05	4352.629	-0.001525902	7	7	-0.4723869	0	0	0	0	0	0	0	0	0	0	0	0	0	54	0	
2	2659	-0.4714075	-1.20E-05	4353.629	-0.001525902	7	7	-0.4718869	0	0	0	0	0	0	0	0	0	0	0	0	0	54	0	
2	2660	-0.4707941	-1.19E-05	4354.629	-0.001525902	7	7	-0.4713869	0	0	0	0	0	0	0	0	0	0	0	0	0	54	0	
2	2661	-0.4704874	-1.18E-05	4355.629	-0.001525902	7	7	-0.4708869	0	0	0	0	0	0	0	0	0	0	0	0	0	54	0	
2	2662	-0.4698739	-1.17E-05	4356.629	-0.001525902	7	7	-0.4703869	0	0	0	0	0	0	0	0	0	0	0	0	0	54	0	
2	2663	-0.4692605	-1.16E-05	4357.629	-0.001525902	7	7	-0.4698869	0	0	0	0	0	0	0	0	0	0	0	0	0	54	0	
2	2664	-0.4689538	-1.15E-05	4358.629	-0.001525902	7	7	-0.4693869	0	0	0	0	0	0	0	0	0	0	0	0	0	54	0	
2	2665	-0.4683404	-1.14E-05	4359.629	-0.001525902	7	7	-0.4688869	0	0	0	0	0	0	0	0	0	0	0	0	0	54	0	
2	2666	-0.4680337	-1.13E-05	4360.629	-0.001525902	7	7	-0.4683869	0	0	0	0	0	0	0	0	0	0	0	0	0	54	0	
2	2667	-0.4674203	-1.12E-05	4361.629	-0.001525902	7	7	-0.4678869	0	0	0	0	0	0	0	0	0	0	0	0	0	54	0	
2	2668	-0.4671136	-1.12E-05	4362.629	-0.001525902	7	7	-0.4673869	0	0	0	0	0	0	0	0	0	0	0	0	0	54	0	
2	2669	-0.4665002	-1.11E-05	4363.629	-0.001525902	7	7	-0.4668869	0	0	0	0	0	0	0	0	0	0	0	0	0	54	0	
2	2670	-0.4658867	-1.10E-05	4364.629	-0.001525902	7	7	-0.4663869	0	0	0	0	0	0	0	0	0	0	0	0	0	54	0	
2	2671	-0.4652734	-1.09E-05	4365.629	-0.001525902	7	7	-0.4658869	0	0	0	0	0	0	0	0	0	0	0	0	0	54	0	
2	2672	-0.4649666	-1.08E-05	4366.629	-0.001525902	7	7	-0.4653869	0	0	0	0	0	0	0	0	0	0	0	0	0	54	0	
2	2673	-0.4643532	-1.07E-05	4367.629	-0.001525902	7	7	-0.4648869	0	0	0	0	0	0	0	0	0	0	0	0	0	54	0	
2	2674	-0.4640465	-1.06E-05	4368.629	-0.001525902	7	7	-0.4643869	0	0	0	0	0	0	0	0	0	0	0	0	0	54	0	
2	2675	-0.4634331	-1.05E-05	4369.629	-0.001525902	7	7	-0.4638869	0	0	0	0	0	0	0	0	0	0	0	0	0	54	0	
2	2676	-0.4628197	-1.04E-05	4370.629	-0.001525902	7	7	-0.4633869	0	0	0	0	0	0	0	0	0	0	0	0	0	54	0	
2	2677	-0.462513	-1.03E-05	4371.629	-0.001525902	7	7	-0.4628869	0	0	0	0	0	0	0	0	0	0	0	0	0	54	0	
2	2678	-0.4618996	-1.02E-05	4372.629	-0.001525902	7	7	-0.4623869	0	0	0	0	0	0	0	0	0	0	0	0	0	54	0	
2	2679	-0.4615929	-1.01E-05	4373.629	-0.001525902	7	7	-0.4618869	0	0	0	0	0	0	0	0	0	0	0	0	0	54	0	
2	2680	-0.4609795	-1.00E-05	4374.629	-0.001525902	7	7	-0.4613869	0	0	0	0	0	0	0	0	0	0	0	0	0	54	0	
2	2681	-0.460366	-9.96E-06	4375.629	-0.001525902	7	7	-0.4608869	0	0	0	0	0	0	0	0	0	0	0	0	0	54	0	
2	2682	-0.4600593	-9.87E-06	4376.629	-0.001525902	7	7	-0.4603869	0	0	0	0	0	0	0	0	0	0	0	0	0	54	0	
2	2683	-0.4594459	-9.78E-06	4377.629	-0.001525902	7	7	-0.4598869	0	0	0	0	0	0	0	0	0	0	0	0	0	54	0	
2	2684	-0.4588325	-9.70E-06	4378.629	-0.001525902	7	7	-0.4593869	0	0	0	0	0	0	0	0	0	0	0	0	0	54	0	
2	2685	-0.4585258	-9.61E-06	4379.629	-0.001525902	7	7	-0.4588869	0	0	0	0	0	0	0	0	0	0	0	0	0	54	0	
2	2686	-0.4579124	-9.52E-06	4380.629	-0.001525902	7	7	-0.4583869	0	0	0	0	0	0	0	0	0	0	0	0	0	54	0	
2	2687	-0.4576057	-9.43E-06	4381.629	-0.001525902	7	7	-0.4578869	0	0	0	0	0	0	0	0	0	0	0	0	0	54	0	
2	2688	-0.4569923	-9.36E-06	4382.629	-0.001525902	7	7	-0.4573869	0	0	0	0	0	0	0	0	0	0	0	0	0	54	0	
2	2689	-0.4563788	-9.26E-06	4383.629	-0.001525902	7	7	-0.4568869	0	0	0	0	0	0	0	0	0	0	0	0	0	54	0	
2	2690	-0.4557655	-9.18E-06	4384.629	-0.001525902	7	7	-0.4563869	0	0	0	0	0	0	0	0	0	0	0	0	0	54	0	
2	2691	-0.4554587	-9.10E-06	4385.629	-0.001525902	7	7	-0.4558869	0	0	0	0	0	0	0	0	0	0	0	0	0	54	0	
2	2692	-0.4548453	-9.02E-06	4386.629	-0.001525902	7	7	-0.4553869	0	0	0	0	0	0	0	0	0	0	0	0	0	54	0	
2	2693	-0.4545386	-8.94E-06	4387.629	-0.001525902	7	7	-0.4548869	0	0	0	0	0	0	0	0	0	0	0	0	0	54	0	
2	2694	-0.4539252	-8.87E-06	4388.629	-0.001525902	7	7	-0.4543869	0	0	0	0	0	0	0	0	0	0	0	0	0	54	0	
2	2695	-0.4533118	-8.79E-06	4389.629	-0.001525902	7	7	-0.4538869	0	0	0	0	0	0	0	0	0	0	0	0	0	54	0	
2	2696	-0.4530051	-8.70E-06	4390.629	-0.001525902	7	7	-0.4533869	0	0	0	0	0	0	0	0	0	0	0	0	0	54	0	
2	2697	-0.4523917	-8.62E-06	4391.629	-0.001525902	7	7	-0.4528869	0	0	0	0	0	0	0	0	0	0	0	0	0	54	0	
2	2698	-0.452085	-8.54E-06	4392.629	-0.001525902	7	7	-0.4523869	0	0	0	0	0	0	0	0	0	0	0	0	0	54	0	
2	2699	-0.4514716	-8.45E-06	4393.629	-0.001525902	7	7	-0.4518869	0	0	0	0	0	0	0	0	0	0	0	0	0	54	0	
2	2700	-0.4508581	-8.37E-06	4394.629	-0.001525902	7	7	-0.4513869	0	0	0	0	0	0	0	0	0	0	0	0	0	54	0	
2	2701	-0.4505515	-8.31E-06	4395.629	-0.001525902	7	7	-0.4508869	0	0	0	0	0	0	0	0	0	0	0	0	0	54	0	
2	2702	-0.449938	-8.23E-06	4396.629	-0.001525902	7	7	-0.4503869	0	0	0	0	0	0	0	0	0	0	0	0	0	54	0	
2	2703	-0.4493246	-8.15E-06	4397.629	-0.001525902	7	7	-0.4498869	0	0	0	0	0	0	0	0	0	0	0	0	0	54	0	
2	2704	-0.4490179	-8.07E-06	4398.629	-0.001525902	7	7	-0.4493869	0	0	0	0	0	0	0	0	0	0	0	0	0	54	0	
2	2705	-0.4484045	-7.99E-06	4399.629	-0.001525902	7	7	-0.4488869	0	0	0	0	0	0	0	0	0	0	0	0	0	54	0	
2	2706	-0.4480978	-7.92E-06	4400.629	-0.001525902	7	7	-0.4483869	0	0	0	0	0	0	0	0	0	0	0	0	0	54	0	
2	2707	-0.4474844	-7.86E-06	4401.629	-0.001525902	7	7	-0.4478869	0	0	0	0	0	0	0	0	0	0	0	0	0	54	0	
2	2708	-0.446871	-7.78E-06	4402.629	-0.001525902	7	7	-0.4473869	0	0	0	0	0	0	0	0	0	0	0	0	0	54	0	
2	2709	-0.4465643	-7.71E-06	4403.629	-0.001525902	7	7	-0.4468869	0	0	0	0	0	0	0	0	0	0	0	0	0	54	0	
2	2710	-0.4459508	-7.63E-06	4404.629	-0.001525902	7	7	-0.4463869	0	0	0	0	0	0	0	0	0	0	0	0	0	54	0	
2	2711	-0.4453374	-7.56E-06	4405.629	-0.001525902	7	7	-0.4458869	0	0	0	0	0	0	0	0	0	0	0	0	0	54	0	
2	2712	-0.4450307	-7.49E-06	4406.629	-0.001525902	7	7	-0.4453869	0	0	0	0	0	0	0	0	0	0	0	0	0	54	0	
2	2713	-0.4444173	-7.42E-06	4407.629	-0.001525902	7	7	-0.4448869	0	0	0	0	0	0	0	0	0	0	0	0	0	54	0	
2	2714	-0.4438039	-7.35E-06	4408.629	-0.001525902	7	7	-0.4443869	0	0	0	0	0	0	0	0	0	0	0	0	0	54	0	
2	2715	-0.4434972	-7.28E-06	4409.629	-0.001525902	7	7	-0.4438869	0	0	0	0	0	0	0	0	0	0	0	0	0	54	0	
2	2716	-0.4428838	-7.21E-06	4410.629	-0.001525902	7	7	-0.4433869	0	0	0	0	0	0	0	0	0	0	0	0	0	54	0	
2	2717	-0.4425771	-7.14E-06	4411.629	-0.001525902	7	7	-0.4428869	0	0	0	0	0	0	0	0	0	0	0	0	0	54	0	
2	2718	-0.4419637	-7.06E-06	4412.629	-0.001525902	7	7	-0.4423869	0	0	0	0	0	0	0	0	0	0	0	0	0	54	0	
2	2719	-0.4413503	-6.98E-06	4413.629	-0.001525902	7	7	-0.4418869	0	0	0	0	0	0	0	0	0	0	0	0	0	54	0	
2	2720	-0.4410436	-6.91E-06	4414.629	-0.001525902	7	7	-0.4413869	0	0	0	0	0	0	0	0	0	0	0	0	0	54	0	
2	2721	-0.4404301	-6.84E-06	4415.629	-0.001525902	7	7	-0.4408869	0	0	0	0	0	0	0	0	0	0	0	0	0	54	0	
2	2722	-0.4398167	-6.76E-06	4416.629	-0.001525902	7	7	-0.4403869	0	0	0	0	0	0	0	0	0	0	0	0	0	54	0	
2	2723	-0.43951	-6.68E-06	4417.629	-0.001525902	7	7	-0.4398869	0	0	0	0	0	0	0	0	0	0	0	0	0	54	0	
2	2724	-0.4388966	-6.54E-06	4418.629	-0.001525902	7	7	-0.4393869	0	0	0	0	0	0	0	0	0	0	0	0	0	54	0	
2	2725	-0.4385899	-6.55E-06	4419.629	-0.001525902	7	7	-0.4388869	0	0	0	0	0	0	0	0	0	0	0	0	0	54	0	
2	2726	-0.4379765	-6.48E-06	4420.629	-0.001525902	7	7	-0.4383869	0	0	0	0	0	0	0	0	0	0	0	0	0	54	0	
2	2727	-0.4373631	-6.42E-06	4421.629	-0.001525902	7	7	-0.4378869	0	0	0	0	0	0	0	0	0	0	0	0	0	54	0	
2	2728	-0.4370564	-6.35E-06	4422.629	-0.001525902	7	7	-0.4373869	0	0	0	0	0	0	0	0	0	0	0	0	0	54	0	
2	2729	-0.4364429	-6.28E-06	4423.629	-0.001525902	7	7	-0.4368869	0	0	0	0	0	0	0	0	0	0	0	0	0	54	0	
2	2730	-0.4358295	-6.22E-06	4424.629	-0.001525902	7	7	-0.4363869	0	0	0	0	0	0	0	0	0	0	0	0	0	54	0	
2	2731	-0.4355228	-6.15E-06	4425.629	-0.001525902	7	7	-0.4358869	0	0	0	0	0	0	0	0	0	0	0	0	0	54	0	
2	2732	-0.4349094	-6.09E-06	4426.629	-0.001525902	7	7	-0.4353869	0	0	0	0	0	0	0	0	0	0	0	0	0	54	0	
2	2733	-0.4346027	-6.04E-06	4427.629	-0.001525902	7	7	-0.4353752	0	0	0	0	0	0	0	0	0	0	0	0	0	54	0	
2	2734	-0.4339893	-5.98E-06	4428.629	-0.001525902	7	7	-0.4343869	0	0	0	0	0	0	0	0	0	0	0	0	0	54	0	
2	2735	-0.4333759	-5.92E-06	4429.629	-0.001525902	7	7	-0.4338869	0	0	0	0	0	0	0	0	0	0	0	0	0	54	0	
2	2736	-0.4330692	-5.86E-06	4430.629	-0.001525902	7	7	-0.4333869	0	0	0	0	0	0	0	0	0	0	0	0	0	54	0	
2	2737	-0.4324558	-5.80E-06	4431.629	-0.001525902	7	7	-0.4328869	0	0	0	0	0	0	0	0	0	0	0	0	0	54	0	
2	2738	-0.4318424	-5.74E-06	4432.629	-0.001525902	7	7	-0.4323869	0	0	0	0	0	0	0	0	0	0	0	0	0	54	0	
2	2739	-0.4312289	-5.69E-06	4433.629	-0.001525902	7	7	-0.4318869	0	0	0	0	0	0	0	0	0	0	0	0	0	54	0	
2	2740	-0.4309222	-5.63E-06	4434.629	-0.001525902	7	7	-0.4313869	0	0	0	0	0	0	0	0	0	0	0	0	0	54	0	
2	2741	-0.4303088	-5.56E-06	4435.629	-0.001525902	7	7	-0.4308869	0	0	0	0	0	0	0	0	0	0	0	0	0	54	0	
2	2742	-0.4300021	-5.50E-06	4436.629	-0.001525902	7	7	-0.4303869	0	0	0	0	0	0	0	0	0	0	0	0	0	54	0	
2	2743	-0.4293887	-5.44E-06	4437.629	-0.001525902	7	7	-0.4298869	0	0	0	0	0	0	0	0	0	0	0	0	0	54	0	
2	2744	-0.429082	-5.38E-06	4438.629	-0.001525902	7	7	-0.4293869	0	0	0	0	0	0	0	0	0	0	0	0	0	54	0	
2	2745	-0.4284686	-5.32E-06	4439.629	-0.001525902	7	7	-0.4288869	0	0	0	0	0	0	0	0	0	0	0	0	0	54	0	
2	2746	-0.4278552	-5.27E-06	4440.629	-0.001525902	7	7	-0.4283869	0	0	0	0	0	0	0	0	0	0	0	0	0	54	0	
2	2747	-0.4275485	-5.21E-06	4441.629	-0.001525902	7	7	-0.4278869	0	0	0	0	0	0	0	0	0	0	0	0	0	54	0	
2	2748	-0.426935	-5.15E-06	4442.629	-0.001525902	7	7	-0.4273869	0	0	0	0	0	0	0	0	0	0	0	0	0	54	0	
2	2749	-0.4263216	-5.09E-06	4443.629	-0.001525902	7	7	-0.4268869	0	0	0	0	0	0	0	0	0	0	0	0	0	54	0	
2	2750	-0.4260149	-5.04E-06	4444.629	-0.001525902	7	7	-0.4263869	0	0	0	0	0	0	0	0	0	0	0	0	0	54	0	
2	2751	-0.4254015	-4.98E-06	4445.629	-0.001525902	7	7	-0.4258869	0	0	0	0	0	0	0	0	0	0	0	0	0	54	0	
2	2752	-0.4247881	-4.93E-06	4446.629	-0.001525902	7	7	-0.4253869	0	0	0	0	0	0	0	0	0	0	0	0	0	54	0	
2	2753	-0.4244814	-4.87E-06	4447.629	-0.001525902	7	7	-0.4248869	0	0	0	0	0	0	0	0	0	0	0	0	0	54	0	
2	2754	-0.423868	-4.81E-06	4448.629	-0.001525902	7	7	-0.4243869	0	0	0	0	0	0	0	0	0	0	0	0	0	54	0	
2	2755	-0.4235613	-4.76E-06	4449.629	-0.001525902	7	7	-0.4238869	0	0	0	0	0	0	0	0	0	0	0	0	0	54	0	
2	2756	-0.4229479	-4.70E-06	4450.629	-0.001525902	7	7	-0.4233869	0	0	0	0	0	0	0	0	0	0	0	0	0	54	0	
2	2757	-0.4223345	-4.64E-06	4451.629	-0.001525902	7	7	-0.4228869	0	0	0	0	0	0	0	0	0	0	0	0	0	54	0	
2	2758	-0.4220277	-4.58E-06	4452.629	-0.001525902	7	7	-0.4223869	0	0	0	0	0	0	0	0	0	0	0	0	0	54	0	
2	2759	-0.4214143	-4.53E-06	4453.629	-0.001525902	7	7	-0.4218869	0	0	0	0	0	0	0	0	0	0	0	0	0	54	0	
2	2760	-0.4208009	-4.48E-06	4454.629	-0.001525902	7	7	-0.4213869	0	0	0	0	0	0	0	0	0	0	0	0	0	54	0	
2	2761	-0.4204942	-4.43E-06	4455.629	-0.001525902	7	7	-0.4208869	0	0	0	0	0	0	0	0	0	0	0	0	0	54	0	
2	2762	-0.4198808	-4.37E-06	4456.629	-0.001525902	7	7	-0.4203869	0	0	0	0	0	0	0	0	0	0	0	0	0	54	0	
2	2763	-0.4195741	-4.32E-06	4457.629	-0.001525902	7	7	-0.4198869	0	0	0	0	0	0	0	0	0	0	0	0	0	54	0	
2	2764	-0.4189607	-4.26E-06	4458.629	-0.001525902	7	7	-0.4193869	0	0	0	0	0	0	0	0	0	0	0	0	0	54	0	
2	2765	-0.4183473	-4.22E-06	4459.629	-0.001525902	7	7	-0.4188869	0	0	0	0	0	0	0	0	0	0	0	0	0	54	0	
2	2766	-0.4180406	-4.16E-06	4460.629	-0.001525902	7	7	-0.4183869	0	0	0	0	0	0	0	0	0	0	0	0	0	54	0	
2	2767	-0.4174272	-4.10E-06	4461.629	-0.001525902	7	7	-0.4178869	0	0	0	0	0	0	0	0	0	0	0	0	0	54	0	
2	2768	-0.4168137	-4.05E-06	4462.629	-0.001525902	7	7	-0.4173869	0	0	0	0	0	0	0	0	0	0	0	0	0	54	0	
2	2769	-0.416507	-4.00E-06	4463.629	-0.001525902	7	7	-0.4168869	0	0	0	0	0	0	0	0	0	0	0	0	0	54	0	
2	2770	-0.4158936	-3.94E-06	4464.629	-0.001525902	7	7	-0.4163869	0	0	0	0	0	0	0	0	0	0	0	0	0	54	0	
2	2771	-0.4155869	-3.89E-06	4465.629	-0.001525902	7	7	-0.4158869	0	0	0	0	0	0	0	0	0	0	0	0	0	54	0	
2	2772	-0.4149735	-3.85E-06	4466.629	-0.001525902	7	7	-0.4153869	0	0	0	0	0	0	0	0	0	0	0	0	0	54	0	
2	2773	-0.4146668	-3.79E-06	4467.629	-0.001525902	7	7	-0.4148869	0	0	0	0	0	0	0	0	0	0	0	0	0	54	0	
2	2774	-0.4137467	-3.74E-06	4468.629	-0.001525902	7	7	-0.4143869	0	0	0	0	0	0	0	0	0	0	0	0	0	54	0	
2	2775	-0.41344	-3.69E-06	4469.629	-0.001525902	7	7	-0.4138869	0	0	0	0	0	0	0	0	0	0	0	0	0	54	0	
2	2776	-0.4128266	-3.63E-06	4470.629	-0.001525902	7	7	-0.4133869	0	0	0	0	0	0	0	0	0	0	0	0	0	54	0	
2	2777	-0.4125198	-3.58E-06	4471.629	-0.001525902	7	7	-0.4128869	0	0	0	0	0	0	0	0	0	0	0	0	0	54	0	
2	2778	-0.4119065	-3.54E-06	4472.629	-0.001525902	7	7	-0.4123869	0	0	0	0	0	0	0	0	0	0	0	0	0	54	0	
2	2779	-0.4115997	-3.48E-06	4473.629	-0.001525902	7	7	-0.4118869	0	0	0	0	0	0	0	0	0	0	0	0	0	54	0	
2	2780	-0.4109863	-3.43E-06	4474.629	-0.001525902	7	7	-0.4113869	0	0	0	0	0	0	0	0	0	0	0	0	0	54	0	
2	2781	-0.4103729	-3.37E-06	4475.629	-0.001525902	7	7	-0.4108869	0	0	0	0	0	0	0	0	0	0	0	0	0	54	0	
2	2782	-0.4100662	-3.32E-06	4476.629	-0.001525902	7	7	-0.4103869	0	0	0	0	0	0	0	0	0	0	0	0	0	54	0	
2	2783	-0.4094528	-3.27E-06	4477.629	-0.001525902	7	7	-0.4098869	0	0	0	0	0	0	0	0	0	0	0	0	0	54	0	
2	2784	-0.4088394	-3.23E-06	4478.629	-0.001525902	7	7	-0.4093869	0	0	0	0	0	0	0	0	0	0	0	0	0	54	0	
2	2785	-0.4085327	-3.17E-06	4479.629	-0.001525902	7	7	-0.4088869	0	0	0	0	0	0	0	0	0	0	0	0	0	54	0	
2	2786	-0.4079193	-3.12E-06	4480.629	-0.001525902	7	7	-0.4083869	0	0	0	0	0	0	0	0	0	0	0	0	0	54	0	
2	2787	-0.4076126	-3.07E-06	4481.629	-0.001525902	7	7	-0.4078869	0	0	0	0	0	0	0	0	0	0	0	0	0	54	0	
2	2788	-0.4069991	-3.02E-06	4482.629	-0.001525902	7	7	-0.4073869	0	0	0	0	0	0	0	0	0	0	0	0	0	54	0	
2	2789	-0.4063857	-2.97E-06	4483.629	-0.001525902	7	7	-0.4068869	0	0	0	0	0	0	0	0	0	0	0	0	0	54	0	
2	2790	-0.406079	-2.92E-06	4484.629	-0.001525902	7	7	-0.4063869	0	0	0	0	0	0	0	0	0	0	0	0	0	54	0	
2	2791	-0.4054656	-2.88E-06	4485.629	-0.001525902	7	7	-0.4058869	0	0	0	0	0	0	0	0	0	0	0	0	0	54	0	
2	2792	-0.4048522	-2.83E-06	4486.629	-0.001525902	7	7	-0.4053869	0	0	0	0	0	0	0	0	0	0	0	0	0	54	0	
2	2793	-0.4045455	-2.79E-06	4487.629	-0.001525902	7	7	-0.4048869	0	0	0	0	0	0	0	0	0	0	0	0	0	54	0	
2	2794	-0.4039321	-2.74E-06	4488.629	-0.001525902	7	7	-0.4043869	0	0	0	0	0	0	0	0	0	0	0	0	0	54	0	
2	2795	-0.4033187	-2.69E-06	4489.629	-0.001525902	7	7	-0.4038869	0	0	0	0	0	0	0	0	0	0	0	0	0	54	0	
2	2796	-0.4030119	-2.64E-06	4490.629	-0.001525902	7	7	-0.4033869	0	0	0	0	0	0	0	0	0	0	0	0	0	54	0	
2	2797	-0.4023986	-2.60E-06	4491.629	-0.001525902	7	7	-0.4028869	0	0	0	0	0	0	0	0	0	0	0	0	0	54	0	
2	2798	-0.4020918	-2.55E-06	4492.629	-0.001525902	7	7	-0.4023869	0	0	0	0	0	0	0	0	0	0	0	0	0	54	0	
2	2799	-0.4014784	-2.50E-06	4493.629	-0.001525902	7	7	-0.4018869	0	0	0	0	0	0	0	0	0	0	0	0	0	54	0	
2	2800	-0.400865	-2.45E-06	4494.629	-0.001525902	7	7	-0.4013869	0	0	0	0	0	0	0	0	0	0	0	0	0	54	0	
2	2801	-0.4005583	-2.40E-06	4495.629	-0.001525902	7	7	-0.4008869	0	0	0	0	0	0	0	0	0	0	0	0	0	54	0	
2	2802	-0.3999449	-2.35E-06	4496.629	-0.001525902	7	7	-0.4003869	0	0	0	0	0	0	0	0	0	0	0	0	0	54	0	
2	2803	-0.3996382	-2.30E-06	4497.629	-0.001525902	7	7	-0.3998869	0	0	0	0	0	0	0	0	0	0	0	0	0	54	0	
2	2804	-0.3990248	-2.26E-06	4498.629	-0.001525902	7	7	-0.3993869	0	0	0	0	0	0	0	0	0	0	0	0	0	54	0	
2	2805	-0.3984114	-2.20E-06	4499.629	-0.001525902	7	7	-0.3988869	0	0	0	0	0	0	0	0	0	0	0	0	0	54	0	
2	2806	-0.3981047	-2.16E-06	4500.629	-0.001525902	7	7	-0.3983869	0	0	0	0	0	0	0	0	0	0	0	0	0	54	0	
2	2807	-0.3974912	-2.11E-06	4501.629	-0.001525902	7	7	-0.3978869	0	0	0	0	0	0	0	0	0	0	0	0	0	54	0	
2	2808	-0.3968778	-2.05E-06	4502.629	-0.001525902	7	7	-0.3973869	0	0	0	0	0	0	0	0	0	0	0	0	0	54	0	
2	2809	-0.3965711	-2.01E-06	4503.629	-0.001525902	7	7	-0.3968869	0	0	0	0	0	0	0	0	0	0	0	0	0	54	0	
2	2810	-0.3959577	-1.97E-06	4504.629	-0.001525902	7	7	-0.3963869	0	0	0	0	0	0	0	0	0	0	0	0	0	54	0	
2	2811	-0.3953443	-1.91E-06	4505.629	-0.001525902	7	7	-0.3958869	0	0	0	0	0	0	0	0	0	0	0	0	0	54	0	
2	2812	-0.3950376	-1.85E-06	4506.629	-0.001525902	7	7	-0.3953869	0	0	0	0	0	0	0	0	0	0	0	0	0	54	0	
2	2813	-0.3944242	-1.21E-06	4507.629	-0.001525902	8	8	-0.3948869	0	0	0	0	0	0	0	0	0	0	0	0	0	54	0	
2	2814	-0.3941175	-1.14E-06	4508.629	-0.001525902	8	8	-0.3943869	0	0	0	0	0	0	0	0	0	0	0	0	0	54	0	
2	2815	-0.3935041	-1.09E-06	4509.629	-0.001525902	8	8	-0.3938869	0	0	0	0	0	0	0	0	0	0	0	0	0	54	0	
2	2816	-0.3931974	-1.05E-06	4510.629	-0.001525902	8	8	-0.3933869	0	0	0	0	0	0	0	0	0	0	0	0	0	54	0	
2	2817	-0.3925839	-1.02E-06	4511.629	-0.001525902	8	8	-0.3928869	0	0	0	0	0	0	0	0	0	0	0	0	0	54	0	
2	2818	-0.3919705	-9.91E-07	4512.629	-0.001525902	8	8	-0.3923869	0	0	0	0	0	0	0	0	0	0	0	0	0	54	0	
2	2819	-0.3916638	-9.88E-07	4513.629	-0.001525902	8	8	-0.3918869	0	0	0	0	0	0	0	0	0	0	0	0	0	54	0	
2	2820	-0.3910504	-9.79E-07	4514.629	-0.001525902	8	8	-0.3913869	0	0	0	0	0	0	0	0	0	0	0	0	0	54	0	
2	2821	-0.3907437	-9.81E-07	4515.629	-0.001525902	8	8	-0.3908869	0	0	0	0	0	0	0	0	0	0	0	0	0	54	0	
2	2822	-0.3901303	-9.81E-07	4516.629	-0.001525902	8	8	-0.3903869	0	0	0	0	0	0	0	0	0	0	0	0	0	54	0	
2	2823	-0.3898236	-9.63E-07	4517.629	-0.001525902	8	8	-0.3898869	0	0	0	0	0	0	0	0	0	0	0	0	0	54	0	
2	2824	-0.3892102	-9.15E-07	4518.629	-0.001525902	8	8	-0.3893869	0	0	0	0	0	0	0	0	0	0	0	0	0	54	0	
2	2825	-0.3885968	-8.70E-07	4519.629	-0.001525902	8	8	-0.3888869	0	0	0	0	0	0	0	0	0	0	0	0	0	54	0	
2	2826	-0.38829	-8.11E-07	4520.629	-0.001525902	8	8	-0.3883869	0	0	0	0	0	0	0	0	0	0	0	0	0	54	0	
2	2827	-0.3876766	-7.57E-07	4521.629	-0.001525902	8	520	-0.3878869	0	0	0	0	0	0	0	0	0	0	0	0	0	54	0	
2	2828	-0.3870632	-7.09E-07	4522.629	-0.001525902	8	520	-0.3873869	0	0	0	0	0	0	0	0	0	0	0	0	0	54	0	
2	2829	-0.3864498	-6.50E-07	4523.629	-0.001525902	8	520	-0.3868869	0	0	0	0	0	0	0	0	0	0	0	0	0	54	0	
2	2830	-0.3861431	-6.19E-07	4524.629	-0.001525902	8	520	-0.3863869	0	0	0	0	0	0	0	0	0	0	0	0	0	54	0	
2	2831	-0.3855297	-5.97E-07	4525.629	-0.001525902	8	520	-0.3858869	0	0	0	0	0	0	0	0	0	0	0	0	0	54	0	
2	2832	-0.385223	-5.67E-07	4526.629	-0.001525902	8	520	-0.3853869	0	0	0	0	0	0	0	0	0	0	0	0	0	54	0	
2	2833	-0.3846096	-5.59E-07	4527.629	-0.001525902	8	520	-0.3848869	0	0	0	0	0	0	0	0	0	0	0	0	0	54	0	
2	2834	-0.3839962	-5.53E-07	4528.629	-0.001525902	8	520	-0.3843869	0	0	0	0	0	0	0	0	0	0	0	0	0	54	0	
2	2835	-0.3836895	-5.32E-07	4529.629	-0.001525902	8	520	-0.3838869	0	0	0	0	0	0	0	0	0	0	0	0	0	54	0	
2	2836	-0.383076	-5.14E-07	4530.629	-0.001525902	8	520	-0.3833869	0	0	0	0	0	0	0	0	0	0	0	0	0	54	0	
2	2837	-0.3827693	-4.79E-07	4531.629	-0.001525902	8	520	-0.3828869	0	0	0	0	0	0	0	0	0	0	0	0	0	54	0	
2	2838	-0.3821559	-1.12E-07	4532.629	-0.001525902	9	9	-0.3823869	0	0	0	0	0	0	0	0	0	0	0	0	0	54	0	
2	2839	-0.3815425	-1.08E-07	4533.629	-0.001525902	9	521	-0.3818869	0	0	0	0	0	0	0	0	0	0	0	0	0	54	0	
2	2840	-0.3812358	-1.02E-07	4534.629	-0.001525902	9	521	-0.3813869	0	0	0	0	0	0	0	0	0	0	0	0	0	54	0	
2	2841	-0.3806224	-9.38E-08	4535.629	-0.001525902	9	521	-0.3808869	0	0	0	0	0	0	0	0	0	0	0	0	0	54	0	
2	2842	-0.380009	-8.71E-08	4536.629	-0.001525902	9	521	-0.3803869	0	0	0	0	0	0	0	0	0	0	0	0	0	54	0	
2	2843	-0.3797023	-8.28E-08	4537.629	-0.001525902	9	521	-0.3798869	0	0	0	0	0	0	0	0	0	0	0	0	0	54	0	
2	2844	-0.3790888	-7.50E-08	4538.629	-0.001525902	9	521	-0.3793869	0	0	0	0	0	0	0	0	0	0	0	0	0	54	0	
2	2845	-0.3784755	-6.74E-08	4539.629	-0.001525902	9	9	-0.3788869	0	0	0	0	0	0	0	0	0	0	0	0	0	54	0	
2	2846	-0.3781687	-5.58E-08	4540.629	-0.001525902	9	9	-0.3783869	0	0	0	0	0	0	0	0	0	0	0	0	0	54	0	
2	2847	-0.3775553	-3.72E-08	4541.629	-0.001525902	9	521	-0.3778869	0	0	0	0	0	0	0	0	0	0	0	0	0	54	0	
2	2848	-0.3772486	-2.11E-08	4542.629	-0.001525902	9	521	-0.3773869	0	0	0	0	0	0	0	0	0	0	0	0	0	54	0	
2	2849	-0.3766352	-1.45E-08	4543.629	-0.001525902	9	521	-0.3768869	0	0	0	0	0	0	0	0	0	0	0	0	0	54	0	
2	2850	-0.3760218	-7.00E-09	4544.629	-0.001525902	9	521	-0.3763869	0	0	0	0	0	0	0	0	0	0	0	0	0	54	0	
2	2851	-0.3757151	2.04E-09	4545.629	-0.001525902	9	521	-0.3758869	0	0	0	0	0	0	0	0	0	0	0	0	0	54	0	
2	2852	-0.3751017	1.14E-08	4546.629	-0.001525902	9	521	-0.3753869	0	0	0	0	0	0	0	0	0	0	0	0	0	54	0	
2	2853	-0.374795	2.20E-08	4547.629	-0.001525902	9	521	-0.3748869	0	0	0	0	0	0	0	0	0	0	0	0	0	54	0	
2	2854	-0.3741816	3.39E-08	4548.629	-0.001525902	9	521	-0.3743869	0	0	0	0	0	0	0	0	0	0	0	0	0	54	0	
2	2855	-0.3738748	4.56E-08	4549.629	-0.001525902	9	521	-0.3738869	0	0	0	0	0	0	0	0	0	0	0	0	0	54	0	
2	2856	-0.3732615	6.14E-08	4550.629	-0.001525902	9	521	-0.3733869	0	0	0	0	0	0	0	0	0	0	0	0	0	54	0	
2	2857	-0.3729547	8.18E-08	4551.629	-0.001525902	9	521	-0.3728869	0	0	0	0	0	0	0	0	0	0	0	0	0	54	0	
2	2858	-0.3723413	1.06E-07	4552.629	-0.001525902	9	521	-0.3728752	0	0	0	0	0	0	0	0	0	0	0	0	0	54	0	
2	2859	-0.3717279	1.29E-07	4553.629	-0.001525902	9	9	-0.3718869	0	0	0	0	0	0	0	0	0	0	0	0	0	54	0	
2	2860	-0.3714212	1.52E-07	4554.629	-0.001525902	9	521	-0.3713869	0	0	0	0	0	0	0	0	0	0	0	0	0	54	0	
2	2861	-0.3708078	1.75E-07	4555.629	-0.001525902	9	521	-0.3708869	0	0	0	0	0	0	0	0	0	0	0	0	0	54	0	
2	2862	-0.3701944	4.62E-07	4556.629	-0.001525902	8	520	-0.3703869	0	0	0	0	0	0	0	0	0	0	0	0	0	54	0	
2	2863	-0.369581	5.29E-07	4557.629	-0.001525902	8	520	-0.3698869	0	0	0	0	0	0	0	0	0	0	0	0	0	54	0	
2	2864	-0.3692743	5.96E-07	4558.629	-0.001525902	8	8	-0.3693869	0	0	0	0	0	0	0	0	0	0	0	0	0	54	0	
2	2865	-0.3686608	6.39E-07	4559.629	-0.001525902	8	8	-0.3688869	0	0	0	0	0	0	0	0	0	0	0	0	0	54	0	
2	2866	-0.3680474	6.78E-07	4560.629	-0.001525902	8	8	-0.3683869	0	0	0	0	0	0	0	0	0	0	0	0	0	54	0	
2	2867	-0.3677407	7.13E-07	4561.629	-0.001525902	8	8	-0.3678869	0	0	0	0	0	0	0	0	0	0	0	0	0	54	0	
2	2868	-0.3671273	7.35E-07	4562.629	-0.001525902	8	8	-0.3673869	0	0	0	0	0	0	0	0	0	0	0	0	0	54	0	
2	2869	-0.3668206	7.57E-07	4563.629	-0.001525902	8	520	-0.3668869	0	0	0	0	0	0	0	0	0	0	0	0	0	54	0	
2	2870	-0.3662072	7.76E-07	4564.629	-0.001525902	8	520	-0.3663869	0	0	0	0	0	0	0	0	0	0	0	0	0	54	0	
2	2871	-0.3655938	8.12E-07	4565.629	-0.001525902	8	520	-0.3658869	0	0	0	0	0	0	0	0	0	0	0	0	0	54	0	
2	2872	-0.3652871	8.64E-07	4566.629	-0.001525902	8	520	-0.3653869	0	0	0	0	0	0	0	0	0	0	0	0	0	54	0	
2	2873	-0.3646737	8.99E-07	4567.629	-0.001525902	8	520	-0.3648869	0	0	0	0	0	0	0	0	0	0	0	0	0	54	0	
2	2874	-0.3643669	9.48E-07	4568.629	-0.001525902	8	520	-0.3643869	0	0	0	0	0	0	0	0	0	0	0	0	0	54	0	
2	2875	-0.3637536	1.01E-06	4569.629	-0.001525902	8	520	-0.3638869	0	0	0	0	0	0	0	0	0	0	0	0	0	54	0	
2	2876	-0.3631401	1.09E-06	4570.629	-0.001525902	8	520	-0.3633869	0	0	0	0	0	0	0	0	0	0	0	0	0	54	0	
2	2877	-0.3628334	1.15E-06	4571.629	-0.001525902	8	520	-0.3628869	0	0	0	0	0	0	0	0	0	0	0	0	0	54	0	
2	2878	-0.36222	1.19E-06	4572.629	-0.001525902	8	520	-0.3623869	0	0	0	0	0	0	0	0	0	0	0	0	0	54	0	
2	2879	-0.3616066	1.24E-06	4573.629	-0.001525902	8	520	-0.3618869	0	0	0	0	0	0	0	0	0	0	0	0	0	54	0	
2	2880	-0.3612999	1.26E-06	4574.629	-0.001525902	8	520	-0.3613869	0	0	0	0	0	0	0	0	0	0	0	0	0	54	0	
2	2881	-0.3606865	1.28E-06	4575.629	-0.001525902	8	8	-0.3608869	0	0	0	0	0	0	0	0	0	0	0	0	0	54	0	
2	2882	-0.3603798	1.31E-06	4576.629	-0.001525902	8	8	-0.3603869	0	0	0	0	0	0	0	0	0	0	0	0	0	54	0	
2	2883	-0.3597664	1.33E-06	4577.629	-0.001525902	8	8	-0.3598869	0	0	0	0	0	0	0	0	0	0	0	0	0	54	0	
2	2884	-0.3591529	1.35E-06	4578.629	-0.001525902	8	8	-0.3593869	0	0	0	0	0	0	0	0	0	0	0	0	0	54	0	
2	2885	-0.3588462	1.38E-06	4579.629	-0.001525902	8	8	-0.3588869	0	0	0	0	0	0	0	0	0	0	0	0	0	54	0	
2	2886	-0.3582328	1.40E-06	4580.629	-0.001525902	8	8	-0.3583869	0	0	0	0	0	0	0	0	0	0	0	0	0	54	0	
2	2887	-0.3579261	1.42E-06	4581.629	-0.001525902	8	8	-0.3578869	0	0	0	0	0	0	0	0	0	0	0	0	0	54	0	
2	2888	-0.3573127	1.49E-06	4582.629	-0.001525902	8	8	-0.3573869	0	0	0	0	0	0	0	0	0	0	0	0	0	54	0	
2	2889	-0.3566993	1.55E-06	4583.629	-0.001525902	8	8	-0.3568869	0	0	0	0	0	0	0	0	0	0	0	0	0	54	0	
2	2890	-0.3560859	1.62E-06	4584.629	-0.001525902	8	8	-0.3563869	0	0	0	0	0	0	0	0	0	0	0	0	0	54	0	
2	2891	-0.3557792	1.71E-06	4585.629	-0.001525902	8	8	-0.3558869	0	0	0	0	0	0	0	0	0	0	0	0	0	54	0	
2	2892	-0.3551658	2.86E-06	4586.629	-0.001525902	7	7	-0.3553869	0	0	0	0	0	0	0	0	0	0	0	0	0	54	0	
2	2893	-0.3548591	2.94E-06	4587.629	-0.001525902	7	7	-0.3548869	0	0	0	0	0	0	0	0	0	0	0	0	0	54	0	
2	2894	-0.3542457	3.01E-06	4588.629	-0.001525902	7	7	-0.3543869	0	0	0	0	0	0	0	0	0	0	0	0	0	54	0	
2	2895	-0.3536322	3.10E-06	4589.629	-0.001525902	7	7	-0.3538869	0	0	0	0	0	0	0	0	0	0	0	0	0	54	0	
2	2896	-0.3530188	3.19E-06	4590.629	-0.001525902	7	7	-0.3533869	0	0	0	0	0	0	0	0	0	0	0	0	0	54	0	
2	2897	-0.3527121	3.29E-06	4591.629	-0.001525902	7	7	-0.3528869	0	0	0	0	0	0	0	0	0	0	0	0	0	54	0	
2	2898	-0.3520987	3.38E-06	4592.629	-0.001525902	7	7	-0.3523869	0	0	0	0	0	0	0	0	0	0	0	0	0	54	0	
2	2899	-0.351792	3.46E-06	4593.629	-0.001525902	7	7	-0.3518869	0	0	0	0	0	0	0	0	0	0	0	0	0	54	0	
2	2900	-0.3511786	3.56E-06	4594.629	-0.001525902	7	7	-0.3513869	0	0	0	0	0	0	0	0	0	0	0	0	0	54	0	
2	2901	-0.3508719	3.65E-06	4595.629	-0.001525902	7	7	-0.3508869	0	0	0	0	0	0	0	0	0	0	0	0	0	54	0	
2	2902	-0.3502585	3.75E-06	4596.629	-0.001525902	7	7	-0.3503869	0	0	0	0	0	0	0	0	0	0	0	0	0	54	0	
2	2903	-0.349645	3.85E-06	4597.629	-0.001525902	7	7	-0.3498869	0	0	0	0	0	0	0	0	0	0	0	0	0	54	0	
2	2904	-0.3493384	3.94E-06	4598.629	-0.001525902	7	7	-0.3493869	0	0	0	0	0	0	0	0	0	0	0	0	0	54	0	
2	2905	-0.3487249	4.06E-06	4599.629	-0.001525902	7	7	-0.3488869	0	0	0	0	0	0	0	0	0	0	0	0	0	54	0	
2	2906	-0.3481115	4.17E-06	4600.629	-0.001525902	7	7	-0.3483869	0	0	0	0	0	0	0	0	0	0	0	0	0	54	0	
2	2907	-0.3478048	4.27E-06	4601.629	-0.001525902	7	7	-0.3478869	0	0	0	0	0	0	0	0	0	0	0	0	0	54	0	
2	2908	-0.3471914	4.38E-06	4602.629	-0.001525902	7	7	-0.3473869	0	0	0	0	0	0	0	0	0	0	0	0	0	54	0	
2	2909	-0.346578	4.49E-06	4603.629	-0.001525902	7	7	-0.3468869	0	0	0	0	0	0	0	0	0	0	0	0	0	54	0	
2	2910	-0.3462713	4.59E-06	4604.629	-0.001525902	7	7	-0.3463869	0	0	0	0	0	0	0	0	0	0	0	0	0	54	0	
2	2911	-0.3456579	4.71E-06	4605.629	-0.001525902	7	7	-0.3458869	0	0	0	0	0	0	0	0	0	0	0	0	0	54	0	
2	2912	-0.3453512	4.83E-06	4606.629	-0.001525902	7	7	-0.3453869	0	0	0	0	0	0	0	0	0	0	0	0	0	54	0	
2	2913	-0.3447377	4.95E-06	4607.629	-0.001525902	7	7	-0.3448869	0	0	0	0	0	0	0	0	0	0	0	0	0	54	0	
2	2914	-0.3441243	5.08E-06	4608.629	-0.001525902	7	7	-0.3443869	0	0	0	0	0	0	0	0	0	0	0	0	0	54	0	
2	2915	-0.3438176	5.21E-06	4609.629	-0.001525902	7	7	-0.3438869	0	0	0	0	0	0	0	0	0	0	0	0	0	54	0	
2	2916	-0.3432042	5.34E-06	4610.629	-0.001525902	7	7	-0.3433869	0	0	0	0	0	0	0	0	0	0	0	0	0	54	0	
2	2917	-0.3425908	5.47E-06	4611.629	-0.001525902	7	7	-0.3428869	0	0	0	0	0	0	0	0	0	0	0	0	0	54	0	
2	2918	-0.3422841	5.61E-06	4612.629	-0.001525902	7	7	-0.3423869	0	0	0	0	0	0	0	0	0	0	0	0	0	54	0	
2	2919	-0.3416707	5.75E-06	4613.629	-0.001525902	7	7	-0.3418869	0	0	0	0	0	0	0	0	0	0	0	0	0	54	0	
2	2920	-0.341364	5.88E-06	4614.629	-0.001525902	7	7	-0.3413869	0	0	0	0	0	0	0	0	0	0	0	0	0	54	0	
2	2921	-0.3407506	6.04E-06	4615.629	-0.001525902	7	7	-0.3408869	0	0	0	0	0	0	0	0	0	0	0	0	0	54	0	
2	2922	-0.3401372	6.19E-06	4616.629	-0.001525902	7	7	-0.3403869	0	0	0	0	0	0	0	0	0	0	0	0	0	54	0	
2	2923	-0.3398305	6.33E-06	4617.629	-0.001525902	7	7	-0.3398869	0	0	0	0	0	0	0	0	0	0	0	0	0	54	0	
2	2924	-0.339217	6.48E-06	4618.629	-0.001525902	7	7	-0.3393869	0	0	0	0	0	0	0	0	0	0	0	0	0	54	0	
2	2925	-0.3386036	6.62E-06	4619.629	-0.001525902	7	7	-0.3388869	0	0	0	0	0	0	0	0	0	0	0	0	0	54	0	
2	2926	-0.3382969	6.75E-06	4620.629	-0.001525902	7	7	-0.3383869	0	0	0	0	0	0	0	0	0	0	0	0	0	54	0	
2	2927	-0.3376835	6.89E-06	4621.629	-0.001525902	7	7	-0.3378869	0	0	0	0	0	0	0	0	0	0	0	0	0	54	0	
2	2928	-0.3370701	7.05E-06	4622.629	-0.001525902	7	7	-0.3373869	0	0	0	0	0	0	0	0	0	0	0	0	0	54	0	
2	2929	-0.3367634	7.21E-06	4623.629	-0.001525902	7	7	-0.3368869	0	0	0	0	0	0	0	0	0	0	0	0	0	54	0	
2	2930	-0.33615	7.37E-06	4624.629	-0.001525902	7	7	-0.3363869	0	0	0	0	0	0	0	0	0	0	0	0	0	54	0	
2	2931	-0.3358433	7.55E-06	4625.629	-0.001525902	7	7	-0.3358869	0	0	0	0	0	0	0	0	0	0	0	0	0	54	0	
2	2932	-0.3352298	7.74E-06	4626.629	-0.001525902	7	7	-0.3353869	0	0	0	0	0	0	0	0	0	0	0	0	0	54	0	
2	2933	-0.3349231	7.92E-06	4627.629	-0.001525902	7	7	-0.3348869	0	0	0	0	0	0	0	0	0	0	0	0	0	54	0	
2	2934	-0.3343097	8.11E-06	4628.629	-0.001525902	7	7	-0.3343869	0	0	0	0	0	0	0	0	0	0	0	0	0	54	0	
2	2935	-0.3336963	8.31E-06	4629.629	-0.001525902	7	7	-0.3338869	0	0	0	0	0	0	0	0	0	0	0	0	0	54	0	
2	2936	-0.3333896	8.51E-06	4630.629	-0.001525902	7	7	-0.3333869	0	0	0	0	0	0	0	0	0	0	0	0	0	54	0	
2	2937	-0.3327762	8.70E-06	4631.629	-0.001525902	7	7	-0.3328869	0	0	0	0	0	0	0	0	0	0	0	0	0	54	0	
2	2938	-0.3321628	8.89E-06	4632.629	-0.001525902	7	7	-0.3323869	0	0	0	0	0	0	0	0	0	0	0	0	0	54	0	
2	2939	-0.3318561	9.07E-06	4633.629	-0.001525902	7	7	-0.3318869	0	0	0	0	0	0	0	0	0	0	0	0	0	54	0	
2	2940	-0.3312427	9.26E-06	4634.629	-0.001525902	7	7	-0.3313869	0	0	0	0	0	0	0	0	0	0	0	0	0	54	0	
2	2941	-0.3306293	9.46E-06	4635.629	-0.001525902	7	7	-0.3308869	0	0	0	0	0	0	0	0	0	0	0	0	0	54	0	
2	2942	-0.3303226	9.66E-06	4636.629	-0.001525902	7	7	-0.3303869	0	0	0	0	0	0	0	0	0	0	0	0	0	54	0	
2	2943	-0.3297091	9.87E-06	4637.629	-0.001525902	7	7	-0.3298869	0	0	0	0	0	0	0	0	0	0	0	0	0	54	0	
2	2944	-0.3290957	1.01E-05	4638.629	-0.001525902	7	7	-0.3293869	0	0	0	0	0	0	0	0	0	0	0	0	0	54	0	
2	2945	-0.328789	1.03E-05	4639.629	-0.001525902	7	7	-0.3288869	0	0	0	0	0	0	0	0	0	0	0	0	0	54	0	
2	2946	-0.3281756	1.05E-05	4640.629	-0.001525902	7	7	-0.3283869	0	0	0	0	0	0	0	0	0	0	0	0	0	54	0	
2	2947	-0.3275622	1.07E-05	4641.629	-0.001525902	7	7	-0.3278869	0	0	0	0	0	0	0	0	0	0	0	0	0	54	0	
2	2948	-0.3272555	1.09E-05	4642.629	-0.001525902	7	7	-0.3273869	0	0	0	0	0	0	0	0	0	0	0	0	0	54	0	
2	2949	-0.3266421	1.12E-05	4643.629	-0.001525902	7	7	-0.3268869	0	0	0	0	0	0	0	0	0	0	0	0	0	54	0	
2	2950	-0.3263354	1.14E-05	4644.629	-0.001525902	7	7	-0.3263869	0	0	0	0	0	0	0	0	0	0	0	0	0	54	0	
2	2951	-0.3257219	1.16E-05	4645.629	-0.001525902	7	7	-0.3258869	0	0	0	0	0	0	0	0	0	0	0	0	0	54	0	
2	2952	-0.3254153	1.18E-05	4646.629	-0.001525902	7	7	-0.3253869	0	0	0	0	0	0	0	0	0	0	0	0	0	54	0	
2	2953	-0.3248018	1.20E-05	4647.629	-0.001525902	7	7	-0.3248869	0	0	0	0	0	0	0	0	0	0	0	0	0	54	0	
2	2954	-0.3241884	1.23E-05	4648.629	-0.001525902	7	7	-0.3243869	0	0	0	0	0	0	0	0	0	0	0	0	0	54	0	
2	2955	-0.3238817	1.25E-05	4649.629	-0.001525902	7	7	-0.3238869	0	0	0	0	0	0	0	0	0	0	0	0	0	54	0	
2	2956	-0.3232683	1.27E-05	4650.629	-0.001525902	7	7	-0.3233869	0	0	0	0	0	0	0	0	0	0	0	0	0	54	0	
2	2957	-0.3226549	1.30E-05	4651.629	-0.001525902	7	7	-0.3228869	0	0	0	0	0	0	0	0	0	0	0	0	0	54	0	
2	2958	-0.3223482	1.32E-05	4652.629	-0.001525902	7	7	-0.3223869	0	0	0	0	0	0	0	0	0	0	0	0	0	54	0	
2	2959	-0.3217348	1.34E-05	4653.629	-0.001525902	7	7	-0.3218869	0	0	0	0	0	0	0	0	0	0	0	0	0	54	0	
2	2960	-0.3211214	1.36E-05	4654.629	-0.001525902	7	7	-0.3213869	0	0	0	0	0	0	0	0	0	0	0	0	0	54	0	
2	2961	-0.3208147	1.38E-05	4655.629	-0.001525902	7	7	-0.3208869	0	0	0	0	0	0	0	0	0	0	0	0	0	54	0	
2	2962	-0.3202012	1.41E-05	4656.629	-0.001525902	7	7	-0.3203869	0	0	0	0	0	0	0	0	0	0	0	0	0	54	0	
2	2963	-0.3198946	1.43E-05	4657.629	-0.001525902	7	7	-0.3198869	0	0	0	0	0	0	0	0	0	0	0	0	0	54	0	
2	2964	-0.3192811	1.45E-05	4658.629	-0.001525902	7	7	-0.3193869	0	0	0	0	0	0	0	0	0	0	0	0	0	54	0	
2	2965	-0.3186677	1.47E-05	4659.629	-0.001525902	7	7	-0.3188869	0	0	0	0	0	0	0	0	0	0	0	0	0	54	0	
2	2966	-0.318361	1.49E-05	4660.629	-0.001525902	7	7	-0.3183869	0	0	0	0	0	0	0	0	0	0	0	0	0	54	0	
2	2967	-0.3177476	1.51E-05	4661.629	-0.001525902	7	7	-0.3178869	0	0	0	0	0	0	0	0	0	0	0	0	0	54	0	
2	2968	-0.3171342	1.53E-05	4662.629	-0.001525902	7	7	-0.3173869	0	0	0	0	0	0	0	0	0	0	0	0	0	54	0	
2	2969	-0.3168275	1.55E-05	4663.629	-0.001525902	7	7	-0.3168869	0	0	0	0	0	0	0	0	0	0	0	0	0	54	0	
2	2970	-0.3162141	1.57E-05	4664.629	-0.001525902	7	7	-0.3163869	0	0	0	0	0	0	0	0	0	0	0	0	0	54	0	
2	2971	-0.3159074	1.59E-05	4665.629	-0.001525902	7	7	-0.3158869	0	0	0	0	0	0	0	0	0	0	0	0	0	54	0	
2	2972	-0.3152939	1.60E-05	4666.629	-0.001525902	7	7	-0.3153869	0	0	0	0	0	0	0	0	0	0	0	0	0	54	0	
2	2973	-0.3146805	1.62E-05	4667.629	-0.001525902	7	7	-0.3148869	0	0	0	0	0	0	0	0	0	0	0	0	0	54	0	
2	2974	-0.3143738	1.64E-05	4668.629	-0.001525902	7	7	-0.3143869	0	0	0	0	0	0	0	0	0	0	0	0	0	54	0	
2	2975	-0.3137604	1.66E-05	4669.629	-0.001525902	7	7	-0.3138869	0	0	0	0	0	0	0	0	0	0	0	0	0	54	0	
2	2976	-0.313147	1.68E-05	4670.629	-0.001525902	7	7	-0.3133869	0	0	0	0	0	0	0	0	0	0	0	0	0	54	0	
2	2977	-0.3128403	1.69E-05	4671.629	-0.001525902	7	7	-0.3128869	0	0	0	0	0	0	0	0	0	0	0	0	0	54	0	
2	2978	-0.3122269	1.71E-05	4672.629	-0.001525902	7	7	-0.3123869	0	0	0	0	0	0	0	0	0	0	0	0	0	54	0	
2	2979	-0.3119202	1.73E-05	4673.629	-0.001525902	7	7	-0.3118869	0	0	0	0	0	0	0	0	0	0	0	0	0	54	0	
2	2980	-0.3113068	1.75E-05	4674.629	-0.001525902	7	7	-0.3113869	0	0	0	0	0	0	0	0	0	0	0	0	0	54	0	
2	2981	-0.3106934	1.76E-05	4675.629	-0.001525902	7	7	-0.3108869	0	0	0	0	0	0	0	0	0	0	0	0	0	54	0	
2	2982	-0.3103866	1.78E-05	4676.629	-0.001525902	7	7	-0.3103869	0	0	0	0	0	0	0	0	0	0	0	0	0	54	0	
2	2983	-0.3097732	1.80E-05	4677.629	-0.001525902	7	7	-0.3103752	0	0	0	0	0	0	0	0	0	0	0	0	0	54	0	
2	2984	-0.3091598	1.81E-05	4678.629	-0.001525902	7	7	-0.3093869	0	0	0	0	0	0	0	0	0	0	0	0	0	54	0	
2	2985	-0.3088531	1.83E-05	4679.629	-0.001525902	7	7	-0.3088869	0	0	0	0	0	0	0	0	0	0	0	0	0	54	0	
2	2986	-0.3082397	1.85E-05	4680.629	-0.001525902	7	7	-0.3083869	0	0	0	0	0	0	0	0	0	0	0	0	0	54	0	
2	2987	-0.3076263	1.86E-05	4681.629	-0.001525902	7	7	-0.3078869	0	0	0	0	0	0	0	0	0	0	0	0	0	54	0	
2	2988	-0.3073196	1.88E-05	4682.629	-0.001525902	7	7	-0.3073869	0	0	0	0	0	0	0	0	0	0	0	0	0	54	0	
2	2989	-0.3067062	1.89E-05	4683.629	-0.001525902	6	6	-0.3068869	0	0	0	0	0	0	0	0	0	0	0	0	0	54	0	
2	2990	-0.3060927	1.91E-05	4684.629	-0.001525902	6	6	-0.3063869	0	0	0	0	0	0	0	0	0	0	0	0	0	54	0	
2	2991	-0.305786	1.92E-05	4685.629	-0.001525902	6	6	-0.3058869	0	0	0	0	0	0	0	0	0	0	0	0	0	54	0	
2	2992	-0.3051726	1.94E-05	4686.629	-0.001525902	6	6	-0.3053869	0	0	0	0	0	0	0	0	0	0	0	0	0	54	0	
2	2993	-0.3048659	1.96E-05	4687.629	-0.001525902	6	6	-0.3048869	0	0	0	0	0	0	0	0	0	0	0	0	0	54	0	
2	2994	-0.3042525	1.97E-05	4688.629	-0.001525902	6	6	-0.3043869	0	0	0	0	0	0	0	0	0	0	0	0	0	54	0	
2	2995	-0.3036391	1.99E-05	4689.629	-0.001525902	6	6	-0.3038869	0	0	0	0	0	0	0	0	0	0	0	0	0	54	0	
2	2996	-0.3033324	2.01E-05	4690.629	-0.001525902	6	6	-0.3033869	0	0	0	0	0	0	0	0	0	0	0	0	0	54	0	
2	2997	-0.302719	2.02E-05	4691.629	-0.001525902	6	6	-0.3028869	0	0	0	0	0	0	0	0	0	0	0	0	0	54	0	
2	2998	-0.3021056	2.04E-05	4692.629	-0.001525902	6	6	-0.3023869	0	0	0	0	0	0	0	0	0	0	0	0	0	54	0	
2	2999	-0.3017989	2.06E-05	4693.629	-0.001525902	6	6	-0.3018869	0	0	0	0	0	0	0	0	0	0	0	0	0	54	0	
2	3000	-0.3011855	2.07E-05	4694.629	-0.001525902	6	6	-0.3013869	0	0	0	0	0	0	0	0	0	0	0	0	0	54	0	
2	3001	-0.300572	2.09E-05	4695.629	-0.001525902	6	6	-0.3008869	0	0	0	0	0	0	0	0	0	0	0	0	0	54	0	
2	3002	-0.3002653	2.11E-05	4696.629	-0.001525902	6	6	-0.3003869	0	0	0	0	0	0	0	0	0	0	0	0	0	54	0	
2	3003	-0.2996519	2.12E-05	4697.629	-0.001525902	6	6	-0.2998869	0	0	0	0	0	0	0	0	0	0	0	0	0	54	0	
2	3004	-0.2993452	2.14E-05	4698.629	-0.001525902	6	6	-0.2993869	0	0	0	0	0	0	0	0	0	0	0	0	0	54	0	
2	3005	-0.2987318	2.16E-05	4699.629	-0.001525902	6	6	-0.2988869	0	0	0	0	0	0	0	0	0	0	0	0	0	54	0	
2	3006	-0.2984251	2.17E-05	4700.629	-0.001525902	6	6	-0.2983869	0	0	0	0	0	0	0	0	0	0	0	0	0	54	0	
2	3007	-0.2978117	2.19E-05	4701.629	-0.001525902	6	6	-0.2978869	0	0	0	0	0	0	0	0	0	0	0	0	0	54	0	
2	3008	-0.2971983	2.20E-05	4702.629	-0.001525902	6	6	-0.2973869	0	0	0	0	0	0	0	0	0	0	0	0	0	54	0	
2	3009	-0.2968916	2.22E-05	4703.629	-0.001525902	6	6	-0.2968869	0	0	0	0	0	0	0	0	0	0	0	0	0	54	0	
2	3010	-0.2962781	2.23E-05	4704.629	-0.001525902	6	6	-0.2963869	0	0	0	0	0	0	0	0	0	0	0	0	0	54	0	
2	3011	-0.2956647	2.25E-05	4705.629	-0.001525902	6	6	-0.2958869	0	0	0	0	0	0	0	0	0	0	0	0	0	54	0	
2	3012	-0.295358	2.27E-05	4706.629	-0.001525902	6	6	-0.2953869	0	0	0	0	0	0	0	0	0	0	0	0	0	54	0	
2	3013	-0.2947446	2.28E-05	4707.629	-0.001525902	6	6	-0.2948869	0	0	0	0	0	0	0	0	0	0	0	0	0	54	0	
2	3014	-0.2941312	2.30E-05	4708.629	-0.001525902	6	6	-0.2943869	0	0	0	0	0	0	0	0	0	0	0	0	0	54	0	
2	3015	-0.2938245	2.31E-05	4709.629	-0.001525902	6	6	-0.2938869	0	0	0	0	0	0	0	0	0	0	0	0	0	54	0	
2	3016	-0.2932111	2.33E-05	4710.629	-0.001525902	6	6	-0.2933869	0	0	0	0	0	0	0	0	0	0	0	0	0	54	0	
2	3017	-0.2925977	2.34E-05	4711.629	-0.001525902	6	6	-0.2928869	0	0	0	0	0	0	0	0	0	0	0	0	0	54	0	
2	3018	-0.292291	2.36E-05	4712.629	-0.001525902	6	6	-0.2923869	0	0	0	0	0	0	0	0	0	0	0	0	0	54	0	
2	3019	-0.2916776	2.37E-05	4713.629	-0.001525902	6	6	-0.2918869	0	0	0	0	0	0	0	0	0	0	0	0	0	54	0	
2	3020	-0.2913708	2.39E-05	4714.629	-0.001525902	6	6	-0.2913869	0	0	0	0	0	0	0	0	0	0	0	0	0	54	0	
2	3021	-0.2907574	2.41E-05	4715.629	-0.001525902	6	6	-0.2908869	0	0	0	0	0	0	0	0	0	0	0	0	0	54	0	
2	3022	-0.290144	2.42E-05	4716.629	-0.001525902	6	6	-0.2903869	0	0	0	0	0	0	0	0	0	0	0	0	0	54	0	
2	3023	-0.2898373	2.44E-05	4717.629	-0.001525902	6	6	-0.2898869	0	0	0	0	0	0	0	0	0	0	0	0	0	54	0	
2	3024	-0.2892239	2.45E-05	4718.629	-0.001525902	6	6	-0.2893869	0	0	0	0	0	0	0	0	0	0	0	0	0	54	0	
2	3025	-0.2886105	2.47E-05	4719.629	-0.001525902	6	6	-0.2888869	0	0	0	0	0	0	0	0	0	0	0	0	0	54	0	
2	3026	-0.2883038	2.48E-05	4720.629	-0.001525902	6	6	-0.2883869	0	0	0	0	0	0	0	0	0	0	0	0	0	54	0	
2	3027	-0.2876904	2.50E-05	4721.629	-0.001525902	6	6	-0.2878869	0	0	0	0	0	0	0	0	0	0	0	0	0	54	0	
2	3028	-0.2873837	2.51E-05	4722.629	-0.001525902	6	6	-0.2873869	0	0	0	0	0	0	0	0	0	0	0	0	0	54	0	
2	3029	-0.2867703	2.52E-05	4723.629	-0.001525902	6	6	-0.2868869	0	0	0	0	0	0	0	0	0	0	0	0	0	54	0	
2	3030	-0.2861568	2.54E-05	4724.629	-0.001525902	6	6	-0.2863869	0	0	0	0	0	0	0	0	0	0	0	0	0	54	0	
2	3031	-0.2858501	2.55E-05	4725.629	-0.001525902	6	6	-0.2858869	0	0	0	0	0	0	0	0	0	0	0	0	0	54	0	
2	3032	-0.2852367	2.57E-05	4726.629	-0.001525902	6	6	-0.2853869	0	0	0	0	0	0	0	0	0	0	0	0	0	54	0	
2	3033	-0.2846233	2.58E-05	4727.629	-0.001525902	6	6	-0.2848869	0	0	0	0	0	0	0	0	0	0	0	0	0	54	0	
2	3034	-0.2843166	2.60E-05	4728.629	-0.001525902	6	6	-0.2843869	0	0	0	0	0	0	0	0	0	0	0	0	0	54	0	
2	3035	-0.2837032	2.61E-05	4729.629	-0.001525902	6	6	-0.2838869	0	0	0	0	0	0	0	0	0	0	0	0	0	54	0	
2	3036	-0.2833965	2.62E-05	4730.629	-0.001525902	6	6	-0.2833869	0	0	0	0	0	0	0	0	0	0	0	0	0	54	0	
2	3037	-0.2827831	2.64E-05	4731.629	-0.001525902	6	6	-0.2828869	0	0	0	0	0	0	0	0	0	0	0	0	0	54	0	
2	3038	-0.2821697	2.65E-05	4732.629	-0.001525902	6	6	-0.2823869	0	0	0	0	0	0	0	0	0	0	0	0	0	54	0	
2	3039	-0.2818629	2.67E-05	4733.629	-0.001525902	6	6	-0.2818869	0	0	0	0	0	0	0	0	0	0	0	0	0	54	0	
2	3040	-0.2812496	2.68E-05	4734.629	-0.001525902	6	6	-0.2813869	0	0	0	0	0	0	0	0	0	0	0	0	0	54	0	
2	3041	-0.2809428	2.69E-05	4735.629	-0.001525902	6	6	-0.2808869	0	0	0	0	0	0	0	0	0	0	0	0	0	54	0	
2	3042	-0.2803294	2.71E-05	4736.629	-0.001525902	6	6	-0.2803869	0	0	0	0	0	0	0	0	0	0	0	0	0	54	0	
2	3043	-0.279716	2.72E-05	4737.629	-0.001525902	6	6	-0.2798869	0	0	0	0	0	0	0	0	0	0	0	0	0	54	0	
2	3044	-0.2791026	2.73E-05	4738.629	-0.001525902	6	6	-0.2793869	0	0	0	0	0	0	0	0	0	0	0	0	0	54	0	
2	3045	-0.2787959	2.75E-05	4739.629	-0.001525902	6	6	-0.2788869	0	0	0	0	0	0	0	0	0	0	0	0	0	54	0	
2	3046	-0.2781825	2.76E-05	4740.629	-0.001525902	6	6	-0.2783869	0	0	0	0	0	0	0	0	0	0	0	0	0	54	0	
2	3047	-0.2778758	2.78E-05	4741.629	-0.001525902	6	6	-0.2778869	0	0	0	0	0	0	0	0	0	0	0	0	0	54	0	
2	3048	-0.2772624	2.79E-05	4742.629	-0.001525902	6	6	-0.2773869	0	0	0	0	0	0	0	0	0	0	0	0	0	54	0	
2	3049	-0.2766489	2.80E-05	4743.629	-0.001525902	6	6	-0.2768869	0	0	0	0	0	0	0	0	0	0	0	0	0	54	0	
2	3050	-0.2763422	2.82E-05	4744.629	-0.001525902	6	6	-0.2763869	0	0	0	0	0	0	0	0	0	0	0	0	0	54	0	
2	3051	-0.2757288	2.83E-05	4745.629	-0.001525902	6	6	-0.2758869	0	0	0	0	0	0	0	0	0	0	0	0	0	54	0	
2	3052	-0.2751154	2.85E-05	4746.629	-0.001525902	6	6	-0.2753869	0	0	0	0	0	0	0	0	0	0	0	0	0	54	0	
2	3053	-0.2748087	2.86E-05	4747.629	-0.001525902	6	6	-0.2748869	0	0	0	0	0	0	0	0	0	0	0	0	0	54	0	
2	3054	-0.2741953	2.88E-05	4748.629	-0.001525902	6	6	-0.2743869	0	0	0	0	0	0	0	0	0	0	0	0	0	54	0	
2	3055	-0.2738886	2.89E-05	4749.629	-0.001525902	6	6	-0.2738869	0	0	0	0	0	0	0	0	0	0	0	0	0	54	0	
2	3056	-0.2732752	2.90E-05	4750.629	-0.001525902	6	6	-0.2733869	0	0	0	0	0	0	0	0	0	0	0	0	0	54	0	
2	3057	-0.2726618	2.92E-05	4751.629	-0.001525902	6	6	-0.2728869	0	0	0	0	0	0	0	0	0	0	0	0	0	54	0	
2	3058	-0.272355	2.93E-05	4752.629	-0.001525902	6	6	-0.2723869	0	0	0	0	0	0	0	0	0	0	0	0	0	54	0	
2	3059	-0.2717416	2.95E-05	4753.629	-0.001525902	6	6	-0.2718869	0	0	0	0	0	0	0	0	0	0	0	0	0	54	0	
2	3060	-0.2711282	2.96E-05	4754.629	-0.001525902	6	6	-0.2713869	0	0	0	0	0	0	0	0	0	0	0	0	0	54	0	
2	3061	-0.2705148	2.98E-05	4755.629	-0.001525902	6	6	-0.2708869	0	0	0	0	0	0	0	0	0	0	0	0	0	54	0	
2	3062	-0.2702081	2.99E-05	4756.629	-0.001525902	6	6	-0.2703869	0	0	0	0	0	0	0	0	0	0	0	0	0	54	0	
2	3063	-0.2699014	3.01E-05	4757.629	-0.001525902	6	6	-0.2698869	0	0	0	0	0	0	0	0	0	0	0	0	0	54	0	
2	3064	-0.269288	3.02E-05	4758.629	-0.001525902	6	6	-0.2693869	0	0	0	0	0	0	0	0	0	0	0	0	0	54	0	
2	3065	-0.2686746	3.03E-05	4759.629	-0.001525902	6	6	-0.2688869	0	0	0	0	0	0	0	0	0	0	0	0	0	54	0	
2	3066	-0.2683679	3.05E-05	4760.629	-0.001525902	6	6	-0.2683869	0	0	0	0	0	0	0	0	0	0	0	0	0	54	0	
2	3067	-0.2677545	3.06E-05	4761.629	-0.001525902	6	6	-0.2678869	0	0	0	0	0	0	0	0	0	0	0	0	0	54	0	
2	3068	-0.267141	3.08E-05	4762.629	-0.001525902	6	6	-0.2673869	0	0	0	0	0	0	0	0	0	0	0	0	0	54	0	
2	3069	-0.2668343	3.09E-05	4763.629	-0.001525902	6	6	-0.2668869	0	0	0	0	0	0	0	0	0	0	0	0	0	54	0	
2	3070	-0.2662209	3.10E-05	4764.629	-0.001525902	6	6	-0.2663869	0	0	0	0	0	0	0	0	0	0	0	0	0	54	0	
2	3071	-0.2656075	3.12E-05	4765.629	-0.001525902	6	6	-0.2658869	0	0	0	0	0	0	0	0	0	0	0	0	0	54	0	
2	3072	-0.2653008	3.13E-05	4766.629	-0.001525902	6	6	-0.2653869	0	0	0	0	0	0	0	0	0	0	0	0	0	54	0	
2	3073	-0.2646874	3.15E-05	4767.629	-0.001525902	6	6	-0.2648869	0	0	0	0	0	0	0	0	0	0	0	0	0	54	0	
2	3074	-0.2643807	3.16E-05	4768.629	-0.001525902	6	6	-0.2643869	0	0	0	0	0	0	0	0	0	0	0	0	0	54	0	
2	3075	-0.2637673	3.17E-05	4769.629	-0.001525902	6	6	-0.2638869	0	0	0	0	0	0	0	0	0	0	0	0	0	54	0	
2	3076	-0.2631539	3.19E-05	4770.629	-0.001525902	6	6	-0.2633869	0	0	0	0	0	0	0	0	0	0	0	0	0	54	0	
2	3077	-0.2625405	3.20E-05	4771.629	-0.001525902	6	6	-0.2628869	0	0	0	0	0	0	0	0	0	0	0	0	0	54	0	
2	3078	-0.2622337	3.22E-05	4772.629	-0.001525902	6	6	-0.2623869	0	0	0	0	0	0	0	0	0	0	0	0	0	54	0	
2	3079	-0.2616203	3.23E-05	4773.629	-0.001525902	6	6	-0.2618869	0	0	0	0	0	0	0	0	0	0	0	0	0	54	0	
2	3080	-0.2613136	3.25E-05	4774.629	-0.001525902	6	6	-0.2613869	0	0	0	0	0	0	0	0	0	0	0	0	0	54	0	
2	3081	-0.2607002	3.26E-05	4775.629	-0.001525902	6	6	-0.2608869	0	0	0	0	0	0	0	0	0	0	0	0	0	54	0	
2	3082	-0.2600868	3.28E-05	4776.629	-0.001525902	6	6	-0.2603869	0	0	0	0	0	0	0	0	0	0	0	0	0	54	0	
2	3083	-0.2597801	3.29E-05	4777.629	-0.001525902	6	6	-0.2598869	0	0	0	0	0	0	0	0	0	0	0	0	0	54	0	
2	3084	-0.2591667	3.31E-05	4778.629	-0.001525902	6	6	-0.2593869	0	0	0	0	0	0	0	0	0	0	0	0	0	54	0	
2	3085	-0.25886	3.32E-05	4779.629	-0.001525902	6	6	-0.2588869	0	0	0	0	0	0	0	0	0	0	0	0	0	54	0	
2	3086	-0.2582466	3.34E-05	4780.629	-0.001525902	6	6	-0.2583869	0	0	0	0	0	0	0	0	0	0	0	0	0	54	0	
2	3087	-0.2576331	3.36E-05	4781.629	-0.001525902	6	6	-0.2578869	0	0	0	0	0	0	0	0	0	0	0	0	0	54	0	
2	3088	-0.2573265	3.37E-05	4782.629	-0.001525902	6	6	-0.2573869	0	0	0	0	0	0	0	0	0	0	0	0	0	54	0	
2	3089	-0.256713	3.39E-05	4783.629	-0.001525902	6	6	-0.2568869	0	0	0	0	0	0	0	0	0	0	0	0	0	54	0	
2	3090	-0.2564063	3.41E-05	4784.629	-0.001525902	6	6	-0.2563869	0	0	0	0	0	0	0	0	0	0	0	0	0	54	0	
2	3091	-0.2557929	3.42E-05	4785.629	-0.001525902	6	6	-0.2558869	0	0	0	0	0	0	0	0	0	0	0	0	0	54	0	
2	3092	-0.2551795	3.44E-05	4786.629	-0.001525902	6	6	-0.2553869	0	0	0	0	0	0	0	0	0	0	0	0	0	54	0	
2	3093	-0.2548728	3.45E-05	4787.629	-0.001525902	6	6	-0.2548869	0	0	0	0	0	0	0	0	0	0	0	0	0	54	0	
2	3094	-0.2542594	3.47E-05	4788.629	-0.001525902	6	6	-0.2543869	0	0	0	0	0	0	0	0	0	0	0	0	0	54	0	
2	3095	-0.2539527	3.49E-05	4789.629	-0.001525902	6	6	-0.2538869	0	0	0	0	0	0	0	0	0	0	0	0	0	54	0	
2	3096	-0.2533393	3.51E-05	4790.629	-0.001525902	6	6	-0.2533869	0	0	0	0	0	0	0	0	0	0	0	0	0	54	0	
2	3097	-0.2527258	3.53E-05	4791.629	-0.001525902	6	6	-0.2528869	0	0	0	0	0	0	0	0	0	0	0	0	0	54	0	
2	3098	-0.2524191	3.54E-05	4792.629	-0.001525902	6	6	-0.2523869	0	0	0	0	0	0	0	0	0	0	0	0	0	54	0	
2	3099	-0.2518057	3.57E-05	4793.629	-0.001525902	6	6	-0.2518869	0	0	0	0	0	0	0	0	0	0	0	0	0	54	0	
2	3100	-0.2511923	3.58E-05	4794.629	-0.001525902	6	6	-0.2513869	0	0	0	0	0	0	0	0	0	0	0	0	0	54	0	
2	3101	-0.2505789	3.60E-05	4795.629	-0.001525902	6	6	-0.2508869	0	0	0	0	0	0	0	0	0	0	0	0	0	54	0	
2	3102	-0.2502722	3.62E-05	4796.629	-0.001525902	6	6	-0.2503869	0	0	0	0	0	0	0	0	0	0	0	0	0	54	0	
2	3103	-0.2496588	3.64E-05	4797.629	-0.001525902	6	6	-0.2498869	0	0	0	0	0	0	0	0	0	0	0	0	0	54	0	
2	3104	-0.2493521	3.66E-05	4798.629	-0.001525902	6	6	-0.2493869	0	0	0	0	0	0	0	0	0	0	0	0	0	54	0	
2	3105	-0.2487387	3.68E-05	4799.629	-0.001525902	6	6	-0.2488869	0	0	0	0	0	0	0	0	0	0	0	0	0	54	0	
2	3106	-0.2481253	3.70E-05	4800.629	-0.001525902	6	6	-0.2483869	0	0	0	0	0	0	0	0	0	0	0	0	0	54	0	
2	3107	-0.2478185	3.72E-05	4801.629	-0.001525902	6	6	-0.2478869	0	0	0	0	0	0	0	0	0	0	0	0	0	54	0	
2	3108	-0.2475118	3.74E-05	4802.629	-0.001525902	6	6	-0.2473869	0	0	0	0	0	0	0	0	0	0	0	0	0	54	0	
2	3109	-0.2468984	3.76E-05	4803.629	-0.001525902	6	6	-0.2468869	0	0	0	0	0	0	0	0	0	0	0	0	0	54	0	
2	3110	-0.246285	3.78E-05	4804.629	-0.001525902	6	6	-0.2463869	0	0	0	0	0	0	0	0	0	0	0	0	0	54	0	
2	3111	-0.2456716	3.81E-05	4805.629	-0.001525902	6	6	-0.2458869	0	0	0	0	0	0	0	0	0	0	0	0	0	54	0	
2	3112	-0.2453649	3.83E-05	4806.629	-0.001525902	6	6	-0.2453869	0	0	0	0	0	0	0	0	0	0	0	0	0	54	0	
2	3113	-0.2447515	3.85E-05	4807.629	-0.001525902	6	6	-0.2448869	0	0	0	0	0	0	0	0	0	0	0	0	0	54	0	
2	3114	-0.2441381	3.88E-05	4808.629	-0.001525902	6	6	-0.2443869	0	0	0	0	0	0	0	0	0	0	0	0	0	54	0	
2	3115	-0.2438314	3.90E-05	4809.629	-0.001525902	6	6	-0.2438869	0	0	0	0	0	0	0	0	0	0	0	0	0	54	0	
2	3116	-0.243218	3.93E-05	4810.629	-0.001525902	6	6	-0.2433869	0	0	0	0	0	0	0	0	0	0	0	0	0	54	0	
2	3117	-0.2429112	3.95E-05	4811.629	-0.001525902	6	6	-0.2428869	0	0	0	0	0	0	0	0	0	0	0	0	0	54	0	
2	3118	-0.2422978	3.98E-05	4812.629	-0.001525902	6	6	-0.2423869	0	0	0	0	0	0	0	0	0	0	0	0	0	54	0	
2	3119	-0.2416844	4.00E-05	4813.629	-0.001525902	6	6	-0.2418869	0	0	0	0	0	0	0	0	0	0	0	0	0	54	0	
2	3120	-0.2413777	4.03E-05	4814.629	-0.001525902	6	6	-0.2413869	0	0	0	0	0	0	0	0	0	0	0	0	0	54	0	
2	3121	-0.2407643	4.05E-05	4815.629	-0.001525902	6	6	-0.2408869	0	0	0	0	0	0	0	0	0	0	0	0	0	54	0	
2	3122	-0.2401509	4.07E-05	4816.629	-0.001525902	6	6	-0.2403869	0	0	0	0	0	0	0	0	0	0	0	0	0	54	0	
2	3123	-0.2398442	4.09E-05	4817.629	-0.001525902	6	6	-0.2398869	0	0	0	0	0	0	0	0	0	0	0	0	0	54	0	
2	3124	-0.2392308	4.11E-05	4818.629	-0.001525902	6	6	-0.2393869	0	0	0	0	0	0	0	0	0	0	0	0	0	54	0	
2	3125	-0.2389241	4.13E-05	4819.629	-0.001525902	6	6	-0.2388869	0	0	0	0	0	0	0	0	0	0	0	0	0	54	0	
2	3126	-0.2383106	4.15E-05	4820.629	-0.001525902	6	6	-0.2383869	0	0	0	0	0	0	0	0	0	0	0	0	0	54	0	
2	3127	-0.2376972	4.17E-05	4821.629	-0.001525902	6	6	-0.2378869	0	0	0	0	0	0	0	0	0	0	0	0	0	54	0	
2	3128	-0.2373905	4.19E-05	4822.629	-0.001525902	6	6	-0.2373869	0	0	0	0	0	0	0	0	0	0	0	0	0	54	0	
2	3129	-0.2367771	4.21E-05	4823.629	-0.001525902	6	6	-0.2368869	0	0	0	0	0	0	0	0	0	0	0	0	0	54	0	
2	3130	-0.2364704	4.23E-05	4824.629	-0.001525902	6	6	-0.2363869	0	0	0	0	0	0	0	0	0	0	0	0	0	54	0	
2	3131	-0.235857	4.25E-05	4825.629	-0.001525902	6	6	-0.2358869	0	0	0	0	0	0	0	0	0	0	0	0	0	54	0	
2	3132	-0.2355503	4.27E-05	4826.629	-0.001525902	6	6	-0.2353869	0	0	0	0	0	0	0	0	0	0	0	0	0	54	0	
2	3133	-0.2349369	4.29E-05	4827.629	-0.001525902	6	6	-0.2348869	0	0	0	0	0	0	0	0	0	0	0	0	0	54	0	
2	3134	-0.2346302	4.31E-05	4828.629	-0.001525902	6	6	-0.2343869	0	0	0	0	0	0	0	0	0	0	0	0	0	54	0	
2	3135	-0.2340168	4.33E-05	4829.629	-0.001525902	6	6	-0.2338869	0	0	0	0	0	0	0	0	0	0	0	0	0	54	0	
2	3136	-0.2334034	4.35E-05	4830.629	-0.001525902	6	6	-0.2333869	0	0	0	0	0	0	0	0	0	0	0	0	0	54	0	
2	3137	-0.2330966	4.37E-05	4831.629	-0.001525902	6	6	-0.2328869	0	0	0	0	0	0	0	0	0	0	0	0	0	54	0	
2	3138	-0.2324832	4.40E-05	4832.629	-0.001525902	6	6	-0.2323869	0	0	0	0	0	0	0	0	0	0	0	0	0	54	0	
2	3139	-0.2318698	4.42E-05	4833.629	-0.001525902	6	6	-0.2318869	0	0	0	0	0	0	0	0	0	0	0	0	0	54	0	
2	3140	-0.2315631	4.44E-05	4834.629	-0.001525902	6	6	-0.2313869	0	0	0	0	0	0	0	0	0	0	0	0	0	54	0	
2	3141	-0.2309497	4.46E-05	4835.629	-0.001525902	6	6	-0.2308869	0	0	0	0	0	0	0	0	0	0	0	0	0	54	0	
2	3142	-0.2303363	4.48E-05	4836.629	-0.001525902	6	6	-0.2303869	0	0	0	0	0	0	0	0	0	0	0	0	0	54	0	
2	3143	-0.2300296	4.50E-05	4837.629	-0.001525902	6	6	-0.2298869	0	0	0	0	0	0	0	0	0	0	0	0	0	54	0	
2	3144	-0.2294162	4.52E-05	4838.629	-0.001525902	6	6	-0.2293869	0	0	0	0	0	0	0	0	0	0	0	0	0	54	0	
2	3145	-0.2288028	4.54E-05	4839.629	-0.001525902	6	6	-0.2288869	0	0	0	0	0	0	0	0	0	0	0	0	0	54	0	
2	3146	-0.228496	4.56E-05	4840.629	-0.001525902	6	6	-0.2283869	0	0	0	0	0	0	0	0	0	0	0	0	0	54	0	
2	3147	-0.2278826	4.58E-05	4841.629	-0.001525902	6	6	-0.2278869	0	0	0	0	0	0	0	0	0	0	0	0	0	54	0	
2	3148	-0.2272692	4.61E-05	4842.629	-0.001525902	6	6	-0.2273869	0	0	0	0	0	0	0	0	0	0	0	0	0	54	0	
2	3149	-0.2269625	4.63E-05	4843.629	-0.001525902	6	6	-0.2268869	0	0	0	0	0	0	0	0	0	0	0	0	0	54	0	
2	3150	-0.2263491	4.66E-05	4844.629	-0.001525902	6	6	-0.2263869	0	0	0	0	0	0	0	0	0	0	0	0	0	54	0	
2	3151	-0.2260424	4.68E-05	4845.629	-0.001525902	6	6	-0.2258869	0	0	0	0	0	0	0	0	0	0	0	0	0	54	0	
2	3152	-0.225429	4.70E-05	4846.629	-0.001525902	6	6	-0.2253869	0	0	0	0	0	0	0	0	0	0	0	0	0	54	0	
2	3153	-0.2248156	4.72E-05	4847.629	-0.001525902	6	6	-0.2248869	0	0	0	0	0	0	0	0	0	0	0	0	0	54	0	
2	3154	-0.2245089	4.75E-05	4848.629	-0.001525902	6	6	-0.2243869	0	0	0	0	0	0	0	0	0	0	0	0	0	54	0	
2	3155	-0.2238955	4.77E-05	4849.629	-0.001525902	6	6	-0.2238869	0	0	0	0	0	0	0	0	0	0	0	0	0	54	0	
2	3156	-0.2235887	4.79E-05	4850.629	-0.001525902	6	6	-0.2233869	0	0	0	0	0	0	0	0	0	0	0	0	0	54	0	
2	3157	-0.2229753	4.81E-05	4851.629	-0.001525902	6	6	-0.2228869	0	0	0	0	0	0	0	0	0	0	0	0	0	54	0	
2	3158	-0.2223619	4.83E-05	4852.629	-0.001525902	6	6	-0.2223869	0	0	0	0	0	0	0	0	0	0	0	0	0	54	0	
2	3159	-0.2220552	4.85E-05	4853.629	-0.001525902	6	6	-0.2218869	0	0	0	0	0	0	0	0	0	0	0	0	0	54	0	
2	3160	-0.2214418	4.87E-05	4854.629	-0.001525902	6	6	-0.2213869	0	0	0	0	0	0	0	0	0	0	0	0	0	54	0	
2	3161	-0.2211351	4.89E-05	4855.629	-0.001525902	6	6	-0.2208869	0	0	0	0	0	0	0	0	0	0	0	0	0	54	0	
2	3162	-0.2205217	4.91E-05	4856.629	-0.001525902	6	6	-0.2203869	0	0	0	0	0	0	0	0	0	0	0	0	0	54	0	
2	3163	-0.2199083	4.93E-05	4857.629	-0.001525902	6	6	-0.2198869	0	0	0	0	0	0	0	0	0	0	0	0	0	54	0	
2	3164	-0.2196016	4.95E-05	4858.629	-0.001525902	6	6	-0.2193869	0	0	0	0	0	0	0	0	0	0	0	0	0	54	0	
2	3165	-0.2189882	4.97E-05	4859.629	-0.001525902	6	6	-0.2188869	0	0	0	0	0	0	0	0	0	0	0	0	0	54	0	
2	3166	-0.2186814	4.99E-05	4860.629	-0.001525902	6	6	-0.2183869	0	0	0	0	0	0	0	0	0	0	0	0	0	54	0	
2	3167	-0.218068	5.01E-05	4861.629	-0.001525902	6	6	-0.2178869	0	0	0	0	0	0	0	0	0	0	0	0	0	54	0	
2	3168	-0.2174546	5.03E-05	4862.629	-0.001525902	6	6	-0.2173869	0	0	0	0	0	0	0	0	0	0	0	0	0	54	0	
2	3169	-0.2171479	5.06E-05	4863.629	-0.001525902	6	6	-0.2168869	0	0	0	0	0	0	0	0	0	0	0	0	0	54	0	
2	3170	-0.2165345	5.08E-05	4864.629	-0.001525902	6	6	-0.2163869	0	0	0	0	0	0	0	0	0	0	0	0	0	54	0	
2	3171	-0.2159211	5.10E-05	4865.629	-0.001525902	6	6	-0.2158869	0	0	0	0	0	0	0	0	0	0	0	0	0	54	0	
2	3172	-0.2156144	5.12E-05	4866.629	-0.001525902	6	6	-0.2153869	0	0	0	0	0	0	0	0	0	0	0	0	0	54	0	
2	3173	-0.215001	5.14E-05	4867.629	-0.001525902	6	6	-0.2148869	0	0	0	0	0	0	0	0	0	0	0	0	0	54	0	
2	3174	-0.2143876	5.15E-05	4868.629	-0.001525902	6	6	-0.2143869	0	0	0	0	0	0	0	0	0	0	0	0	0	54	0	
2	3175	-0.2140809	5.17E-05	4869.629	-0.001525902	6	6	-0.2138869	0	0	0	0	0	0	0	0	0	0	0	0	0	54	0	
2	3176	-0.2134674	5.19E-05	4870.629	-0.001525902	6	6	-0.2133869	0	0	0	0	0	0	0	0	0	0	0	0	0	54	0	
2	3177	-0.212854	5.21E-05	4871.629	-0.001525902	6	6	-0.2128869	0	0	0	0	0	0	0	0	0	0	0	0	0	54	0	
2	3178	-0.2125473	5.23E-05	4872.629	-0.001525902	6	6	-0.2123869	0	0	0	0	0	0	0	0	0	0	0	0	0	54	0	
2	3179	-0.2119339	5.24E-05	4873.629	-0.001525902	6	6	-0.2118869	0	0	0	0	0	0	0	0	0	0	0	0	0	54	0	
2	3180	-0.2116272	5.26E-05	4874.629	-0.001525902	6	6	-0.2113869	0	0	0	0	0	0	0	0	0	0	0	0	0	54	0	
2	3181	-0.2110138	5.28E-05	4875.629	-0.001525902	6	6	-0.2108869	0	0	0	0	0	0	0	0	0	0	0	0	0	54	0	
2	3182	-0.2104004	5.30E-05	4876.629	-0.001525902	6	6	-0.2103869	0	0	0	0	0	0	0	0	0	0	0	0	0	54	0	
2	3183	-0.2100937	5.32E-05	4877.629	-0.001525902	6	6	-0.2098869	0	0	0	0	0	0	0	0	0	0	0	0	0	54	0	
2	3184	-0.2094803	5.34E-05	4878.629	-0.001525902	6	6	-0.2093869	0	0	0	0	0	0	0	0	0	0	0	0	0	54	0	
2	3185	-0.2091735	5.36E-05	4879.629	-0.001525902	6	6	-0.2088869	0	0	0	0	0	0	0	0	0	0	0	0	0	54	0	
2	3186	-0.2085601	5.38E-05	4880.629	-0.001525902	6	6	-0.2083869	0	0	0	0	0	0	0	0	0	0	0	0	0	54	0	
2	3187	-0.2079467	5.39E-05	4881.629	-0.001525902	6	6	-0.2078869	0	0	0	0	0	0	0	0	0	0	0	0	0	54	0	
2	3188	-0.20764	5.41E-05	4882.629	-0.001525902	6	6	-0.2073869	0	0	0	0	0	0	0	0	0	0	0	0	0	54	0	
2	3189	-0.2070266	5.43E-05	4883.629	-0.001525902	6	6	-0.2068869	0	0	0	0	0	0	0	0	0	0	0	0	0	54	0	
2	3190	-0.2064132	5.45E-05	4884.629	-0.001525902	6	6	-0.2063869	0	0	0	0	0	0	0	0	0	0	0	0	0	54	0	
2	3191	-0.2061065	5.47E-05	4885.629	-0.001525902	6	6	-0.2058869	0	0	0	0	0	0	0	0	0	0	0	0	0	54	0	
2	3192	-0.2054931	5.49E-05	4886.629	-0.001525902	6	6	-0.2053869	0	0	0	0	0	0	0	0	0	0	0	0	0	54	0	
2	3193	-0.2048797	5.51E-05	4887.629	-0.001525902	6	6	-0.2048869	0	0	0	0	0	0	0	0	0	0	0	0	0	54	0	
2	3194	-0.204573	5.52E-05	4888.629	-0.001525902	6	6	-0.2043869	0	0	0	0	0	0	0	0	0	0	0	0	0	54	0	
2	3195	-0.2039595	5.54E-05	4889.629	-0.001525902	6	6	-0.2038869	0	0	0	0	0	0	0	0	0	0	0	0	0	54	0	
2	3196	-0.2033461	5.56E-05	4890.629	-0.001525902	6	6	-0.2033869	0	0	0	0	0	0	0	0	0	0	0	0	0	54	0	
2	3197	-0.2030394	5.58E-05	4891.629	-0.001525902	6	6	-0.2028869	0	0	0	0	0	0	0	0	0	0	0	0	0	54	0	
2	3198	-0.202426	5.60E-05	4892.629	-0.001525902	6	6	-0.2023869	0	0	0	0	0	0	0	0	0	0	0	0	0	54	0	
2	3199	-0.2021193	5.62E-05	4893.629	-0.001525902	6	6	-0.2018869	0	0	0	0	0	0	0	0	0	0	0	0	0	54	0	
2	3200	-0.2015059	5.64E-05	4894.629	-0.001525902	6	6	-0.2013869	0	0	0	0	0	0	0	0	0	0	0	0	0	54	0	
2	3201	-0.2008925	5.66E-05	4895.629	-0.001525902	6	6	-0.2008869	0	0	0	0	0	0	0	0	0	0	0	0	0	54	0	
2	3202	-0.2005858	5.69E-05	4896.629	-0.001525902	6	6	-0.2003869	0	0	0	0	0	0	0	0	0	0	0	0	0	54	0	
2	3203	-0.1999724	5.71E-05	4897.629	-0.001525902	6	6	-0.1998869	0	0	0	0	0	0	0	0	0	0	0	0	0	54	0	
2	3204	-0.1996657	5.73E-05	4898.629	-0.001525902	6	6	-0.1993869	0	0	0	0	0	0	0	0	0	0	0	0	0	54	0	
2	3205	-0.1990522	5.75E-05	4899.629	-0.001525902	6	6	-0.1988869	0	0	0	0	0	0	0	0	0	0	0	0	0	54	0	
2	3206	-0.1984388	5.77E-05	4900.629	-0.001525902	6	6	-0.1983869	0	0	0	0	0	0	0	0	0	0	0	0	0	54	0	
2	3207	-0.1981321	5.79E-05	4901.629	-0.001525902	6	6	-0.1978869	0	0	0	0	0	0	0	0	0	0	0	0	0	54	0	
2	3208	-0.1975187	5.81E-05	4902.629	-0.001525902	6	6	-0.1973869	0	0	0	0	0	0	0	0	0	0	0	0	0	54	0	
2	3209	-0.1969053	5.83E-05	4903.629	-0.001525902	6	6	-0.1968869	0	0	0	0	0	0	0	0	0	0	0	0	0	54	0	
2	3210	-0.1965986	5.85E-05	4904.629	-0.001525902	6	6	-0.1963869	0	0	0	0	0	0	0	0	0	0	0	0	0	54	0	
2	3211	-0.1959852	5.87E-05	4905.629	-0.001525902	6	6	-0.1958869	0	0	0	0	0	0	0	0	0	0	0	0	0	54	0	
2	3212	-0.1953718	5.89E-05	4906.629	-0.001525902	6	6	-0.1953869	0	0	0	0	0	0	0	0	0	0	0	0	0	54	0	
2	3213	-0.1947584	5.91E-05	4907.629	-0.001525902	6	6	-0.1948869	0	0	0	0	0	0	0	0	0	0	0	0	0	54	0	
2	3214	-0.1944516	5.93E-05	4908.629	-0.001525902	6	6	-0.1943869	0	0	0	0	0	0	0	0	0	0	0	0	0	54	0	
2	3215	-0.1938382	5.95E-05	4909.629	-0.001525902	6	6	-0.1938869	0	0	0	0	0	0	0	0	0	0	0	0	0	54	0	
2	3216	-0.1935315	5.97E-05	4910.629	-0.001525902	6	6	-0.1933869	0	0	0	0	0	0	0	0	0	0	0	0	0	54	0	
2	3217	-0.1929181	5.99E-05	4911.629	-0.001525902	6	6	-0.1928869	0	0	0	0	0	0	0	0	0	0	0	0	0	54	0	
2	3218	-0.1926114	6.01E-05	4912.629	-0.001525902	6	6	-0.1923869	0	0	0	0	0	0	0	0	0	0	0	0	0	54	0	
2	3219	-0.191998	6.03E-05	4913.629	-0.001525902	6	6	-0.1918869	0	0	0	0	0	0	0	0	0	0	0	0	0	54	0	
2	3220	-0.1913846	6.05E-05	4914.629	-0.001525902	6	6	-0.1913869	0	0	0	0	0	0	0	0	0	0	0	0	0	54	0	
2	3221	-0.1910779	6.07E-05	4915.629	-0.001525902	6	6	-0.1908869	0	0	0	0	0	0	0	0	0	0	0	0	0	54	0	
2	3222	-0.1904645	6.09E-05	4916.629	-0.001525902	6	6	-0.1903869	0	0	0	0	0	0	0	0	0	0	0	0	0	54	0	
2	3223	-0.1901578	6.11E-05	4917.629	-0.001525902	6	6	-0.1898869	0	0	0	0	0	0	0	0	0	0	0	0	0	54	0	
2	3224	-0.1895443	6.13E-05	4918.629	-0.001525902	6	6	-0.1893869	0	0	0	0	0	0	0	0	0	0	0	0	0	54	0	
2	3225	-0.1889309	6.15E-05	4919.629	-0.001525902	6	6	-0.1888869	0	0	0	0	0	0	0	0	0	0	0	0	0	54	0	
2	3226	-0.1886242	6.17E-05	4920.629	-0.001525902	6	6	-0.1883869	0	0	0	0	0	0	0	0	0	0	0	0	0	54	0	
2	3227	-0.1880108	6.19E-05	4921.629	-0.001525902	6	6	-0.1878869	0	0	0	0	0	0	0	0	0	0	0	0	0	54	0	
2	3228	-0.1873974	6.21E-05	4922.629	-0.001525902	6	6	-0.1873869	0	0	0	0	0	0	0	0	0	0	0	0	0	54	0	
2	3229	-0.1870907	6.23E-05	4923.629	-0.001525902	6	6	-0.1868869	0	0	0	0	0	0	0	0	0	0	0	0	0	54	0	
2	3230	-0.1864773	6.25E-05	4924.629	-0.001525902	6	6	-0.1863869	0	0	0	0	0	0	0	0	0	0	0	0	0	54	0	
2	3231	-0.1861706	6.27E-05	4925.629	-0.001525902	6	6	-0.1858869	0	0	0	0	0	0	0	0	0	0	0	0	0	54	0	
2	3232	-0.1855572	6.28E-05	4926.629	-0.001525902	6	6	-0.1853869	0	0	0	0	0	0	0	0	0	0	0	0	0	54	0	
2	3233	-0.1849438	6.30E-05	4927.629	-0.001525902	6	6	-0.1848869	0	0	0	0	0	0	0	0	0	0	0	0	0	54	0	
2	3234	-0.184637	6.32E-05	4928.629	-0.001525902	6	6	-0.1843869	0	0	0	0	0	0	0	0	0	0	0	0	0	54	0	
2	3235	-0.1840236	6.34E-05	4929.629	-0.001525902	6	6	-0.1838869	0	0	0	0	0	0	0	0	0	0	0	0	0	54	0	
2	3236	-0.1834102	6.36E-05	4930.629	-0.001525902	6	6	-0.1833869	0	0	0	0	0	0	0	0	0	0	0	0	0	54	0	
2	3237	-0.1831035	6.38E-05	4931.629	-0.001525902	6	6	-0.1828869	0	0	0	0	0	0	0	0	0	0	0	0	0	54	0	
2	3238	-0.1824901	6.40E-05	4932.629	-0.001525902	6	6	-0.1823869	0	0	0	0	0	0	0	0	0	0	0	0	0	54	0	
2	3239	-0.1818767	6.42E-05	4933.629	-0.001525902	6	6	-0.1818869	0	0	0	0	0	0	0	0	0	0	0	0	0	54	0	
2	3240	-0.18157	6.44E-05	4934.629	-0.001525902	6	6	-0.1813869	0	0	0	0	0	0	0	0	0	0	0	0	0	54	0	
2	3241	-0.1809566	6.45E-05	4935.629	-0.001525902	6	6	-0.1808869	0	0	0	0	0	0	0	0	0	0	0	0	0	54	0	
2	3242	-0.1803432	6.47E-05	4936.629	-0.001525902	6	6	-0.1803869	0	0	0	0	0	0	0	0	0	0	0	0	0	54	0	
2	3243	-0.1800364	6.49E-05	4937.629	-0.001525902	6	6	-0.1798869	0	0	0	0	0	0	0	0	0	0	0	0	0	54	0	
2	3244	-0.179423	6.51E-05	4938.629	-0.001525902	6	6	-0.1793869	0	0	0	0	0	0	0	0	0	0	0	0	0	54	0	
2	3245	-0.1791163	6.53E-05	4939.629	-0.001525902	6	6	-0.1788869	0	0	0	0	0	0	0	0	0	0	0	0	0	54	0	
2	3246	-0.1785029	6.55E-05	4940.629	-0.001525902	6	6	-0.1783869	0	0	0	0	0	0	0	0	0	0	0	0	0	54	0	
2	3247	-0.1778895	6.57E-05	4941.629	-0.001525902	6	6	-0.1778869	0	0	0	0	0	0	0	0	0	0	0	0	0	54	0	
2	3248	-0.1775828	6.59E-05	4942.629	-0.001525902	6	6	-0.1773869	0	0	0	0	0	0	0	0	0	0	0	0	0	54	0	
2	3249	-0.1769694	6.61E-05	4943.629	-0.001525902	6	6	-0.1768869	0	0	0	0	0	0	0	0	0	0	0	0	0	54	0	
2	3250	-0.1766627	6.62E-05	4944.629	-0.001525902	6	6	-0.1763869	0	0	0	0	0	0	0	0	0	0	0	0	0	54	0	
2	3251	-0.1760493	6.64E-05	4945.629	-0.001525902	6	6	-0.1758869	0	0	0	0	0	0	0	0	0	0	0	0	0	54	0	
2	3252	-0.1757426	6.66E-05	4946.629	-0.001525902	6	6	-0.1753869	0	0	0	0	0	0	0	0	0	0	0	0	0	54	0	
2	3253	-0.1751291	6.68E-05	4947.629	-0.001525902	6	6	-0.1748869	0	0	0	0	0	0	0	0	0	0	0	0	0	54	0	
2	3254	-0.1745157	6.70E-05	4948.629	-0.001525902	6	6	-0.1743869	0	0	0	0	0	0	0	0	0	0	0	0	0	54	0	
2	3255	-0.174209	6.72E-05	4949.629	-0.001525902	6	6	-0.1738869	0	0	0	0	0	0	0	0	0	0	0	0	0	54	0	
2	3256	-0.1735956	6.74E-05	4950.629	-0.001525902	6	6	-0.1733869	0	0	0	0	0	0	0	0	0	0	0	0	0	54	0	
2	3257	-0.1729822	6.76E-05	4951.629	-0.001525902	6	6	-0.1728869	0	0	0	0	0	0	0	0	0	0	0	0	0	54	0	
2	3258	-0.1726755	6.78E-05	4952.629	-0.001525902	6	6	-0.1723869	0	0	0	0	0	0	0	0	0	0	0	0	0	54	0	
2	3259	-0.1720621	6.80E-05	4953.629	-0.001525902	6	6	-0.1718869	0	0	0	0	0	0	0	0	0	0	0	0	0	54	0	
2	3260	-0.1714487	6.82E-05	4954.629	-0.001525902	6	6	-0.1713869	0	0	0	0	0	0	0	0	0	0	0	0	0	54	0	
2	3261	-0.171142	6.84E-05	4955.629	-0.001525902	6	6	-0.1708869	0	0	0	0	0	0	0	0	0	0	0	0	0	54	0	
2	3262	-0.1705285	6.86E-05	4956.629	-0.001525902	6	6	-0.1703869	0	0	0	0	0	0	0	0	0	0	0	0	0	54	0	
2	3263	-0.1699151	6.88E-05	4957.629	-0.001525902	6	6	-0.1698869	0	0	0	0	0	0	0	0	0	0	0	0	0	54	0	
2	3264	-0.1696084	6.90E-05	4958.629	-0.001525902	6	6	-0.1693869	0	0	0	0	0	0	0	0	0	0	0	0	0	54	0	
2	3265	-0.168995	6.92E-05	4959.629	-0.001525902	6	6	-0.1688869	0	0	0	0	0	0	0	0	0	0	0	0	0	54	0	
2	3266	-0.1686883	6.94E-05	4960.629	-0.001525902	6	6	-0.1683869	0	0	0	0	0	0	0	0	0	0	0	0	0	54	0	
2	3267	-0.1680749	6.96E-05	4961.629	-0.001525902	6	6	-0.1678869	0	0	0	0	0	0	0	0	0	0	0	0	0	54	0	
2	3268	-0.1674615	6.98E-05	4962.629	-0.001525902	6	6	-0.1673869	0	0	0	0	0	0	0	0	0	0	0	0	0	54	0	
2	3269	-0.1668481	7.00E-05	4963.629	-0.001525902	6	6	-0.1668869	0	0	0	0	0	0	0	0	0	0	0	0	0	54	0	
2	3270	-0.1665414	7.01E-05	4964.629	-0.001525902	6	6	-0.1663869	0	0	0	0	0	0	0	0	0	0	0	0	0	54	0	
2	3271	-0.165928	7.03E-05	4965.629	-0.001525902	6	6	-0.1658869	0	0	0	0	0	0	0	0	0	0	0	0	0	54	0	
2	3272	-0.1656213	7.05E-05	4966.629	-0.001525902	6	6	-0.1653869	0	0	0	0	0	0	0	0	0	0	0	0	0	54	0	
2	3273	-0.1650078	7.07E-05	4967.629	-0.001525902	6	6	-0.1648869	0	0	0	0	0	0	0	0	0	0	0	0	0	54	0	
2	3274	-0.1643944	7.09E-05	4968.629	-0.001525902	6	6	-0.1643869	0	0	0	0	0	0	0	0	0	0	0	0	0	54	0	
2	3275	-0.1640877	7.11E-05	4969.629	-0.001525902	6	6	-0.1638869	0	0	0	0	0	0	0	0	0	0	0	0	0	54	0	
2	3276	-0.1634743	7.13E-05	4970.629	-0.001525902	6	6	-0.1633869	0	0	0	0	0	0	0	0	0	0	0	0	0	54	0	
2	3277	-0.1631676	7.15E-05	4971.629	-0.001525902	6	6	-0.1628869	0	0	0	0	0	0	0	0	0	0	0	0	0	54	0	
2	3278	-0.1625542	7.17E-05	4972.629	-0.001525902	6	6	-0.1623869	0	0	0	0	0	0	0	0	0	0	0	0	0	54	0	
2	3279	-0.1619408	7.19E-05	4973.629	-0.001525902	6	6	-0.1618869	0	0	0	0	0	0	0	0	0	0	0	0	0	54	0	
2	3280	-0.1616341	7.21E-05	4974.629	-0.001525902	6	6	-0.1613869	0	0	0	0	0	0	0	0	0	0	0	0	0	54	0	
2	3281	-0.1610207	7.23E-05	4975.629	-0.001525902	6	6	-0.1608869	0	0	0	0	0	0	0	0	0	0	0	0	0	54	0	
2	3282	-0.1604072	7.25E-05	4976.629	-0.001525902	6	6	-0.1603869	0	0	0	0	0	0	0	0	0	0	0	0	0	54	0	
2	3283	-0.1601005	7.28E-05	4977.629	-0.001525902	6	6	-0.1598869	0	0	0	0	0	0	0	0	0	0	0	0	0	54	0	
2	3284	-0.1594871	7.30E-05	4978.629	-0.001525902	6	6	-0.1593869	0	0	0	0	0	0	0	0	0	0	0	0	0	54	0	
2	3285	-0.1591804	7.32E-05	4979.629	-0.001525902	6	6	-0.1588869	0	0	0	0	0	0	0	0	0	0	0	0	0	54	0	
2	3286	-0.158567	7.34E-05	4980.629	-0.001525902	6	6	-0.1583869	0	0	0	0	0	0	0	0	0	0	0	0	0	54	0	
2	3287	-0.1579536	7.36E-05	4981.629	-0.001525902	6	6	-0.1578869	0	0	0	0	0	0	0	0	0	0	0	0	0	54	0	
2	3288	-0.1576469	7.38E-05	4982.629	-0.001525902	6	6	-0.1573869	0	0	0	0	0	0	0	0	0	0	0	0	0	54	0	
2	3289	-0.1570335	7.39E-05	4983.629	-0.001525902	6	6	-0.1568869	0	0	0	0	0	0	0	0	0	0	0	0	0	54	0	
2	3290	-0.1564201	7.41E-05	4984.629	-0.001525902	6	6	-0.1563869	0	0	0	0	0	0	0	0	0	0	0	0	0	54	0	
2	3291	-0.1561134	7.43E-05	4985.629	-0.001525902	6	6	-0.1558869	0	0	0	0	0	0	0	0	0	0	0	0	0	54	0	
2	3292	-0.1554999	7.45E-05	4986.629	-0.001525902	6	6	-0.1553869	0	0	0	0	0	0	0	0	0	0	0	0	0	54	0	
2	3293	-0.1548865	7.48E-05	4987.629	-0.001525902	6	6	-0.1548869	0	0	0	0	0	0	0	0	0	0	0	0	0	54	0	
2	3294	-0.1545798	7.50E-05	4988.629	-0.001525902	6	6	-0.1543869	0	0	0	0	0	0	0	0	0	0	0	0	0	54	0	
2	3295	-0.1539664	7.52E-05	4989.629	-0.001525902	6	6	-0.1538869	0	0	0	0	0	0	0	0	0	0	0	0	0	54	0	
2	3296	-0.1536597	7.54E-05	4990.629	-0.001525902	6	6	-0.1533869	0	0	0	0	0	0	0	0	0	0	0	0	0	54	0	
2	3297	-0.1530463	7.57E-05	4991.629	-0.001525902	6	6	-0.1528869	0	0	0	0	0	0	0	0	0	0	0	0	0	54	0	
2	3298	-0.1524329	7.59E-05	4992.629	-0.001525902	6	6	-0.1523869	0	0	0	0	0	0	0	0	0	0	0	0	0	54	0	
2	3299	-0.1521262	7.61E-05	4993.629	-0.001525902	6	6	-0.1518869	0	0	0	0	0	0	0	0	0	0	0	0	0	54	0	
2	3300	-0.1515128	7.62E-05	4994.629	-0.001525902	6	6	-0.1513869	0	0	0	0	0	0	0	0	0	0	0	0	0	54	0	
2	3301	-0.1508994	7.64E-05	4995.629	-0.001525902	6	6	-0.1508869	0	0	0	0	0	0	0	0	0	0	0	0	0	54	0	
2	3302	-0.1505926	7.66E-05	4996.629	-0.001525902	6	6	-0.1503869	0	0	0	0	0	0	0	0	0	0	0	0	0	54	0	
2	3303	-0.1499792	7.68E-05	4997.629	-0.001525902	6	6	-0.1498869	0	0	0	0	0	0	0	0	0	0	0	0	0	54	0	
2	3304	-0.1496725	7.70E-05	4998.629	-0.001525902	6	6	-0.1493869	0	0	0	0	0	0	0	0	0	0	0	0	0	54	0	
2	3305	-0.1490591	7.72E-05	4999.629	-0.001525902	6	6	-0.1488869	0	0	0	0	0	0	0	0	0	0	0	0	0	54	0	
2	3306	-0.1484457	7.74E-05	5000.629	-0.001525902	6	6	-0.1483869	0	0	0	0	0	0	0	0	0	0	0	0	0	54	0	
2	3307	-0.148139	7.76E-05	5001.629	-0.001525902	6	6	-0.1478869	0	0	0	0	0	0	0	0	0	0	0	0	0	54	0	
2	3308	-0.1475256	7.78E-05	5002.629	-0.001525902	6	6	-0.1473869	0	0	0	0	0	0	0	0	0	0	0	0	0	54	0	
2	3309	-0.1469122	7.80E-05	5003.629	-0.001525902	6	6	-0.1468869	0	0	0	0	0	0	0	0	0	0	0	0	0	54	0	
2	3310	-0.1466055	7.82E-05	5004.629	-0.001525902	6	6	-0.1463869	0	0	0	0	0	0	0	0	0	0	0	0	0	54	0	
2	3311	-0.145992	7.85E-05	5005.629	-0.001525902	6	6	-0.1458869	0	0	0	0	0	0	0	0	0	0	0	0	0	54	0	
2	3312	-0.1453786	7.87E-05	5006.629	-0.001525902	6	6	-0.1453869	0	0	0	0	0	0	0	0	0	0	0	0	0	54	0	
2	3313	-0.1450719	7.89E-05	5007.629	-0.001525902	6	6	-0.1448869	0	0	0	0	0	0	0	0	0	0	0	0	0	54	0	
2	3314	-0.1444585	7.91E-05	5008.629	-0.001525902	6	6	-0.1443869	0	0	0	0	0	0	0	0	0	0	0	0	0	54	0	
2	3315	-0.1438451	7.93E-05	5009.629	-0.001525902	6	6	-0.1438869	0	0	0	0	0	0	0	0	0	0	0	0	0	54	0	
2	3316	-0.1435384	7.95E-05	5010.629	-0.001525902	6	6	-0.1433869	0	0	0	0	0	0	0	0	0	0	0	0	0	54	0	
2	3317	-0.142925	7.97E-05	5011.629	-0.001525902	6	6	-0.1428869	0	0	0	0	0	0	0	0	0	0	0	0	0	54	0	
2	3318	-0.1426183	7.99E-05	5012.629	-0.001525902	6	6	-0.1423869	0	0	0	0	0	0	0	0	0	0	0	0	0	54	0	
2	3319	-0.1420049	8.01E-05	5013.629	-0.001525902	6	6	-0.1418869	0	0	0	0	0	0	0	0	0	0	0	0	0	54	0	
2	3320	-0.1413914	8.03E-05	5014.629	-0.001525902	6	6	-0.1413869	0	0	0	0	0	0	0	0	0	0	0	0	0	54	0	
2	3321	-0.1410847	8.05E-05	5015.629	-0.001525902	6	6	-0.1408869	0	0	0	0	0	0	0	0	0	0	0	0	0	54	0	
2	3322	-0.1404713	8.07E-05	5016.629	-0.001525902	6	6	-0.1403869	0	0	0	0	0	0	0	0	0	0	0	0	0	54	0	
2	3323	-0.1398579	8.09E-05	5017.629	-0.001525902	6	6	-0.1398869	0	0	0	0	0	0	0	0	0	0	0	0	0	54	0	
2	3324	-0.1395512	8.11E-05	5018.629	-0.001525902	6	6	-0.1393869	0	0	0	0	0	0	0	0	0	0	0	0	0	54	0	
2	3325	-0.1389378	8.13E-05	5019.629	-0.001525902	6	6	-0.1388869	0	0	0	0	0	0	0	0	0	0	0	0	0	54	0	
2	3326	-0.1386311	8.15E-05	5020.629	-0.001525902	6	6	-0.1383869	0	0	0	0	0	0	0	0	0	0	0	0	0	54	0	
2	3327	-0.1380177	8.17E-05	5021.629	-0.001525902	6	6	-0.1378869	0	0	0	0	0	0	0	0	0	0	0	0	0	54	0	
2	3328	-0.1374043	8.19E-05	5022.629	-0.001525902	6	6	-0.1373869	0	0	0	0	0	0	0	0	0	0	0	0	0	54	0	
2	3329	-0.1370976	8.21E-05	5023.629	-0.001525902	6	6	-0.1368869	0	0	0	0	0	0	0	0	0	0	0	0	0	54	0	
2	3330	-0.1364841	8.23E-05	5024.629	-0.001525902	6	6	-0.1363869	0	0	0	0	0	0	0	0	0	0	0	0	0	54	0	
2	3331	-0.1358707	8.25E-05	5025.629	-0.001525902	6	6	-0.1358869	0	0	0	0	0	0	0	0	0	0	0	0	0	54	0	
2	3332	-0.135564	8.27E-05	5026.629	-0.001525902	6	6	-0.1353869	0	0	0	0	0	0	0	0	0	0	0	0	0	54	0	
2	3333	-0.1349506	8.29E-05	5027.629	-0.001525902	6	6	-0.1348869	0	0	0	0	0	0	0	0	0	0	0	0	0	54	0	
2	3334	-0.1346439	8.31E-05	5028.629	-0.001525902	6	6	-0.1343869	0	0	0	0	0	0	0	0	0	0	0	0	0	54	0	
2	3335	-0.1340305	8.33E-05	5029.629	-0.001525902	6	6	-0.1338869	0	0	0	0	0	0	0	0	0	0	0	0	0	54	0	
2	3336	-0.1334171	8.35E-05	5030.629	-0.001525902	6	6	-0.1333869	0	0	0	0	0	0	0	0	0	0	0	0	0	54	0	
2	3337	-0.1331104	8.37E-05	5031.629	-0.001525902	6	6	-0.1328869	0	0	0	0	0	0	0	0	0	0	0	0	0	54	0	
2	3338	-0.132497	8.38E-05	5032.629	-0.001525902	6	6	-0.1323869	0	0	0	0	0	0	0	0	0	0	0	0	0	54	0	
2	3339	-0.1318835	8.40E-05	5033.629	-0.001525902	6	6	-0.1318869	0	0	0	0	0	0	0	0	0	0	0	0	0	54	0	
2	3340	-0.1315769	8.42E-05	5034.629	-0.001525902	6	6	-0.1313869	0	0	0	0	0	0	0	0	0	0	0	0	0	54	0	
2	3341	-0.1309634	8.44E-05	5035.629	-0.001525902	6	6	-0.1308869	0	0	0	0	0	0	0	0	0	0	0	0	0	54	0	
2	3342	-0.1306567	8.46E-05	5036.629	-0.001525902	6	6	-0.1303869	0	0	0	0	0	0	0	0	0	0	0	0	0	54	0	
2	3343	-0.1300433	8.48E-05	5037.629	-0.001525902	6	6	-0.1298869	0	0	0	0	0	0	0	0	0	0	0	0	0	54	0	
2	3344	-0.1297366	8.50E-05	5038.629	-0.001525902	6	6	-0.1293869	0	0	0	0	0	0	0	0	0	0	0	0	0	54	0	
2	3345	-0.1291232	8.51E-05	5039.629	-0.001525902	6	6	-0.1288869	0	0	0	0	0	0	0	0	0	0	0	0	0	54	0	
2	3346	-0.1285098	8.53E-05	5040.629	-0.001525902	6	6	-0.1283869	0	0	0	0	0	0	0	0	0	0	0	0	0	54	0	
2	3347	-0.1282031	8.55E-05	5041.629	-0.001525902	6	6	-0.1278869	0	0	0	0	0	0	0	0	0	0	0	0	0	54	0	
2	3348	-0.1275897	8.57E-05	5042.629	-0.001525902	6	6	-0.1273869	0	0	0	0	0	0	0	0	0	0	0	0	0	54	0	
2	3349	-0.1269763	8.59E-05	5043.629	-0.001525902	6	6	-0.1268869	0	0	0	0	0	0	0	0	0	0	0	0	0	54	0	
2	3350	-0.1263628	8.60E-05	5044.629	-0.001525902	6	6	-0.1263869	0	0	0	0	0	0	0	0	0	0	0	0	0	54	0	
2	3351	-0.1260561	8.62E-05	5045.629	-0.001525902	6	6	-0.1258869	0	0	0	0	0	0	0	0	0	0	0	0	0	54	0	
2	3352	-0.1254427	8.64E-05	5046.629	-0.001525902	6	6	-0.1253869	0	0	0	0	0	0	0	0	0	0	0	0	0	54	0	
2	3353	-0.125136	8.66E-05	5047.629	-0.001525902	6	6	-0.1248869	0	0	0	0	0	0	0	0	0	0	0	0	0	54	0	
2	3354	-0.1245226	8.68E-05	5048.629	-0.001525902	6	6	-0.1243869	0	0	0	0	0	0	0	0	0	0	0	0	0	54	0	
2	3355	-0.1239092	8.70E-05	5049.629	-0.001525902	6	6	-0.1238869	0	0	0	0	0	0	0	0	0	0	0	0	0	54	0	
2	3356	-0.1236025	8.72E-05	5050.629	-0.001525902	6	6	-0.1233869	0	0	0	0	0	0	0	0	0	0	0	0	0	54	0	
2	3357	-0.1229891	8.74E-05	5051.629	-0.001525902	6	6	-0.1228869	0	0	0	0	0	0	0	0	0	0	0	0	0	54	0	
2	3358	-0.1223757	8.76E-05	5052.629	-0.001525902	6	6	-0.1223869	0	0	0	0	0	0	0	0	0	0	0	0	0	54	0	
2	3359	-0.1220689	8.77E-05	5053.629	-0.001525902	6	6	-0.1218869	0	0	0	0	0	0	0	0	0	0	0	0	0	54	0	
2	3360	-0.1214555	8.79E-05	5054.629	-0.001525902	6	6	-0.1213869	0	0	0	0	0	0	0	0	0	0	0	0	0	54	0	
2	3361	-0.1208421	8.81E-05	5055.629	-0.001525902	6	6	-0.1208869	0	0	0	0	0	0	0	0	0	0	0	0	0	54	0	
2	3362	-0.1205354	8.83E-05	5056.629	-0.001525902	6	6	-0.1203869	0	0	0	0	0	0	0	0	0	0	0	0	0	54	0	
2	3363	-0.1202287	8.85E-05	5057.629	-0.001525902	6	6	-0.1198869	0	0	0	0	0	0	0	0	0	0	0	0	0	54	0	
2	3364	-0.1196153	8.87E-05	5058.629	-0.001525902	6	6	-0.1193869	0	0	0	0	0	0	0	0	0	0	0	0	0	54	0	
2	3365	-0.1190019	8.88E-05	5059.629	-0.001525902	6	6	-0.1188869	0	0	0	0	0	0	0	0	0	0	0	0	0	54	0	
2	3366	-0.1183885	8.90E-05	5060.629	-0.001525902	6	6	-0.1183869	0	0	0	0	0	0	0	0	0	0	0	0	0	54	0	
2	3367	-0.1180818	8.92E-05	5061.629	-0.001525902	6	6	-0.1178869	0	0	0	0	0	0	0	0	0	0	0	0	0	54	0	
2	3368	-0.1174684	8.94E-05	5062.629	-0.001525902	6	6	-0.1173869	0	0	0	0	0	0	0	0	0	0	0	0	0	54	0	
2	3369	-0.1171616	8.96E-05	5063.629	-0.001525902	6	6	-0.1168869	0	0	0	0	0	0	0	0	0	0	0	0	0	54	0	
2	3370	-0.1165482	8.98E-05	5064.629	-0.001525902	6	6	-0.1163869	0	0	0	0	0	0	0	0	0	0	0	0	0	54	0	
2	3371	-0.1159348	9.00E-05	5065.629	-0.001525902	6	6	-0.1158869	0	0	0	0	0	0	0	0	0	0	0	0	0	54	0	
2	3372	-0.1156281	9.01E-05	5066.629	-0.001525902	6	6	-0.1153869	0	0	0	0	0	0	0	0	0	0	0	0	0	54	0	
2	3373	-0.1150147	9.03E-05	5067.629	-0.001525902	6	6	-0.1148869	0	0	0	0	0	0	0	0	0	0	0	0	0	54	0	
2	3374	-0.1144013	9.05E-05	5068.629	-0.001525902	6	6	-0.1143869	0	0	0	0	0	0	0	0	0	0	0	0	0	54	0	
2	3375	-0.1140946	9.07E-05	5069.629	-0.001525902	6	6	-0.1138869	0	0	0	0	0	0	0	0	0	0	0	0	0	54	0	
2	3376	-0.1134812	9.09E-05	5070.629	-0.001525902	6	6	-0.1133869	0	0	0	0	0	0	0	0	0	0	0	0	0	54	0	
2	3377	-0.1131745	9.11E-05	5071.629	-0.001525902	6	6	-0.1128869	0	0	0	0	0	0	0	0	0	0	0	0	0	54	0	
2	3378	-0.1125611	9.13E-05	5072.629	-0.001525902	6	6	-0.1123869	0	0	0	0	0	0	0	0	0	0	0	0	0	54	0	
2	3379	-0.1119476	9.15E-05	5073.629	-0.001525902	6	6	-0.1118869	0	0	0	0	0	0	0	0	0	0	0	0	0	54	0	
2	3380	-0.1113342	9.17E-05	5074.629	-0.001525902	6	6	-0.1113869	0	0	0	0	0	0	0	0	0	0	0	0	0	54	0	
2	3381	-0.1110275	9.19E-05	5075.629	-0.001525902	6	6	-0.1108869	0	0	0	0	0	0	0	0	0	0	0	0	0	54	0	
2	3382	-0.1104141	9.21E-05	5076.629	-0.001525902	6	6	-0.1103869	0	0	0	0	0	0	0	0	0	0	0	0	0	54	0	
2	3383	-0.1101074	9.23E-05	5077.629	-0.001525902	6	6	-0.1098869	0	0	0	0	0	0	0	0	0	0	0	0	0	54	0	
2	3384	-0.109494	9.24E-05	5078.629	-0.001525902	6	6	-0.1093869	0	0	0	0	0	0	0	0	0	0	0	0	0	54	0	
2	3385	-0.1091873	9.26E-05	5079.629	-0.001525902	6	6	-0.1088869	0	0	0	0	0	0	0	0	0	0	0	0	0	54	0	
2	3386	-0.1085739	9.28E-05	5080.629	-0.001525902	6	6	-0.1083869	0	0	0	0	0	0	0	0	0	0	0	0	0	54	0	
2	3387	-0.1079605	9.30E-05	5081.629	-0.001525902	6	6	-0.1078869	0	0	0	0	0	0	0	0	0	0	0	0	0	54	0	
2	3388	-0.1076538	9.32E-05	5082.629	-0.001525902	6	6	-0.1073869	0	0	0	0	0	0	0	0	0	0	0	0	0	54	0	
2	3389	-0.1070403	9.34E-05	5083.629	-0.001525902	6	6	-0.1068869	0	0	0	0	0	0	0	0	0	0	0	0	0	54	0	
2	3390	-0.1064269	9.35E-05	5084.629	-0.001525902	6	6	-0.1063869	0	0	0	0	0	0	0	0	0	0	0	0	0	54	0	
2	3391	-0.1061202	9.37E-05	5085.629	-0.001525902	6	6	-0.1058869	0	0	0	0	0	0	0	0	0	0	0	0	0	54	0	
2	3392	-0.1055068	9.39E-05	5086.629	-0.001525902	6	6	-0.1053869	0	0	0	0	0	0	0	0	0	0	0	0	0	54	0	
2	3393	-0.1052001	9.41E-05	5087.629	-0.001525902	6	6	-0.1048869	0	0	0	0	0	0	0	0	0	0	0	0	0	54	0	
2	3394	-0.1045867	9.43E-05	5088.629	-0.001525902	6	6	-0.1043869	0	0	0	0	0	0	0	0	0	0	0	0	0	54	0	
2	3395	-0.1039733	9.45E-05	5089.629	-0.001525902	6	6	-0.1038869	0	0	0	0	0	0	0	0	0	0	0	0	0	54	0	
2	3396	-0.1036666	9.47E-05	5090.629	-0.001525902	6	6	-0.1033869	0	0	0	0	0	0	0	0	0	0	0	0	0	54	0	
2	3397	-0.1030532	9.49E-05	5091.629	-0.001525902	6	6	-0.1028869	0	0	0	0	0	0	0	0	0	0	0	0	0	54	0	
2	3398	-0.1024397	9.51E-05	5092.629	-0.001525902	6	6	-0.1023869	0	0	0	0	0	0	0	0	0	0	0	0	0	54	0	
2	3399	-0.102133	9.53E-05	5093.629	-0.001525902	6	6	-0.1018869	0	0	0	0	0	0	0	0	0	0	0	0	0	54	0	
2	3400	-0.1015196	9.54E-05	5094.629	-0.001525902	6	6	-0.1013869	0	0	0	0	0	0	0	0	0	0	0	0	0	54	0	
2	3401	-0.1009062	9.56E-05	5095.629	-0.001525902	6	6	-0.1008869	0	0	0	0	0	0	0	0	0	0	0	0	0	54	0	
2	3402	-0.1005995	9.58E-05	5096.629	-0.001525902	6	6	-0.1003869	0	0	0	0	0	0	0	0	0	0	0	0	0	54	0	
2	3403	-0.09998609	9.60E-05	5097.629	-0.001525902	6	6	-0.100009	0	0	0	0	0	0	0	0	0	0	0	0	0	54	0	
2	3404	-0.09967939	9.62E-05	5098.629	-0.001525902	6	6	-0.09938689	0	0	0	0	0	0	0	0	0	0	0	0	0	54	0	
2	3405	-0.09906597	9.64E-05	5099.629	-0.001525902	6	6	-0.09888688	0	0	0	0	0	0	0	0	0	0	0	0	0	54	0	
2	3406	-0.09845256	9.66E-05	5100.629	-0.001525902	6	6	-0.09838688	0	0	0	0	0	0	0	0	0	0	0	0	0	54	0	
2	3407	-0.09814586	9.67E-05	5101.629	-0.001525902	6	6	-0.09788688	0	0	0	0	0	0	0	0	0	0	0	0	0	54	0	
2	3408	-0.09753244	9.69E-05	5102.629	-0.001525902	6	6	-0.09738689	0	0	0	0	0	0	0	0	0	0	0	0	0	54	0	
2	3409	-0.09691903	9.71E-05	5103.629	-0.001525902	6	6	-0.09688689	0	0	0	0	0	0	0	0	0	0	0	0	0	54	0	
2	3410	-0.09661232	9.73E-05	5104.629	-0.001525902	6	6	-0.09638689	0	0	0	0	0	0	0	0	0	0	0	0	0	54	0	
2	3411	-0.09599891	9.75E-05	5105.629	-0.001525902	6	6	-0.09588689	0	0	0	0	0	0	0	0	0	0	0	0	0	54	0	
2	3412	-0.0956922	9.76E-05	5106.629	-0.001525902	6	6	-0.09538689	0	0	0	0	0	0	0	0	0	0	0	0	0	54	0	
2	3413	-0.09507879	9.78E-05	5107.629	-0.001525902	6	6	-0.09488688	0	0	0	0	0	0	0	0	0	0	0	0	0	54	0	
2	3414	-0.09446537	9.80E-05	5108.629	-0.001525902	6	6	-0.09438688	0	0	0	0	0	0	0	0	0	0	0	0	0	54	0	
2	3415	-0.09415867	9.82E-05	5109.629	-0.001525902	6	6	-0.09388688	0	0	0	0	0	0	0	0	0	0	0	0	0	54	0	
2	3416	-0.09354526	9.84E-05	5110.629	-0.001525902	6	6	-0.09338689	0	0	0	0	0	0	0	0	0	0	0	0	0	54	0	
2	3417	-0.09323855	9.86E-05	5111.629	-0.001525902	6	6	-0.09288689	0	0	0	0	0	0	0	0	0	0	0	0	0	54	0	
2	3418	-0.09262514	9.87E-05	5112.629	-0.001525902	6	6	-0.09238689	0	0	0	0	0	0	0	0	0	0	0	0	0	54	0	
2	3419	-0.09201173	9.89E-05	5113.629	-0.001525902	6	6	-0.09188689	0	0	0	0	0	0	0	0	0	0	0	0	0	54	0	
2	3420	-0.09170502	9.91E-05	5114.629	-0.001525902	6	6	-0.09138688	0	0	0	0	0	0	0	0	0	0	0	0	0	54	0	
2	3421	-0.09109161	9.93E-05	5115.629	-0.001525902	6	6	-0.09088688	0	0	0	0	0	0	0	0	0	0	0	0	0	54	0	
2	3422	-0.0904782	9.95E-05	5116.629	-0.001525902	6	6	-0.09038688	0	0	0	0	0	0	0	0	0	0	0	0	0	54	0	
2	3423	-0.09017149	9.97E-05	5117.629	-0.001525902	6	6	-0.08988689	0	0	0	0	0	0	0	0	0	0	0	0	0	54	0	
2	3424	-0.08955808	9.98E-05	5118.629	-0.001525902	6	6	-0.08938689	0	0	0	0	0	0	0	0	0	0	0	0	0	54	0	
2	3425	-0.08894467	0.000100017	5119.629	-0.001525902	6	6	-0.08888689	0	0	0	0	0	0	0	0	0	0	0	0	0	54	0	
2	3426	-0.08863796	0.000100189	5120.629	-0.001525902	6	6	-0.08838689	0	0	0	0	0	0	0	0	0	0	0	0	0	54	0	
2	3427	-0.08802454	0.000100354	5121.629	-0.001525902	6	6	-0.08788688	0	0	0	0	0	0	0	0	0	0	0	0	0	54	0	
2	3428	-0.08741114	0.000100508	5122.629	-0.001525902	6	6	-0.08738688	0	0	0	0	0	0	0	0	0	0	0	0	0	54	0	
2	3429	-0.08710442	0.000100655	5123.629	-0.001525902	6	6	-0.08688688	0	0	0	0	0	0	0	0	0	0	0	0	0	54	0	
2	3430	-0.08649101	0.000100778	5124.629	-0.001525902	6	6	-0.08638688	0	0	0	0	0	0	0	0	0	0	0	0	0	54	0	
2	3431	-0.08618431	0.0001009	5125.629	-0.001525902	6	6	-0.08588689	0	0	0	0	0	0	0	0	0	0	0	0	0	54	0	
2	3432	-0.08557089	0.000101017	5126.629	-0.001525902	6	6	-0.08538689	0	0	0	0	0	0	0	0	0	0	0	0	0	54	0	
2	3433	-0.08526419	0.000101164	5127.629	-0.001525902	6	6	-0.08488689	0	0	0	0	0	0	0	0	0	0	0	0	0	54	0	
2	3434	-0.08465078	0.000101317	5128.629	-0.001525902	6	6	-0.08438689	0	0	0	0	0	0	0	0	0	0	0	0	0	54	0	
2	3435	-0.08403736	0.000101471	5129.629	-0.001525902	6	6	-0.08388688	0	0	0	0	0	0	0	0	0	0	0	0	0	54	0	
2	3436	-0.08373065	0.000101643	5130.629	-0.001525902	6	6	-0.08338688	0	0	0	0	0	0	0	0	0	0	0	0	0	54	0	
2	3437	-0.08311725	0.000101833	5131.629	-0.001525902	6	6	-0.08288688	0	0	0	0	0	0	0	0	0	0	0	0	0	54	0	
2	3438	-0.08250383	0.000102004	5132.629	-0.001525902	6	6	-0.08238688	0	0	0	0	0	0	0	0	0	0	0	0	0	54	0	
2	3439	-0.08219712	0.000102176	5133.629	-0.001525902	6	6	-0.08188689	0	0	0	0	0	0	0	0	0	0	0	0	0	54	0	
2	3440	-0.08158371	0.000102354	5134.629	-0.001525902	6	6	-0.08138689	0	0	0	0	0	0	0	0	0	0	0	0	0	54	0	
2	3441	-0.0809703	0.000102532	5135.629	-0.001525902	6	6	-0.08088689	0	0	0	0	0	0	0	0	0	0	0	0	0	54	0	
2	3442	-0.08066359	0.000102698	5136.629	-0.001525902	6	6	-0.08038688	0	0	0	0	0	0	0	0	0	0	0	0	0	54	0	
2	3443	-0.08005018	0.000102857	5137.629	-0.001525902	6	6	-0.07988688	0	0	0	0	0	0	0	0	0	0	0	0	0	54	0	
2	3444	-0.07974347	0.000103029	5138.629	-0.001525902	6	6	-0.07938688	0	0	0	0	0	0	0	0	0	0	0	0	0	54	0	
2	3445	-0.07913006	0.000103201	5139.629	-0.001525902	6	6	-0.07888688	0	0	0	0	0	0	0	0	0	0	0	0	0	54	0	
2	3446	-0.07851665	0.000103366	5140.629	-0.001525902	6	6	-0.07838689	0	0	0	0	0	0	0	0	0	0	0	0	0	54	0	
2	3447	-0.07820994	0.000103538	5141.629	-0.001525902	6	6	-0.07788689	0	0	0	0	0	0	0	0	0	0	0	0	0	54	0	
2	3448	-0.07759653	0.000103704	5142.629	-0.001525902	6	6	-0.07738689	0	0	0	0	0	0	0	0	0	0	0	0	0	54	0	
2	3449	-0.07698312	0.000103863	5143.629	-0.001525902	6	6	-0.07688688	0	0	0	0	0	0	0	0	0	0	0	0	0	54	0	
2	3450	-0.07667641	0.000104035	5144.629	-0.001525902	6	6	-0.07638688	0	0	0	0	0	0	0	0	0	0	0	0	0	54	0	
2	3451	-0.076063	0.000104219	5145.629	-0.001525902	6	6	-0.07588688	0	0	0	0	0	0	0	0	0	0	0	0	0	54	0	
2	3452	-0.07544959	0.000104372	5146.629	-0.001525902	6	6	-0.07538688	0	0	0	0	0	0	0	0	0	0	0	0	0	54	0	
2	3453	-0.07514288	0.00010455	5147.629	-0.001525902	6	6	-0.07488688	0	0	0	0	0	0	0	0	0	0	0	0	0	54	0	
2	3454	-0.07452947	0.00010471	5148.629	-0.001525902	6	6	-0.07438689	0	0	0	0	0	0	0	0	0	0	0	0	0	54	0	
2	3455	-0.07422276	0.000104881	5149.629	-0.001525902	6	6	-0.07388689	0	0	0	0	0	0	0	0	0	0	0	0	0	54	0	
2	3456	-0.07360934	0.000105053	5150.629	-0.001525902	6	6	-0.07338689	0	0	0	0	0	0	0	0	0	0	0	0	0	54	0	
2	3457	-0.07299593	0.000105231	5151.629	-0.001525902	6	6	-0.07288688	0	0	0	0	0	0	0	0	0	0	0	0	0	54	0	
2	3458	-0.07268923	0.00010539	5152.629	-0.001525902	6	6	-0.07238688	0	0	0	0	0	0	0	0	0	0	0	0	0	54	0	
2	3459	-0.07207581	0.00010555	5153.629	-0.001525902	6	6	-0.07188688	0	0	0	0	0	0	0	0	0	0	0	0	0	54	0	
2	3460	-0.0714624	0.000105709	5154.629	-0.001525902	6	6	-0.07138688	0	0	0	0	0	0	0	0	0	0	0	0	0	54	0	
2	3461	-0.0711557	0.000105863	5155.629	-0.001525902	6	6	-0.07088689	0	0	0	0	0	0	0	0	0	0	0	0	0	54	0	
2	3462	-0.07054228	0.000106022	5156.629	-0.001525902	6	6	-0.07038689	0	0	0	0	0	0	0	0	0	0	0	0	0	54	0	
2	3463	-0.07023558	0.000106194	5157.629	-0.001525902	6	6	-0.06988689	0	0	0	0	0	0	0	0	0	0	0	0	0	54	0	
2	3464	-0.06962217	0.000106372	5158.629	-0.001525902	6	6	-0.06938688	0	0	0	0	0	0	0	0	0	0	0	0	0	54	0	
2	3465	-0.06900875	0.000106556	5159.629	-0.001525902	6	6	-0.06888688	0	0	0	0	0	0	0	0	0	0	0	0	0	54	0	
2	3466	-0.06870204	0.00010674	5160.629	-0.001525902	6	6	-0.06838688	0	0	0	0	0	0	0	0	0	0	0	0	0	54	0	
2	3467	-0.06808864	0.000106912	5161.629	-0.001525902	6	6	-0.06788688	0	0	0	0	0	0	0	0	0	0	0	0	0	54	0	
2	3468	-0.06747522	0.000107071	5162.629	-0.001525902	6	6	-0.06738688	0	0	0	0	0	0	0	0	0	0	0	0	0	54	0	
2	3469	-0.06716851	0.000107231	5163.629	-0.001525902	6	6	-0.06688689	0	0	0	0	0	0	0	0	0	0	0	0	0	54	0	
2	3470	-0.0665551	0.00010739	5164.629	-0.001525902	6	6	-0.06638689	0	0	0	0	0	0	0	0	0	0	0	0	0	54	0	
2	3471	-0.06624839	0.000107562	5165.629	-0.001525902	6	6	-0.06588688	0	0	0	0	0	0	0	0	0	0	0	0	0	54	0	
2	3472	-0.06563498	0.000107746	5166.629	-0.001525902	6	6	-0.06538688	0	0	0	0	0	0	0	0	0	0	0	0	0	54	0	
2	3473	-0.06502157	0.000107918	5167.629	-0.001525902	6	6	-0.06488688	0	0	0	0	0	0	0	0	0	0	0	0	0	54	0	
2	3474	-0.06471486	0.000108047	5168.629	-0.001525902	6	6	-0.06438688	0	0	0	0	0	0	0	0	0	0	0	0	0	54	0	
2	3475	-0.06410145	0.0001082	5169.629	-0.001525902	6	6	-0.06388688	0	0	0	0	0	0	0	0	0	0	0	0	0	54	0	
2	3476	-0.06348804	0.000108359	5170.629	-0.001525902	6	6	-0.06338689	0	0	0	0	0	0	0	0	0	0	0	0	0	54	0	
2	3477	-0.06318133	0.000108531	5171.629	-0.001525902	6	6	-0.06288689	0	0	0	0	0	0	0	0	0	0	0	0	0	54	0	
2	3478	-0.06256792	0.000108709	5172.629	-0.001525902	6	6	-0.06238689	0	0	0	0	0	0	0	0	0	0	0	0	0	54	0	
2	3479	-0.06226121	0.000108887	5173.629	-0.001525902	6	6	-0.06188688	0	0	0	0	0	0	0	0	0	0	0	0	0	54	0	
2	3480	-0.0616478	0.000109053	5174.629	-0.001525902	6	6	-0.06138688	0	0	0	0	0	0	0	0	0	0	0	0	0	54	0	
2	3481	-0.06103439	0.000109212	5175.629	-0.001525902	6	6	-0.06088688	0	0	0	0	0	0	0	0	0	0	0	0	0	54	0	
2	3482	-0.06072768	0.000109359	5176.629	-0.001525902	6	6	-0.06038688	0	0	0	0	0	0	0	0	0	0	0	0	0	54	0	
2	3483	-0.06011427	0.000109506	5177.629	-0.001525902	6	6	-0.05988688	0	0	0	0	0	0	0	0	0	0	0	0	0	54	0	
2	3484	-0.05950085	0.000109666	5178.629	-0.001525902	6	6	-0.05938688	0	0	0	0	0	0	0	0	0	0	0	0	0	54	0	
2	3485	-0.05919415	0.000109832	5179.629	-0.001525902	6	6	-0.05888688	0	0	0	0	0	0	0	0	0	0	0	0	0	54	0	
2	3486	-0.05858074	0.000110009	5180.629	-0.001525902	6	6	-0.05838688	0	0	0	0	0	0	0	0	0	0	0	0	0	54	0	
2	3487	-0.05827403	0.000110169	5181.629	-0.001525902	6	6	-0.05788688	0	0	0	0	0	0	0	0	0	0	0	0	0	54	0	
2	3488	-0.05766062	0.000110316	5182.629	-0.001525902	6	6	-0.05738688	0	0	0	0	0	0	0	0	0	0	0	0	0	54	0	
2	3489	-0.0570472	0.000110463	5183.629	-0.001525902	6	6	-0.05688689	0	0	0	0	0	0	0	0	0	0	0	0	0	54	0	
2	3490	-0.0567405	0.000110604	5184.629	-0.001525902	6	6	-0.05638688	0	0	0	0	0	0	0	0	0	0	0	0	0	54	0	
2	3491	-0.05612709	0.000110739	5185.629	-0.001525902	6	6	-0.05588688	0	0	0	0	0	0	0	0	0	0	0	0	0	54	0	
2	3492	-0.05582038	0.000110874	5186.629	-0.001525902	6	6	-0.05538688	0	0	0	0	0	0	0	0	0	0	0	0	0	54	0	
2	3493	-0.05520697	0.000111009	5187.629	-0.001525902	6	6	-0.05488688	0	0	0	0	0	0	0	0	0	0	0	0	0	54	0	
2	3494	-0.05459356	0.000111138	5188.629	-0.001525902	6	6	-0.05438688	0	0	0	0	0	0	0	0	0	0	0	0	0	54	0	
2	3495	-0.05398014	0.000111292	5189.629	-0.001525902	6	6	-0.05388688	0	0	0	0	0	0	0	0	0	0	0	0	0	54	0	
2	3496	-0.05367344	0.000111463	5190.629	-0.001525902	6	6	-0.05338688	0	0	0	0	0	0	0	0	0	0	0	0	0	54	0	
2	3497	-0.05306002	0.000111635	5191.629	-0.001525902	6	6	-0.05288688	0	0	0	0	0	0	0	0	0	0	0	0	0	54	0	
2	3498	-0.05244661	0.000111807	5192.629	-0.001525902	6	6	-0.05238688	0	0	0	0	0	0	0	0	0	0	0	0	0	54	0	
2	3499	-0.0521399	0.000111979	5193.629	-0.001525902	6	6	-0.05188688	0	0	0	0	0	0	0	0	0	0	0	0	0	54	0	
2	3500	-0.05152649	0.00011215	5194.629	-0.001525902	6	6	-0.05138688	0	0	0	0	0	0	0	0	0	0	0	0	0	54	0	
2	3501	-0.05121978	0.000112316	5195.629	-0.001525902	6	6	-0.05088688	0	0	0	0	0	0	0	0	0	0	0	0	0	54	0	
2	3502	-0.05060637	0.000112488	5196.629	-0.001525902	6	6	-0.05038688	0	0	0	0	0	0	0	0	0	0	0	0	0	54	0	
2	3503	-0.04999296	0.000112666	5197.629	-0.001525902	6	6	-0.04988688	0	0	0	0	0	0	0	0	0	0	0	0	0	54	0	
2	3504	-0.04968625	0.000112837	5198.629	-0.001525902	6	6	-0.04938689	0	0	0	0	0	0	0	0	0	0	0	0	0	54	0	
2	3505	-0.04907284	0.000113009	5199.629	-0.001525902	6	6	-0.04888688	0	0	0	0	0	0	0	0	0	0	0	0	0	54	0	
2	3506	-0.04876613	0.000113181	5200.629	-0.001525902	6	6	-0.04838688	0	0	0	0	0	0	0	0	0	0	0	0	0	54	0	
2	3507	-0.04815272	0.00011334	5201.629	-0.001525902	6	6	-0.04788688	0	0	0	0	0	0	0	0	0	0	0	0	0	54	0	
2	3508	-0.04753931	0.000113524	5202.629	-0.001525902	6	6	-0.04738688	0	0	0	0	0	0	0	0	0	0	0	0	0	54	0	
2	3509	-0.0472326	0.000113702	5203.629	-0.001525902	6	6	-0.04688688	0	0	0	0	0	0	0	0	0	0	0	0	0	54	0	
2	3510	-0.04661919	0.000113874	5204.629	-0.001525902	6	6	-0.04638688	0	0	0	0	0	0	0	0	0	0	0	0	0	54	0	
2	3511	-0.04631248	0.000114046	5205.629	-0.001525902	6	6	-0.04588688	0	0	0	0	0	0	0	0	0	0	0	0	0	54	0	
2	3512	-0.04569907	0.00011423	5206.629	-0.001525902	6	6	-0.04538688	0	0	0	0	0	0	0	0	0	0	0	0	0	54	0	
2	3513	-0.04508566	0.000114395	5207.629	-0.001525902	6	6	-0.04488688	0	0	0	0	0	0	0	0	0	0	0	0	0	54	0	
2	3514	-0.04477895	0.000114567	5208.629	-0.001525902	6	6	-0.04438688	0	0	0	0	0	0	0	0	0	0	0	0	0	54	0	
2	3515	-0.04416554	0.000114745	5209.629	-0.001525902	6	6	-0.04388688	0	0	0	0	0	0	0	0	0	0	0	0	0	54	0	
2	3516	-0.04355213	0.000114905	5210.629	-0.001525902	6	6	-0.04338688	0	0	0	0	0	0	0	0	0	0	0	0	0	54	0	
2	3517	-0.04324542	0.000115082	5211.629	-0.001525902	6	6	-0.04288688	0	0	0	0	0	0	0	0	0	0	0	0	0	54	0	
2	3518	-0.04263201	0.000115254	5212.629	-0.001525902	6	6	-0.04238688	0	0	0	0	0	0	0	0	0	0	0	0	0	54	0	
2	3519	-0.0423253	0.00011542	5213.629	-0.001525902	6	6	-0.04188688	0	0	0	0	0	0	0	0	0	0	0	0	0	54	0	
2	3520	-0.04171189	0.000115604	5214.629	-0.001525902	6	6	-0.04138688	0	0	0	0	0	0	0	0	0	0	0	0	0	54	0	
2	3521	-0.04109848	0.000115776	5215.629	-0.001525902	6	6	-0.04088688	0	0	0	0	0	0	0	0	0	0	0	0	0	54	0	
2	3522	-0.04079177	0.00011596	5216.629	-0.001525902	6	6	-0.04038688	0	0	0	0	0	0	0	0	0	0	0	0	0	54	0	
2	3523	-0.04017835	0.000116144	5217.629	-0.001525902	6	6	-0.03988688	0	0	0	0	0	0	0	0	0	0	0	0	0	54	0	
2	3524	-0.03956494	0.000116315	5218.629	-0.001525902	6	6	-0.03938688	0	0	0	0	0	0	0	0	0	0	0	0	0	54	0	
2	3525	-0.03925824	0.000116493	5219.629	-0.001525902	6	6	-0.03888688	0	0	0	0	0	0	0	0	0	0	0	0	0	54	0	
2	3526	-0.03864482	0.000116659	5220.629	-0.001525902	6	6	-0.03838688	0	0	0	0	0	0	0	0	0	0	0	0	0	54	0	
2	3527	-0.03803141	0.000116824	5221.629	-0.001525902	6	6	-0.03788688	0	0	0	0	0	0	0	0	0	0	0	0	0	54	0	
2	3528	-0.0377247	0.00011699	5222.629	-0.001525902	6	6	-0.03738688	0	0	0	0	0	0	0	0	0	0	0	0	0	54	0	
2	3529	-0.03711129	0.000117156	5223.629	-0.001525902	6	6	-0.03688688	0	0	0	0	0	0	0	0	0	0	0	0	0	54	0	
2	3530	-0.03649788	0.00011734	5224.629	-0.001525902	6	6	-0.03638688	0	0	0	0	0	0	0	0	0	0	0	0	0	54	0	
2	3531	-0.03619117	0.000117518	5225.629	-0.001525902	6	6	-0.03588688	0	0	0	0	0	0	0	0	0	0	0	0	0	54	0	
2	3532	-0.03557776	0.000117714	5226.629	-0.001525902	6	6	-0.03538688	0	0	0	0	0	0	0	0	0	0	0	0	0	54	0	
2	3533	-0.03527106	0.000117904	5227.629	-0.001525902	6	6	-0.03488688	0	0	0	0	0	0	0	0	0	0	0	0	0	54	0	
2	3534	-0.03465764	0.0001181	5228.629	-0.001525902	6	6	-0.03438688	0	0	0	0	0	0	0	0	0	0	0	0	0	54	0	
2	3535	-0.03404423	0.000118309	5229.629	-0.001525902	6	6	-0.03388688	0	0	0	0	0	0	0	0	0	0	0	0	0	54	0	
2	3536	-0.03373752	0.000118493	5230.629	-0.001525902	6	6	-0.03338688	0	0	0	0	0	0	0	0	0	0	0	0	0	54	0	
2	3537	-0.03312411	0.000118671	5231.629	-0.001525902	6	6	-0.03288688	0	0	0	0	0	0	0	0	0	0	0	0	0	54	0	
2	3538	-0.0325107	0.000118855	5232.629	-0.001525902	6	6	-0.03238688	0	0	0	0	0	0	0	0	0	0	0	0	0	54	0	
2	3539	-0.03220399	0.000119021	5233.629	-0.001525902	6	6	-0.03188688	0	0	0	0	0	0	0	0	0	0	0	0	0	54	0	
2	3540	-0.03159058	0.000119205	5234.629	-0.001525902	6	6	-0.03138688	0	0	0	0	0	0	0	0	0	0	0	0	0	54	0	
2	3541	-0.03128387	0.000119395	5235.629	-0.001525902	6	6	-0.03088688	0	0	0	0	0	0	0	0	0	0	0	0	0	54	0	
2	3542	-0.03067046	0.000119579	5236.629	-0.001525902	6	6	-0.03038688	0	0	0	0	0	0	0	0	0	0	0	0	0	54	0	
2	3543	-0.03005705	0.000119769	5237.629	-0.001525902	6	6	-0.02988688	0	0	0	0	0	0	0	0	0	0	0	0	0	54	0	
2	3544	-0.02944363	0.000119941	5238.629	-0.001525902	6	6	-0.02938688	0	0	0	0	0	0	0	0	0	0	0	0	0	54	0	
2	3545	-0.02913693	0.000120112	5239.629	-0.001525902	6	6	-0.02888688	0	0	0	0	0	0	0	0	0	0	0	0	0	54	0	
2	3546	-0.02852352	0.000120303	5240.629	-0.001525902	6	6	-0.02838688	0	0	0	0	0	0	0	0	0	0	0	0	0	54	0	
2	3547	-0.02821681	0.000120487	5241.629	-0.001525902	6	6	-0.02788688	0	0	0	0	0	0	0	0	0	0	0	0	0	54	0	
2	3548	-0.0276034	0.000120664	5242.629	-0.001525902	6	6	-0.02738688	0	0	0	0	0	0	0	0	0	0	0	0	0	54	0	
2	3549	-0.02698998	0.000120861	5243.629	-0.001525902	6	6	-0.02688688	0	0	0	0	0	0	0	0	0	0	0	0	0	54	0	
2	3550	-0.02668328	0.000121045	5244.629	-0.001525902	6	6	-0.02638688	0	0	0	0	0	0	0	0	0	0	0	0	0	54	0	
2	3551	-0.02606986	0.00012121	5245.629	-0.001525902	6	6	-0.02588688	0	0	0	0	0	0	0	0	0	0	0	0	0	54	0	
2	3552	-0.02576316	0.000121345	5246.629	-0.001525902	6	6	-0.02538688	0	0	0	0	0	0	0	0	0	0	0	0	0	54	0	
2	3553	-0.02514975	0.000121511	5247.629	-0.001525902	6	6	-0.02488688	0	0	0	0	0	0	0	0	0	0	0	0	0	54	0	
2	3554	-0.02453633	0.000121695	5248.629	-0.001525902	6	6	-0.02438688	0	0	0	0	0	0	0	0	0	0	0	0	0	54	0	
2	3555	-0.02422963	0.000121854	5249.629	-0.001525902	6	6	-0.02388688	0	0	0	0	0	0	0	0	0	0	0	0	0	54	0	
2	3556	-0.02361621	0.000122039	5250.629	-0.001525902	6	6	-0.02338688	0	0	0	0	0	0	0	0	0	0	0	0	0	54	0	
2	3557	-0.0230028	0.000122223	5251.629	-0.001525902	6	6	-0.02288688	0	0	0	0	0	0	0	0	0	0	0	0	0	54	0	
2	3558	-0.02269609	0.000122407	5252.629	-0.001525902	6	6	-0.02238688	0	0	0	0	0	0	0	0	0	0	0	0	0	54	0	
2	3559	-0.02208268	0.000122535	5253.629	-0.001525902	6	6	-0.02188688	0	0	0	0	0	0	0	0	0	0	0	0	0	54	0	
2	3560	-0.02177598	0.000122683	5254.629	-0.001525902	6	6	-0.02138688	0	0	0	0	0	0	0	0	0	0	0	0	0	54	0	
2	3561	-0.02116256	0.000122879	5255.629	-0.001525902	6	6	-0.02088688	0	0	0	0	0	0	0	0	0	0	0	0	0	54	0	
2	3562	-0.02054915	0.000123063	5256.629	-0.001525902	6	6	-0.02038688	0	0	0	0	0	0	0	0	0	0	0	0	0	54	0	
2	3563	-0.02024244	0.000123222	5257.629	-0.001525902	6	6	-0.01988688	0	0	0	0	0	0	0	0	0	0	0	0	0	54	0	
2	3564	-0.01962903	0.0001234	5258.629	-0.001525902	6	6	-0.01938688	0	0	0	0	0	0	0	0	0	0	0	0	0	54	0	
2	3565	-0.01932232	0.000123554	5259.629	-0.001525902	6	6	-0.01888688	0	0	0	0	0	0	0	0	0	0	0	0	0	54	0	
2	3566	-0.01870891	0.000123701	5260.629	-0.001525902	6	6	-0.01838688	0	0	0	0	0	0	0	0	0	0	0	0	0	54	0	
2	3567	-0.0180955	0.000123842	5261.629	-0.001525902	6	6	-0.01788688	0	0	0	0	0	0	0	0	0	0	0	0	0	54	0	
2	3568	-0.01778879	0.000124001	5262.629	-0.001525902	6	6	-0.01738688	0	0	0	0	0	0	0	0	0	0	0	0	0	54	0	
2	3569	-0.01717538	0.000124161	5263.629	-0.001525902	6	6	-0.01688688	0	0	0	0	0	0	0	0	0	0	0	0	0	54	0	
2	3570	-0.01656197	0.000124327	5264.629	-0.001525902	6	6	-0.01638688	0	0	0	0	0	0	0	0	0	0	0	0	0	54	0	
2	3571	-0.01625526	0.00012448	5265.629	-0.001525902	6	6	-0.01588688	0	0	0	0	0	0	0	0	0	0	0	0	0	54	0	
2	3572	-0.01564185	0.000124609	5266.629	-0.001525902	6	6	-0.01538688	0	0	0	0	0	0	0	0	0	0	0	0	0	54	0	
2	3573	-0.01502844	0.000124774	5267.629	-0.001525902	6	6	-0.01488688	0	0	0	0	0	0	0	0	0	0	0	0	0	54	0	
2	3574	-0.01472173	0.000124934	5268.629	-0.001525902	6	6	-0.01438688	0	0	0	0	0	0	0	0	0	0	0	0	0	54	0	
2	3575	-0.01410832	0.000125118	5269.629	-0.001525902	6	6	-0.01388688	0	0	0	0	0	0	0	0	0	0	0	0	0	54	0	
2	3576	-0.01380161	0.000125296	5270.629	-0.001525902	6	6	-0.01338688	0	0	0	0	0	0	0	0	0	0	0	0	0	54	0	
2	3577	-0.0131882	0.000125461	5271.629	-0.001525902	6	6	-0.01288688	0	0	0	0	0	0	0	0	0	0	0	0	0	54	0	
2	3578	-0.01288149	0.000125596	5272.629	-0.001525902	6	6	-0.01238688	0	0	0	0	0	0	0	0	0	0	0	0	0	54	0	
2	3579	-0.01226808	0.000125768	5273.629	-0.001525902	6	6	-0.01188688	0	0	0	0	0	0	0	0	0	0	0	0	0	54	0	
2	3580	-0.01165467	0.000125934	5274.629	-0.001525902	6	6	-0.01138688	0	0	0	0	0	0	0	0	0	0	0	0	0	54	0	
2	3581	-0.01104125	0.000126087	5275.629	-0.001525902	6	6	-0.01088688	0	0	0	0	0	0	0	0	0	0	0	0	0	54	0	
2	3582	-0.01073455	0.000126271	5276.629	-0.001525902	6	6	-0.01038688	0	0	0	0	0	0	0	0	0	0	0	0	0	54	0	
2	3583	-0.01012114	0.000126437	5277.629	-0.001525902	6	6	-0.009886881	0	0	0	0	0	0	0	0	0	0	0	0	0	54	0	
2	3584	-0.009814428	0.000126584	5278.629	-0.001525902	6	6	-0.009386881	0	0	0	0	0	0	0	0	0	0	0	0	0	54	0	
2	3585	-0.009201015	0.000126743	5279.629	-0.001525902	6	6	-0.008886881	0	0	0	0	0	0	0	0	0	0	0	0	0	54	0	
2	3586	-0.008587603	0.00012694	5280.629	-0.001525902	6	6	-0.008386881	0	0	0	0	0	0	0	0	0	0	0	0	0	54	0	
2	3587	-0.008280897	0.000127124	5281.629	-0.001525902	6	6	-0.007886881	0	0	0	0	0	0	0	0	0	0	0	0	0	54	0	
2	3588	-0.007667484	0.000127314	5282.629	-0.001525902	6	6	-0.007386881	0	0	0	0	0	0	0	0	0	0	0	0	0	54	0	
2	3589	-0.007054071	0.000127486	5283.629	-0.001525902	6	6	-0.006886881	0	0	0	0	0	0	0	0	0	0	0	0	0	54	0	
2	3590	-0.006747365	0.000127651	5284.629	-0.001525902	6	6	-0.006386881	0	0	0	0	0	0	0	0	0	0	0	0	0	54	0	
2	3591	-0.006133952	0.000127817	5285.629	-0.001525902	6	6	-0.005886881	0	0	0	0	0	0	0	0	0	0	0	0	0	54	0	
2	3592	-0.005827246	0.000127982	5286.629	-0.001525902	6	6	-0.005386881	0	0	0	0	0	0	0	0	0	0	0	0	0	54	0	
2	3593	-0.005213833	0.000128148	5287.629	-0.001525902	6	6	-0.004886881	0	0	0	0	0	0	0	0	0	0	0	0	0	54	0	
2	3594	-0.004600421	0.00012832	5288.629	-0.001525902	6	6	-0.004386881	0	0	0	0	0	0	0	0	0	0	0	0	0	54	0	
2	3595	-0.004293714	0.000128473	5289.629	-0.001525902	6	6	-0.003886881	0	0	0	0	0	0	0	0	0	0	0	0	0	54	0	
2	3596	-0.003680301	0.000128633	5290.629	-0.001525902	6	6	-0.003386881	0	0	0	0	0	0	0	0	0	0	0	0	0	54	0	
2	3597	-0.003066889	0.00012878	5291.629	-0.001525902	6	6	-0.002886881	0	0	0	0	0	0	0	0	0	0	0	0	0	54	0	
2	3598	-0.002760182	0.000128952	5292.629	-0.001525902	6	6	-0.002386881	0	0	0	0	0	0	0	0	0	0	0	0	0	54	0	
2	3599	-0.00214677	0.000129111	5293.629	-0.001525902	6	6	-0.001886881	0	0	0	0	0	0	0	0	0	0	0	0	0	54	0	
2	3600	-0.001840063	0.000129283	5294.629	-0.001525902	6	6	-0.001386881	0	0	0	0	0	0	0	0	0	0	0	0	0	54	0	
2	3601	-0.001226651	0.000129455	5295.629	-0.001525902	6	6	-0.000886881	0	0	0	0	0	0	0	0	0	0	0	0	0	54	0	
2	3602	-0.000613238	0.000129639	5296.629	-0.001525902	6	6	-0.000386881	0	0	0	0	0	0	0	0	0	0	0	0	0	54	0	
2	3603	1.75E-07	0.000129829	5297.629	-0.001525902	6	6	0.000113119	0	0	0	0	0	0	0	0	0	0	0	0	0	54	0	
2	3604	0.000306881	0.000130007	5298.629	-0.001525902	6	6	0.000613119	0	0	0	0	0	0	0	0	0	0	0	0	0	54	0	
2	3605	0.000920294	0.000130179	5299.629	-0.001525902	6	6	0.001113119	0	0	0	0	0	0	0	0	0	0	0	0	0	54	0	
2	3606	0.001227	0.000130356	5300.629	-0.001525902	6	6	0.001613119	0	0	0	0	0	0	0	0	0	0	0	0	0	54	0	
2	3607	0.001533706	0.000130522	5301.629	-0.001525902	6	6	0.002113119	0	0	0	0	0	0	0	0	0	0	0	0	0	54	0	
2	3608	0.002147119	0.000130675	5302.629	-0.001525902	6	6	0.002613119	0	0	0	0	0	0	0	0	0	0	0	0	0	54	0	
2	3609	0.002760532	0.000130835	5303.629	-0.001525902	6	6	0.003113119	0	0	0	0	0	0	0	0	0	0	0	0	0	54	0	
2	3610	0.003067238	0.000130988	5304.629	-0.001525902	6	6	0.003613119	0	0	0	0	0	0	0	0	0	0	0	0	0	54	0	
2	3611	0.003680651	0.000131154	5305.629	-0.001525902	6	6	0.004113119	0	0	0	0	0	0	0	0	0	0	0	0	0	54	0	
2	3612	0.003987357	0.000131332	5306.629	-0.001525902	6	6	0.004613119	0	0	0	0	0	0	0	0	0	0	0	0	0	54	0	
2	3613	0.00460077	0.000131522	5307.629	-0.001525902	6	6	0.005113119	0	0	0	0	0	0	0	0	0	0	0	0	0	54	0	
2	3614	0.004907476	0.000131669	5308.629	-0.001525902	6	6	0.005613119	0	0	0	0	0	0	0	0	0	0	0	0	0	54	0	
2	3615	0.005520889	0.000131835	5309.629	-0.001525902	6	6	0.006113119	0	0	0	0	0	0	0	0	0	0	0	0	0	54	0	
2	3616	0.006134301	0.000131994	5310.629	-0.001525902	6	6	0.00661312	0	0	0	0	0	0	0	0	0	0	0	0	0	54	0	
2	3617	0.006747714	0.000132141	5311.629	-0.001525902	6	6	0.00711312	0	0	0	0	0	0	0	0	0	0	0	0	0	54	0	
2	3618	0.007054421	0.000132295	5312.629	-0.001525902	6	6	0.00761312	0	0	0	0	0	0	0	0	0	0	0	0	0	54	0	
2	3619	0.007667833	0.000132454	5313.629	-0.001525902	6	6	0.00811312	0	0	0	0	0	0	0	0	0	0	0	0	0	54	0	
2	3620	0.00797454	0.00013262	5314.629	-0.001525902	6	6	0.00861312	0	0	0	0	0	0	0	0	0	0	0	0	0	54	0	
2	3621	0.008587952	0.000132786	5315.629	-0.001525902	6	6	0.00911312	0	0	0	0	0	0	0	0	0	0	0	0	0	54	0	
2	3622	0.009201365	0.000132963	5316.629	-0.001525902	6	6	0.00961312	0	0	0	0	0	0	0	0	0	0	0	0	0	54	0	
2	3623	0.009508071	0.000133141	5317.629	-0.001525902	6	6	0.01011312	0	0	0	0	0	0	0	0	0	0	0	0	0	54	0	
2	3624	0.01012148	0.000133301	5318.629	-0.001525902	6	6	0.01061312	0	0	0	0	0	0	0	0	0	0	0	0	0	54	0	
2	3625	0.01042819	0.000133473	5319.629	-0.001525902	6	6	0.01111312	0	0	0	0	0	0	0	0	0	0	0	0	0	54	0	
2	3626	0.0110416	0.000133644	5320.629	-0.001525902	6	6	0.01161312	0	0	0	0	0	0	0	0	0	0	0	0	0	54	0	
2	3627	0.01165502	0.000133791	5321.629	-0.001525902	6	6	0.01211312	0	0	0	0	0	0	0	0	0	0	0	0	0	54	0	
2	3628	0.01226843	0.000133945	5322.629	-0.001525902	6	6	0.01261312	0	0	0	0	0	0	0	0	0	0	0	0	0	54	0	
2	3629	0.01257513	0.00013411	5323.629	-0.001525902	6	6	0.01311312	0	0	0	0	0	0	0	0	0	0	0	0	0	54	0	
2	3630	0.01318855	0.000134288	5324.629	-0.001525902	6	6	0.01361312	0	0	0	0	0	0	0	0	0	0	0	0	0	54	0	
2	3631	0.01349525	0.000134466	5325.629	-0.001525902	6	6	0.01411312	0	0	0	0	0	0	0	0	0	0	0	0	0	54	0	
2	3632	0.01410867	0.00013465	5326.629	-0.001525902	6	6	0.01461312	0	0	0	0	0	0	0	0	0	0	0	0	0	54	0	
2	3633	0.01441537	0.000134834	5327.629	-0.001525902	6	6	0.01511312	0	0	0	0	0	0	0	0	0	0	0	0	0	54	0	
2	3634	0.01502878	0.000135018	5328.629	-0.001525902	6	6	0.01561312	0	0	0	0	0	0	0	0	0	0	0	0	0	54	0	
2	3635	0.0156422	0.000135196	5329.629	-0.001525902	6	6	0.01611312	0	0	0	0	0	0	0	0	0	0	0	0	0	54	0	
2	3636	0.0159489	0.000135362	5330.629	-0.001525902	6	6	0.01661312	0	0	0	0	0	0	0	0	0	0	0	0	0	54	0	
2	3637	0.01656232	0.000135534	5331.629	-0.001525902	6	6	0.01711312	0	0	0	0	0	0	0	0	0	0	0	0	0	54	0	
2	3638	0.01717573	0.000135705	5332.629	-0.001525902	6	6	0.01761312	0	0	0	0	0	0	0	0	0	0	0	0	0	54	0	
2	3639	0.01748244	0.000135883	5333.629	-0.001525902	6	6	0.01811312	0	0	0	0	0	0	0	0	0	0	0	0	0	54	0	
2	3640	0.01809585	0.00013608	5334.629	-0.001525902	6	6	0.01861312	0	0	0	0	0	0	0	0	0	0	0	0	0	54	0	
2	3641	0.01870926	0.000136264	5335.629	-0.001525902	6	6	0.01911312	0	0	0	0	0	0	0	0	0	0	0	0	0	54	0	
2	3642	0.01901597	0.000136466	5336.629	-0.001525902	6	6	0.01961312	0	0	0	0	0	0	0	0	0	0	0	0	0	54	0	
2	3643	0.01962938	0.000136644	5337.629	-0.001525902	6	6	0.02011312	0	0	0	0	0	0	0	0	0	0	0	0	0	54	0	
2	3644	0.01993609	0.000136816	5338.629	-0.001525902	6	6	0.02061312	0	0	0	0	0	0	0	0	0	0	0	0	0	54	0	
2	3645	0.0205495	0.000136994	5339.629	-0.001525902	6	6	0.02111312	0	0	0	0	0	0	0	0	0	0	0	0	0	54	0	
2	3646	0.02116291	0.000137171	5340.629	-0.001525902	6	6	0.02161312	0	0	0	0	0	0	0	0	0	0	0	0	0	54	0	
2	3647	0.02146962	0.000137349	5341.629	-0.001525902	6	6	0.02211312	0	0	0	0	0	0	0	0	0	0	0	0	0	54	0	
2	3648	0.02208303	0.00013749	5342.629	-0.001525902	6	6	0.02261312	0	0	0	0	0	0	0	0	0	0	0	0	0	54	0	
2	3649	0.02269644	0.000137607	5343.629	-0.001525902	6	6	0.02311312	0	0	0	0	0	0	0	0	0	0	0	0	0	54	0	
2	3650	0.02300315	0.000137742	5344.629	-0.001525902	6	6	0.02361312	0	0	0	0	0	0	0	0	0	0	0	0	0	54	0	
2	3651	0.02361656	0.000137907	5345.629	-0.001525902	6	6	0.02411312	0	0	0	0	0	0	0	0	0	0	0	0	0	54	0	
2	3652	0.02392327	0.000138042	5346.629	-0.001525902	6	6	0.02461312	0	0	0	0	0	0	0	0	0	0	0	0	0	54	0	
2	3653	0.02453668	0.000138214	5347.629	-0.001525902	6	6	0.02511312	0	0	0	0	0	0	0	0	0	0	0	0	0	54	0	
2	3654	0.02515009	0.00013838	5348.629	-0.001525902	6	6	0.02561312	0	0	0	0	0	0	0	0	0	0	0	0	0	54	0	
2	3655	0.0254568	0.000138552	5349.629	-0.001525902	6	6	0.02611312	0	0	0	0	0	0	0	0	0	0	0	0	0	54	0	
2	3656	0.02607021	0.000138723	5350.629	-0.001525902	6	6	0.02661312	0	0	0	0	0	0	0	0	0	0	0	0	0	54	0	
2	3657	0.02668363	0.000138895	5351.629	-0.001525902	6	6	0.02711312	0	0	0	0	0	0	0	0	0	0	0	0	0	54	0	
2	3658	0.02699033	0.000139061	5352.629	-0.001525902	6	6	0.02761312	0	0	0	0	0	0	0	0	0	0	0	0	0	54	0	
2	3659	0.02760375	0.000139232	5353.629	-0.001525902	6	6	0.02811312	0	0	0	0	0	0	0	0	0	0	0	0	0	54	0	
2	3660	0.02791045	0.000139404	5354.629	-0.001525902	6	6	0.02861312	0	0	0	0	0	0	0	0	0	0	0	0	0	54	0	
2	3661	0.02852386	0.000139558	5355.629	-0.001525902	6	6	0.02911312	0	0	0	0	0	0	0	0	0	0	0	0	0	54	0	
2	3662	0.02913728	0.000139729	5356.629	-0.001525902	6	6	0.02961312	0	0	0	0	0	0	0	0	0	0	0	0	0	54	0	
2	3663	0.02944398	0.000139913	5357.629	-0.001525902	6	6	0.03011312	0	0	0	0	0	0	0	0	0	0	0	0	0	54	0	
2	3664	0.0300574	0.000140097	5358.629	-0.001525902	6	6	0.03061312	0	0	0	0	0	0	0	0	0	0	0	0	0	54	0	
2	3665	0.03067081	0.000140281	5359.629	-0.001525902	6	6	0.03111312	0	0	0	0	0	0	0	0	0	0	0	0	0	54	0	
2	3666	0.03097752	0.000140453	5360.629	-0.001525902	6	6	0.03161312	0	0	0	0	0	0	0	0	0	0	0	0	0	54	0	
2	3667	0.03159093	0.000140619	5361.629	-0.001525902	6	6	0.03211312	0	0	0	0	0	0	0	0	0	0	0	0	0	54	0	
2	3668	0.03189763	0.000140791	5362.629	-0.001525902	6	6	0.03261312	0	0	0	0	0	0	0	0	0	0	0	0	0	54	0	
2	3669	0.03251105	0.000140968	5363.629	-0.001525902	6	6	0.03311312	0	0	0	0	0	0	0	0	0	0	0	0	0	54	0	
2	3670	0.03312446	0.000141146	5364.629	-0.001525902	6	6	0.03361312	0	0	0	0	0	0	0	0	0	0	0	0	0	54	0	
2	3671	0.03343116	0.000141318	5365.629	-0.001525902	6	6	0.03411312	0	0	0	0	0	0	0	0	0	0	0	0	0	54	0	
</Segment1>																								
																								
<Graph1>																								
Analysis=0																								
Type=Unknown																								
ExternalDataAxis=1																								
ExternalDataName=																								
Y2AxisSmoothing=None																								
YAxisSmoothing=None																								
XAxisSmoothing=None																								
Y2AxisReferenceElectrode=SCE Saturated Calomel (sat'd KCI)																								
YAxisReferenceElectrode=SCE Saturated Calomel (sat'd KCI)																								
XAxisReferenceElectrode=SCE Saturated Calomel (sat'd KCI)																								
Y2AxisMath=																								
YAxisMath=																								
XAxisMath=																								
LockAspectRatio=False																								
Grid=True																								
Legend=False																								
GraphTitle=																								
Y2DataColor=-16744448																								
GridColor=-10039894																								
BackgroundColor=-1																								
SelectionColor=-65536																								
AnalysisColor=-4565549																								
DataSymbolSize=2																								
DataSymbolColor=-12490271																								
DataSymbolType=Circle																								
DataSymbol=False																								
DataLineColor=-12490271																								
DataLine=True																								
Y2AxisManualScaleMax=																								
Y2AxisManualScaleMin=																								
Y2AxisManualAdjustment=False																								
Y2AxisNormalizeToMass=False																								
Y2AxisNormalizeWithArea=False																								
Y2AxisNegateValues=False																								
Y2AxisScientificLabels=False																								
Y2AxisReverse=False																								
Y2AxisLog=False																								
Y2AxisName=Potential (V)																								
Y2AxisType=Potential (V)																								
Y2Axis=False																								
YAxisManualScaleMax=																								
YAxisManualScaleMin=																								
YAxisManualAdjustment=False																								
YAxisNormalizeToMass=False																								
YAxisNormalizeWithArea=False																								
YAxisNegateValues=False																								
YAxisScientificLabels=False																								
YAxisReverse=False																								
YAxisLog=False																								
YAxisName=Potential (V)																								
YAxisType=Potential (V)																								
XAxisManualScaleMax=																								
XAxisManualScaleMin=																								
XAxisManualAdjustment=False																								
XAxisNormalizeToMass=False																								
XAxisNormalizeWithArea=False																								
XAxisNegateValues=False																								
XAxisScientificLabels=False																								
XAxisReverse=False																								
XAxisLog=False																								
XAxisName=Elapsed Time (s)																								
XAxisType=Elapsed Time (s)																								
Height=359																								
Width=1310																								
LocY=25																								
LocX=-1310																								
</Graph1>																								
																								
<Graph2>																								
Analysis=0																								
Type=Unknown																								
ExternalDataAxis=1																								
ExternalDataName=																								
Y2AxisSmoothing=None																								
YAxisSmoothing=None																								
XAxisSmoothing=None																								
Y2AxisReferenceElectrode=SCE Saturated Calomel (sat'd KCI)																								
YAxisReferenceElectrode=SCE Saturated Calomel (sat'd KCI)																								
XAxisReferenceElectrode=SCE Saturated Calomel (sat'd KCI)																								
Y2AxisMath=																								
YAxisMath=																								
XAxisMath=																								
LockAspectRatio=False																								
Grid=True																								
Legend=False																								
GraphTitle=																								
Y2DataColor=-16744448																								
GridColor=-10039894																								
BackgroundColor=-1																								
SelectionColor=-65536																								
AnalysisColor=-4565549																								
DataSymbolSize=1																								
DataSymbolColor=-12490271																								
DataSymbolType=Circle																								
DataSymbol=False																								
DataLineColor=-12490271																								
DataLine=True																								
Y2AxisManualScaleMax=																								
Y2AxisManualScaleMin=																								
Y2AxisManualAdjustment=False																								
Y2AxisNormalizeToMass=False																								
Y2AxisNormalizeWithArea=False																								
Y2AxisNegateValues=False																								
Y2AxisScientificLabels=False																								
Y2AxisReverse=False																								
Y2AxisLog=False																								
Y2AxisName=Potential (V)																								
Y2AxisType=Potential (V)																								
Y2Axis=False																								
YAxisManualScaleMax=																								
YAxisManualScaleMin=																								
YAxisManualAdjustment=False																								
YAxisNormalizeToMass=False																								
YAxisNormalizeWithArea=False																								
YAxisNegateValues=False																								
YAxisScientificLabels=False																								
YAxisReverse=False																								
YAxisLog=False																								
YAxisName=Phase of Z (deg)																								
YAxisType=Phase of Z (deg)																								
XAxisManualScaleMax=																								
XAxisManualScaleMin=																								
XAxisManualAdjustment=False																								
XAxisNormalizeToMass=False																								
XAxisNormalizeWithArea=False																								
XAxisNegateValues=False																								
XAxisScientificLabels=False																								
XAxisReverse=False																								
XAxisLog=False																								
XAxisName=Frequency (Hz)																								
XAxisType=Frequency (Hz)																								
Height=359																								
Width=1310																								
LocY=25																								
LocX=-1310																								
</Graph2>																								
																								
<Graph3>																								
Analysis=0																								
Type=Unknown																								
ExternalDataAxis=1																								
ExternalDataName=																								
Y2AxisSmoothing=None																								
YAxisSmoothing=None																								
XAxisSmoothing=None																								
Y2AxisReferenceElectrode=SCE Saturated Calomel (sat'd KCI)																								
YAxisReferenceElectrode=SCE Saturated Calomel (sat'd KCI)																								
XAxisReferenceElectrode=SCE Saturated Calomel (sat'd KCI)																								
Y2AxisMath=																								
YAxisMath=																								
XAxisMath=																								
LockAspectRatio=False																								
Grid=True																								
Legend=False																								
GraphTitle=																								
Y2DataColor=-16744448																								
GridColor=-10039894																								
BackgroundColor=-1																								
SelectionColor=-65536																								
AnalysisColor=-4565549																								
DataSymbolSize=1																								
DataSymbolColor=-12490271																								
DataSymbolType=Circle																								
DataSymbol=False																								
DataLineColor=-12490271																								
DataLine=True																								
Y2AxisManualScaleMax=																								
Y2AxisManualScaleMin=																								
Y2AxisManualAdjustment=False																								
Y2AxisNormalizeToMass=False																								
Y2AxisNormalizeWithArea=False																								
Y2AxisNegateValues=False																								
Y2AxisScientificLabels=False																								
Y2AxisReverse=False																								
Y2AxisLog=False																								
Y2AxisName=Potential (V)																								
Y2AxisType=Potential (V)																								
Y2Axis=False																								
YAxisManualScaleMax=																								
YAxisManualScaleMin=																								
YAxisManualAdjustment=False																								
YAxisNormalizeToMass=False																								
YAxisNormalizeWithArea=False																								
YAxisNegateValues=False																								
YAxisScientificLabels=False																								
YAxisReverse=False																								
YAxisLog=False																								
YAxisName=|Z| (ohms)																								
YAxisType=|Z| (ohms)																								
XAxisManualScaleMax=																								
XAxisManualScaleMin=																								
XAxisManualAdjustment=False																								
XAxisNormalizeToMass=False																								
XAxisNormalizeWithArea=False																								
XAxisNegateValues=False																								
XAxisScientificLabels=False																								
XAxisReverse=False																								
XAxisLog=False																								
XAxisName=Frequency (Hz)																								
XAxisType=Frequency (Hz)																								
Height=359																								
Width=1310																								
LocY=25																								
LocX=-1310																								
</Graph3>																								
																								
<Graph4>																								
Analysis=0																								
Type=Unknown																								
ExternalDataAxis=1																								
ExternalDataName=																								
Y2AxisSmoothing=None																								
YAxisSmoothing=None																								
XAxisSmoothing=None																								
Y2AxisReferenceElectrode=SCE Saturated Calomel (sat'd KCI)																								
YAxisReferenceElectrode=SCE Saturated Calomel (sat'd KCI)																								
XAxisReferenceElectrode=SCE Saturated Calomel (sat'd KCI)																								
Y2AxisMath=																								
YAxisMath=																								
XAxisMath=																								
LockAspectRatio=True																								
Grid=True																								
Legend=False																								
GraphTitle=																								
Y2DataColor=-13447886																								
GridColor=-10039894																								
BackgroundColor=-1																								
SelectionColor=-65536																								
AnalysisColor=-32768																								
DataSymbolSize=2																								
DataSymbolColor=-16777216																								
DataSymbolType=Circle																								
DataSymbol=True																								
DataLineColor=-12490271																								
DataLine=True																								
Y2AxisManualScaleMax=																								
Y2AxisManualScaleMin=																								
Y2AxisManualAdjustment=False																								
Y2AxisNormalizeToMass=False																								
Y2AxisNormalizeWithArea=False																								
Y2AxisNegateValues=False																								
Y2AxisScientificLabels=False																								
Y2AxisReverse=False																								
Y2AxisLog=False																								
Y2AxisName=																								
Y2AxisType=Current (A)																								
Y2Axis=False																								
YAxisManualScaleMax=																								
YAxisManualScaleMin=																								
YAxisManualAdjustment=False																								
YAxisNormalizeToMass=False																								
YAxisNormalizeWithArea=False																								
YAxisNegateValues=True																								
YAxisScientificLabels=False																								
YAxisReverse=False																								
YAxisLog=False																								
YAxisName=Zim (ohms)																								
YAxisType=Zim (ohms)																								
XAxisManualScaleMax=																								
XAxisManualScaleMin=																								
XAxisManualAdjustment=False																								
XAxisNormalizeToMass=False																								
XAxisNormalizeWithArea=False																								
XAxisNegateValues=False																								
XAxisScientificLabels=False																								
XAxisReverse=False																								
XAxisLog=False																								
XAxisName=Zre (ohms)																								
XAxisType=Zre (ohms)																								
Height=359																								
Width=1310																								
LocY=25																								
LocX=-1310																								
</Graph4>																								
																								
<Graph5>																								
Analysis=0																								
Type=Unknown																								
ExternalDataAxis=1																								
ExternalDataName=																								
Y2AxisSmoothing=None																								
YAxisSmoothing=None																								
XAxisSmoothing=None																								
Y2AxisReferenceElectrode=SCE Saturated Calomel (sat'd KCI)																								
YAxisReferenceElectrode=SCE Saturated Calomel (sat'd KCI)																								
XAxisReferenceElectrode=SCE Saturated Calomel (sat'd KCI)																								
Y2AxisMath=																								
YAxisMath=																								
XAxisMath=																								
LockAspectRatio=False																								
Grid=True																								
Legend=False																								
GraphTitle=																								
Y2DataColor=-16744448																								
GridColor=-10039894																								
BackgroundColor=-1																								
SelectionColor=-65536																								
AnalysisColor=-4565549																								
DataSymbolSize=1																								
DataSymbolColor=-12490271																								
DataSymbolType=Circle																								
DataSymbol=False																								
DataLineColor=-12490271																								
DataLine=True																								
Y2AxisManualScaleMax=																								
Y2AxisManualScaleMin=																								
Y2AxisManualAdjustment=False																								
Y2AxisNormalizeToMass=False																								
Y2AxisNormalizeWithArea=False																								
Y2AxisNegateValues=False																								
Y2AxisScientificLabels=False																								
Y2AxisReverse=False																								
Y2AxisLog=False																								
Y2AxisName=Potential (V)																								
Y2AxisType=Potential (V)																								
Y2Axis=False																								
YAxisManualScaleMax=																								
YAxisManualScaleMin=																								
YAxisManualAdjustment=False																								
YAxisNormalizeToMass=False																								
YAxisNormalizeWithArea=False																								
YAxisNegateValues=False																								
YAxisScientificLabels=False																								
YAxisReverse=False																								
YAxisLog=False																								
YAxisName=Potential (V)																								
YAxisType=Potential (V)																								
XAxisManualScaleMax=																								
XAxisManualScaleMin=																								
XAxisManualAdjustment=False																								
XAxisNormalizeToMass=False																								
XAxisNormalizeWithArea=False																								
XAxisNegateValues=False																								
XAxisScientificLabels=False																								
XAxisReverse=False																								
XAxisLog=True																								
XAxisName=Current (A)																								
XAxisType=Current (A)																								
Height=359																								
Width=1310																								
LocY=25																								
LocX=1																								
</Graph5>																								
																								
<DockingLayout>																								
"<?xml version=""1.0"" encoding=""utf-16""?>"																								
<!--DockPanel configuration file. Author: Weifen Luo	 all rights reserved.-->																							
<!--!!! AUTOMATICALLY GENERATED FILE. DO NOT MODIFY !!!-->																								
"<DockPanel FormatVersion=""1.0"" DockLeftPortion=""0.25"" DockRightPortion=""0.18"" DockTopPortion=""0.25"" DockBottomPortion=""0.25"" ActiveDocumentPane=""2"" ActivePane=""2"">"																								
"  <Contents Count=""7"">"																								
"    <Content ID=""0"" PersistString=""PowerSTAT.DataView"" AutoHidePortion=""0.18"" IsHidden=""False"" IsFloat=""False"" />"																								
"    <Content ID=""1"" PersistString=""PowerSTAT.DataBrowser"" AutoHidePortion=""0.25"" IsHidden=""False"" IsFloat=""False"" />"																								
"    <Content ID=""2"" PersistString=""PowerSTAT.Graph"" AutoHidePortion=""0.25"" IsHidden=""False"" IsFloat=""False"" />"																								
"    <Content ID=""3"" PersistString=""PowerSTAT.Graph"" AutoHidePortion=""0.25"" IsHidden=""False"" IsFloat=""False"" />"																								
"    <Content ID=""4"" PersistString=""PowerSTAT.Graph"" AutoHidePortion=""0.25"" IsHidden=""False"" IsFloat=""False"" />"																								
"    <Content ID=""5"" PersistString=""PowerSTAT.Graph"" AutoHidePortion=""0.25"" IsHidden=""False"" IsFloat=""False"" />"																								
"    <Content ID=""6"" PersistString=""PowerSTAT.Graph"" AutoHidePortion=""0.25"" IsHidden=""False"" IsFloat=""False"" />"																								
  </Contents>																								
"  <Panes Count=""3"">"																								
"    <Pane ID=""0"" DockState=""DockRight"" ActiveContent=""0"">"																								
"      <Contents Count=""1"">"																								
"        <Content ID=""0"" RefID=""0"" />"																								
      </Contents>																								
    </Pane>																								
"    <Pane ID=""1"" DockState=""Document"" ActiveContent=""1"">"																								
"      <Contents Count=""1"">"																								
"        <Content ID=""0"" RefID=""1"" />"																								
      </Contents>																								
    </Pane>																								
"    <Pane ID=""2"" DockState=""Document"" ActiveContent=""6"">"																								
"      <Contents Count=""5"">"																								
"        <Content ID=""0"" RefID=""2"" />"																								
"        <Content ID=""1"" RefID=""3"" />"																								
"        <Content ID=""2"" RefID=""4"" />"																								
"        <Content ID=""3"" RefID=""5"" />"																								
"        <Content ID=""4"" RefID=""6"" />"																								
      </Contents>																								
    </Pane>																								
  </Panes>																								
  <DockWindows>																								
"    <DockWindow ID=""0"" DockState=""Document"" ZOrderIndex=""0"">"																								
"      <NestedPanes Count=""2"">"																								
"        <Pane ID=""0"" RefID=""1"" PrevPane=""-1"" Alignment=""Right"" Proportion=""0.5"" />"																								
"        <Pane ID=""1"" RefID=""2"" PrevPane=""1"" Alignment=""Top"" Proportion=""0.5"" />"																								
      </NestedPanes>																								
    </DockWindow>																								
"    <DockWindow ID=""1"" DockState=""DockLeft"" ZOrderIndex=""2"">"																								
"      <NestedPanes Count=""0"" />"																								
    </DockWindow>																								
"    <DockWindow ID=""2"" DockState=""DockRight"" ZOrderIndex=""1"">"																								
"      <NestedPanes Count=""1"">"																								
"        <Pane ID=""0"" RefID=""0"" PrevPane=""-1"" Alignment=""Bottom"" Proportion=""0.5"" />"																								
      </NestedPanes>																								
    </DockWindow>																								
"    <DockWindow ID=""3"" DockState=""DockTop"" ZOrderIndex=""3"">"																								
"      <NestedPanes Count=""0"" />"																								
    </DockWindow>																								
"    <DockWindow ID=""4"" DockState=""DockBottom"" ZOrderIndex=""4"">"																								
"      <NestedPanes Count=""0"" />"																								
    </DockWindow>																								
  </DockWindows>																								
"  <FloatWindows Count=""0"" />"																								
</DockPanel>																								
</DockingLayout>																								
