<Application>																								
Name=VersaStudio																								
Version=2.60.6.0																								
LoggedIn=Security Disabled																								
Language [VersaStudio]=English (United States) [en-US]																								
Language [Region and Language]=English (United States) [en-US]																								
Language [Windows Operating System]=Chinese (People's Republic of China) [zh-CN]																								
</Application>																								
																								
<Action0>																								
Limits2	Value=0																							
Limits2	Direction=<																							
Limits2	Limits=None																							
Limits1	Value=0																							
Limits1	Direction=<																							
Limits1	Limits=None																							
RotationRateConversionFactor=0.00025																								
Measured Open Circuit=-436.136 mV																								
E2 Cell to Use=Internal																								
Remeasure OC Per Action (External Cell)=No																								
Mass (g)=0																								
Equivalent Weight (g)=0																								
Density (g/ml)=0																								
Working Electrode Area (cm2)=1																								
RDE Speed (Volts)=0																								
Working Electrode Type=Solid Electrode																								
Reference Electrode=SCE Saturated Calomel (sat'd KCI) (0.242 Volts)																								
Segments=0																								
Name=Common																								
Comment=Enter comments about the experiment here.																								
</Action0>																								
																								
<Instrument>																								
Type=VersaSTAT																								
Model=-400																								
SN=13008645																								
Options=FRA	 EIS <Filter:Normal>																							
Firmware=2.60.6.0	2.54.2	2.54.2																						
BoosterDetails=None																								
</Instrument>																								
																								
<Experiment>																								
TimeAcquired=3:42:06 PM																								
DateAcquired=Thursday	 April 02	2026																						
SelectionEnd=0																								
SelectionStart=0																								
Height=661																								
Width=712																								
LocY=0																								
LocX=0																								
Show=True																								
</Experiment>																								
																								
<DataView>																								
ShowDCLabels=False																								
ShowACLabels=False																								
ShowDataFilter=False																								
DataReduction=1																								
ShowEvery=100																								
Decimate=False																								
AutomaticDecimation=False																								
ViewSegments=All Segments																								
Height=328																								
Width=728																								
LocY=0																								
LocX=0																								
Show=True																								
</DataView>																								
																								
<StripView>																								
Height=240																								
Width=344																								
LocY=0																								
LocX=0																								
Show=False																								
</StripView>																								
																								
<Overlays>																								
Height=438																								
Width=294																								
LocY=0																								
LocX=0																								
Show=False																								
</Overlays>																								
																								
<Action1>																								
Limits1	Value=0																							
Limits1	Direction=<																							
Limits1	Limits=None																							
Cell to Use=External																								
LCI Bandwidth Limit=Auto																								
Bandwidth Limit=Auto																								
I/E Stability=Fast																								
I Filter=Auto																								
E2 Filter=Auto																								
E Filter=Auto																								
E Resolution=Auto																								
Electrometer Mode=Auto																								
Acquisition Mode=Auto																								
VoltageRange=+/-6V																								
Current Range=2mA																								
Total Points=600																								
Drift Rate (mV/min)=0																								
Duration (s)=600																								
Time Per Point (s)=1																								
ParentNode=Common																								
Name=Corrosion Open Circuit																								
</Action1>																								
																								
<Action2>																								
ParentNode=Common																								
Name=Measure Open Circuit																								
</Action2>																								
																								
<Action3>																								
Cell to Use=External																								
Leave Cell ON=No																								
LCI Bandwidth Limit=Auto																								
Bandwidth Limit=Auto																								
Electrometer Mode=Single Ended																								
VoltageRange=+/-6V																								
Current Range=Auto																								
Scan Rate (V/s)=.005																								
Measurement Delay (s)=0																								
Data Quality=1																								
Points Per Decade=10																								
Number of Points=30																								
Point Spacing=Logarithmic																								
Final Potential (V)	Versus=vs OC																							
Final Potential (V)	Value=0																							
Potential (V)	Versus=vs OC																							
Potential (V)	Value=0																							
Step or Scan=Step																								
Amplitude (mV RMS)=10																								
End Frequency (Hz)=0.01																								
Start Frequency (Hz)=100000																								
Segments=1																								
ParentNode=Common																								
Name=Potentiostatic EIS																								
</Action3>																								
																								
<Action4>																								
Limits2	Value=0																							
Limits2	Direction=<																							
Limits2	Limits=None																							
Limits1	Value=0																							
Limits1	Direction=<																							
Limits1	Limits=None																							
Cell to Use=External																								
Leave Cell ON=No																								
iR Compensation=Disabled																								
LCI Bandwidth Limit=Auto																								
Bandwidth Limit=Auto																								
I/E Stability=Fast																								
I Filter=Auto																								
E2 Filter=Auto																								
E Filter=Auto																								
Electrometer Mode=Auto																								
Acquisition Mode=Auto																								
VoltageRange=+/-6V																								
Current Range=Auto																								
Total Points=3001																								
Scan Rate (mV/s)=0.5																								
Step Time (s)=1																								
Step Height (mV)=0.5																								
Final Potential (V)	Versus=vs OC																							
Final Potential (V)	Value=0.5																							
Initial Potential (V)	Versus=vs OC																							
Initial Potential (V)	Value=-1																							
ParentNode=Common																								
Name=Tafel																								
</Action4>																								
																								
<Segment1>																								
Type=2																								
Version=3																								
Definition=Segment #	 Point #	 E(V)	 I(A)	 Elapsed Time(s)	 ADC Sync Input(V)	 Current Range	 Status	 E Applied(V)	 Frequency(Hz)	 E Real	 E Imag	 I Real	 I Imag	 Z Real	 Z Imag	 E2 Status	 E2(V)	 E2 Real	 E2 Imag	 Z2 Real	 Z2 Imag	 ActionId	 AC Amplitude	0
0	0	-0.4364429	-2.45E-07	1	-0.001525902	5	5	0	0	0	0	0	0	0	0	0	0	0	0	0	0	12	0	
0	1	-0.4367497	-2.45E-07	2	-0.001525902	5	5	0	0	0	0	0	0	0	0	0	0	0	0	0	0	12	0	
0	2	-0.4370564	-2.45E-07	3	-0.001525902	5	5	0	0	0	0	0	0	0	0	0	0	0	0	0	0	12	0	
0	3	-0.4373631	-2.45E-07	4	-0.001525902	5	5	0	0	0	0	0	0	0	0	0	0	0	0	0	0	12	0	
0	4	-0.4376698	-2.45E-07	5	-0.001525902	5	5	0	0	0	0	0	0	0	0	0	0	0	0	0	0	12	0	
0	5	-0.4376698	-2.45E-07	6	-0.001525902	5	5	0	0	0	0	0	0	0	0	0	0	0	0	0	0	12	0	
0	6	-0.4379765	-2.45E-07	7	-0.001525902	5	5	0	0	0	0	0	0	0	0	0	0	0	0	0	0	12	0	
0	7	-0.4382832	-2.45E-07	8	-0.001525902	5	5	0	0	0	0	0	0	0	0	0	0	0	0	0	0	12	0	
0	8	-0.4385899	-2.45E-07	9	-0.001525902	5	261	0	0	0	0	0	0	0	0	0	0	0	0	0	0	12	0	
0	9	-0.4385899	-2.45E-07	10	-0.001525902	5	5	0	0	0	0	0	0	0	0	0	0	0	0	0	0	12	0	
0	10	-0.4388966	-2.45E-07	11	-0.001525902	5	5	0	0	0	0	0	0	0	0	0	0	0	0	0	0	12	0	
0	11	-0.4392033	-2.45E-07	12	-0.001525902	5	5	0	0	0	0	0	0	0	0	0	0	0	0	0	0	12	0	
0	12	-0.43951	-3.07E-07	13	-0.001525902	5	5	0	0	0	0	0	0	0	0	0	0	0	0	0	0	12	0	
0	13	-0.4398167	-2.45E-07	14	-0.001525902	5	5	0	0	0	0	0	0	0	0	0	0	0	0	0	0	12	0	
0	14	-0.4398167	-2.45E-07	15	-0.001525902	5	5	0	0	0	0	0	0	0	0	0	0	0	0	0	0	12	0	
0	15	-0.4401234	-2.45E-07	16	-0.001525902	5	5	0	0	0	0	0	0	0	0	0	0	0	0	0	0	12	0	
0	16	-0.4404301	-2.45E-07	17	-0.001525902	5	5	0	0	0	0	0	0	0	0	0	0	0	0	0	0	12	0	
0	17	-0.4404301	-2.45E-07	18	-0.001525902	5	5	0	0	0	0	0	0	0	0	0	0	0	0	0	0	12	0	
0	18	-0.4407368	-2.45E-07	19	-0.001525902	5	5	0	0	0	0	0	0	0	0	0	0	0	0	0	0	12	0	
0	19	-0.4410436	-2.45E-07	20	-0.001525902	5	5	0	0	0	0	0	0	0	0	0	0	0	0	0	0	12	0	
0	20	-0.4413503	-2.45E-07	21	-0.001525902	5	5	0	0	0	0	0	0	0	0	0	0	0	0	0	0	12	0	
0	21	-0.4413503	-2.45E-07	22	-0.001525902	5	5	0	0	0	0	0	0	0	0	0	0	0	0	0	0	12	0	
0	22	-0.4416569	-2.45E-07	23	-0.001525902	5	5	0	0	0	0	0	0	0	0	0	0	0	0	0	0	12	0	
0	23	-0.4419637	-2.45E-07	24	-0.001525902	5	5	0	0	0	0	0	0	0	0	0	0	0	0	0	0	12	0	
0	24	-0.4422704	-2.45E-07	25	-0.001525902	5	5	0	0	0	0	0	0	0	0	0	0	0	0	0	0	12	0	
0	25	-0.4422704	-2.45E-07	26	-0.001525902	5	5	0	0	0	0	0	0	0	0	0	0	0	0	0	0	12	0	
0	26	-0.4425771	-2.45E-07	27	-0.001525902	5	5	0	0	0	0	0	0	0	0	0	0	0	0	0	0	12	0	
0	27	-0.4428838	-2.45E-07	28	-0.001525902	5	5	0	0	0	0	0	0	0	0	0	0	0	0	0	0	12	0	
0	28	-0.4428838	-2.45E-07	29	-0.001525902	5	5	0	0	0	0	0	0	0	0	0	0	0	0	0	0	12	0	
0	29	-0.4431905	-2.45E-07	30	-0.001525902	5	5	0	0	0	0	0	0	0	0	0	0	0	0	0	0	12	0	
0	30	-0.4434972	-2.45E-07	31	-0.001525902	5	5	0	0	0	0	0	0	0	0	0	0	0	0	0	0	12	0	
0	31	-0.4438039	-2.45E-07	32	-0.001525902	5	5	0	0	0	0	0	0	0	0	0	0	0	0	0	0	12	0	
0	32	-0.4438039	-3.07E-07	33	-0.001525902	5	5	0	0	0	0	0	0	0	0	0	0	0	0	0	0	12	0	
0	33	-0.4441106	-2.45E-07	34	-0.001525902	5	5	0	0	0	0	0	0	0	0	0	0	0	0	0	0	12	0	
0	34	-0.4444173	-2.45E-07	35	-0.001525902	5	5	0	0	0	0	0	0	0	0	0	0	0	0	0	0	12	0	
0	35	-0.4444173	-2.45E-07	36	-0.001525902	5	5	0	0	0	0	0	0	0	0	0	0	0	0	0	0	12	0	
0	36	-0.444724	-2.45E-07	37	-0.001525902	5	5	0	0	0	0	0	0	0	0	0	0	0	0	0	0	12	0	
0	37	-0.444724	-3.07E-07	38	-0.001525902	5	5	0	0	0	0	0	0	0	0	0	0	0	0	0	0	12	0	
0	38	-0.4450307	-2.45E-07	39	-0.001525902	5	5	0	0	0	0	0	0	0	0	0	0	0	0	0	0	12	0	
0	39	-0.4453374	-2.45E-07	40	-0.001525902	5	5	0	0	0	0	0	0	0	0	0	0	0	0	0	0	12	0	
0	40	-0.4453374	-2.45E-07	41	-0.001525902	5	5	0	0	0	0	0	0	0	0	0	0	0	0	0	0	12	0	
0	41	-0.4456441	-2.45E-07	42	-0.001525902	5	5	0	0	0	0	0	0	0	0	0	0	0	0	0	0	12	0	
0	42	-0.4459508	-2.45E-07	43	-0.001525902	5	5	0	0	0	0	0	0	0	0	0	0	0	0	0	0	12	0	
0	43	-0.4459508	-3.07E-07	44	-0.001525902	5	5	0	0	0	0	0	0	0	0	0	0	0	0	0	0	12	0	
0	44	-0.4462576	-2.45E-07	45	-0.001525902	5	5	0	0	0	0	0	0	0	0	0	0	0	0	0	0	12	0	
0	45	-0.4462576	-2.45E-07	46	-0.001525902	5	5	0	0	0	0	0	0	0	0	0	0	0	0	0	0	12	0	
0	46	-0.4465643	-2.45E-07	47	-0.001525902	5	5	0	0	0	0	0	0	0	0	0	0	0	0	0	0	12	0	
0	47	-0.446871	-2.45E-07	48	-0.001525902	5	5	0	0	0	0	0	0	0	0	0	0	0	0	0	0	12	0	
0	48	-0.446871	-2.45E-07	49	-0.001525902	5	5	0	0	0	0	0	0	0	0	0	0	0	0	0	0	12	0	
0	49	-0.4471777	-2.45E-07	50	-0.001525902	5	5	0	0	0	0	0	0	0	0	0	0	0	0	0	0	12	0	
0	50	-0.4474844	-2.45E-07	51	-0.001525902	5	5	0	0	0	0	0	0	0	0	0	0	0	0	0	0	12	0	
0	51	-0.4474844	-2.45E-07	52	-0.001525902	5	5	0	0	0	0	0	0	0	0	0	0	0	0	0	0	12	0	
0	52	-0.4477911	-2.45E-07	53	-0.001525902	5	5	0	0	0	0	0	0	0	0	0	0	0	0	0	0	12	0	
0	53	-0.4477911	-2.45E-07	54	-0.001525902	5	5	0	0	0	0	0	0	0	0	0	0	0	0	0	0	12	0	
0	54	-0.4480978	-2.45E-07	55	-0.001525902	5	5	0	0	0	0	0	0	0	0	0	0	0	0	0	0	12	0	
0	55	-0.4477911	-2.45E-07	56	-0.001525902	5	5	0	0	0	0	0	0	0	0	0	0	0	0	0	0	12	0	
0	56	-0.4480978	-2.45E-07	57	-0.001525902	5	5	0	0	0	0	0	0	0	0	0	0	0	0	0	0	12	0	
0	57	-0.4484045	-2.45E-07	58	-0.001525902	5	5	0	0	0	0	0	0	0	0	0	0	0	0	0	0	12	0	
0	58	-0.4484045	-2.45E-07	59	-0.001525902	5	5	0	0	0	0	0	0	0	0	0	0	0	0	0	0	12	0	
0	59	-0.4487112	-2.45E-07	60	-0.001525902	5	5	0	0	0	0	0	0	0	0	0	0	0	0	0	0	12	0	
0	60	-0.4487112	-2.45E-07	61	-0.001525902	5	5	0	0	0	0	0	0	0	0	0	0	0	0	0	0	12	0	
0	61	-0.4487112	-2.45E-07	62	-0.001525902	5	5	0	0	0	0	0	0	0	0	0	0	0	0	0	0	12	0	
0	62	-0.4490179	-2.45E-07	63	-0.001525902	5	5	0	0	0	0	0	0	0	0	0	0	0	0	0	0	12	0	
0	63	-0.4487112	-2.45E-07	64	-0.001525902	5	5	0	0	0	0	0	0	0	0	0	0	0	0	0	0	12	0	
0	64	-0.4484045	-2.45E-07	65	-0.001525902	5	5	0	0	0	0	0	0	0	0	0	0	0	0	0	0	12	0	
0	65	-0.4484045	-2.45E-07	66	-0.001525902	5	5	0	0	0	0	0	0	0	0	0	0	0	0	0	0	12	0	
0	66	-0.4487112	-2.45E-07	67	-0.001525902	5	5	0	0	0	0	0	0	0	0	0	0	0	0	0	0	12	0	
0	67	-0.4487112	-2.45E-07	68	-0.001525902	5	5	0	0	0	0	0	0	0	0	0	0	0	0	0	0	12	0	
0	68	-0.4490179	-2.45E-07	69	-0.001525902	5	5	0	0	0	0	0	0	0	0	0	0	0	0	0	0	12	0	
0	69	-0.4490179	-2.45E-07	70	-0.001525902	5	5	0	0	0	0	0	0	0	0	0	0	0	0	0	0	12	0	
0	70	-0.4490179	-2.45E-07	71	-0.001525902	5	5	0	0	0	0	0	0	0	0	0	0	0	0	0	0	12	0	
0	71	-0.4493246	-2.45E-07	72	-0.001525902	5	5	0	0	0	0	0	0	0	0	0	0	0	0	0	0	12	0	
0	72	-0.4493246	-2.45E-07	73	-0.001525902	5	5	0	0	0	0	0	0	0	0	0	0	0	0	0	0	12	0	
0	73	-0.4496313	-2.45E-07	74	-0.001525902	5	5	0	0	0	0	0	0	0	0	0	0	0	0	0	0	12	0	
0	74	-0.449938	-2.45E-07	75	-0.001525902	5	5	0	0	0	0	0	0	0	0	0	0	0	0	0	0	12	0	
0	75	-0.449938	-2.45E-07	76	-0.001525902	5	5	0	0	0	0	0	0	0	0	0	0	0	0	0	0	12	0	
0	76	-0.449938	-2.45E-07	77	-0.001525902	5	5	0	0	0	0	0	0	0	0	0	0	0	0	0	0	12	0	
0	77	-0.4502447	-2.45E-07	78	-0.001525902	5	5	0	0	0	0	0	0	0	0	0	0	0	0	0	0	12	0	
0	78	-0.4502447	-2.45E-07	79	-0.001525902	5	5	0	0	0	0	0	0	0	0	0	0	0	0	0	0	12	0	
0	79	-0.4505515	-2.45E-07	80	-0.001525902	5	5	0	0	0	0	0	0	0	0	0	0	0	0	0	0	12	0	
0	80	-0.4505515	-2.45E-07	81	-0.001525902	5	5	0	0	0	0	0	0	0	0	0	0	0	0	0	0	12	0	
0	81	-0.4508581	-2.45E-07	82	-0.001525902	5	5	0	0	0	0	0	0	0	0	0	0	0	0	0	0	12	0	
0	82	-0.4508581	-2.45E-07	83	-0.001525902	5	5	0	0	0	0	0	0	0	0	0	0	0	0	0	0	12	0	
0	83	-0.4511648	-2.45E-07	84	-0.001525902	5	5	0	0	0	0	0	0	0	0	0	0	0	0	0	0	12	0	
0	84	-0.4511648	-2.45E-07	85	-0.001525902	5	5	0	0	0	0	0	0	0	0	0	0	0	0	0	0	12	0	
0	85	-0.4514716	-2.45E-07	86	-0.001525902	5	5	0	0	0	0	0	0	0	0	0	0	0	0	0	0	12	0	
0	86	-0.4514716	-2.45E-07	87	-0.001525902	5	5	0	0	0	0	0	0	0	0	0	0	0	0	0	0	12	0	
0	87	-0.4517783	-2.45E-07	88	-0.001525902	5	5	0	0	0	0	0	0	0	0	0	0	0	0	0	0	12	0	
0	88	-0.4517783	-2.45E-07	89	-0.001525902	5	5	0	0	0	0	0	0	0	0	0	0	0	0	0	0	12	0	
0	89	-0.452085	-2.45E-07	90	-0.001525902	5	5	0	0	0	0	0	0	0	0	0	0	0	0	0	0	12	0	
0	90	-0.452085	-2.45E-07	91	-0.001525902	5	5	0	0	0	0	0	0	0	0	0	0	0	0	0	0	12	0	
0	91	-0.452085	-2.45E-07	92	-0.001525902	5	5	0	0	0	0	0	0	0	0	0	0	0	0	0	0	12	0	
0	92	-0.4523917	-2.45E-07	93	-0.001525902	5	5	0	0	0	0	0	0	0	0	0	0	0	0	0	0	12	0	
0	93	-0.4523917	-2.45E-07	94	-0.001525902	5	5	0	0	0	0	0	0	0	0	0	0	0	0	0	0	12	0	
0	94	-0.4523917	-2.45E-07	95	-0.001525902	5	5	0	0	0	0	0	0	0	0	0	0	0	0	0	0	12	0	
0	95	-0.4523917	-2.45E-07	96	-0.001525902	5	5	0	0	0	0	0	0	0	0	0	0	0	0	0	0	12	0	
0	96	-0.4523917	-2.45E-07	97	-0.001525902	5	5	0	0	0	0	0	0	0	0	0	0	0	0	0	0	12	0	
0	97	-0.4526984	-2.45E-07	98	-0.001525902	5	5	0	0	0	0	0	0	0	0	0	0	0	0	0	0	12	0	
0	98	-0.4526984	-2.45E-07	99	-0.001525902	5	5	0	0	0	0	0	0	0	0	0	0	0	0	0	0	12	0	
0	99	-0.4526984	-2.45E-07	100	-0.001525902	5	5	0	0	0	0	0	0	0	0	0	0	0	0	0	0	12	0	
0	100	-0.4526984	-2.45E-07	101	-0.001525902	5	5	0	0	0	0	0	0	0	0	0	0	0	0	0	0	12	0	
0	101	-0.4530051	-2.45E-07	102	-0.001525902	5	5	0	0	0	0	0	0	0	0	0	0	0	0	0	0	12	0	
0	102	-0.4530051	-2.45E-07	103	-0.001525902	5	5	0	0	0	0	0	0	0	0	0	0	0	0	0	0	12	0	
0	103	-0.4533118	-2.45E-07	104	-0.001525902	5	5	0	0	0	0	0	0	0	0	0	0	0	0	0	0	12	0	
0	104	-0.4533118	-2.45E-07	105	-0.001525902	5	5	0	0	0	0	0	0	0	0	0	0	0	0	0	0	12	0	
0	105	-0.4536185	-2.45E-07	106	-0.001525902	5	5	0	0	0	0	0	0	0	0	0	0	0	0	0	0	12	0	
0	106	-0.4536185	-2.45E-07	107	-0.001525902	5	5	0	0	0	0	0	0	0	0	0	0	0	0	0	0	12	0	
0	107	-0.4536185	-2.45E-07	108	-0.001525902	5	5	0	0	0	0	0	0	0	0	0	0	0	0	0	0	12	0	
0	108	-0.4536185	-2.45E-07	109	-0.001525902	5	5	0	0	0	0	0	0	0	0	0	0	0	0	0	0	12	0	
0	109	-0.4539252	-2.45E-07	110	-0.001525902	5	5	0	0	0	0	0	0	0	0	0	0	0	0	0	0	12	0	
0	110	-0.4539252	-2.45E-07	111	-0.001525902	5	5	0	0	0	0	0	0	0	0	0	0	0	0	0	0	12	0	
0	111	-0.4539252	-2.45E-07	112	-0.001525902	5	5	0	0	0	0	0	0	0	0	0	0	0	0	0	0	12	0	
0	112	-0.4542319	-2.45E-07	113	-0.001525902	5	5	0	0	0	0	0	0	0	0	0	0	0	0	0	0	12	0	
0	113	-0.4542319	-2.45E-07	114	-0.001525902	5	5	0	0	0	0	0	0	0	0	0	0	0	0	0	0	12	0	
0	114	-0.4545386	-2.45E-07	115	-0.001525902	5	5	0	0	0	0	0	0	0	0	0	0	0	0	0	0	12	0	
0	115	-0.4545386	-2.45E-07	116	-0.001525902	5	5	0	0	0	0	0	0	0	0	0	0	0	0	0	0	12	0	
0	116	-0.4545386	-2.45E-07	117	-0.001525902	5	5	0	0	0	0	0	0	0	0	0	0	0	0	0	0	12	0	
0	117	-0.4548453	-2.45E-07	118	-0.001525902	5	5	0	0	0	0	0	0	0	0	0	0	0	0	0	0	12	0	
0	118	-0.4548453	-2.45E-07	119	-0.001525902	5	5	0	0	0	0	0	0	0	0	0	0	0	0	0	0	12	0	
0	119	-0.4548453	-2.45E-07	120	-0.001525902	5	5	0	0	0	0	0	0	0	0	0	0	0	0	0	0	12	0	
0	120	-0.455152	-2.45E-07	121	-0.001525902	5	5	0	0	0	0	0	0	0	0	0	0	0	0	0	0	12	0	
0	121	-0.4554587	-2.45E-07	122	-0.001525902	5	5	0	0	0	0	0	0	0	0	0	0	0	0	0	0	12	0	
0	122	-0.4554587	-2.45E-07	123	-0.001525902	5	5	0	0	0	0	0	0	0	0	0	0	0	0	0	0	12	0	
0	123	-0.4554587	-2.45E-07	124	-0.001525902	5	5	0	0	0	0	0	0	0	0	0	0	0	0	0	0	12	0	
0	124	-0.4557655	-2.45E-07	125	-0.001525902	5	5	0	0	0	0	0	0	0	0	0	0	0	0	0	0	12	0	
0	125	-0.4560722	-2.45E-07	126	-0.001525902	5	5	0	0	0	0	0	0	0	0	0	0	0	0	0	0	12	0	
0	126	-0.4560722	-2.45E-07	127	-0.001525902	5	5	0	0	0	0	0	0	0	0	0	0	0	0	0	0	12	0	
0	127	-0.4560722	-2.45E-07	128	-0.001525902	5	5	0	0	0	0	0	0	0	0	0	0	0	0	0	0	12	0	
0	128	-0.4563788	-2.45E-07	129	-0.001525902	5	5	0	0	0	0	0	0	0	0	0	0	0	0	0	0	12	0	
0	129	-0.4563788	-2.45E-07	130	-0.001525902	5	5	0	0	0	0	0	0	0	0	0	0	0	0	0	0	12	0	
0	130	-0.4566856	-2.45E-07	131	-0.001525902	5	5	0	0	0	0	0	0	0	0	0	0	0	0	0	0	12	0	
0	131	-0.4566856	-2.45E-07	132	-0.001525902	5	5	0	0	0	0	0	0	0	0	0	0	0	0	0	0	12	0	
0	132	-0.4566856	-2.45E-07	133	-0.001525902	5	5	0	0	0	0	0	0	0	0	0	0	0	0	0	0	12	0	
0	133	-0.4569923	-2.45E-07	134	-0.001525902	5	5	0	0	0	0	0	0	0	0	0	0	0	0	0	0	12	0	
0	134	-0.4569923	-2.45E-07	135	-0.001525902	5	5	0	0	0	0	0	0	0	0	0	0	0	0	0	0	12	0	
0	135	-0.457299	-2.45E-07	136	-0.001525902	5	5	0	0	0	0	0	0	0	0	0	0	0	0	0	0	12	0	
0	136	-0.457299	-2.45E-07	137	-0.001525902	5	5	0	0	0	0	0	0	0	0	0	0	0	0	0	0	12	0	
0	137	-0.457299	-2.45E-07	138	-0.001525902	5	5	0	0	0	0	0	0	0	0	0	0	0	0	0	0	12	0	
0	138	-0.457299	-2.45E-07	139	-0.001525902	5	5	0	0	0	0	0	0	0	0	0	0	0	0	0	0	12	0	
0	139	-0.4569923	-2.45E-07	140	-0.001525902	5	5	0	0	0	0	0	0	0	0	0	0	0	0	0	0	12	0	
0	140	-0.4569923	-2.45E-07	141	-0.001525902	5	5	0	0	0	0	0	0	0	0	0	0	0	0	0	0	12	0	
0	141	-0.4569923	-2.45E-07	142	-0.001525902	5	5	0	0	0	0	0	0	0	0	0	0	0	0	0	0	12	0	
0	142	-0.4569923	-2.45E-07	143	-0.001525902	5	261	0	0	0	0	0	0	0	0	0	0	0	0	0	0	12	0	
0	143	-0.4566856	-2.45E-07	144	-0.001525902	5	5	0	0	0	0	0	0	0	0	0	0	0	0	0	0	12	0	
0	144	-0.4563788	-2.45E-07	145	-0.001525902	5	5	0	0	0	0	0	0	0	0	0	0	0	0	0	0	12	0	
0	145	-0.4560722	-2.45E-07	146	-0.001525902	5	5	0	0	0	0	0	0	0	0	0	0	0	0	0	0	12	0	
0	146	-0.4560722	-2.45E-07	147	-0.001525902	5	5	0	0	0	0	0	0	0	0	0	0	0	0	0	0	12	0	
0	147	-0.4560722	-2.45E-07	148	-0.001525902	5	5	0	0	0	0	0	0	0	0	0	0	0	0	0	0	12	0	
0	148	-0.4560722	-2.45E-07	149	-0.001525902	5	5	0	0	0	0	0	0	0	0	0	0	0	0	0	0	12	0	
0	149	-0.4560722	-2.45E-07	150	-0.001525902	5	5	0	0	0	0	0	0	0	0	0	0	0	0	0	0	12	0	
0	150	-0.4560722	-2.45E-07	151	-0.001525902	5	5	0	0	0	0	0	0	0	0	0	0	0	0	0	0	12	0	
0	151	-0.4557655	-2.45E-07	152	-0.001525902	5	5	0	0	0	0	0	0	0	0	0	0	0	0	0	0	12	0	
0	152	-0.4560722	-2.45E-07	153	-0.001525902	5	5	0	0	0	0	0	0	0	0	0	0	0	0	0	0	12	0	
0	153	-0.4560722	-2.45E-07	154	-0.001525902	5	5	0	0	0	0	0	0	0	0	0	0	0	0	0	0	12	0	
0	154	-0.4560722	-2.45E-07	155	-0.001525902	5	5	0	0	0	0	0	0	0	0	0	0	0	0	0	0	12	0	
0	155	-0.4560722	-2.45E-07	156	-0.001525902	5	5	0	0	0	0	0	0	0	0	0	0	0	0	0	0	12	0	
0	156	-0.4563788	-2.45E-07	157	-0.001525902	5	5	0	0	0	0	0	0	0	0	0	0	0	0	0	0	12	0	
0	157	-0.4563788	-2.45E-07	158	-0.001525902	5	5	0	0	0	0	0	0	0	0	0	0	0	0	0	0	12	0	
0	158	-0.4566856	-3.07E-07	159	-0.001525902	5	5	0	0	0	0	0	0	0	0	0	0	0	0	0	0	12	0	
0	159	-0.4566856	-2.45E-07	160	-0.001525902	5	5	0	0	0	0	0	0	0	0	0	0	0	0	0	0	12	0	
0	160	-0.4569923	-2.45E-07	161	-0.001525902	5	261	0	0	0	0	0	0	0	0	0	0	0	0	0	0	12	0	
0	161	-0.4569923	-2.45E-07	162	-0.001525902	5	5	0	0	0	0	0	0	0	0	0	0	0	0	0	0	12	0	
0	162	-0.4569923	-2.45E-07	163	-0.001525902	5	5	0	0	0	0	0	0	0	0	0	0	0	0	0	0	12	0	
0	163	-0.4569923	-2.45E-07	164	-0.001525902	5	5	0	0	0	0	0	0	0	0	0	0	0	0	0	0	12	0	
0	164	-0.4569923	-2.45E-07	165	-0.001525902	5	5	0	0	0	0	0	0	0	0	0	0	0	0	0	0	12	0	
0	165	-0.4569923	-2.45E-07	166	-0.001525902	5	5	0	0	0	0	0	0	0	0	0	0	0	0	0	0	12	0	
0	166	-0.4569923	-2.45E-07	167	-0.001525902	5	5	0	0	0	0	0	0	0	0	0	0	0	0	0	0	12	0	
0	167	-0.4569923	-2.45E-07	168	-0.001525902	5	5	0	0	0	0	0	0	0	0	0	0	0	0	0	0	12	0	
0	168	-0.457299	-2.45E-07	169	-0.001525902	5	5	0	0	0	0	0	0	0	0	0	0	0	0	0	0	12	0	
0	169	-0.457299	-2.45E-07	170	-0.001525902	5	5	0	0	0	0	0	0	0	0	0	0	0	0	0	0	12	0	
0	170	-0.457299	-2.45E-07	171	-0.001525902	5	5	0	0	0	0	0	0	0	0	0	0	0	0	0	0	12	0	
0	171	-0.457299	-2.45E-07	172	-0.001525902	5	5	0	0	0	0	0	0	0	0	0	0	0	0	0	0	12	0	
0	172	-0.457299	-2.45E-07	173	-0.001525902	5	5	0	0	0	0	0	0	0	0	0	0	0	0	0	0	12	0	
0	173	-0.457299	-2.45E-07	174	-0.001525902	5	5	0	0	0	0	0	0	0	0	0	0	0	0	0	0	12	0	
0	174	-0.457299	-2.45E-07	175	-0.001525902	5	261	0	0	0	0	0	0	0	0	0	0	0	0	0	0	12	0	
0	175	-0.4569923	-2.45E-07	176	-0.001525902	5	5	0	0	0	0	0	0	0	0	0	0	0	0	0	0	12	0	
0	176	-0.4566856	-2.45E-07	177	-0.001525902	5	5	0	0	0	0	0	0	0	0	0	0	0	0	0	0	12	0	
0	177	-0.4566856	-2.45E-07	178	-0.001525902	5	261	0	0	0	0	0	0	0	0	0	0	0	0	0	0	12	0	
0	178	-0.4566856	-2.45E-07	179	-0.001525902	5	5	0	0	0	0	0	0	0	0	0	0	0	0	0	0	12	0	
0	179	-0.4569923	-2.45E-07	180	-0.001525902	5	5	0	0	0	0	0	0	0	0	0	0	0	0	0	0	12	0	
0	180	-0.4569923	-2.45E-07	181	-0.001525902	5	5	0	0	0	0	0	0	0	0	0	0	0	0	0	0	12	0	
0	181	-0.4569923	-2.45E-07	182	-0.001525902	5	5	0	0	0	0	0	0	0	0	0	0	0	0	0	0	12	0	
0	182	-0.457299	-2.45E-07	183	-0.001525902	5	5	0	0	0	0	0	0	0	0	0	0	0	0	0	0	12	0	
0	183	-0.457299	-2.45E-07	184	-0.001525902	5	5	0	0	0	0	0	0	0	0	0	0	0	0	0	0	12	0	
0	184	-0.4576057	-2.45E-07	185	-0.001525902	5	5	0	0	0	0	0	0	0	0	0	0	0	0	0	0	12	0	
0	185	-0.4576057	-2.45E-07	186	-0.001525902	5	5	0	0	0	0	0	0	0	0	0	0	0	0	0	0	12	0	
0	186	-0.4579124	-2.45E-07	187	-0.001525902	5	5	0	0	0	0	0	0	0	0	0	0	0	0	0	0	12	0	
0	187	-0.4579124	-2.45E-07	188	-0.001525902	5	5	0	0	0	0	0	0	0	0	0	0	0	0	0	0	12	0	
0	188	-0.4579124	-2.45E-07	189	-0.001525902	5	5	0	0	0	0	0	0	0	0	0	0	0	0	0	0	12	0	
0	189	-0.4582191	-2.45E-07	190	-0.001525902	5	5	0	0	0	0	0	0	0	0	0	0	0	0	0	0	12	0	
0	190	-0.4582191	-2.45E-07	191	-0.001525902	5	5	0	0	0	0	0	0	0	0	0	0	0	0	0	0	12	0	
0	191	-0.4582191	-2.45E-07	192	-0.001525902	5	5	0	0	0	0	0	0	0	0	0	0	0	0	0	0	12	0	
0	192	-0.4585258	-2.45E-07	193	-0.001525902	5	5	0	0	0	0	0	0	0	0	0	0	0	0	0	0	12	0	
0	193	-0.4585258	-2.45E-07	194	-0.001525902	5	5	0	0	0	0	0	0	0	0	0	0	0	0	0	0	12	0	
0	194	-0.4585258	-2.45E-07	195	-0.001525902	5	5	0	0	0	0	0	0	0	0	0	0	0	0	0	0	12	0	
0	195	-0.4585258	-2.45E-07	196	-0.001525902	5	5	0	0	0	0	0	0	0	0	0	0	0	0	0	0	12	0	
0	196	-0.4582191	-2.45E-07	197	-0.001525902	5	5	0	0	0	0	0	0	0	0	0	0	0	0	0	0	12	0	
0	197	-0.4582191	-2.45E-07	198	-0.001525902	5	5	0	0	0	0	0	0	0	0	0	0	0	0	0	0	12	0	
0	198	-0.4582191	-2.45E-07	199	-0.001525902	5	5	0	0	0	0	0	0	0	0	0	0	0	0	0	0	12	0	
0	199	-0.4582191	-2.45E-07	200	-0.001525902	5	5	0	0	0	0	0	0	0	0	0	0	0	0	0	0	12	0	
0	200	-0.4582191	-2.45E-07	201	-0.001525902	5	5	0	0	0	0	0	0	0	0	0	0	0	0	0	0	12	0	
0	201	-0.4582191	-2.45E-07	202	-0.001525902	5	5	0	0	0	0	0	0	0	0	0	0	0	0	0	0	12	0	
0	202	-0.4585258	-2.45E-07	203	-0.001525902	5	5	0	0	0	0	0	0	0	0	0	0	0	0	0	0	12	0	
0	203	-0.4582191	-2.45E-07	204	-0.001525902	5	5	0	0	0	0	0	0	0	0	0	0	0	0	0	0	12	0	
0	204	-0.4585258	-2.45E-07	205	-0.001525902	5	5	0	0	0	0	0	0	0	0	0	0	0	0	0	0	12	0	
0	205	-0.4585258	-2.45E-07	206	-0.001525902	5	5	0	0	0	0	0	0	0	0	0	0	0	0	0	0	12	0	
0	206	-0.4585258	-2.45E-07	207	-0.001525902	5	5	0	0	0	0	0	0	0	0	0	0	0	0	0	0	12	0	
0	207	-0.4585258	-2.45E-07	208	-0.001525902	5	5	0	0	0	0	0	0	0	0	0	0	0	0	0	0	12	0	
0	208	-0.4585258	-2.45E-07	209	-0.001525902	5	5	0	0	0	0	0	0	0	0	0	0	0	0	0	0	12	0	
0	209	-0.4585258	-2.45E-07	210	-0.001525902	5	5	0	0	0	0	0	0	0	0	0	0	0	0	0	0	12	0	
0	210	-0.4588325	-2.45E-07	211	-0.001525902	5	5	0	0	0	0	0	0	0	0	0	0	0	0	0	0	12	0	
0	211	-0.4588325	-2.45E-07	212	-0.001525902	5	5	0	0	0	0	0	0	0	0	0	0	0	0	0	0	12	0	
0	212	-0.4588325	-2.45E-07	213	-0.001525902	5	261	0	0	0	0	0	0	0	0	0	0	0	0	0	0	12	0	
0	213	-0.4591392	-2.45E-07	214	-0.001525902	5	5	0	0	0	0	0	0	0	0	0	0	0	0	0	0	12	0	
0	214	-0.4591392	-2.45E-07	215	-0.001525902	5	5	0	0	0	0	0	0	0	0	0	0	0	0	0	0	12	0	
0	215	-0.4594459	-2.45E-07	216	-0.001525902	5	5	0	0	0	0	0	0	0	0	0	0	0	0	0	0	12	0	
0	216	-0.4594459	-2.45E-07	217	-0.001525902	5	5	0	0	0	0	0	0	0	0	0	0	0	0	0	0	12	0	
0	217	-0.4594459	-2.45E-07	218	-0.001525902	5	5	0	0	0	0	0	0	0	0	0	0	0	0	0	0	12	0	
0	218	-0.4594459	-2.45E-07	219	-0.001525902	5	5	0	0	0	0	0	0	0	0	0	0	0	0	0	0	12	0	
0	219	-0.4597526	-2.45E-07	220	-0.001525902	5	5	0	0	0	0	0	0	0	0	0	0	0	0	0	0	12	0	
0	220	-0.4597526	-2.45E-07	221	-0.001525902	5	5	0	0	0	0	0	0	0	0	0	0	0	0	0	0	12	0	
0	221	-0.4594459	-2.45E-07	222	-0.001525902	5	5	0	0	0	0	0	0	0	0	0	0	0	0	0	0	12	0	
0	222	-0.4585258	-2.45E-07	223	-0.001525902	5	5	0	0	0	0	0	0	0	0	0	0	0	0	0	0	12	0	
0	223	-0.4594459	-2.45E-07	224	-0.001525902	5	5	0	0	0	0	0	0	0	0	0	0	0	0	0	0	12	0	
0	224	-0.4600593	-2.45E-07	225	-0.001525902	5	5	0	0	0	0	0	0	0	0	0	0	0	0	0	0	12	0	
0	225	-0.4600593	-2.45E-07	226	-0.001525902	5	5	0	0	0	0	0	0	0	0	0	0	0	0	0	0	12	0	
0	226	-0.460366	-2.45E-07	227	-0.001525902	5	5	0	0	0	0	0	0	0	0	0	0	0	0	0	0	12	0	
0	227	-0.460366	-2.45E-07	228	-0.001525902	5	5	0	0	0	0	0	0	0	0	0	0	0	0	0	0	12	0	
0	228	-0.460366	-2.45E-07	229	-0.001525902	5	5	0	0	0	0	0	0	0	0	0	0	0	0	0	0	12	0	
0	229	-0.460366	-2.45E-07	230	-0.001525902	5	5	0	0	0	0	0	0	0	0	0	0	0	0	0	0	12	0	
0	230	-0.4606727	-2.45E-07	231	-0.001525902	5	5	0	0	0	0	0	0	0	0	0	0	0	0	0	0	12	0	
0	231	-0.4606727	-2.45E-07	232	-0.001525902	5	5	0	0	0	0	0	0	0	0	0	0	0	0	0	0	12	0	
0	232	-0.4606727	-2.45E-07	233	-0.001525902	5	5	0	0	0	0	0	0	0	0	0	0	0	0	0	0	12	0	
0	233	-0.4606727	-2.45E-07	234	-0.001525902	5	5	0	0	0	0	0	0	0	0	0	0	0	0	0	0	12	0	
0	234	-0.4606727	-2.45E-07	235	-0.001525902	5	5	0	0	0	0	0	0	0	0	0	0	0	0	0	0	12	0	
0	235	-0.4609795	-2.45E-07	236	-0.001525902	5	5	0	0	0	0	0	0	0	0	0	0	0	0	0	0	12	0	
0	236	-0.4609795	-2.45E-07	237	-0.001525902	5	5	0	0	0	0	0	0	0	0	0	0	0	0	0	0	12	0	
0	237	-0.4609795	-2.45E-07	238	-0.001525902	5	5	0	0	0	0	0	0	0	0	0	0	0	0	0	0	12	0	
0	238	-0.4612862	-2.45E-07	239	-0.001525902	5	5	0	0	0	0	0	0	0	0	0	0	0	0	0	0	12	0	
0	239	-0.4612862	-2.45E-07	240	-0.001525902	5	5	0	0	0	0	0	0	0	0	0	0	0	0	0	0	12	0	
0	240	-0.4612862	-2.45E-07	241	-0.001525902	5	5	0	0	0	0	0	0	0	0	0	0	0	0	0	0	12	0	
0	241	-0.4612862	-2.45E-07	242	-0.001525902	5	5	0	0	0	0	0	0	0	0	0	0	0	0	0	0	12	0	
0	242	-0.4615929	-2.45E-07	243	-0.001525902	5	5	0	0	0	0	0	0	0	0	0	0	0	0	0	0	12	0	
0	243	-0.4615929	-2.45E-07	244	-0.001525902	5	261	0	0	0	0	0	0	0	0	0	0	0	0	0	0	12	0	
0	244	-0.4615929	-2.45E-07	245	-0.001525902	5	5	0	0	0	0	0	0	0	0	0	0	0	0	0	0	12	0	
0	245	-0.4618996	-2.45E-07	246	-0.001525902	5	5	0	0	0	0	0	0	0	0	0	0	0	0	0	0	12	0	
0	246	-0.4618996	-2.45E-07	247	-0.001525902	5	5	0	0	0	0	0	0	0	0	0	0	0	0	0	0	12	0	
0	247	-0.4618996	-2.45E-07	248	-0.001525902	5	5	0	0	0	0	0	0	0	0	0	0	0	0	0	0	12	0	
0	248	-0.4622063	-2.45E-07	249	-0.001525902	5	5	0	0	0	0	0	0	0	0	0	0	0	0	0	0	12	0	
0	249	-0.4622063	-2.45E-07	250	-0.001525902	5	5	0	0	0	0	0	0	0	0	0	0	0	0	0	0	12	0	
0	250	-0.4622063	-2.45E-07	251	-0.001525902	5	5	0	0	0	0	0	0	0	0	0	0	0	0	0	0	12	0	
0	251	-0.462513	-2.45E-07	252	-0.001525902	5	5	0	0	0	0	0	0	0	0	0	0	0	0	0	0	12	0	
0	252	-0.462513	-2.45E-07	253	-0.001525902	5	5	0	0	0	0	0	0	0	0	0	0	0	0	0	0	12	0	
0	253	-0.4628197	-2.45E-07	254	-0.001525902	5	5	0	0	0	0	0	0	0	0	0	0	0	0	0	0	12	0	
0	254	-0.4628197	-2.45E-07	255	-0.001525902	5	5	0	0	0	0	0	0	0	0	0	0	0	0	0	0	12	0	
0	255	-0.4628197	-2.45E-07	256	-0.001525902	5	5	0	0	0	0	0	0	0	0	0	0	0	0	0	0	12	0	
0	256	-0.4631264	-2.45E-07	257	-0.001525902	5	5	0	0	0	0	0	0	0	0	0	0	0	0	0	0	12	0	
0	257	-0.4631264	-2.45E-07	258	-0.001525902	5	5	0	0	0	0	0	0	0	0	0	0	0	0	0	0	12	0	
0	258	-0.4631264	-2.45E-07	259	-0.001525902	5	5	0	0	0	0	0	0	0	0	0	0	0	0	0	0	12	0	
0	259	-0.4634331	-2.45E-07	260	-0.001525902	5	5	0	0	0	0	0	0	0	0	0	0	0	0	0	0	12	0	
0	260	-0.4634331	-2.45E-07	261	-0.001525902	5	5	0	0	0	0	0	0	0	0	0	0	0	0	0	0	12	0	
0	261	-0.4637398	-2.45E-07	262	-0.001525902	5	5	0	0	0	0	0	0	0	0	0	0	0	0	0	0	12	0	
0	262	-0.4637398	-2.45E-07	263	-0.001525902	5	5	0	0	0	0	0	0	0	0	0	0	0	0	0	0	12	0	
0	263	-0.4637398	-2.45E-07	264	-0.001525902	5	5	0	0	0	0	0	0	0	0	0	0	0	0	0	0	12	0	
0	264	-0.4640465	-2.45E-07	265	-0.001525902	5	5	0	0	0	0	0	0	0	0	0	0	0	0	0	0	12	0	
0	265	-0.4640465	-2.45E-07	266	-0.001525902	5	5	0	0	0	0	0	0	0	0	0	0	0	0	0	0	12	0	
0	266	-0.4640465	-2.45E-07	267	-0.001525902	5	5	0	0	0	0	0	0	0	0	0	0	0	0	0	0	12	0	
0	267	-0.4643532	-2.45E-07	268	-0.001525902	5	5	0	0	0	0	0	0	0	0	0	0	0	0	0	0	12	0	
0	268	-0.4643532	-2.45E-07	269	-0.001525902	5	5	0	0	0	0	0	0	0	0	0	0	0	0	0	0	12	0	
0	269	-0.4643532	-2.45E-07	270	-0.001525902	5	5	0	0	0	0	0	0	0	0	0	0	0	0	0	0	12	0	
0	270	-0.4646599	-2.45E-07	271	-0.001525902	5	5	0	0	0	0	0	0	0	0	0	0	0	0	0	0	12	0	
0	271	-0.4646599	-3.07E-07	272	-0.001525902	5	5	0	0	0	0	0	0	0	0	0	0	0	0	0	0	12	0	
0	272	-0.4649666	-2.45E-07	273	-0.001525902	5	261	0	0	0	0	0	0	0	0	0	0	0	0	0	0	12	0	
0	273	-0.4649666	-2.45E-07	274	-0.001525902	5	5	0	0	0	0	0	0	0	0	0	0	0	0	0	0	12	0	
0	274	-0.4649666	-2.45E-07	275	-0.001525902	5	5	0	0	0	0	0	0	0	0	0	0	0	0	0	0	12	0	
0	275	-0.4652734	-2.45E-07	276	-0.001525902	5	5	0	0	0	0	0	0	0	0	0	0	0	0	0	0	12	0	
0	276	-0.4652734	-2.45E-07	277	-0.001525902	5	5	0	0	0	0	0	0	0	0	0	0	0	0	0	0	12	0	
0	277	-0.4652734	-2.45E-07	278	-0.001525902	5	5	0	0	0	0	0	0	0	0	0	0	0	0	0	0	12	0	
0	278	-0.46558	-2.45E-07	279	-0.001525902	5	5	0	0	0	0	0	0	0	0	0	0	0	0	0	0	12	0	
0	279	-0.46558	-2.45E-07	280	-0.001525902	5	5	0	0	0	0	0	0	0	0	0	0	0	0	0	0	12	0	
0	280	-0.4658867	-2.45E-07	281	-0.001525902	5	5	0	0	0	0	0	0	0	0	0	0	0	0	0	0	12	0	
0	281	-0.4658867	-2.45E-07	282	-0.001525902	5	5	0	0	0	0	0	0	0	0	0	0	0	0	0	0	12	0	
0	282	-0.4658867	-2.45E-07	283	-0.001525902	5	5	0	0	0	0	0	0	0	0	0	0	0	0	0	0	12	0	
0	283	-0.4661935	-2.45E-07	284	-0.001525902	5	5	0	0	0	0	0	0	0	0	0	0	0	0	0	0	12	0	
0	284	-0.4661935	-2.45E-07	285	-0.001525902	5	5	0	0	0	0	0	0	0	0	0	0	0	0	0	0	12	0	
0	285	-0.4661935	-2.45E-07	286	-0.001525902	5	5	0	0	0	0	0	0	0	0	0	0	0	0	0	0	12	0	
0	286	-0.4665002	-2.45E-07	287	-0.001525902	5	5	0	0	0	0	0	0	0	0	0	0	0	0	0	0	12	0	
0	287	-0.4665002	-2.45E-07	288	-0.001525902	5	5	0	0	0	0	0	0	0	0	0	0	0	0	0	0	12	0	
0	288	-0.4668069	-2.45E-07	289	-0.001525902	5	5	0	0	0	0	0	0	0	0	0	0	0	0	0	0	12	0	
0	289	-0.4668069	-2.45E-07	290	-0.001525902	5	5	0	0	0	0	0	0	0	0	0	0	0	0	0	0	12	0	
0	290	-0.4668069	-3.07E-07	291	-0.001525902	5	5	0	0	0	0	0	0	0	0	0	0	0	0	0	0	12	0	
0	291	-0.4668069	-2.45E-07	292	-0.001525902	5	5	0	0	0	0	0	0	0	0	0	0	0	0	0	0	12	0	
0	292	-0.4671136	-2.45E-07	293	-0.001525902	5	5	0	0	0	0	0	0	0	0	0	0	0	0	0	0	12	0	
0	293	-0.4671136	-2.45E-07	294	-0.001525902	5	5	0	0	0	0	0	0	0	0	0	0	0	0	0	0	12	0	
0	294	-0.4674203	-2.45E-07	295	-0.001525902	5	5	0	0	0	0	0	0	0	0	0	0	0	0	0	0	12	0	
0	295	-0.4674203	-2.45E-07	296	-0.001525902	5	5	0	0	0	0	0	0	0	0	0	0	0	0	0	0	12	0	
0	296	-0.4674203	-2.45E-07	297	-0.001525902	5	5	0	0	0	0	0	0	0	0	0	0	0	0	0	0	12	0	
0	297	-0.467727	-2.45E-07	298	-0.001525902	5	5	0	0	0	0	0	0	0	0	0	0	0	0	0	0	12	0	
0	298	-0.467727	-2.45E-07	299	-0.001525902	5	5	0	0	0	0	0	0	0	0	0	0	0	0	0	0	12	0	
0	299	-0.467727	-2.45E-07	300	-0.001525902	5	5	0	0	0	0	0	0	0	0	0	0	0	0	0	0	12	0	
0	300	-0.4680337	-2.45E-07	301	-0.001525902	5	5	0	0	0	0	0	0	0	0	0	0	0	0	0	0	12	0	
0	301	-0.4680337	-2.45E-07	302	-0.001525902	5	5	0	0	0	0	0	0	0	0	0	0	0	0	0	0	12	0	
0	302	-0.4683404	-2.45E-07	303	-0.001525902	5	5	0	0	0	0	0	0	0	0	0	0	0	0	0	0	12	0	
0	303	-0.4683404	-2.45E-07	304	-0.001525902	5	5	0	0	0	0	0	0	0	0	0	0	0	0	0	0	12	0	
0	304	-0.4683404	-2.45E-07	305	-0.001525902	5	5	0	0	0	0	0	0	0	0	0	0	0	0	0	0	12	0	
0	305	-0.4686471	-2.45E-07	306	-0.001525902	5	5	0	0	0	0	0	0	0	0	0	0	0	0	0	0	12	0	
0	306	-0.4686471	-2.45E-07	307	-0.001525902	5	261	0	0	0	0	0	0	0	0	0	0	0	0	0	0	12	0	
0	307	-0.4686471	-2.45E-07	308	-0.001525902	5	5	0	0	0	0	0	0	0	0	0	0	0	0	0	0	12	0	
0	308	-0.4689538	-2.45E-07	309	-0.001525902	5	5	0	0	0	0	0	0	0	0	0	0	0	0	0	0	12	0	
0	309	-0.4689538	-2.45E-07	310	-0.001525902	5	5	0	0	0	0	0	0	0	0	0	0	0	0	0	0	12	0	
0	310	-0.4689538	-2.45E-07	311	-0.001525902	5	261	0	0	0	0	0	0	0	0	0	0	0	0	0	0	12	0	
0	311	-0.4689538	-2.45E-07	312	-0.001525902	5	261	0	0	0	0	0	0	0	0	0	0	0	0	0	0	12	0	
0	312	-0.4692605	-2.45E-07	313	-0.001525902	5	5	0	0	0	0	0	0	0	0	0	0	0	0	0	0	12	0	
0	313	-0.4692605	-2.45E-07	314	-0.001525902	5	5	0	0	0	0	0	0	0	0	0	0	0	0	0	0	12	0	
0	314	-0.4692605	-2.45E-07	315	-0.001525902	5	5	0	0	0	0	0	0	0	0	0	0	0	0	0	0	12	0	
0	315	-0.4695672	-2.45E-07	316	-0.001525902	5	5	0	0	0	0	0	0	0	0	0	0	0	0	0	0	12	0	
0	316	-0.4695672	-2.45E-07	317	-0.001525902	5	5	0	0	0	0	0	0	0	0	0	0	0	0	0	0	12	0	
0	317	-0.4695672	-2.45E-07	318	-0.001525902	5	5	0	0	0	0	0	0	0	0	0	0	0	0	0	0	12	0	
0	318	-0.4698739	-2.45E-07	319	-0.001525902	5	5	0	0	0	0	0	0	0	0	0	0	0	0	0	0	12	0	
0	319	-0.4698739	-2.45E-07	320	-0.001525902	5	5	0	0	0	0	0	0	0	0	0	0	0	0	0	0	12	0	
0	320	-0.4698739	-2.45E-07	321	-0.001525902	5	5	0	0	0	0	0	0	0	0	0	0	0	0	0	0	12	0	
0	321	-0.4701806	-2.45E-07	322	-0.001525902	5	5	0	0	0	0	0	0	0	0	0	0	0	0	0	0	12	0	
0	322	-0.4701806	-2.45E-07	323	-0.001525902	5	5	0	0	0	0	0	0	0	0	0	0	0	0	0	0	12	0	
0	323	-0.4701806	-2.45E-07	324	-0.001525902	5	5	0	0	0	0	0	0	0	0	0	0	0	0	0	0	12	0	
0	324	-0.4704874	-2.45E-07	325	-0.001525902	5	5	0	0	0	0	0	0	0	0	0	0	0	0	0	0	12	0	
0	325	-0.4704874	-2.45E-07	326	-0.001525902	5	5	0	0	0	0	0	0	0	0	0	0	0	0	0	0	12	0	
0	326	-0.4704874	-2.45E-07	327	-0.001525902	5	5	0	0	0	0	0	0	0	0	0	0	0	0	0	0	12	0	
0	327	-0.4704874	-2.45E-07	328	-0.001525902	5	5	0	0	0	0	0	0	0	0	0	0	0	0	0	0	12	0	
0	328	-0.4707941	-2.45E-07	329	-0.001525902	5	5	0	0	0	0	0	0	0	0	0	0	0	0	0	0	12	0	
0	329	-0.4707941	-2.45E-07	330	-0.001525902	5	5	0	0	0	0	0	0	0	0	0	0	0	0	0	0	12	0	
0	330	-0.4707941	-2.45E-07	331	-0.001525902	5	5	0	0	0	0	0	0	0	0	0	0	0	0	0	0	12	0	
0	331	-0.4711008	-2.45E-07	332	-0.001525902	5	5	0	0	0	0	0	0	0	0	0	0	0	0	0	0	12	0	
0	332	-0.4711008	-2.45E-07	333	-0.001525902	5	5	0	0	0	0	0	0	0	0	0	0	0	0	0	0	12	0	
0	333	-0.4711008	-2.45E-07	334	-0.001525902	5	5	0	0	0	0	0	0	0	0	0	0	0	0	0	0	12	0	
0	334	-0.4714075	-2.45E-07	335	-0.001525902	5	5	0	0	0	0	0	0	0	0	0	0	0	0	0	0	12	0	
0	335	-0.4714075	-2.45E-07	336	-0.001525902	5	5	0	0	0	0	0	0	0	0	0	0	0	0	0	0	12	0	
0	336	-0.4714075	-2.45E-07	337	-0.001525902	5	5	0	0	0	0	0	0	0	0	0	0	0	0	0	0	12	0	
0	337	-0.4717142	-2.45E-07	338	-0.001525902	5	5	0	0	0	0	0	0	0	0	0	0	0	0	0	0	12	0	
0	338	-0.4717142	-2.45E-07	339	-0.001525902	5	5	0	0	0	0	0	0	0	0	0	0	0	0	0	0	12	0	
0	339	-0.4717142	-2.45E-07	340	-0.001525902	5	5	0	0	0	0	0	0	0	0	0	0	0	0	0	0	12	0	
0	340	-0.4717142	-2.45E-07	341	-0.001525902	5	5	0	0	0	0	0	0	0	0	0	0	0	0	0	0	12	0	
0	341	-0.4717142	-2.45E-07	342	-0.001525902	5	5	0	0	0	0	0	0	0	0	0	0	0	0	0	0	12	0	
0	342	-0.4720209	-2.45E-07	343	-0.001525902	5	5	0	0	0	0	0	0	0	0	0	0	0	0	0	0	12	0	
0	343	-0.4720209	-2.45E-07	344	-0.001525902	5	5	0	0	0	0	0	0	0	0	0	0	0	0	0	0	12	0	
0	344	-0.4723276	-2.45E-07	345	-0.001525902	5	261	0	0	0	0	0	0	0	0	0	0	0	0	0	0	12	0	
0	345	-0.4723276	-2.45E-07	346	-0.001525902	5	5	0	0	0	0	0	0	0	0	0	0	0	0	0	0	12	0	
0	346	-0.4723276	-2.45E-07	347	-0.001525902	5	5	0	0	0	0	0	0	0	0	0	0	0	0	0	0	12	0	
0	347	-0.4723276	-2.45E-07	348	-0.001525902	5	5	0	0	0	0	0	0	0	0	0	0	0	0	0	0	12	0	
0	348	-0.4726343	-2.45E-07	349	-0.001525902	5	5	0	0	0	0	0	0	0	0	0	0	0	0	0	0	12	0	
0	349	-0.4726343	-2.45E-07	350	-0.001525902	5	5	0	0	0	0	0	0	0	0	0	0	0	0	0	0	12	0	
0	350	-0.4726343	-2.45E-07	351	-0.001525902	5	5	0	0	0	0	0	0	0	0	0	0	0	0	0	0	12	0	
0	351	-0.4726343	-2.45E-07	352	-0.001525902	5	5	0	0	0	0	0	0	0	0	0	0	0	0	0	0	12	0	
0	352	-0.472941	-2.45E-07	353	-0.001525902	5	5	0	0	0	0	0	0	0	0	0	0	0	0	0	0	12	0	
0	353	-0.472941	-2.45E-07	354	-0.001525902	5	5	0	0	0	0	0	0	0	0	0	0	0	0	0	0	12	0	
0	354	-0.4732477	-2.45E-07	355	-0.001525902	5	5	0	0	0	0	0	0	0	0	0	0	0	0	0	0	12	0	
0	355	-0.4732477	-2.45E-07	356	-0.001525902	5	5	0	0	0	0	0	0	0	0	0	0	0	0	0	0	12	0	
0	356	-0.4732477	-2.45E-07	357	-0.001525902	5	5	0	0	0	0	0	0	0	0	0	0	0	0	0	0	12	0	
0	357	-0.4732477	-2.45E-07	358	-0.001525902	5	5	0	0	0	0	0	0	0	0	0	0	0	0	0	0	12	0	
0	358	-0.4732477	-2.45E-07	359	-0.001525902	5	5	0	0	0	0	0	0	0	0	0	0	0	0	0	0	12	0	
0	359	-0.4735544	-2.45E-07	360	-0.001525902	5	5	0	0	0	0	0	0	0	0	0	0	0	0	0	0	12	0	
0	360	-0.4735544	-2.45E-07	361	-0.001525902	5	5	0	0	0	0	0	0	0	0	0	0	0	0	0	0	12	0	
0	361	-0.4735544	-2.45E-07	362	-0.001525902	5	5	0	0	0	0	0	0	0	0	0	0	0	0	0	0	12	0	
0	362	-0.4735544	-2.45E-07	363	-0.001525902	5	5	0	0	0	0	0	0	0	0	0	0	0	0	0	0	12	0	
0	363	-0.4738611	-2.45E-07	364	-0.001525902	5	5	0	0	0	0	0	0	0	0	0	0	0	0	0	0	12	0	
0	364	-0.4738611	-2.45E-07	365	-0.001525902	5	5	0	0	0	0	0	0	0	0	0	0	0	0	0	0	12	0	
0	365	-0.4738611	-2.45E-07	366	-0.001525902	5	5	0	0	0	0	0	0	0	0	0	0	0	0	0	0	12	0	
0	366	-0.4738611	-2.45E-07	367	-0.001525902	5	5	0	0	0	0	0	0	0	0	0	0	0	0	0	0	12	0	
0	367	-0.4741678	-2.45E-07	368	-0.001525902	5	5	0	0	0	0	0	0	0	0	0	0	0	0	0	0	12	0	
0	368	-0.4741678	-2.45E-07	369	-0.001525902	5	5	0	0	0	0	0	0	0	0	0	0	0	0	0	0	12	0	
0	369	-0.4741678	-2.45E-07	370	-0.001525902	5	5	0	0	0	0	0	0	0	0	0	0	0	0	0	0	12	0	
0	370	-0.4744745	-2.45E-07	371	-0.001525902	5	5	0	0	0	0	0	0	0	0	0	0	0	0	0	0	12	0	
0	371	-0.4744745	-2.45E-07	372	-0.001525902	5	5	0	0	0	0	0	0	0	0	0	0	0	0	0	0	12	0	
0	372	-0.4744745	-2.45E-07	373	-0.001525902	5	5	0	0	0	0	0	0	0	0	0	0	0	0	0	0	12	0	
0	373	-0.4744745	-2.45E-07	374	-0.001525902	5	5	0	0	0	0	0	0	0	0	0	0	0	0	0	0	12	0	
0	374	-0.4747812	-2.45E-07	375	-0.001525902	5	5	0	0	0	0	0	0	0	0	0	0	0	0	0	0	12	0	
0	375	-0.4747812	-2.45E-07	376	-0.001525902	5	5	0	0	0	0	0	0	0	0	0	0	0	0	0	0	12	0	
0	376	-0.4747812	-2.45E-07	377	-0.001525902	5	5	0	0	0	0	0	0	0	0	0	0	0	0	0	0	12	0	
0	377	-0.4750879	-2.45E-07	378	-0.001525902	5	5	0	0	0	0	0	0	0	0	0	0	0	0	0	0	12	0	
0	378	-0.4750879	-2.45E-07	379	-0.001525902	5	5	0	0	0	0	0	0	0	0	0	0	0	0	0	0	12	0	
0	379	-0.4750879	-2.45E-07	380	-0.001525902	5	5	0	0	0	0	0	0	0	0	0	0	0	0	0	0	12	0	
0	380	-0.4750879	-2.45E-07	381	-0.001525902	5	5	0	0	0	0	0	0	0	0	0	0	0	0	0	0	12	0	
0	381	-0.4753947	-2.45E-07	382	-0.001525902	5	5	0	0	0	0	0	0	0	0	0	0	0	0	0	0	12	0	
0	382	-0.4753947	-2.45E-07	383	-0.001525902	5	5	0	0	0	0	0	0	0	0	0	0	0	0	0	0	12	0	
0	383	-0.4753947	-2.45E-07	384	-0.001525902	5	5	0	0	0	0	0	0	0	0	0	0	0	0	0	0	12	0	
0	384	-0.4753947	-2.45E-07	385	-0.001525902	5	5	0	0	0	0	0	0	0	0	0	0	0	0	0	0	12	0	
0	385	-0.4757014	-2.45E-07	386	-0.001525902	5	5	0	0	0	0	0	0	0	0	0	0	0	0	0	0	12	0	
0	386	-0.4757014	-2.45E-07	387	-0.001525902	5	5	0	0	0	0	0	0	0	0	0	0	0	0	0	0	12	0	
0	387	-0.4757014	-2.45E-07	388	-0.001525902	5	5	0	0	0	0	0	0	0	0	0	0	0	0	0	0	12	0	
0	388	-0.4757014	-2.45E-07	389	-0.001525902	5	5	0	0	0	0	0	0	0	0	0	0	0	0	0	0	12	0	
0	389	-0.4760081	-2.45E-07	390	-0.001525902	5	5	0	0	0	0	0	0	0	0	0	0	0	0	0	0	12	0	
0	390	-0.4760081	-2.45E-07	391	-0.001525902	5	5	0	0	0	0	0	0	0	0	0	0	0	0	0	0	12	0	
0	391	-0.4760081	-2.45E-07	392	-0.001525902	5	5	0	0	0	0	0	0	0	0	0	0	0	0	0	0	12	0	
0	392	-0.4760081	-2.45E-07	393	-0.001525902	5	5	0	0	0	0	0	0	0	0	0	0	0	0	0	0	12	0	
0	393	-0.4760081	-2.45E-07	394	-0.001525902	5	5	0	0	0	0	0	0	0	0	0	0	0	0	0	0	12	0	
0	394	-0.4763148	-2.45E-07	395	-0.001525902	5	5	0	0	0	0	0	0	0	0	0	0	0	0	0	0	12	0	
0	395	-0.4763148	-2.45E-07	396	-0.001525902	5	5	0	0	0	0	0	0	0	0	0	0	0	0	0	0	12	0	
0	396	-0.4763148	-2.45E-07	397	-0.001525902	5	5	0	0	0	0	0	0	0	0	0	0	0	0	0	0	12	0	
0	397	-0.4763148	-2.45E-07	398	-0.001525902	5	5	0	0	0	0	0	0	0	0	0	0	0	0	0	0	12	0	
0	398	-0.4763148	-2.45E-07	399	-0.001525902	5	5	0	0	0	0	0	0	0	0	0	0	0	0	0	0	12	0	
0	399	-0.4766215	-2.45E-07	400	-0.001525902	5	5	0	0	0	0	0	0	0	0	0	0	0	0	0	0	12	0	
0	400	-0.4766215	-2.45E-07	401	-0.001525902	5	5	0	0	0	0	0	0	0	0	0	0	0	0	0	0	12	0	
0	401	-0.4766215	-2.45E-07	402	-0.001525902	5	5	0	0	0	0	0	0	0	0	0	0	0	0	0	0	12	0	
0	402	-0.4769282	-2.45E-07	403	-0.001525902	5	5	0	0	0	0	0	0	0	0	0	0	0	0	0	0	12	0	
0	403	-0.4769282	-2.45E-07	404	-0.001525902	5	5	0	0	0	0	0	0	0	0	0	0	0	0	0	0	12	0	
0	404	-0.4769282	-2.45E-07	405	-0.001525902	5	5	0	0	0	0	0	0	0	0	0	0	0	0	0	0	12	0	
0	405	-0.4772349	-2.45E-07	406	-0.001525902	5	5	0	0	0	0	0	0	0	0	0	0	0	0	0	0	12	0	
0	406	-0.4769282	-2.45E-07	407	-0.001525902	5	5	0	0	0	0	0	0	0	0	0	0	0	0	0	0	12	0	
0	407	-0.4772349	-2.45E-07	408	-0.001525902	5	5	0	0	0	0	0	0	0	0	0	0	0	0	0	0	12	0	
0	408	-0.4772349	-2.45E-07	409	-0.001525902	5	5	0	0	0	0	0	0	0	0	0	0	0	0	0	0	12	0	
0	409	-0.4772349	-2.45E-07	410	-0.001525902	5	5	0	0	0	0	0	0	0	0	0	0	0	0	0	0	12	0	
0	410	-0.4775416	-2.45E-07	411	-0.001525902	5	5	0	0	0	0	0	0	0	0	0	0	0	0	0	0	12	0	
0	411	-0.4775416	-2.45E-07	412	-0.001525902	5	5	0	0	0	0	0	0	0	0	0	0	0	0	0	0	12	0	
0	412	-0.4775416	-2.45E-07	413	-0.001525902	5	5	0	0	0	0	0	0	0	0	0	0	0	0	0	0	12	0	
0	413	-0.4775416	-2.45E-07	414	-0.001525902	5	5	0	0	0	0	0	0	0	0	0	0	0	0	0	0	12	0	
0	414	-0.4778483	-2.45E-07	415	-0.001525902	5	5	0	0	0	0	0	0	0	0	0	0	0	0	0	0	12	0	
0	415	-0.4778483	-2.45E-07	416	-0.001525902	5	5	0	0	0	0	0	0	0	0	0	0	0	0	0	0	12	0	
0	416	-0.4778483	-2.45E-07	417	-0.001525902	5	5	0	0	0	0	0	0	0	0	0	0	0	0	0	0	12	0	
0	417	-0.4778483	-2.45E-07	418	-0.001525902	5	5	0	0	0	0	0	0	0	0	0	0	0	0	0	0	12	0	
0	418	-0.4778483	-2.45E-07	419	-0.001525902	5	5	0	0	0	0	0	0	0	0	0	0	0	0	0	0	12	0	
0	419	-0.478155	-2.45E-07	420	-0.001525902	5	5	0	0	0	0	0	0	0	0	0	0	0	0	0	0	12	0	
0	420	-0.478155	-2.45E-07	421	-0.001525902	5	5	0	0	0	0	0	0	0	0	0	0	0	0	0	0	12	0	
0	421	-0.478155	-2.45E-07	422	-0.001525902	5	5	0	0	0	0	0	0	0	0	0	0	0	0	0	0	12	0	
0	422	-0.4784617	-2.45E-07	423	-0.001525902	5	5	0	0	0	0	0	0	0	0	0	0	0	0	0	0	12	0	
0	423	-0.4784617	-2.45E-07	424	-0.001525902	5	5	0	0	0	0	0	0	0	0	0	0	0	0	0	0	12	0	
0	424	-0.4784617	-2.45E-07	425	-0.001525902	5	5	0	0	0	0	0	0	0	0	0	0	0	0	0	0	12	0	
0	425	-0.4784617	-2.45E-07	426	-0.001525902	5	5	0	0	0	0	0	0	0	0	0	0	0	0	0	0	12	0	
0	426	-0.4784617	-2.45E-07	427	-0.001525902	5	5	0	0	0	0	0	0	0	0	0	0	0	0	0	0	12	0	
0	427	-0.4787684	-2.45E-07	428	-0.001525902	5	5	0	0	0	0	0	0	0	0	0	0	0	0	0	0	12	0	
0	428	-0.4787684	-2.45E-07	429	-0.001525902	5	5	0	0	0	0	0	0	0	0	0	0	0	0	0	0	12	0	
0	429	-0.4787684	-2.45E-07	430	-0.001525902	5	5	0	0	0	0	0	0	0	0	0	0	0	0	0	0	12	0	
0	430	-0.4787684	-2.45E-07	431	-0.001525902	5	5	0	0	0	0	0	0	0	0	0	0	0	0	0	0	12	0	
0	431	-0.4787684	-2.45E-07	432	-0.001525902	5	5	0	0	0	0	0	0	0	0	0	0	0	0	0	0	12	0	
0	432	-0.4790751	-2.45E-07	433	-0.001525902	5	5	0	0	0	0	0	0	0	0	0	0	0	0	0	0	12	0	
0	433	-0.4790751	-2.45E-07	434	-0.001525902	5	5	0	0	0	0	0	0	0	0	0	0	0	0	0	0	12	0	
0	434	-0.4790751	-2.45E-07	435	-0.001525902	5	5	0	0	0	0	0	0	0	0	0	0	0	0	0	0	12	0	
0	435	-0.4790751	-2.45E-07	436	-0.001525902	5	5	0	0	0	0	0	0	0	0	0	0	0	0	0	0	12	0	
0	436	-0.4790751	-2.45E-07	437	-0.001525902	5	5	0	0	0	0	0	0	0	0	0	0	0	0	0	0	12	0	
0	437	-0.4793818	-2.45E-07	438	-0.001525902	5	5	0	0	0	0	0	0	0	0	0	0	0	0	0	0	12	0	
0	438	-0.4793818	-2.45E-07	439	-0.001525902	5	5	0	0	0	0	0	0	0	0	0	0	0	0	0	0	12	0	
0	439	-0.4793818	-2.45E-07	440	-0.001525902	5	5	0	0	0	0	0	0	0	0	0	0	0	0	0	0	12	0	
0	440	-0.4793818	-2.45E-07	441	-0.001525902	5	5	0	0	0	0	0	0	0	0	0	0	0	0	0	0	12	0	
0	441	-0.4796886	-2.45E-07	442	-0.001525902	5	5	0	0	0	0	0	0	0	0	0	0	0	0	0	0	12	0	
0	442	-0.4796886	-2.45E-07	443	-0.001525902	5	5	0	0	0	0	0	0	0	0	0	0	0	0	0	0	12	0	
0	443	-0.4796886	-3.07E-07	444	-0.001525902	5	5	0	0	0	0	0	0	0	0	0	0	0	0	0	0	12	0	
0	444	-0.4796886	-2.45E-07	445	-0.001525902	5	5	0	0	0	0	0	0	0	0	0	0	0	0	0	0	12	0	
0	445	-0.4799953	-2.45E-07	446	-0.001525902	5	5	0	0	0	0	0	0	0	0	0	0	0	0	0	0	12	0	
0	446	-0.4799953	-2.45E-07	447	-0.001525902	5	5	0	0	0	0	0	0	0	0	0	0	0	0	0	0	12	0	
0	447	-0.4799953	-2.45E-07	448	-0.001525902	5	5	0	0	0	0	0	0	0	0	0	0	0	0	0	0	12	0	
0	448	-0.4799953	-2.45E-07	449	-0.001525902	5	5	0	0	0	0	0	0	0	0	0	0	0	0	0	0	12	0	
0	449	-0.4799953	-2.45E-07	450	-0.001525902	5	5	0	0	0	0	0	0	0	0	0	0	0	0	0	0	12	0	
0	450	-0.4803019	-2.45E-07	451	-0.001525902	5	5	0	0	0	0	0	0	0	0	0	0	0	0	0	0	12	0	
0	451	-0.4803019	-2.45E-07	452	-0.001525902	5	5	0	0	0	0	0	0	0	0	0	0	0	0	0	0	12	0	
0	452	-0.4803019	-2.45E-07	453	-0.001525902	5	5	0	0	0	0	0	0	0	0	0	0	0	0	0	0	12	0	
0	453	-0.4803019	-2.45E-07	454	-0.001525902	5	5	0	0	0	0	0	0	0	0	0	0	0	0	0	0	12	0	
0	454	-0.4806087	-2.45E-07	455	-0.001525902	5	5	0	0	0	0	0	0	0	0	0	0	0	0	0	0	12	0	
0	455	-0.4806087	-3.07E-07	456	-0.001525902	5	5	0	0	0	0	0	0	0	0	0	0	0	0	0	0	12	0	
0	456	-0.4806087	-2.45E-07	457	-0.001525902	5	5	0	0	0	0	0	0	0	0	0	0	0	0	0	0	12	0	
0	457	-0.4806087	-2.45E-07	458	-0.001525902	5	5	0	0	0	0	0	0	0	0	0	0	0	0	0	0	12	0	
0	458	-0.4806087	-2.45E-07	459	-0.001525902	5	5	0	0	0	0	0	0	0	0	0	0	0	0	0	0	12	0	
0	459	-0.4806087	-2.45E-07	460	-0.001525902	5	5	0	0	0	0	0	0	0	0	0	0	0	0	0	0	12	0	
0	460	-0.4809154	-2.45E-07	461	-0.001525902	5	5	0	0	0	0	0	0	0	0	0	0	0	0	0	0	12	0	
0	461	-0.4809154	-2.45E-07	462	-0.001525902	5	5	0	0	0	0	0	0	0	0	0	0	0	0	0	0	12	0	
0	462	-0.4809154	-2.45E-07	463	-0.001525902	5	5	0	0	0	0	0	0	0	0	0	0	0	0	0	0	12	0	
0	463	-0.4809154	-2.45E-07	464	-0.001525902	5	5	0	0	0	0	0	0	0	0	0	0	0	0	0	0	12	0	
0	464	-0.4812221	-2.45E-07	465	-0.001525902	5	5	0	0	0	0	0	0	0	0	0	0	0	0	0	0	12	0	
0	465	-0.4812221	-2.45E-07	466	-0.001525902	5	5	0	0	0	0	0	0	0	0	0	0	0	0	0	0	12	0	
0	466	-0.4812221	-2.45E-07	467	-0.001525902	5	5	0	0	0	0	0	0	0	0	0	0	0	0	0	0	12	0	
0	467	-0.4812221	-2.45E-07	468	-0.001525902	5	5	0	0	0	0	0	0	0	0	0	0	0	0	0	0	12	0	
0	468	-0.4815288	-2.45E-07	469	-0.001525902	5	5	0	0	0	0	0	0	0	0	0	0	0	0	0	0	12	0	
0	469	-0.4815288	-2.45E-07	470	-0.001525902	5	5	0	0	0	0	0	0	0	0	0	0	0	0	0	0	12	0	
0	470	-0.4815288	-2.45E-07	471	-0.001525902	5	5	0	0	0	0	0	0	0	0	0	0	0	0	0	0	12	0	
0	471	-0.4815288	-2.45E-07	472	-0.001525902	5	5	0	0	0	0	0	0	0	0	0	0	0	0	0	0	12	0	
0	472	-0.4815288	-2.45E-07	473	-0.001525902	5	5	0	0	0	0	0	0	0	0	0	0	0	0	0	0	12	0	
0	473	-0.4815288	-2.45E-07	474	-0.001525902	5	5	0	0	0	0	0	0	0	0	0	0	0	0	0	0	12	0	
0	474	-0.4818355	-2.45E-07	475	-0.001525902	5	5	0	0	0	0	0	0	0	0	0	0	0	0	0	0	12	0	
0	475	-0.4818355	-2.45E-07	476	-0.001525902	5	5	0	0	0	0	0	0	0	0	0	0	0	0	0	0	12	0	
0	476	-0.4818355	-2.45E-07	477	-0.001525902	5	261	0	0	0	0	0	0	0	0	0	0	0	0	0	0	12	0	
0	477	-0.4821422	-2.45E-07	478	-0.001525902	5	5	0	0	0	0	0	0	0	0	0	0	0	0	0	0	12	0	
0	478	-0.4821422	-2.45E-07	479	-0.001525902	5	5	0	0	0	0	0	0	0	0	0	0	0	0	0	0	12	0	
0	479	-0.4821422	-2.45E-07	480	-0.001525902	5	5	0	0	0	0	0	0	0	0	0	0	0	0	0	0	12	0	
0	480	-0.4821422	-2.45E-07	481	-0.001525902	5	5	0	0	0	0	0	0	0	0	0	0	0	0	0	0	12	0	
0	481	-0.4821422	-2.45E-07	482	-0.001525902	5	5	0	0	0	0	0	0	0	0	0	0	0	0	0	0	12	0	
0	482	-0.4821422	-2.45E-07	483	-0.001525902	5	5	0	0	0	0	0	0	0	0	0	0	0	0	0	0	12	0	
0	483	-0.4824489	-2.45E-07	484	-0.001525902	5	5	0	0	0	0	0	0	0	0	0	0	0	0	0	0	12	0	
0	484	-0.4824489	-2.45E-07	485	-0.001525902	5	5	0	0	0	0	0	0	0	0	0	0	0	0	0	0	12	0	
0	485	-0.4824489	-2.45E-07	486	-0.001525902	5	5	0	0	0	0	0	0	0	0	0	0	0	0	0	0	12	0	
0	486	-0.4824489	-2.45E-07	487	-0.001525902	5	5	0	0	0	0	0	0	0	0	0	0	0	0	0	0	12	0	
0	487	-0.4824489	-2.45E-07	488	-0.001525902	5	5	0	0	0	0	0	0	0	0	0	0	0	0	0	0	12	0	
0	488	-0.4827556	-2.45E-07	489	-0.001525902	5	5	0	0	0	0	0	0	0	0	0	0	0	0	0	0	12	0	
0	489	-0.4827556	-2.45E-07	490	-0.001525902	5	5	0	0	0	0	0	0	0	0	0	0	0	0	0	0	12	0	
0	490	-0.4827556	-2.45E-07	491	-0.001525902	5	5	0	0	0	0	0	0	0	0	0	0	0	0	0	0	12	0	
0	491	-0.4827556	-2.45E-07	492	-0.001525902	5	5	0	0	0	0	0	0	0	0	0	0	0	0	0	0	12	0	
0	492	-0.4830623	-2.45E-07	493	-0.001525902	5	5	0	0	0	0	0	0	0	0	0	0	0	0	0	0	12	0	
0	493	-0.4830623	-2.45E-07	494	-0.001525902	5	5	0	0	0	0	0	0	0	0	0	0	0	0	0	0	12	0	
0	494	-0.4830623	-2.45E-07	495	-0.001525902	5	5	0	0	0	0	0	0	0	0	0	0	0	0	0	0	12	0	
0	495	-0.4830623	-2.45E-07	496	-0.001525902	5	5	0	0	0	0	0	0	0	0	0	0	0	0	0	0	12	0	
0	496	-0.4830623	-2.45E-07	497	-0.001525902	5	5	0	0	0	0	0	0	0	0	0	0	0	0	0	0	12	0	
0	497	-0.483369	-2.45E-07	498	-0.001525902	5	5	0	0	0	0	0	0	0	0	0	0	0	0	0	0	12	0	
0	498	-0.4830623	-2.45E-07	499	-0.001525902	5	5	0	0	0	0	0	0	0	0	0	0	0	0	0	0	12	0	
0	499	-0.483369	-2.45E-07	500	-0.001525902	5	5	0	0	0	0	0	0	0	0	0	0	0	0	0	0	12	0	
0	500	-0.483369	-2.45E-07	501	-0.001525902	5	5	0	0	0	0	0	0	0	0	0	0	0	0	0	0	12	0	
0	501	-0.483369	-2.45E-07	502	-0.001525902	5	5	0	0	0	0	0	0	0	0	0	0	0	0	0	0	12	0	
0	502	-0.483369	-2.45E-07	503	-0.001525902	5	5	0	0	0	0	0	0	0	0	0	0	0	0	0	0	12	0	
0	503	-0.483369	-2.45E-07	504	-0.001525902	5	5	0	0	0	0	0	0	0	0	0	0	0	0	0	0	12	0	
0	504	-0.4836757	-2.45E-07	505	-0.001525902	5	5	0	0	0	0	0	0	0	0	0	0	0	0	0	0	12	0	
0	505	-0.4836757	-2.45E-07	506	-0.001525902	5	5	0	0	0	0	0	0	0	0	0	0	0	0	0	0	12	0	
0	506	-0.4836757	-2.45E-07	507	-0.001525902	5	5	0	0	0	0	0	0	0	0	0	0	0	0	0	0	12	0	
0	507	-0.4836757	-2.45E-07	508	-0.001525902	5	5	0	0	0	0	0	0	0	0	0	0	0	0	0	0	12	0	
0	508	-0.4836757	-2.45E-07	509	-0.001525902	5	5	0	0	0	0	0	0	0	0	0	0	0	0	0	0	12	0	
0	509	-0.4839824	-2.45E-07	510	-0.001525902	5	5	0	0	0	0	0	0	0	0	0	0	0	0	0	0	12	0	
0	510	-0.4839824	-2.45E-07	511	-0.001525902	5	5	0	0	0	0	0	0	0	0	0	0	0	0	0	0	12	0	
0	511	-0.4839824	-2.45E-07	512	-0.001525902	5	5	0	0	0	0	0	0	0	0	0	0	0	0	0	0	12	0	
0	512	-0.4839824	-2.45E-07	513	-0.001525902	5	5	0	0	0	0	0	0	0	0	0	0	0	0	0	0	12	0	
0	513	-0.4839824	-2.45E-07	514	-0.001525902	5	5	0	0	0	0	0	0	0	0	0	0	0	0	0	0	12	0	
0	514	-0.4842891	-2.45E-07	515	-0.001525902	5	5	0	0	0	0	0	0	0	0	0	0	0	0	0	0	12	0	
0	515	-0.4842891	-2.45E-07	516	-0.001525902	5	5	0	0	0	0	0	0	0	0	0	0	0	0	0	0	12	0	
0	516	-0.4842891	-2.45E-07	517	-0.001525902	5	5	0	0	0	0	0	0	0	0	0	0	0	0	0	0	12	0	
0	517	-0.4845958	-2.45E-07	518	-0.001525902	5	5	0	0	0	0	0	0	0	0	0	0	0	0	0	0	12	0	
0	518	-0.4845958	-2.45E-07	519	-0.001525902	5	5	0	0	0	0	0	0	0	0	0	0	0	0	0	0	12	0	
0	519	-0.4845958	-2.45E-07	520	-0.001525902	5	5	0	0	0	0	0	0	0	0	0	0	0	0	0	0	12	0	
0	520	-0.4845958	-2.45E-07	521	-0.001525902	5	5	0	0	0	0	0	0	0	0	0	0	0	0	0	0	12	0	
0	521	-0.4845958	-2.45E-07	522	-0.001525902	5	5	0	0	0	0	0	0	0	0	0	0	0	0	0	0	12	0	
0	522	-0.4845958	-2.45E-07	523	-0.001525902	5	5	0	0	0	0	0	0	0	0	0	0	0	0	0	0	12	0	
0	523	-0.4849026	-2.45E-07	524	-0.001525902	5	5	0	0	0	0	0	0	0	0	0	0	0	0	0	0	12	0	
0	524	-0.4849026	-2.45E-07	525	-0.001525902	5	5	0	0	0	0	0	0	0	0	0	0	0	0	0	0	12	0	
0	525	-0.4849026	-2.45E-07	526	-0.001525902	5	5	0	0	0	0	0	0	0	0	0	0	0	0	0	0	12	0	
0	526	-0.4849026	-2.45E-07	527	-0.001525902	5	5	0	0	0	0	0	0	0	0	0	0	0	0	0	0	12	0	
0	527	-0.4849026	-2.45E-07	528	-0.001525902	5	5	0	0	0	0	0	0	0	0	0	0	0	0	0	0	12	0	
0	528	-0.4852093	-2.45E-07	529	-0.001525902	5	5	0	0	0	0	0	0	0	0	0	0	0	0	0	0	12	0	
0	529	-0.4852093	-2.45E-07	530	-0.001525902	5	5	0	0	0	0	0	0	0	0	0	0	0	0	0	0	12	0	
0	530	-0.4852093	-2.45E-07	531	-0.001525902	5	5	0	0	0	0	0	0	0	0	0	0	0	0	0	0	12	0	
0	531	-0.4852093	-2.45E-07	532	-0.001525902	5	5	0	0	0	0	0	0	0	0	0	0	0	0	0	0	12	0	
0	532	-0.4852093	-2.45E-07	533	-0.001525902	5	5	0	0	0	0	0	0	0	0	0	0	0	0	0	0	12	0	
0	533	-0.4852093	-2.45E-07	534	-0.001525902	5	5	0	0	0	0	0	0	0	0	0	0	0	0	0	0	12	0	
0	534	-0.485516	-2.45E-07	535	-0.001525902	5	261	0	0	0	0	0	0	0	0	0	0	0	0	0	0	12	0	
0	535	-0.485516	-2.45E-07	536	-0.001525902	5	5	0	0	0	0	0	0	0	0	0	0	0	0	0	0	12	0	
0	536	-0.485516	-2.45E-07	537	-0.001525902	5	5	0	0	0	0	0	0	0	0	0	0	0	0	0	0	12	0	
0	537	-0.485516	-2.45E-07	538	-0.001525902	5	5	0	0	0	0	0	0	0	0	0	0	0	0	0	0	12	0	
0	538	-0.4858227	-2.45E-07	539	-0.001525902	5	5	0	0	0	0	0	0	0	0	0	0	0	0	0	0	12	0	
0	539	-0.4858227	-2.45E-07	540	-0.001525902	5	5	0	0	0	0	0	0	0	0	0	0	0	0	0	0	12	0	
0	540	-0.4858227	-2.45E-07	541	-0.001525902	5	5	0	0	0	0	0	0	0	0	0	0	0	0	0	0	12	0	
0	541	-0.4858227	-2.45E-07	542	-0.001525902	5	5	0	0	0	0	0	0	0	0	0	0	0	0	0	0	12	0	
0	542	-0.4861294	-2.45E-07	543	-0.001525902	5	5	0	0	0	0	0	0	0	0	0	0	0	0	0	0	12	0	
0	543	-0.4861294	-2.45E-07	544	-0.001525902	5	5	0	0	0	0	0	0	0	0	0	0	0	0	0	0	12	0	
0	544	-0.4861294	-2.45E-07	545	-0.001525902	5	5	0	0	0	0	0	0	0	0	0	0	0	0	0	0	12	0	
0	545	-0.4861294	-2.45E-07	546	-0.001525902	5	5	0	0	0	0	0	0	0	0	0	0	0	0	0	0	12	0	
0	546	-0.4861294	-2.45E-07	547	-0.001525902	5	261	0	0	0	0	0	0	0	0	0	0	0	0	0	0	12	0	
0	547	-0.4861294	-2.45E-07	548	-0.001525902	5	5	0	0	0	0	0	0	0	0	0	0	0	0	0	0	12	0	
0	548	-0.4864361	-2.45E-07	549	-0.001525902	5	5	0	0	0	0	0	0	0	0	0	0	0	0	0	0	12	0	
0	549	-0.4864361	-2.45E-07	550	-0.001525902	5	5	0	0	0	0	0	0	0	0	0	0	0	0	0	0	12	0	
0	550	-0.4864361	-2.45E-07	551	-0.001525902	5	5	0	0	0	0	0	0	0	0	0	0	0	0	0	0	12	0	
0	551	-0.4864361	-2.45E-07	552	-0.001525902	5	5	0	0	0	0	0	0	0	0	0	0	0	0	0	0	12	0	
0	552	-0.4864361	-2.45E-07	553	-0.001525902	5	5	0	0	0	0	0	0	0	0	0	0	0	0	0	0	12	0	
0	553	-0.4864361	-2.45E-07	554	-0.001525902	5	5	0	0	0	0	0	0	0	0	0	0	0	0	0	0	12	0	
0	554	-0.4867428	-2.45E-07	555	-0.001525902	5	5	0	0	0	0	0	0	0	0	0	0	0	0	0	0	12	0	
0	555	-0.4867428	-2.45E-07	556	-0.001525902	5	5	0	0	0	0	0	0	0	0	0	0	0	0	0	0	12	0	
0	556	-0.4867428	-2.45E-07	557	-0.001525902	5	5	0	0	0	0	0	0	0	0	0	0	0	0	0	0	12	0	
0	557	-0.4870495	-2.45E-07	558	-0.001525902	5	5	0	0	0	0	0	0	0	0	0	0	0	0	0	0	12	0	
0	558	-0.4870495	-2.45E-07	559	-0.001525902	5	5	0	0	0	0	0	0	0	0	0	0	0	0	0	0	12	0	
0	559	-0.4870495	-2.45E-07	560	-0.001525902	5	5	0	0	0	0	0	0	0	0	0	0	0	0	0	0	12	0	
0	560	-0.4870495	-2.45E-07	561	-0.001525902	5	5	0	0	0	0	0	0	0	0	0	0	0	0	0	0	12	0	
0	561	-0.4870495	-2.45E-07	562	-0.001525902	5	5	0	0	0	0	0	0	0	0	0	0	0	0	0	0	12	0	
0	562	-0.4870495	-2.45E-07	563	-0.001525902	5	5	0	0	0	0	0	0	0	0	0	0	0	0	0	0	12	0	
0	563	-0.4870495	-2.45E-07	564	-0.001525902	5	261	0	0	0	0	0	0	0	0	0	0	0	0	0	0	12	0	
0	564	-0.4873562	-2.45E-07	565	-0.001525902	5	5	0	0	0	0	0	0	0	0	0	0	0	0	0	0	12	0	
0	565	-0.4873562	-2.45E-07	566	-0.001525902	5	5	0	0	0	0	0	0	0	0	0	0	0	0	0	0	12	0	
0	566	-0.4873562	-2.45E-07	567	-0.001525902	5	5	0	0	0	0	0	0	0	0	0	0	0	0	0	0	12	0	
0	567	-0.4873562	-2.45E-07	568	-0.001525902	5	5	0	0	0	0	0	0	0	0	0	0	0	0	0	0	12	0	
0	568	-0.4873562	-2.45E-07	569	-0.001525902	5	5	0	0	0	0	0	0	0	0	0	0	0	0	0	0	12	0	
0	569	-0.4876629	-2.45E-07	570	-0.001525902	5	5	0	0	0	0	0	0	0	0	0	0	0	0	0	0	12	0	
0	570	-0.4876629	-2.45E-07	571	-0.001525902	5	5	0	0	0	0	0	0	0	0	0	0	0	0	0	0	12	0	
0	571	-0.4876629	-2.45E-07	572	-0.001525902	5	5	0	0	0	0	0	0	0	0	0	0	0	0	0	0	12	0	
0	572	-0.4876629	-2.45E-07	573	-0.001525902	5	5	0	0	0	0	0	0	0	0	0	0	0	0	0	0	12	0	
0	573	-0.4876629	-2.45E-07	574	-0.001525902	5	5	0	0	0	0	0	0	0	0	0	0	0	0	0	0	12	0	
0	574	-0.4876629	-2.45E-07	575	-0.001525902	5	5	0	0	0	0	0	0	0	0	0	0	0	0	0	0	12	0	
0	575	-0.4876629	-2.45E-07	576	-0.001525902	5	5	0	0	0	0	0	0	0	0	0	0	0	0	0	0	12	0	
0	576	-0.4879696	-2.45E-07	577	-0.001525902	5	5	0	0	0	0	0	0	0	0	0	0	0	0	0	0	12	0	
0	577	-0.4879696	-2.45E-07	578	-0.001525902	5	5	0	0	0	0	0	0	0	0	0	0	0	0	0	0	12	0	
0	578	-0.4879696	-2.45E-07	579	-0.001525902	5	5	0	0	0	0	0	0	0	0	0	0	0	0	0	0	12	0	
0	579	-0.4879696	-2.45E-07	580	-0.001525902	5	5	0	0	0	0	0	0	0	0	0	0	0	0	0	0	12	0	
0	580	-0.4879696	-2.45E-07	581	-0.001525902	5	5	0	0	0	0	0	0	0	0	0	0	0	0	0	0	12	0	
0	581	-0.4882763	-2.45E-07	582	-0.001525902	5	5	0	0	0	0	0	0	0	0	0	0	0	0	0	0	12	0	
0	582	-0.4882763	-2.45E-07	583	-0.001525902	5	5	0	0	0	0	0	0	0	0	0	0	0	0	0	0	12	0	
0	583	-0.4882763	-2.45E-07	584	-0.001525902	5	5	0	0	0	0	0	0	0	0	0	0	0	0	0	0	12	0	
0	584	-0.4882763	-2.45E-07	585	-0.001525902	5	5	0	0	0	0	0	0	0	0	0	0	0	0	0	0	12	0	
0	585	-0.4882763	-2.45E-07	586	-0.001525902	5	5	0	0	0	0	0	0	0	0	0	0	0	0	0	0	12	0	
0	586	-0.4882763	-2.45E-07	587	-0.001525902	5	5	0	0	0	0	0	0	0	0	0	0	0	0	0	0	12	0	
0	587	-0.488583	-2.45E-07	588	-0.001525902	5	5	0	0	0	0	0	0	0	0	0	0	0	0	0	0	12	0	
0	588	-0.488583	-2.45E-07	589	-0.001525902	5	5	0	0	0	0	0	0	0	0	0	0	0	0	0	0	12	0	
0	589	-0.488583	-2.45E-07	590	-0.001525902	5	5	0	0	0	0	0	0	0	0	0	0	0	0	0	0	12	0	
0	590	-0.488583	-2.45E-07	591	-0.001525902	5	5	0	0	0	0	0	0	0	0	0	0	0	0	0	0	12	0	
0	591	-0.488583	-2.45E-07	592	-0.001525902	5	5	0	0	0	0	0	0	0	0	0	0	0	0	0	0	12	0	
0	592	-0.4888897	-2.45E-07	593	-0.001525902	5	5	0	0	0	0	0	0	0	0	0	0	0	0	0	0	12	0	
0	593	-0.4888897	-2.45E-07	594	-0.001525902	5	5	0	0	0	0	0	0	0	0	0	0	0	0	0	0	12	0	
0	594	-0.4888897	-2.45E-07	595	-0.001525902	5	5	0	0	0	0	0	0	0	0	0	0	0	0	0	0	12	0	
0	595	-0.4888897	-2.45E-07	596	-0.001525902	5	5	0	0	0	0	0	0	0	0	0	0	0	0	0	0	12	0	
0	596	-0.4888897	-2.45E-07	597	-0.001525902	5	5	0	0	0	0	0	0	0	0	0	0	0	0	0	0	12	0	
0	597	-0.4888897	-2.45E-07	598	-0.001525902	5	5	0	0	0	0	0	0	0	0	0	0	0	0	0	0	12	0	
0	598	-0.4888897	-3.07E-07	599	-0.001525902	5	5	0	0	0	0	0	0	0	0	0	0	0	0	0	0	12	0	
0	599	-0.4891964	-2.45E-07	600	-0.001525902	5	5	0	0	0	0	0	0	0	0	0	0	0	0	0	0	12	0	
																								
1	600	-0.4891967	1.95E-07	601.877	-0.001525902	5	101	0	100000	0.008970672	-0.00089022	0.000166872	-5.92E-05	49.43041	12.19936	0	0	0	0	0	0	21	0.01	
1	601	-0.4891967	1.95E-07	602.223	-0.001831083	5	101	0	79432.82	0.007700945	-0.006759382	0.000126712	-0.00016187	48.98376	9.230408	0	0	0	0	0	0	21	0.01	
1	602	-0.4891967	1.95E-07	602.595	-0.001525902	5	101	0	63095.73	0.01065336	-0.002392899	0.000208213	-7.91E-05	48.52888	6.941407	0	0	0	0	0	0	21	0.01	
1	603	-0.4891967	1.95E-07	602.995	-0.001831083	5	101	0	50118.72	0.005029212	-0.009778947	8.07E-05	-0.000210899	48.40249	5.314012	0	0	0	0	0	0	21	0.01	
1	604	-0.4891967	1.95E-07	603.452	-0.001831083	5	101	0	39810.72	-0.009813868	-0.004340414	-0.000209078	-7.23E-05	48.33999	4.054376	0	0	0	0	0	0	21	0.01	
1	605	-0.4891967	1.95E-07	603.831	-0.001525902	5	101	0	31622.78	-0.006224481	-0.008689027	-0.000139244	-0.000172227	48.17856	2.810866	0	0	0	0	0	0	21	0.01	
1	606	-0.4891967	1.95E-07	604.134	-0.001831083	5	101	0	25118.87	0.002675987	0.01059354	6.50E-05	0.00021794	48.00297	2.02841	0	0	0	0	0	0	21	0.01	
1	607	-0.4891967	1.95E-07	604.485	-0.001525902	5	101	0	19952.62	0.003771985	0.009952012	8.32E-05	0.000204868	48.12194	1.122496	0	0	0	0	0	0	21	0.01	
1	608	-0.4891967	1.95E-07	604.765	-0.001831083	5	101	0	15848.93	-0.009375605	-0.005291516	-0.00019544	-0.000108013	48.20989	0.4309349	0	0	0	0	0	0	21	0.01	
1	609	-0.4891967	1.95E-07	605.04	-0.001525902	5	101	0	12589.25	-0.006729882	-0.00853856	-0.000138143	-0.000176899	48.43793	-0.2176341	0	0	0	0	0	0	21	0.01	
1	610	-0.4891967	1.95E-07	605.309	-0.001831083	5	101	0	10000	0.004181075	0.01006442	8.32E-05	0.000208986	48.44447	-0.7186516	0	0	0	0	0	0	21	0.01	
1	611	-0.4891967	1.95E-07	605.573	-0.001525902	5	101	0	7943.282	0.01027536	-0.003788614	0.000213092	-7.11E-05	48.72815	-1.52208	0	0	0	0	0	0	21	0.01	
1	612	-0.4891967	1.95E-07	605.919	-0.001220722	5	101	0	6309.573	0.001382539	0.0103983	1.89E-05	0.000213096	48.98652	-2.147091	0	0	0	0	0	0	21	0.01	
1	613	-0.4891967	1.95E-07	606.191	-0.001525902	5	101	0	5011.873	0.002992392	0.01003355	4.89E-05	0.000207074	49.12503	-2.838388	0	0	0	0	0	0	21	0.01	
1	614	-0.4891967	1.95E-07	606.458	-0.001831083	5	101	0	3981.072	-0.008880917	-0.005601755	-0.000169679	-0.000125882	49.55656	-3.751238	0	0	0	0	0	0	21	0.01	
1	615	-0.4891967	1.95E-07	606.743	-0.001831083	5	101	0	3162.278	-0.009514613	0.004349976	-0.000197573	6.96E-05	49.74073	-4.494253	0	0	0	0	0	0	21	0.01	
1	616	-0.4891967	1.95E-07	607.016	-0.001831083	5	101	0	2511.886	0.009777687	0.003904163	0.000183571	9.62E-05	50.53049	-5.215425	0	0	0	0	0	0	21	0.01	
1	617	-0.4891967	1.95E-07	607.278	-0.001525902	5	101	0	1995.262	0.006873986	0.007914623	0.000113716	0.000169837	50.88762	-6.401855	0	0	0	0	0	0	21	0.01	
1	618	-0.4891967	1.95E-07	607.55	-0.001831083	5	101	0	1584.893	-0.000860745	0.0104489	-4.56E-05	0.000195725	51.60939	-7.624813	0	0	0	0	0	0	21	0.01	
1	619	-0.4891967	1.95E-07	607.833	-0.001831083	5	101	0	1258.925	-0.008933869	-0.00549203	-0.000148302	-0.000130133	52.39406	-8.94244	0	0	0	0	0	0	21	0.01	
1	620	-0.4891967	1.95E-07	608.122	-0.001831083	5	101	0	1000	-0.009421186	-0.00327499	-0.000158887	-9.22E-05	53.30641	-10.32011	0	0	0	0	0	0	21	0.01	
1	621	-0.4891967	1.95E-07	608.427	-0.001525902	5	101	0	794.3282	-0.004886005	-0.008702323	-5.16E-05	-0.000171294	54.45415	-12.11524	0	0	0	0	0	0	21	0.01	
1	622	-0.4891967	1.95E-07	608.707	-0.001831083	5	101	0	630.9573	0.008753778	-0.004800003	0.000168033	-4.32E-05	55.75441	-14.24362	0	0	0	0	0	0	21	0.01	
1	623	-0.4891967	1.95E-07	609.034	-0.001831083	5	101	0	501.1872	-0.009103769	-0.004080475	-0.000128431	-0.000107894	57.20382	-16.28457	0	0	0	0	0	0	21	0.01	
1	624	-0.4891967	1.95E-07	609.333	-0.001525902	5	101	0	398.1072	-0.005621276	-0.008219569	-4.61E-05	-0.000154516	58.81412	-18.84253	0	0	0	0	0	0	21	0.01	
1	625	-0.4891967	1.95E-07	609.61	-0.001831083	5	101	0	316.2278	0.005055846	-0.008587337	0.000118244	-9.87E-05	60.925	-21.76133	0	0	0	0	0	0	21	0.01	
1	626	-0.4891967	1.95E-07	609.986	-0.001831083	5	165	0	251.1886	-0.004146362	0.009091648	-0.000105143	0.000100875	63.73183	-25.32427	0	0	0	0	0	0	21	0.01	
1	627	-0.4891967	1.95E-07	610.283	-0.001525902	5	165	0	199.5262	0.008220692	-0.005616189	0.000135954	-2.57E-05	65.91751	-28.85962	0	0	0	0	0	0	21	0.01	
1	628	-0.4891967	1.95E-07	610.594	-0.001525902	5	165	0	158.4893	0.008464698	0.00523426	6.86E-05	0.000108959	69.43003	-33.98082	0	0	0	0	0	0	21	0.01	
1	629	-0.4891967	1.95E-07	610.981	-0.001525902	5	165	0	125.8925	0.000830822	-0.009935758	6.48E-05	-0.000101853	73.12551	-38.37987	0	0	0	0	0	0	21	0.01	
1	630	-0.4891967	1.95E-07	611.337	-0.001831083	5	165	0	100	0.001910049	0.009772968	-3.58E-05	0.000105656	77.48141	-44.32643	0	0	0	0	0	0	21	0.01	
1	631	-0.4891967	1.95E-07	611.762	-0.001831083	5	165	0	79.43282	0.009961441	-0.001005589	9.19E-05	4.45E-05	83.52801	-51.41119	0	0	0	0	0	0	21	0.01	
1	632	-0.4891967	1.95E-07	612.115	-0.001831083	5	165	0	63.09573	0.00939149	-0.003338399	8.98E-05	2.19E-05	90.15183	-59.16968	0	0	0	0	0	0	21	0.01	
1	633	-0.4891967	1.95E-07	612.501	-0.001525902	5	165	0	50.11872	0.002450375	0.009711225	-3.18E-05	8.11E-05	93.43288	-66.86458	0	0	0	0	0	0	21	0.01	
1	634	-0.4891967	1.95E-07	612.918	-0.001831083	5	165	0	39.81072	0.009941702	-0.000256049	6.33E-05	4.24E-05	106.6086	-75.45614	0	0	0	0	0	0	21	0.01	
1	635	-0.4891967	1.95E-07	613.272	-0.001525902	5	165	0	31.62278	0.009473297	-0.003083308	6.46E-05	2.29E-05	115.1256	-88.53758	0	0	0	0	0	0	21	0.01	
1	636	-0.4891967	1.95E-07	613.652	-0.001831083	5	165	0	25.11886	-0.009690344	0.0024189	-5.76E-05	-2.52E-05	125.6973	-96.99288	0	0	0	0	0	0	21	0.01	
1	637	-0.4891967	1.95E-07	614.071	-0.001525902	5	165	0	19.95262	0.003627913	-0.009294217	4.90E-05	-2.88E-05	137.8728	-108.7285	0	0	0	0	0	0	21	0.01	
1	638	-0.4891967	1.95E-07	614.535	-0.001525902	5	165	0	15.84893	-0.000267909	0.01001155	-3.27E-05	3.94E-05	153.7748	-120.9657	0	0	0	0	0	0	21	0.01	
1	639	-0.4891967	1.95E-07	615.065	-0.001831083	5	165	0	12.58925	0.009050356	0.004311087	2.01E-05	4.12E-05	171.2038	-136.4231	0	0	0	0	0	0	21	0.01	
1	640	-0.4891967	1.95E-07	615.664	-0.001525902	5	165	0	10	-0.003092073	0.009496575	-3.45E-05	2.27E-05	189.1965	-150.9329	0	0	0	0	0	0	21	0.01	
1	641	-0.4891967	1.95E-07	616.353	-0.001831083	5	165	0	7.943282	0.009894698	0.001370484	2.58E-05	2.69E-05	210.576	-166.3036	0	0	0	0	0	0	21	0.01	
1	642	-0.4891967	1.95E-07	617.162	-0.001525902	5	165	0	6.309574	-0.008518	0.00521794	-3.32E-05	-3.81E-06	235.1779	-183.9978	0	0	0	0	0	0	21	0.01	
1	643	-0.4891967	1.95E-07	618.119	-0.001525902	5	165	0	5.011872	-0.009960061	-0.000778558	-2.24E-05	-2.02E-05	262.9122	-201.7072	0	0	0	0	0	0	21	0.01	
1	644	-0.4891967	1.95E-07	619.262	-0.001525902	5	229	0	3.981072	-0.007378112	0.006735884	-2.71E-05	2.66E-06	294.1868	-219.9342	0	0	0	0	0	0	21	0.01	
1	645	-0.4891967	1.95E-07	620.644	-0.001831083	5	229	0	3.162278	0.00874523	0.004828088	1.05E-05	2.23E-05	329.0393	-237.3752	0	0	0	0	0	0	21	0.01	
1	646	-0.4891967	1.95E-07	622.321	-0.001525902	5	229	0	2.511886	-0.006520703	-0.0075677	-2.34E-06	-2.22E-05	367.3186	-254.6418	0	0	0	0	0	0	21	0.01	
1	647	-0.4891967	1.95E-07	624.362	-0.001525902	5	229	0	1.995262	0.008927734	0.00448464	1.01E-05	1.77E-05	409.0599	-270.6551	0	0	0	0	0	0	21	0.01	
1	648	-0.4891967	1.95E-07	628.717	-0.001831083	6	102	0	1.584893	0.006487776	-0.007595082	1.78E-05	-5.60E-06	453.0579	-283.8456	0	0	0	0	0	0	21	0.01	
1	649	-0.4891967	1.95E-07	631.821	-0.001831083	6	102	0	1.258925	0.006243276	0.007797944	2.45E-06	1.70E-05	501.7653	-295.0769	0	0	0	0	0	0	21	0.01	
1	650	-0.4891967	1.95E-07	635.731	-0.001525902	6	102	0	1	-0.009457653	0.00320882	-1.57E-05	-2.83E-06	548.253	-303.6208	0	0	0	0	0	0	21	0.01	
1	651	-0.4891967	1.95E-07	640.567	-0.001831083	6	102	0	0.7943282	-0.003317351	-0.00942132	2.06E-06	-1.47E-05	597.7657	-309.4932	0	0	0	0	0	0	21	0.01	
1	652	-0.4891967	1.95E-07	646.563	-0.001831083	6	166	0	0.6309574	0.007833589	-0.006200268	1.33E-05	-3.01E-06	659.3662	-316.6254	0	0	0	0	0	0	21	0.01	
1	653	-0.4891967	1.95E-07	654.026	-0.001525902	6	166	0	0.5011872	0.009501276	0.003087297	9.61E-06	8.66E-06	705.6748	-314.3763	0	0	0	0	0	0	21	0.01	
1	654	-0.4891967	1.95E-07	663.328	-0.001525902	6	166	0	0.3981072	0.004487375	0.00892355	8.87E-07	1.22E-05	752.3135	-312.3537	0	0	0	0	0	0	21	0.01	
1	655	-0.4891967	1.95E-07	674.952	-0.001831083	6	166	0	0.3162278	-0.001607293	0.009859372	-5.91E-06	1.01E-05	798.4397	-309.2329	0	0	0	0	0	0	21	0.01	
1	656	-0.4891967	1.95E-07	689.498	-0.001525902	6	166	0	0.2511886	-0.006172171	0.007855855	-9.46E-06	5.89E-06	842.5724	-305.7795	0	0	0	0	0	0	21	0.01	
1	657	-0.4891967	1.95E-07	707.723	-0.001831083	6	166	0	0.1995262	-0.008753386	0.00481295	-1.05E-05	1.86E-06	884.0856	-300.8791	0	0	0	0	0	0	21	0.01	
1	658	-0.4891967	1.95E-07	730.577	-0.001831083	6	166	0	0.1584893	-0.009835502	0.001759749	-1.02E-05	-1.37E-06	925.5064	-296.7154	0	0	0	0	0	0	21	0.01	
1	659	-0.4891967	1.95E-07	759.257	-0.001525902	6	166	0	0.1258925	-0.009958081	-0.000812897	-9.22E-06	-3.63E-06	965.2274	-291.6881	0	0	0	0	0	0	21	0.01	
1	660	-0.4891967	1.95E-07	795.679	-0.001831083	6	166	0	0.1	-0.008789904	-0.0047478	-6.87E-06	-6.70E-06	1001.066	-285.3777	0	0	0	0	0	0	21	0.01	
1	661	-0.4891967	1.95E-07	841.338	-0.002136263	6	166	0	0.07943282	-0.006689929	-0.007422529	-4.24E-06	-8.29E-06	1036.858	-277.0443	0	0	0	0	0	0	21	0.01	
1	662	-0.4891967	1.95E-07	898.632	-0.001831083	6	166	0	0.06309573	-0.004411534	-0.008966262	-1.91E-06	-8.87E-06	1068.12	-266.9477	0	0	0	0	0	0	21	0.01	
1	663	-0.4891967	1.95E-07	970.562	-0.001525902	6	166	0	0.05011872	-0.002335727	-0.009713843	-7.11E-08	-8.81E-06	1104.494	-256.1635	0	0	0	0	0	0	21	0.01	
1	664	-0.4891967	1.95E-07	1060.927	-0.001831083	6	166	0	0.03981072	-0.000556988	-0.009978618	1.29E-06	-8.29E-06	1165.337	-248.8065	0	0	0	0	0	0	21	0.01	
1	665	-0.4891967	1.95E-07	1174.494	-0.001525902	6	166	0	0.03162277	0.000914051	-0.009952401	2.17E-06	-7.43E-06	1267.661	-247.0043	0	0	0	0	0	0	21	0.01	
1	666	-0.4891967	1.95E-07	1317.272	-0.001831083	6	166	0	0.02511887	0.002112502	-0.009767723	2.56E-06	-6.30E-06	1446.628	-253.1359	0	0	0	0	0	0	21	0.01	
1	667	-0.4891967	1.95E-07	1496.829	-0.001525902	6	166	0	0.01995262	0.00306838	-0.009512071	2.51E-06	-5.01E-06	1762.325	-271.9549	0	0	0	0	0	0	21	0.01	
1	668	-0.4891967	1.95E-07	1722.687	-0.001525902	6	166	0	0.01584893	0.003840068	-0.009222506	2.03E-06	-3.50E-06	2447.808	-318.7257	0	0	0	0	0	0	21	0.01	
1	669	-0.4891967	1.95E-07	2006.836	-0.001831083	6	166	0	0.01258925	0.004473396	-0.008933775	1.13E-06	-1.67E-06	4926.815	-646.2755	0	0	0	0	0	0	21	0.01	
1	670	-0.4891967	1.95E-07	2364.867	-0.001831083	6	166	0	0.01	0.005146776	-0.008556276	9.43E-08	-1.21E-07	64662.94	-7872.758	0	0	0	0	0	0	21	0.01	
																								
2	671	-1.169778	-0.000200991	2365.867	-0.001525902	6	518	-1.49115	0	0	0	0	0	0	0	0	0	0	0	0	0	54	0	
2	672	-1.485992	-0.002009908	2366.867	-0.001525902	5	517	-1.488697	0	0	0	0	0	0	0	0	0	0	0	0	0	54	0	
2	673	-1.485685	-0.003017991	2367.867	-0.001525902	4	4	-1.488197	0	0	0	0	0	0	0	0	0	0	0	0	0	54	0	
2	674	-1.485379	-0.002871386	2368.867	-0.001525902	4	4	-1.487697	0	0	0	0	0	0	0	0	0	0	0	0	0	54	0	
2	675	-1.484765	-0.002772013	2369.867	-0.001525902	4	4	-1.487197	0	0	0	0	0	0	0	0	0	0	0	0	0	54	0	
2	676	-1.484152	-0.00269779	2370.867	-0.001525902	4	4	-1.486697	0	0	0	0	0	0	0	0	0	0	0	0	0	54	0	
2	677	-1.483845	-0.002637062	2371.867	-0.001525902	4	4	-1.486197	0	0	0	0	0	0	0	0	0	0	0	0	0	54	0	
2	678	-1.483232	-0.002586149	2372.867	-0.001525902	4	4	-1.485697	0	0	0	0	0	0	0	0	0	0	0	0	0	54	0	
2	679	-1.482618	-0.002543823	2373.867	-0.001525902	4	4	-1.485197	0	0	0	0	0	0	0	0	0	0	0	0	0	54	0	
2	680	-1.482312	-0.002511312	2374.867	-0.001525902	4	4	-1.484697	0	0	0	0	0	0	0	0	0	0	0	0	0	54	0	
2	681	-1.481698	-0.002481255	2375.867	-0.001525902	4	4	-1.484197	0	0	0	0	0	0	0	0	0	0	0	0	0	54	0	
2	682	-1.481391	-0.002449971	2376.867	-0.001525902	4	4	-1.483697	0	0	0	0	0	0	0	0	0	0	0	0	0	54	0	
2	683	-1.480778	-0.002424821	2377.867	-0.001525902	4	4	-1.483197	0	0	0	0	0	0	0	0	0	0	0	0	0	54	0	
2	684	-1.480471	-0.002399671	2378.867	-0.001525902	4	4	-1.482697	0	0	0	0	0	0	0	0	0	0	0	0	0	54	0	
2	685	-1.479858	-0.002373294	2379.867	-0.001525902	4	4	-1.482197	0	0	0	0	0	0	0	0	0	0	0	0	0	54	0	
2	686	-1.479244	-0.002351212	2380.867	-0.001525902	4	4	-1.481697	0	0	0	0	0	0	0	0	0	0	0	0	0	54	0	
2	687	-1.478938	-0.002329742	2381.867	-0.001525902	4	4	-1.481197	0	0	0	0	0	0	0	0	0	0	0	0	0	54	0	
2	688	-1.478324	-0.002310113	2382.867	-0.001525902	4	4	-1.480697	0	0	0	0	0	0	0	0	0	0	0	0	0	54	0	
2	689	-1.477711	-0.002292324	2383.867	-0.001525902	4	4	-1.480197	0	0	0	0	0	0	0	0	0	0	0	0	0	54	0	
2	690	-1.477404	-0.002275148	2384.867	-0.001525902	4	4	-1.479697	0	0	0	0	0	0	0	0	0	0	0	0	0	54	0	
2	691	-1.476791	-0.002259813	2385.867	-0.001525902	4	4	-1.479197	0	0	0	0	0	0	0	0	0	0	0	0	0	54	0	
2	692	-1.476177	-0.002244478	2386.867	-0.001525902	4	4	-1.478697	0	0	0	0	0	0	0	0	0	0	0	0	0	54	0	
2	693	-1.475871	-0.002230369	2387.867	-0.001525902	4	4	-1.478197	0	0	0	0	0	0	0	0	0	0	0	0	0	54	0	
2	694	-1.475257	-0.002215647	2388.867	-0.001525902	4	4	-1.477697	0	0	0	0	0	0	0	0	0	0	0	0	0	54	0	
2	695	-1.474951	-0.002200925	2389.867	-0.001525902	4	4	-1.477197	0	0	0	0	0	0	0	0	0	0	0	0	0	54	0	
2	696	-1.474337	-0.002189884	2390.867	-0.001525902	4	4	-1.476697	0	0	0	0	0	0	0	0	0	0	0	0	0	54	0	
2	697	-1.47403	-0.002176389	2391.867	-0.001525902	4	4	-1.476197	0	0	0	0	0	0	0	0	0	0	0	0	0	54	0	
2	698	-1.473417	-0.002163507	2392.867	-0.001525902	4	4	-1.475697	0	0	0	0	0	0	0	0	0	0	0	0	0	54	0	
2	699	-1.472804	-0.002151239	2393.867	-0.001525902	4	4	-1.475197	0	0	0	0	0	0	0	0	0	0	0	0	0	54	0	
2	700	-1.47219	-0.002141424	2394.867	-0.001525902	4	4	-1.474697	0	0	0	0	0	0	0	0	0	0	0	0	0	54	0	
2	701	-1.471884	-0.002128543	2395.867	-0.001525902	4	4	-1.474197	0	0	0	0	0	0	0	0	0	0	0	0	0	54	0	
2	702	-1.47127	-0.002115661	2396.867	-0.001525902	4	4	-1.473697	0	0	0	0	0	0	0	0	0	0	0	0	0	54	0	
2	703	-1.470963	-0.00210462	2397.867	-0.001525902	4	4	-1.473197	0	0	0	0	0	0	0	0	0	0	0	0	0	54	0	
2	704	-1.47035	-0.002094192	2398.867	-0.001525902	4	4	-1.472697	0	0	0	0	0	0	0	0	0	0	0	0	0	54	0	
2	705	-1.470043	-0.002082537	2399.867	-0.001525902	4	4	-1.472197	0	0	0	0	0	0	0	0	0	0	0	0	0	54	0	
2	706	-1.46943	-0.002073336	2400.867	-0.001525902	4	4	-1.471697	0	0	0	0	0	0	0	0	0	0	0	0	0	54	0	
2	707	-1.469123	-0.002064134	2401.867	-0.001525902	4	4	-1.471197	0	0	0	0	0	0	0	0	0	0	0	0	0	54	0	
2	708	-1.46851	-0.002053093	2402.867	-0.001525902	4	4	-1.470697	0	0	0	0	0	0	0	0	0	0	0	0	0	54	0	
2	709	-1.467896	-0.002042052	2403.867	-0.001525902	4	4	-1.470197	0	0	0	0	0	0	0	0	0	0	0	0	0	54	0	
2	710	-1.46759	-0.00202733	2404.867	-0.001525902	4	4	-1.469697	0	0	0	0	0	0	0	0	0	0	0	0	0	54	0	
2	711	-1.466976	-0.002019969	2405.867	-0.001525902	4	4	-1.469197	0	0	0	0	0	0	0	0	0	0	0	0	0	54	0	
2	712	-1.466363	-0.002013221	2406.867	-0.001525902	4	4	-1.468697	0	0	0	0	0	0	0	0	0	0	0	0	0	54	0	
2	713	-1.466056	-0.002001566	2407.867	-0.001525902	4	4	-1.468197	0	0	0	0	0	0	0	0	0	0	0	0	0	54	0	
2	714	-1.465443	-0.001988071	2408.867	-0.001525902	4	4	-1.467697	0	0	0	0	0	0	0	0	0	0	0	0	0	54	0	
2	715	-1.465136	-0.00197887	2409.867	-0.001525902	4	4	-1.467197	0	0	0	0	0	0	0	0	0	0	0	0	0	54	0	
2	716	-1.464523	-0.001974576	2410.867	-0.001525902	4	4	-1.466697	0	0	0	0	0	0	0	0	0	0	0	0	0	54	0	
2	717	-1.463909	-0.001964148	2411.867	-0.001525902	4	4	-1.466197	0	0	0	0	0	0	0	0	0	0	0	0	0	54	0	
2	718	-1.463602	-0.00195372	2412.867	-0.001525902	4	4	-1.465697	0	0	0	0	0	0	0	0	0	0	0	0	0	54	0	
2	719	-1.462989	-0.001942065	2413.867	-0.001525902	4	4	-1.465197	0	0	0	0	0	0	0	0	0	0	0	0	0	54	0	
2	720	-1.462376	-0.001946973	2414.867	-0.001525902	4	4	-1.464697	0	0	0	0	0	0	0	0	0	0	0	0	0	54	0	
2	721	-1.462069	-0.001954334	2415.867	-0.001525902	4	4	-1.464197	0	0	0	0	0	0	0	0	0	0	0	0	0	54	0	
2	722	-1.461456	-0.001946973	2416.867	-0.001525902	4	4	-1.463697	0	0	0	0	0	0	0	0	0	0	0	0	0	54	0	
2	723	-1.461149	-0.001938385	2417.867	-0.001525902	4	4	-1.463197	0	0	0	0	0	0	0	0	0	0	0	0	0	54	0	
2	724	-1.460535	-0.001927343	2418.867	-0.001525902	4	4	-1.462697	0	0	0	0	0	0	0	0	0	0	0	0	0	54	0	
2	725	-1.459922	-0.001917529	2419.867	-0.001525902	4	4	-1.462197	0	0	0	0	0	0	0	0	0	0	0	0	0	54	0	
2	726	-1.459615	-0.001910781	2420.867	-0.001525902	4	4	-1.461697	0	0	0	0	0	0	0	0	0	0	0	0	0	54	0	
2	727	-1.459002	-0.001900967	2421.867	-0.001525902	4	4	-1.461197	0	0	0	0	0	0	0	0	0	0	0	0	0	54	0	
2	728	-1.458695	-0.001892992	2422.867	-0.001525902	4	4	-1.460697	0	0	0	0	0	0	0	0	0	0	0	0	0	54	0	
2	729	-1.458082	-0.001885018	2423.867	-0.001525902	4	4	-1.460197	0	0	0	0	0	0	0	0	0	0	0	0	0	54	0	
2	730	-1.457468	-0.00187827	2424.867	-0.001525902	4	4	-1.459697	0	0	0	0	0	0	0	0	0	0	0	0	0	54	0	
2	731	-1.457162	-0.001869069	2425.867	-0.001525902	4	4	-1.459197	0	0	0	0	0	0	0	0	0	0	0	0	0	54	0	
2	732	-1.456548	-0.001860481	2426.867	-0.001525902	4	4	-1.458697	0	0	0	0	0	0	0	0	0	0	0	0	0	54	0	
2	733	-1.455935	-0.001855574	2427.867	-0.001525902	4	4	-1.458197	0	0	0	0	0	0	0	0	0	0	0	0	0	54	0	
2	734	-1.455628	-0.0018476	2428.867	-0.001525902	4	4	-1.457697	0	0	0	0	0	0	0	0	0	0	0	0	0	54	0	
2	735	-1.455015	-0.001844533	2429.867	-0.001525902	4	4	-1.457197	0	0	0	0	0	0	0	0	0	0	0	0	0	54	0	
2	736	-1.454708	-0.001837785	2430.867	-0.001525902	4	4	-1.456697	0	0	0	0	0	0	0	0	0	0	0	0	0	54	0	
2	737	-1.454095	-0.001829811	2431.867	-0.001525902	4	4	-1.456197	0	0	0	0	0	0	0	0	0	0	0	0	0	54	0	
2	738	-1.453481	-0.001821223	2432.867	-0.001525902	4	4	-1.455697	0	0	0	0	0	0	0	0	0	0	0	0	0	54	0	
2	739	-1.453174	-0.001816929	2433.867	-0.001525902	4	4	-1.455197	0	0	0	0	0	0	0	0	0	0	0	0	0	54	0	
2	740	-1.452561	-0.001811408	2434.867	-0.001525902	4	4	-1.454697	0	0	0	0	0	0	0	0	0	0	0	0	0	54	0	
2	741	-1.451948	-0.001802207	2435.867	-0.001525902	4	4	-1.454197	0	0	0	0	0	0	0	0	0	0	0	0	0	54	0	
2	742	-1.451641	-0.001789939	2436.867	-0.001525902	4	4	-1.453697	0	0	0	0	0	0	0	0	0	0	0	0	0	54	0	
2	743	-1.451028	-0.001810795	2437.867	-0.001525902	4	4	-1.453197	0	0	0	0	0	0	0	0	0	0	0	0	0	54	0	
2	744	-1.450414	-0.001803434	2438.867	-0.001525902	4	4	-1.452697	0	0	0	0	0	0	0	0	0	0	0	0	0	54	0	
2	745	-1.450107	-0.00179546	2439.867	-0.001525902	4	4	-1.452197	0	0	0	0	0	0	0	0	0	0	0	0	0	54	0	
2	746	-1.449494	-0.001788099	2440.867	-0.001525902	4	4	-1.451697	0	0	0	0	0	0	0	0	0	0	0	0	0	54	0	
2	747	-1.449187	-0.001779511	2441.867	-0.001525902	4	4	-1.451197	0	0	0	0	0	0	0	0	0	0	0	0	0	54	0	
2	748	-1.448574	-0.00176847	2442.867	-0.001525902	4	4	-1.450697	0	0	0	0	0	0	0	0	0	0	0	0	0	54	0	
2	749	-1.44796	-0.001758655	2443.867	-0.001525902	4	4	-1.450197	0	0	0	0	0	0	0	0	0	0	0	0	0	54	0	
2	750	-1.447654	-0.00174884	2444.867	-0.001525902	4	4	-1.449697	0	0	0	0	0	0	0	0	0	0	0	0	0	54	0	
2	751	-1.44704	-0.001754361	2445.867	-0.001525902	4	4	-1.449197	0	0	0	0	0	0	0	0	0	0	0	0	0	54	0	
2	752	-1.446734	-0.001753134	2446.867	-0.001525902	4	4	-1.448697	0	0	0	0	0	0	0	0	0	0	0	0	0	54	0	
2	753	-1.44612	-0.001744546	2447.867	-0.001525902	4	4	-1.448197	0	0	0	0	0	0	0	0	0	0	0	0	0	54	0	
2	754	-1.445507	-0.001734118	2448.867	-0.001525902	4	4	-1.447697	0	0	0	0	0	0	0	0	0	0	0	0	0	54	0	
2	755	-1.4452	-0.001728598	2449.867	-0.001525902	4	4	-1.447197	0	0	0	0	0	0	0	0	0	0	0	0	0	54	0	
2	756	-1.444587	-0.00172001	2450.867	-0.001525902	4	4	-1.446697	0	0	0	0	0	0	0	0	0	0	0	0	0	54	0	
2	757	-1.443973	-0.001713262	2451.867	-0.001525902	4	4	-1.446197	0	0	0	0	0	0	0	0	0	0	0	0	0	54	0	
2	758	-1.443667	-0.001705901	2452.867	-0.001525902	4	4	-1.445697	0	0	0	0	0	0	0	0	0	0	0	0	0	54	0	
2	759	-1.443053	-0.001697927	2453.867	-0.001525902	4	4	-1.445197	0	0	0	0	0	0	0	0	0	0	0	0	0	54	0	
2	760	-1.44244	-0.001687499	2454.867	-0.001525902	4	4	-1.444697	0	0	0	0	0	0	0	0	0	0	0	0	0	54	0	
2	761	-1.442133	-0.001679525	2455.867	-0.001525902	4	4	-1.444197	0	0	0	0	0	0	0	0	0	0	0	0	0	54	0	
2	762	-1.44152	-0.001670937	2456.867	-0.001525902	4	4	-1.443697	0	0	0	0	0	0	0	0	0	0	0	0	0	54	0	
2	763	-1.441213	-0.001660509	2457.867	-0.001525902	4	4	-1.443197	0	0	0	0	0	0	0	0	0	0	0	0	0	54	0	
2	764	-1.4406	-0.001655602	2458.867	-0.001525902	4	4	-1.442697	0	0	0	0	0	0	0	0	0	0	0	0	0	54	0	
2	765	-1.439986	-0.001649468	2459.867	-0.001525902	4	4	-1.442197	0	0	0	0	0	0	0	0	0	0	0	0	0	54	0	
2	766	-1.439679	-0.00164272	2460.867	-0.001525902	4	4	-1.441697	0	0	0	0	0	0	0	0	0	0	0	0	0	54	0	
2	767	-1.439066	-0.001635972	2461.867	-0.001525902	4	4	-1.441197	0	0	0	0	0	0	0	0	0	0	0	0	0	54	0	
2	768	-1.438453	-0.001629838	2462.867	-0.001525902	4	4	-1.440697	0	0	0	0	0	0	0	0	0	0	0	0	0	54	0	
2	769	-1.438146	-0.001621864	2463.867	-0.001525902	4	4	-1.440197	0	0	0	0	0	0	0	0	0	0	0	0	0	54	0	
2	770	-1.437532	-0.001611436	2464.867	-0.001525902	4	4	-1.439697	0	0	0	0	0	0	0	0	0	0	0	0	0	54	0	
2	771	-1.437226	-0.001602848	2465.867	-0.001525902	4	4	-1.439197	0	0	0	0	0	0	0	0	0	0	0	0	0	54	0	
2	772	-1.436612	-0.001599168	2466.867	-0.001525902	4	4	-1.438697	0	0	0	0	0	0	0	0	0	0	0	0	0	54	0	
2	773	-1.435999	-0.001621251	2467.867	-0.001525902	4	4	-1.438197	0	0	0	0	0	0	0	0	0	0	0	0	0	54	0	
2	774	-1.435692	-0.001616343	2468.867	-0.001525902	4	4	-1.437697	0	0	0	0	0	0	0	0	0	0	0	0	0	54	0	
2	775	-1.435079	-0.001608369	2469.867	-0.001525902	4	4	-1.437197	0	0	0	0	0	0	0	0	0	0	0	0	0	54	0	
2	776	-1.434465	-0.001599168	2470.867	-0.001525902	4	4	-1.436697	0	0	0	0	0	0	0	0	0	0	0	0	0	54	0	
2	777	-1.434159	-0.001588126	2471.867	-0.001525902	4	4	-1.436197	0	0	0	0	0	0	0	0	0	0	0	0	0	54	0	
2	778	-1.433545	-0.001580765	2472.867	-0.001525902	4	4	-1.435697	0	0	0	0	0	0	0	0	0	0	0	0	0	54	0	
2	779	-1.433239	-0.001573404	2473.867	-0.001525902	4	4	-1.435197	0	0	0	0	0	0	0	0	0	0	0	0	0	54	0	
2	780	-1.432625	-0.00156543	2474.867	-0.001525902	4	4	-1.434697	0	0	0	0	0	0	0	0	0	0	0	0	0	54	0	
2	781	-1.432012	-0.001562976	2475.867	-0.001525902	4	4	-1.434197	0	0	0	0	0	0	0	0	0	0	0	0	0	54	0	
2	782	-1.431705	-0.001555002	2476.867	-0.001525902	4	4	-1.433697	0	0	0	0	0	0	0	0	0	0	0	0	0	54	0	
2	783	-1.431092	-0.001546414	2477.867	-0.001525902	4	4	-1.433197	0	0	0	0	0	0	0	0	0	0	0	0	0	54	0	
2	784	-1.430785	-0.001540893	2478.867	-0.001525902	4	4	-1.432697	0	0	0	0	0	0	0	0	0	0	0	0	0	54	0	
2	785	-1.430171	-0.001533533	2479.867	-0.001525902	4	4	-1.432197	0	0	0	0	0	0	0	0	0	0	0	0	0	54	0	
2	786	-1.429865	-0.001524945	2480.867	-0.001525902	4	4	-1.431697	0	0	0	0	0	0	0	0	0	0	0	0	0	54	0	
2	787	-1.429251	-0.00151697	2481.867	-0.001525902	4	4	-1.431197	0	0	0	0	0	0	0	0	0	0	0	0	0	54	0	
2	788	-1.428638	-0.001510836	2482.867	-0.001525902	4	4	-1.430697	0	0	0	0	0	0	0	0	0	0	0	0	0	54	0	
2	789	-1.428331	-0.001505929	2483.867	-0.001525902	4	4	-1.430197	0	0	0	0	0	0	0	0	0	0	0	0	0	54	0	
2	790	-1.427718	-0.001497341	2484.867	-0.001525902	4	4	-1.429697	0	0	0	0	0	0	0	0	0	0	0	0	0	54	0	
2	791	-1.427104	-0.001492434	2485.867	-0.001525902	4	4	-1.429197	0	0	0	0	0	0	0	0	0	0	0	0	0	54	0	
2	792	-1.426491	-0.001484459	2486.867	-0.001525902	4	4	-1.428697	0	0	0	0	0	0	0	0	0	0	0	0	0	54	0	
2	793	-1.426184	-0.001480779	2487.867	-0.001525902	4	4	-1.428197	0	0	0	0	0	0	0	0	0	0	0	0	0	54	0	
2	794	-1.425878	-0.001473418	2488.867	-0.001525902	4	4	-1.427697	0	0	0	0	0	0	0	0	0	0	0	0	0	54	0	
2	795	-1.425264	-0.001465444	2489.867	-0.001525902	4	4	-1.427197	0	0	0	0	0	0	0	0	0	0	0	0	0	54	0	
2	796	-1.424651	-0.001458696	2490.867	-0.001525902	4	4	-1.42865	0	0	0	0	0	0	0	0	0	0	0	0	0	54	0	
2	797	-1.424344	-0.001447655	2491.867	-0.001525902	4	4	-1.426197	0	0	0	0	0	0	0	0	0	0	0	0	0	54	0	
2	798	-1.423731	-0.001445815	2492.867	-0.001525902	4	4	-1.425697	0	0	0	0	0	0	0	0	0	0	0	0	0	54	0	
2	799	-1.423117	-0.001441521	2493.867	-0.001525902	4	4	-1.425197	0	0	0	0	0	0	0	0	0	0	0	0	0	54	0	
2	800	-1.422504	-0.001453175	2494.867	-0.001525902	4	4	-1.424697	0	0	0	0	0	0	0	0	0	0	0	0	0	54	0	
2	801	-1.422197	-0.001446428	2495.867	-0.001525902	4	4	-1.424197	0	0	0	0	0	0	0	0	0	0	0	0	0	54	0	
2	802	-1.421584	-0.00143784	2496.867	-0.001525902	4	4	-1.423697	0	0	0	0	0	0	0	0	0	0	0	0	0	54	0	
2	803	-1.421277	-0.001431706	2497.867	-0.001525902	4	4	-1.423197	0	0	0	0	0	0	0	0	0	0	0	0	0	54	0	
2	804	-1.420664	-0.001428026	2498.867	-0.001525902	4	4	-1.422697	0	0	0	0	0	0	0	0	0	0	0	0	0	54	0	
2	805	-1.420357	-0.001422505	2499.867	-0.001525902	4	4	-1.422197	0	0	0	0	0	0	0	0	0	0	0	0	0	54	0	
2	806	-1.419743	-0.00141453	2500.867	-0.001525902	4	4	-1.421697	0	0	0	0	0	0	0	0	0	0	0	0	0	54	0	
2	807	-1.41913	-0.001410237	2501.867	-0.001525902	4	4	-1.421197	0	0	0	0	0	0	0	0	0	0	0	0	0	54	0	
2	808	-1.418517	-0.001402876	2502.867	-0.001525902	4	4	-1.420697	0	0	0	0	0	0	0	0	0	0	0	0	0	54	0	
2	809	-1.41821	-0.001392631	2503.867	-0.001525902	5	5	-1.420197	0	0	0	0	0	0	0	0	0	0	0	0	0	54	0	
2	810	-1.417597	-0.001388521	2504.867	-0.001525902	5	5	-1.419697	0	0	0	0	0	0	0	0	0	0	0	0	0	54	0	
2	811	-1.41729	-0.001388828	2505.867	-0.001525902	5	5	-1.419197	0	0	0	0	0	0	0	0	0	0	0	0	0	54	0	
2	812	-1.416676	-0.001382387	2506.867	-0.001525902	5	5	-1.418697	0	0	0	0	0	0	0	0	0	0	0	0	0	54	0	
2	813	-1.416063	-0.001374228	2507.867	-0.001525902	5	5	-1.418197	0	0	0	0	0	0	0	0	0	0	0	0	0	54	0	
2	814	-1.415756	-0.001373247	2508.867	-0.001525902	5	5	-1.417697	0	0	0	0	0	0	0	0	0	0	0	0	0	54	0	
2	815	-1.415143	-0.001367787	2509.867	-0.001525902	5	5	-1.417197	0	0	0	0	0	0	0	0	0	0	0	0	0	54	0	
2	816	-1.414836	-0.001360488	2510.867	-0.001525902	5	5	-1.416697	0	0	0	0	0	0	0	0	0	0	0	0	0	54	0	
2	817	-1.414223	-0.001351225	2511.867	-0.001525902	5	5	-1.416197	0	0	0	0	0	0	0	0	0	0	0	0	0	54	0	
2	818	-1.413609	-0.001350735	2512.867	-0.001525902	5	5	-1.415697	0	0	0	0	0	0	0	0	0	0	0	0	0	54	0	
2	819	-1.413303	-0.001343496	2513.867	-0.001525902	5	5	-1.415197	0	0	0	0	0	0	0	0	0	0	0	0	0	54	0	
2	820	-1.412689	-0.001335706	2514.867	-0.001525902	5	5	-1.414697	0	0	0	0	0	0	0	0	0	0	0	0	0	54	0	
2	821	-1.412076	-0.001330553	2515.867	-0.001525902	5	5	-1.414197	0	0	0	0	0	0	0	0	0	0	0	0	0	54	0	
2	822	-1.411769	-0.001341963	2516.867	-0.001525902	5	5	-1.413697	0	0	0	0	0	0	0	0	0	0	0	0	0	54	0	
2	823	-1.411156	-0.001338098	2517.867	-0.001525902	5	5	-1.413197	0	0	0	0	0	0	0	0	0	0	0	0	0	54	0	
2	824	-1.410849	-0.001334479	2518.867	-0.001525902	5	5	-1.412697	0	0	0	0	0	0	0	0	0	0	0	0	0	54	0	
2	825	-1.410236	-0.001326996	2519.867	-0.001525902	5	5	-1.412197	0	0	0	0	0	0	0	0	0	0	0	0	0	54	0	
2	826	-1.409622	-0.001321536	2520.867	-0.001525902	5	5	-1.411697	0	0	0	0	0	0	0	0	0	0	0	0	0	54	0	
2	827	-1.409009	-0.001314298	2521.867	-0.001525902	5	5	-1.411197	0	0	0	0	0	0	0	0	0	0	0	0	0	54	0	
2	828	-1.408702	-0.001305403	2522.867	-0.001525902	5	5	-1.410697	0	0	0	0	0	0	0	0	0	0	0	0	0	54	0	
2	829	-1.408089	-0.001303011	2523.867	-0.001525902	5	5	-1.410197	0	0	0	0	0	0	0	0	0	0	0	0	0	54	0	
2	830	-1.407782	-0.001295957	2524.867	-0.001525902	5	5	-1.409697	0	0	0	0	0	0	0	0	0	0	0	0	0	54	0	
2	831	-1.407169	-0.001290129	2525.867	-0.001525902	5	5	-1.409197	0	0	0	0	0	0	0	0	0	0	0	0	0	54	0	
2	832	-1.406555	-0.001284363	2526.867	-0.001525902	5	5	-1.408697	0	0	0	0	0	0	0	0	0	0	0	0	0	54	0	
2	833	-1.406248	-0.0012778	2527.867	-0.001525902	5	5	-1.408197	0	0	0	0	0	0	0	0	0	0	0	0	0	54	0	
2	834	-1.405635	-0.001271604	2528.867	-0.001525902	5	5	-1.407697	0	0	0	0	0	0	0	0	0	0	0	0	0	54	0	
2	835	-1.405328	-0.001267004	2529.867	-0.001525902	5	5	-1.407197	0	0	0	0	0	0	0	0	0	0	0	0	0	54	0	
2	836	-1.404715	-0.001264428	2530.867	-0.001525902	5	5	-1.406697	0	0	0	0	0	0	0	0	0	0	0	0	0	54	0	
2	837	-1.404101	-0.001256269	2531.867	-0.001525902	5	5	-1.406197	0	0	0	0	0	0	0	0	0	0	0	0	0	54	0	
2	838	-1.403488	-0.001249583	2532.867	-0.001525902	5	5	-1.405697	0	0	0	0	0	0	0	0	0	0	0	0	0	54	0	
2	839	-1.403181	-0.001245289	2533.867	-0.001525902	5	5	-1.405197	0	0	0	0	0	0	0	0	0	0	0	0	0	54	0	
2	840	-1.402875	-0.001235045	2534.867	-0.001525902	5	5	-1.404697	0	0	0	0	0	0	0	0	0	0	0	0	0	54	0	
2	841	-1.402261	-0.001232714	2535.867	-0.001525902	5	5	-1.404197	0	0	0	0	0	0	0	0	0	0	0	0	0	54	0	
2	842	-1.401648	-0.001225108	2536.867	-0.001525902	5	5	-1.403697	0	0	0	0	0	0	0	0	0	0	0	0	0	54	0	
2	843	-1.401341	-0.001217808	2537.867	-0.001525902	5	5	-1.403197	0	0	0	0	0	0	0	0	0	0	0	0	0	54	0	
2	844	-1.400728	-0.001232898	2538.867	-0.001525902	5	5	-1.402697	0	0	0	0	0	0	0	0	0	0	0	0	0	54	0	
2	845	-1.400114	-0.001226641	2539.867	-0.001525902	5	5	-1.402197	0	0	0	0	0	0	0	0	0	0	0	0	0	54	0	
2	846	-1.399808	-0.001221734	2540.867	-0.001525902	5	5	-1.401697	0	0	0	0	0	0	0	0	0	0	0	0	0	54	0	
2	847	-1.399194	-0.001218115	2541.867	-0.001525902	5	5	-1.401197	0	0	0	0	0	0	0	0	0	0	0	0	0	54	0	
2	848	-1.398581	-0.001211061	2542.867	-0.001525902	5	5	-1.400697	0	0	0	0	0	0	0	0	0	0	0	0	0	54	0	
2	849	-1.398274	-0.001205049	2543.867	-0.001525902	5	5	-1.400197	0	0	0	0	0	0	0	0	0	0	0	0	0	54	0	
2	850	-1.397661	-0.001199344	2544.867	-0.001525902	5	5	-1.399697	0	0	0	0	0	0	0	0	0	0	0	0	0	54	0	
2	851	-1.397354	-0.001193394	2545.867	-0.001525902	5	5	-1.399197	0	0	0	0	0	0	0	0	0	0	0	0	0	54	0	
2	852	-1.396741	-0.001186279	2546.867	-0.001525902	5	5	-1.398697	0	0	0	0	0	0	0	0	0	0	0	0	0	54	0	
2	853	-1.396127	-0.001179224	2547.867	-0.001525902	5	5	-1.398197	0	0	0	0	0	0	0	0	0	0	0	0	0	54	0	
2	854	-1.39582	-0.001179838	2548.867	-0.001525902	5	5	-1.397697	0	0	0	0	0	0	0	0	0	0	0	0	0	54	0	
2	855	-1.395207	-0.001176096	2549.867	-0.001525902	5	5	-1.397197	0	0	0	0	0	0	0	0	0	0	0	0	0	54	0	
2	856	-1.3949	-0.001169839	2550.867	-0.001525902	5	5	-1.396697	0	0	0	0	0	0	0	0	0	0	0	0	0	54	0	
2	857	-1.394287	-0.00116303	2551.867	-0.001525902	5	5	-1.396197	0	0	0	0	0	0	0	0	0	0	0	0	0	54	0	
2	858	-1.393673	-0.001154627	2552.867	-0.001525902	5	5	-1.395697	0	0	0	0	0	0	0	0	0	0	0	0	0	54	0	
2	859	-1.393367	-0.001149229	2553.867	-0.001525902	5	5	-1.395197	0	0	0	0	0	0	0	0	0	0	0	0	0	54	0	
2	860	-1.392753	-0.001140702	2554.867	-0.001525902	5	5	-1.394697	0	0	0	0	0	0	0	0	0	0	0	0	0	54	0	
2	861	-1.39214	-0.001141684	2555.867	-0.001525902	5	5	-1.394197	0	0	0	0	0	0	0	0	0	0	0	0	0	54	0	
2	862	-1.391833	-0.001135243	2556.867	-0.001525902	5	5	-1.393697	0	0	0	0	0	0	0	0	0	0	0	0	0	54	0	
2	863	-1.39122	-0.001128127	2557.867	-0.001525902	5	5	-1.393197	0	0	0	0	0	0	0	0	0	0	0	0	0	54	0	
2	864	-1.390606	-0.001122238	2558.867	-0.001525902	5	5	-1.392697	0	0	0	0	0	0	0	0	0	0	0	0	0	54	0	
2	865	-1.3903	-0.001114693	2559.867	-0.001525902	5	5	-1.392197	0	0	0	0	0	0	0	0	0	0	0	0	0	54	0	
2	866	-1.389686	-0.001107885	2560.867	-0.001525902	5	5	-1.391697	0	0	0	0	0	0	0	0	0	0	0	0	0	54	0	
2	867	-1.389073	-0.001103345	2561.867	-0.001525902	5	5	-1.391197	0	0	0	0	0	0	0	0	0	0	0	0	0	54	0	
2	868	-1.388766	-0.001100585	2562.867	-0.001525902	5	5	-1.390697	0	0	0	0	0	0	0	0	0	0	0	0	0	54	0	
2	869	-1.388153	-0.001096107	2563.867	-0.001525902	5	5	-1.390197	0	0	0	0	0	0	0	0	0	0	0	0	0	54	0	
2	870	-1.387846	-0.001092181	2564.867	-0.001525902	5	5	-1.389697	0	0	0	0	0	0	0	0	0	0	0	0	0	54	0	
2	871	-1.387233	-0.001084759	2565.867	-0.001525902	5	5	-1.389197	0	0	0	0	0	0	0	0	0	0	0	0	0	54	0	
2	872	-1.386926	-0.001076785	2566.867	-0.001525902	5	5	-1.388697	0	0	0	0	0	0	0	0	0	0	0	0	0	54	0	
2	873	-1.386312	-0.001099849	2567.867	-0.001525902	5	5	-1.388197	0	0	0	0	0	0	0	0	0	0	0	0	0	54	0	
2	874	-1.386006	-0.001095248	2568.867	-0.001525902	5	5	-1.387697	0	0	0	0	0	0	0	0	0	0	0	0	0	54	0	
2	875	-1.385392	-0.001091322	2569.867	-0.001525902	5	5	-1.387197	0	0	0	0	0	0	0	0	0	0	0	0	0	54	0	
2	876	-1.384779	-0.001085863	2570.867	-0.001525902	5	5	-1.386697	0	0	0	0	0	0	0	0	0	0	0	0	0	54	0	
2	877	-1.384472	-0.001078318	2571.867	-0.001525902	5	5	-1.386197	0	0	0	0	0	0	0	0	0	0	0	0	0	54	0	
2	878	-1.383859	-0.001071877	2572.867	-0.001525902	5	5	-1.385697	0	0	0	0	0	0	0	0	0	0	0	0	0	54	0	
2	879	-1.383245	-0.001065007	2573.867	-0.001525902	5	5	-1.385197	0	0	0	0	0	0	0	0	0	0	0	0	0	54	0	
2	880	-1.382939	-0.00105918	2574.867	-0.001525902	5	5	-1.384697	0	0	0	0	0	0	0	0	0	0	0	0	0	54	0	
2	881	-1.382325	-0.001058382	2575.867	-0.001525902	5	5	-1.384197	0	0	0	0	0	0	0	0	0	0	0	0	0	54	0	
2	882	-1.381712	-0.001053291	2576.867	-0.001525902	5	5	-1.383697	0	0	0	0	0	0	0	0	0	0	0	0	0	54	0	
2	883	-1.381405	-0.001048016	2577.867	-0.001525902	5	5	-1.383197	0	0	0	0	0	0	0	0	0	0	0	0	0	54	0	
2	884	-1.380792	-0.001042863	2578.867	-0.001525902	5	5	-1.382697	0	0	0	0	0	0	0	0	0	0	0	0	0	54	0	
2	885	-1.380178	-0.001037097	2579.867	-0.001525902	5	5	-1.382197	0	0	0	0	0	0	0	0	0	0	0	0	0	54	0	
2	886	-1.379872	-0.001035441	2580.867	-0.001525902	5	5	-1.381697	0	0	0	0	0	0	0	0	0	0	0	0	0	54	0	
2	887	-1.379258	-0.001028938	2581.867	-0.001525902	5	5	-1.381197	0	0	0	0	0	0	0	0	0	0	0	0	0	54	0	
2	888	-1.378952	-0.001024706	2582.867	-0.001525902	5	5	-1.380697	0	0	0	0	0	0	0	0	0	0	0	0	0	54	0	
2	889	-1.378338	-0.00101851	2583.867	-0.001525902	5	5	-1.380197	0	0	0	0	0	0	0	0	0	0	0	0	0	54	0	
2	890	-1.377725	-0.001012376	2584.867	-0.001525902	5	5	-1.379697	0	0	0	0	0	0	0	0	0	0	0	0	0	54	0	
2	891	-1.377418	-0.001006058	2585.867	-0.001525902	5	5	-1.379197	0	0	0	0	0	0	0	0	0	0	0	0	0	54	0	
2	892	-1.376805	-0.001006488	2586.867	-0.001525902	5	5	-1.378697	0	0	0	0	0	0	0	0	0	0	0	0	0	54	0	
2	893	-1.376191	-0.000999801	2587.867	-0.001525902	5	5	-1.378197	0	0	0	0	0	0	0	0	0	0	0	0	0	54	0	
2	894	-1.375884	-0.000994465	2588.867	-0.001525902	5	5	-1.377697	0	0	0	0	0	0	0	0	0	0	0	0	0	54	0	
2	895	-1.375271	-0.000989189	2589.867	-0.001525902	5	5	-1.377197	0	0	0	0	0	0	0	0	0	0	0	0	0	54	0	
2	896	-1.374658	-0.000985693	2590.867	-0.001525902	5	5	-1.376697	0	0	0	0	0	0	0	0	0	0	0	0	0	54	0	
2	897	-1.374351	-0.00098054	2591.867	-0.001525902	5	5	-1.376197	0	0	0	0	0	0	0	0	0	0	0	0	0	54	0	
2	898	-1.373738	-0.000970664	2592.867	-0.001525902	5	5	-1.375697	0	0	0	0	0	0	0	0	0	0	0	0	0	54	0	
2	899	-1.373431	-0.000973854	2593.867	-0.001525902	5	5	-1.375197	0	0	0	0	0	0	0	0	0	0	0	0	0	54	0	
2	900	-1.372817	-0.000968088	2594.867	-0.001525902	5	5	-1.374697	0	0	0	0	0	0	0	0	0	0	0	0	0	54	0	
2	901	-1.372204	-0.000961586	2595.867	-0.001525902	5	5	-1.374197	0	0	0	0	0	0	0	0	0	0	0	0	0	54	0	
2	902	-1.371897	-0.000959561	2596.867	-0.001525902	5	5	-1.373697	0	0	0	0	0	0	0	0	0	0	0	0	0	54	0	
2	903	-1.371284	-0.000953182	2597.867	-0.001525902	5	5	-1.373197	0	0	0	0	0	0	0	0	0	0	0	0	0	54	0	
2	904	-1.37067	-0.000944594	2598.867	-0.001525902	5	5	-1.372697	0	0	0	0	0	0	0	0	0	0	0	0	0	54	0	
2	905	-1.370364	-0.000946802	2599.867	-0.001525902	5	5	-1.372197	0	0	0	0	0	0	0	0	0	0	0	0	0	54	0	
2	906	-1.36975	-0.000941588	2600.867	-0.001525902	5	5	-1.371697	0	0	0	0	0	0	0	0	0	0	0	0	0	54	0	
2	907	-1.369444	-0.000949072	2601.867	-0.001525902	5	5	-1.371197	0	0	0	0	0	0	0	0	0	0	0	0	0	54	0	
2	908	-1.36883	-0.000943122	2602.867	-0.001525902	5	5	-1.370697	0	0	0	0	0	0	0	0	0	0	0	0	0	54	0	
2	909	-1.368217	-0.000942386	2603.867	-0.001525902	5	5	-1.370197	0	0	0	0	0	0	0	0	0	0	0	0	0	54	0	
2	910	-1.36791	-0.000938276	2604.867	-0.001525902	5	5	-1.369697	0	0	0	0	0	0	0	0	0	0	0	0	0	54	0	
2	911	-1.367297	-0.000933675	2605.867	-0.001525902	5	5	-1.369197	0	0	0	0	0	0	0	0	0	0	0	0	0	54	0	
2	912	-1.36699	-0.000928461	2606.867	-0.001525902	5	5	-1.368697	0	0	0	0	0	0	0	0	0	0	0	0	0	54	0	
2	913	-1.366377	-0.000925333	2607.867	-0.001525902	5	5	-1.368197	0	0	0	0	0	0	0	0	0	0	0	0	0	54	0	
2	914	-1.365763	-0.000920119	2608.867	-0.001525902	5	5	-1.367697	0	0	0	0	0	0	0	0	0	0	0	0	0	54	0	
2	915	-1.365456	-0.000912083	2609.867	-0.001525902	5	5	-1.367197	0	0	0	0	0	0	0	0	0	0	0	0	0	54	0	
2	916	-1.364843	-0.000915089	2610.867	-0.001525902	5	5	-1.366697	0	0	0	0	0	0	0	0	0	0	0	0	0	54	0	
2	917	-1.36423	-0.000909384	2611.867	-0.001525902	5	5	-1.366197	0	0	0	0	0	0	0	0	0	0	0	0	0	54	0	
2	918	-1.363923	-0.000903925	2612.867	-0.001525902	5	5	-1.365697	0	0	0	0	0	0	0	0	0	0	0	0	0	54	0	
2	919	-1.36331	-0.00089957	2613.867	-0.001525902	5	5	-1.365197	0	0	0	0	0	0	0	0	0	0	0	0	0	54	0	
2	920	-1.363003	-0.000890798	2614.867	-0.001525902	5	5	-1.364697	0	0	0	0	0	0	0	0	0	0	0	0	0	54	0	
2	921	-1.362389	-0.000891411	2615.867	-0.001525902	5	5	-1.36615	0	0	0	0	0	0	0	0	0	0	0	0	0	54	0	
2	922	-1.361776	-0.000888099	2616.867	-0.001525902	5	5	-1.363697	0	0	0	0	0	0	0	0	0	0	0	0	0	54	0	
2	923	-1.361469	-0.000883008	2617.867	-0.001525902	5	5	-1.363197	0	0	0	0	0	0	0	0	0	0	0	0	0	54	0	
2	924	-1.360856	-0.00087718	2618.867	-0.001525902	5	5	-1.362697	0	0	0	0	0	0	0	0	0	0	0	0	0	54	0	
2	925	-1.360242	-0.000870678	2619.867	-0.001525902	5	5	-1.362197	0	0	0	0	0	0	0	0	0	0	0	0	0	54	0	
2	926	-1.359936	-0.00086301	2620.867	-0.001525902	5	5	-1.361697	0	0	0	0	0	0	0	0	0	0	0	0	0	54	0	
2	927	-1.359322	-0.000866445	2621.867	-0.001525902	5	5	-1.361197	0	0	0	0	0	0	0	0	0	0	0	0	0	54	0	
2	928	-1.359016	-0.00086209	2622.867	-0.001525902	5	5	-1.360697	0	0	0	0	0	0	0	0	0	0	0	0	0	54	0	
2	929	-1.358402	-0.00085614	2623.867	-0.001525902	5	5	-1.360197	0	0	0	0	0	0	0	0	0	0	0	0	0	54	0	
2	930	-1.357789	-0.000850374	2624.867	-0.001525902	5	5	-1.359697	0	0	0	0	0	0	0	0	0	0	0	0	0	54	0	
2	931	-1.357482	-0.000848288	2625.867	-0.001525902	5	5	-1.359197	0	0	0	0	0	0	0	0	0	0	0	0	0	54	0	
2	932	-1.356869	-0.000844547	2626.867	-0.001525902	5	5	-1.358697	0	0	0	0	0	0	0	0	0	0	0	0	0	54	0	
2	933	-1.356255	-0.000840805	2627.867	-0.001525902	5	5	-1.358197	0	0	0	0	0	0	0	0	0	0	0	0	0	54	0	
2	934	-1.355949	-0.000835959	2628.867	-0.001525902	5	5	-1.357697	0	0	0	0	0	0	0	0	0	0	0	0	0	54	0	
2	935	-1.355335	-0.000833321	2629.867	-0.001525902	5	5	-1.357197	0	0	0	0	0	0	0	0	0	0	0	0	0	54	0	
2	936	-1.354722	-0.000835161	2630.867	-0.001525902	5	5	-1.356697	0	0	0	0	0	0	0	0	0	0	0	0	0	54	0	
2	937	-1.354415	-0.000826574	2631.867	-0.001525902	5	5	-1.356197	0	0	0	0	0	0	0	0	0	0	0	0	0	54	0	
2	938	-1.353802	-0.00082731	2632.867	-0.001525902	5	5	-1.355697	0	0	0	0	0	0	0	0	0	0	0	0	0	54	0	
2	939	-1.353188	-0.00082731	2633.867	-0.001525902	5	5	-1.355197	0	0	0	0	0	0	0	0	0	0	0	0	0	54	0	
2	940	-1.352882	-0.000823077	2634.867	-0.001525902	5	5	-1.354697	0	0	0	0	0	0	0	0	0	0	0	0	0	54	0	
2	941	-1.352268	-0.000817127	2635.867	-0.001525902	5	5	-1.354197	0	0	0	0	0	0	0	0	0	0	0	0	0	54	0	
2	942	-1.351961	-0.000812894	2636.867	-0.001525902	5	5	-1.353697	0	0	0	0	0	0	0	0	0	0	0	0	0	54	0	
2	943	-1.351348	-0.000803571	2637.867	-0.001525902	5	5	-1.353197	0	0	0	0	0	0	0	0	0	0	0	0	0	54	0	
2	944	-1.351041	-0.000803264	2638.867	-0.001525902	5	5	-1.352697	0	0	0	0	0	0	0	0	0	0	0	0	0	54	0	
2	945	-1.350428	-0.000805165	2639.867	-0.001525902	5	5	-1.352197	0	0	0	0	0	0	0	0	0	0	0	0	0	54	0	
2	946	-1.349814	-0.00080124	2640.867	-0.001525902	5	5	-1.351697	0	0	0	0	0	0	0	0	0	0	0	0	0	54	0	
2	947	-1.349508	-0.000797068	2641.867	-0.001525902	5	5	-1.351197	0	0	0	0	0	0	0	0	0	0	0	0	0	54	0	
2	948	-1.348894	-0.000792345	2642.867	-0.001525902	5	5	-1.350697	0	0	0	0	0	0	0	0	0	0	0	0	0	54	0	
2	949	-1.348588	-0.000784861	2643.867	-0.001525902	5	5	-1.350197	0	0	0	0	0	0	0	0	0	0	0	0	0	54	0	
2	950	-1.347974	-0.00077793	2644.867	-0.001525902	5	5	-1.349697	0	0	0	0	0	0	0	0	0	0	0	0	0	54	0	
2	951	-1.347361	-0.000774433	2645.867	-0.001525902	5	5	-1.349197	0	0	0	0	0	0	0	0	0	0	0	0	0	54	0	
2	952	-1.347054	-0.00076971	2646.867	-0.001525902	5	5	-1.348697	0	0	0	0	0	0	0	0	0	0	0	0	0	54	0	
2	953	-1.346441	-0.000766643	2647.867	-0.001525902	5	5	-1.348197	0	0	0	0	0	0	0	0	0	0	0	0	0	54	0	
2	954	-1.346134	-0.00076149	2648.867	-0.001525902	5	5	-1.347697	0	0	0	0	0	0	0	0	0	0	0	0	0	54	0	
2	955	-1.34552	-0.000759098	2649.867	-0.001525902	5	5	-1.347197	0	0	0	0	0	0	0	0	0	0	0	0	0	54	0	
2	956	-1.344907	-0.000755663	2650.867	-0.001525902	5	5	-1.346697	0	0	0	0	0	0	0	0	0	0	0	0	0	54	0	
2	957	-1.344294	-0.000752412	2651.867	-0.001525902	5	5	-1.346197	0	0	0	0	0	0	0	0	0	0	0	0	0	54	0	
2	958	-1.343987	-0.000748793	2652.867	-0.001525902	5	5	-1.345697	0	0	0	0	0	0	0	0	0	0	0	0	0	54	0	
2	959	-1.343374	-0.000744806	2653.867	-0.001525902	5	5	-1.345197	0	0	0	0	0	0	0	0	0	0	0	0	0	54	0	
2	960	-1.34276	-0.000740082	2654.867	-0.001525902	5	5	-1.344697	0	0	0	0	0	0	0	0	0	0	0	0	0	54	0	
2	961	-1.342453	-0.000736525	2655.867	-0.001525902	5	5	-1.344197	0	0	0	0	0	0	0	0	0	0	0	0	0	54	0	
2	962	-1.34184	-0.000732108	2656.867	-0.001525902	5	5	-1.343697	0	0	0	0	0	0	0	0	0	0	0	0	0	54	0	
2	963	-1.341227	-0.00072763	2657.867	-0.001525902	5	5	-1.343197	0	0	0	0	0	0	0	0	0	0	0	0	0	54	0	
2	964	-1.34092	-0.000725238	2658.867	-0.001525902	5	5	-1.342697	0	0	0	0	0	0	0	0	0	0	0	0	0	54	0	
2	965	-1.340307	-0.000729961	2659.867	-0.001525902	5	5	-1.342197	0	0	0	0	0	0	0	0	0	0	0	0	0	54	0	
2	966	-1.34	-0.000726219	2660.867	-0.001525902	5	5	-1.341697	0	0	0	0	0	0	0	0	0	0	0	0	0	54	0	
2	967	-1.339386	-0.000723214	2661.867	-0.001525902	5	5	-1.341197	0	0	0	0	0	0	0	0	0	0	0	0	0	54	0	
2	968	-1.338773	-0.000719288	2662.867	-0.001525902	5	5	-1.340697	0	0	0	0	0	0	0	0	0	0	0	0	0	54	0	
2	969	-1.338466	-0.000716589	2663.867	-0.001525902	5	5	-1.340197	0	0	0	0	0	0	0	0	0	0	0	0	0	54	0	
2	970	-1.337853	-0.000713276	2664.867	-0.001525902	5	5	-1.339697	0	0	0	0	0	0	0	0	0	0	0	0	0	54	0	
2	971	-1.337546	-0.000710823	2665.867	-0.001525902	5	5	-1.339197	0	0	0	0	0	0	0	0	0	0	0	0	0	54	0	
2	972	-1.336933	-0.000706958	2666.867	-0.001525902	5	5	-1.338697	0	0	0	0	0	0	0	0	0	0	0	0	0	54	0	
2	973	-1.336626	-0.00070291	2667.867	-0.001525902	5	5	-1.338197	0	0	0	0	0	0	0	0	0	0	0	0	0	54	0	
2	974	-1.336013	-0.000700885	2668.867	-0.001525902	5	5	-1.337697	0	0	0	0	0	0	0	0	0	0	0	0	0	54	0	
2	975	-1.335706	-0.000696837	2669.867	-0.001525902	5	5	-1.337197	0	0	0	0	0	0	0	0	0	0	0	0	0	54	0	
2	976	-1.335093	-0.00069242	2670.867	-0.001525902	5	5	-1.336697	0	0	0	0	0	0	0	0	0	0	0	0	0	54	0	
2	977	-1.334479	-0.000689967	2671.867	-0.001525902	5	5	-1.336197	0	0	0	0	0	0	0	0	0	0	0	0	0	54	0	
2	978	-1.333866	-0.0006869	2672.867	-0.001525902	5	5	-1.335697	0	0	0	0	0	0	0	0	0	0	0	0	0	54	0	
2	979	-1.333559	-0.000683403	2673.867	-0.001525902	5	5	-1.335197	0	0	0	0	0	0	0	0	0	0	0	0	0	54	0	
2	980	-1.332946	-0.000681133	2674.867	-0.001525902	5	5	-1.334697	0	0	0	0	0	0	0	0	0	0	0	0	0	54	0	
2	981	-1.332332	-0.000677392	2675.867	-0.001525902	5	5	-1.334197	0	0	0	0	0	0	0	0	0	0	0	0	0	54	0	
2	982	-1.332025	-0.00067273	2676.867	-0.001525902	5	5	-1.333697	0	0	0	0	0	0	0	0	0	0	0	0	0	54	0	
2	983	-1.331412	-0.00066819	2677.867	-0.001525902	5	5	-1.333197	0	0	0	0	0	0	0	0	0	0	0	0	0	54	0	
2	984	-1.331105	-0.000667761	2678.867	-0.001525902	5	5	-1.332697	0	0	0	0	0	0	0	0	0	0	0	0	0	54	0	
2	985	-1.330492	-0.000662486	2679.867	-0.001525902	5	5	-1.332197	0	0	0	0	0	0	0	0	0	0	0	0	0	54	0	
2	986	-1.329879	-0.000660339	2680.867	-0.001525902	5	5	-1.331697	0	0	0	0	0	0	0	0	0	0	0	0	0	54	0	
2	987	-1.329572	-0.000657088	2681.867	-0.001525902	5	5	-1.331197	0	0	0	0	0	0	0	0	0	0	0	0	0	54	0	
2	988	-1.328958	-0.000652978	2682.867	-0.001525902	5	5	-1.330697	0	0	0	0	0	0	0	0	0	0	0	0	0	54	0	
2	989	-1.328345	-0.000648929	2683.867	-0.001525902	5	5	-1.330197	0	0	0	0	0	0	0	0	0	0	0	0	0	54	0	
2	990	-1.327732	-0.000646414	2684.867	-0.001525902	5	5	-1.329697	0	0	0	0	0	0	0	0	0	0	0	0	0	54	0	
2	991	-1.327425	-0.000643286	2685.867	-0.001525902	5	5	-1.329197	0	0	0	0	0	0	0	0	0	0	0	0	0	54	0	
2	992	-1.326811	-0.000638992	2686.867	-0.001525902	5	5	-1.328697	0	0	0	0	0	0	0	0	0	0	0	0	0	54	0	
2	993	-1.326505	-0.000636784	2687.867	-0.001525902	5	5	-1.328197	0	0	0	0	0	0	0	0	0	0	0	0	0	54	0	
2	994	-1.325891	-0.000633839	2688.867	-0.001525902	5	5	-1.327697	0	0	0	0	0	0	0	0	0	0	0	0	0	54	0	
2	995	-1.325585	-0.000630036	2689.867	-0.001525902	5	5	-1.327197	0	0	0	0	0	0	0	0	0	0	0	0	0	54	0	
2	996	-1.324971	-0.000626478	2690.867	-0.001525902	5	5	-1.326697	0	0	0	0	0	0	0	0	0	0	0	0	0	54	0	
2	997	-1.324358	-0.000624454	2691.867	-0.001525902	5	5	-1.326197	0	0	0	0	0	0	0	0	0	0	0	0	0	54	0	
2	998	-1.324051	-0.000621571	2692.867	-0.001525902	5	5	-1.325697	0	0	0	0	0	0	0	0	0	0	0	0	0	54	0	
2	999	-1.323438	-0.000618381	2693.867	-0.001525902	5	5	-1.325197	0	0	0	0	0	0	0	0	0	0	0	0	0	54	0	
2	1000	-1.322824	-0.000614762	2694.867	-0.001525902	5	5	-1.324697	0	0	0	0	0	0	0	0	0	0	0	0	0	54	0	
2	1001	-1.322518	-0.000611634	2695.867	-0.001525902	5	5	-1.324197	0	0	0	0	0	0	0	0	0	0	0	0	0	54	0	
2	1002	-1.321904	-0.000608628	2696.867	-0.001525902	5	5	-1.323697	0	0	0	0	0	0	0	0	0	0	0	0	0	54	0	
2	1003	-1.321291	-0.000607769	2697.867	-0.001525902	5	5	-1.323197	0	0	0	0	0	0	0	0	0	0	0	0	0	54	0	
2	1004	-1.320984	-0.000604764	2698.867	-0.001525902	5	5	-1.322697	0	0	0	0	0	0	0	0	0	0	0	0	0	54	0	
2	1005	-1.320371	-0.000600163	2699.867	-0.001525902	5	5	-1.322197	0	0	0	0	0	0	0	0	0	0	0	0	0	54	0	
2	1006	-1.320064	-0.000597464	2700.867	-0.001525902	5	5	-1.321697	0	0	0	0	0	0	0	0	0	0	0	0	0	54	0	
2	1007	-1.31945	-0.000594336	2701.867	-0.001525902	5	5	-1.321197	0	0	0	0	0	0	0	0	0	0	0	0	0	54	0	
2	1008	-1.318837	-0.000590103	2702.867	-0.001525902	5	5	-1.320697	0	0	0	0	0	0	0	0	0	0	0	0	0	54	0	
2	1009	-1.31853	-0.000586361	2703.867	-0.001525902	5	5	-1.320197	0	0	0	0	0	0	0	0	0	0	0	0	0	54	0	
2	1010	-1.318224	-0.000584521	2704.867	-0.001525902	5	5	-1.319697	0	0	0	0	0	0	0	0	0	0	0	0	0	54	0	
2	1011	-1.31761	-0.000582435	2705.867	-0.001525902	5	5	-1.319197	0	0	0	0	0	0	0	0	0	0	0	0	0	54	0	
2	1012	-1.316997	-0.000578816	2706.867	-0.001525902	5	5	-1.318697	0	0	0	0	0	0	0	0	0	0	0	0	0	54	0	
2	1013	-1.316383	-0.000577283	2707.867	-0.001525902	5	5	-1.318197	0	0	0	0	0	0	0	0	0	0	0	0	0	54	0	
2	1014	-1.316077	-0.000573848	2708.867	-0.001525902	5	5	-1.317697	0	0	0	0	0	0	0	0	0	0	0	0	0	54	0	
2	1015	-1.315463	-0.000570965	2709.867	-0.001525902	5	5	-1.317197	0	0	0	0	0	0	0	0	0	0	0	0	0	54	0	
2	1016	-1.31485	-0.000568695	2710.867	-0.001525902	5	5	-1.316697	0	0	0	0	0	0	0	0	0	0	0	0	0	54	0	
2	1017	-1.314543	-0.000565689	2711.867	-0.001525902	5	5	-1.316197	0	0	0	0	0	0	0	0	0	0	0	0	0	54	0	
2	1018	-1.31393	-0.000561886	2712.867	-0.001525902	5	5	-1.315697	0	0	0	0	0	0	0	0	0	0	0	0	0	54	0	
2	1019	-1.313623	-0.00055796	2713.867	-0.001525902	5	5	-1.315197	0	0	0	0	0	0	0	0	0	0	0	0	0	54	0	
2	1020	-1.31301	-0.000555322	2714.867	-0.001525902	5	5	-1.314697	0	0	0	0	0	0	0	0	0	0	0	0	0	54	0	
2	1021	-1.312703	-0.000553666	2715.867	-0.001525902	5	5	-1.314197	0	0	0	0	0	0	0	0	0	0	0	0	0	54	0	
2	1022	-1.31209	-0.000559371	2716.867	-0.001525902	5	5	-1.313697	0	0	0	0	0	0	0	0	0	0	0	0	0	54	0	
2	1023	-1.311476	-0.000556611	2717.867	-0.001525902	5	5	-1.313197	0	0	0	0	0	0	0	0	0	0	0	0	0	54	0	
2	1024	-1.310863	-0.000552992	2718.867	-0.001525902	5	5	-1.312697	0	0	0	0	0	0	0	0	0	0	0	0	0	54	0	
2	1025	-1.310556	-0.000550292	2719.867	-0.001525902	5	5	-1.312197	0	0	0	0	0	0	0	0	0	0	0	0	0	54	0	
2	1026	-1.309943	-0.000548023	2720.867	-0.001525902	5	5	-1.311697	0	0	0	0	0	0	0	0	0	0	0	0	0	54	0	
2	1027	-1.309329	-0.000545631	2721.867	-0.001525902	5	5	-1.311197	0	0	0	0	0	0	0	0	0	0	0	0	0	54	0	
2	1028	-1.309022	-0.000542625	2722.867	-0.001525902	5	5	-1.310697	0	0	0	0	0	0	0	0	0	0	0	0	0	54	0	
2	1029	-1.308409	-0.00054011	2723.867	-0.001525902	5	5	-1.310197	0	0	0	0	0	0	0	0	0	0	0	0	0	54	0	
2	1030	-1.308102	-0.000537656	2724.867	-0.001525902	5	5	-1.309697	0	0	0	0	0	0	0	0	0	0	0	0	0	54	0	
2	1031	-1.307489	-0.000535264	2725.867	-0.001525902	5	5	-1.309197	0	0	0	0	0	0	0	0	0	0	0	0	0	54	0	
2	1032	-1.307182	-0.000532749	2726.867	-0.001525902	5	5	-1.308697	0	0	0	0	0	0	0	0	0	0	0	0	0	54	0	
2	1033	-1.306569	-0.000531706	2727.867	-0.001525902	5	5	-1.308197	0	0	0	0	0	0	0	0	0	0	0	0	0	54	0	
2	1034	-1.305955	-0.000529007	2728.867	-0.001525902	5	5	-1.307697	0	0	0	0	0	0	0	0	0	0	0	0	0	54	0	
2	1035	-1.305649	-0.000527719	2729.867	-0.001525902	5	5	-1.307197	0	0	0	0	0	0	0	0	0	0	0	0	0	54	0	
2	1036	-1.305035	-0.000525204	2730.867	-0.001525902	5	5	-1.306697	0	0	0	0	0	0	0	0	0	0	0	0	0	54	0	
2	1037	-1.304422	-0.000522321	2731.867	-0.001525902	5	5	-1.306197	0	0	0	0	0	0	0	0	0	0	0	0	0	54	0	
2	1038	-1.304115	-0.00051999	2732.867	-0.001525902	5	5	-1.305697	0	0	0	0	0	0	0	0	0	0	0	0	0	54	0	
2	1039	-1.303502	-0.000518579	2733.867	-0.001525902	5	5	-1.305197	0	0	0	0	0	0	0	0	0	0	0	0	0	54	0	
2	1040	-1.302888	-0.000515819	2734.867	-0.001525902	5	5	-1.304697	0	0	0	0	0	0	0	0	0	0	0	0	0	54	0	
2	1041	-1.302582	-0.000513794	2735.867	-0.001525902	5	5	-1.304197	0	0	0	0	0	0	0	0	0	0	0	0	0	54	0	
2	1042	-1.301968	-0.000510298	2736.867	-0.001525902	5	5	-1.303697	0	0	0	0	0	0	0	0	0	0	0	0	0	54	0	
2	1043	-1.301661	-0.000507967	2737.867	-0.001525902	5	5	-1.303197	0	0	0	0	0	0	0	0	0	0	0	0	0	54	0	
2	1044	-1.301048	-0.000506372	2738.867	-0.001525902	5	5	-1.302697	0	0	0	0	0	0	0	0	0	0	0	0	0	54	0	
2	1045	-1.300435	-0.000502937	2739.867	-0.001525902	5	5	-1.302197	0	0	0	0	0	0	0	0	0	0	0	0	0	54	0	
2	1046	-1.300128	-0.000499318	2740.867	-0.001525902	5	5	-1.30365	0	0	0	0	0	0	0	0	0	0	0	0	0	54	0	
2	1047	-1.299515	-0.000498152	2741.867	-0.001525902	5	5	-1.301197	0	0	0	0	0	0	0	0	0	0	0	0	0	54	0	
2	1048	-1.299208	-0.000495883	2742.867	-0.001525902	5	5	-1.300697	0	0	0	0	0	0	0	0	0	0	0	0	0	54	0	
2	1049	-1.298594	-0.000492693	2743.867	-0.001525902	5	5	-1.300197	0	0	0	0	0	0	0	0	0	0	0	0	0	54	0	
2	1050	-1.297981	-0.000490607	2744.867	-0.001525902	5	5	-1.299697	0	0	0	0	0	0	0	0	0	0	0	0	0	54	0	
2	1051	-1.297674	-0.000488767	2745.867	-0.001525902	5	5	-1.299197	0	0	0	0	0	0	0	0	0	0	0	0	0	54	0	
2	1052	-1.297061	-0.000486927	2746.867	-0.001525902	5	5	-1.298697	0	0	0	0	0	0	0	0	0	0	0	0	0	54	0	
2	1053	-1.296448	-0.000484596	2747.867	-0.001525902	5	5	-1.298197	0	0	0	0	0	0	0	0	0	0	0	0	0	54	0	
2	1054	-1.296141	-0.00048202	2748.867	-0.001525902	5	5	-1.297697	0	0	0	0	0	0	0	0	0	0	0	0	0	54	0	
2	1055	-1.295527	-0.000479934	2749.867	-0.001525902	5	5	-1.297197	0	0	0	0	0	0	0	0	0	0	0	0	0	54	0	
2	1056	-1.294914	-0.000477542	2750.867	-0.001525902	5	5	-1.296697	0	0	0	0	0	0	0	0	0	0	0	0	0	54	0	
2	1057	-1.294607	-0.000477112	2751.867	-0.001525902	5	5	-1.296197	0	0	0	0	0	0	0	0	0	0	0	0	0	54	0	
2	1058	-1.293994	-0.000474475	2752.867	-0.001525902	5	5	-1.295697	0	0	0	0	0	0	0	0	0	0	0	0	0	54	0	
2	1059	-1.293687	-0.000472082	2753.867	-0.001525902	5	5	-1.295197	0	0	0	0	0	0	0	0	0	0	0	0	0	54	0	
2	1060	-1.293074	-0.000470058	2754.867	-0.001525902	5	5	-1.294697	0	0	0	0	0	0	0	0	0	0	0	0	0	54	0	
2	1061	-1.29246	-0.000467298	2755.867	-0.001525902	5	5	-1.294197	0	0	0	0	0	0	0	0	0	0	0	0	0	54	0	
2	1062	-1.292154	-0.000464844	2756.867	-0.001525902	5	5	-1.293697	0	0	0	0	0	0	0	0	0	0	0	0	0	54	0	
2	1063	-1.29154	-0.000462881	2757.867	-0.001525902	5	5	-1.293197	0	0	0	0	0	0	0	0	0	0	0	0	0	54	0	
2	1064	-1.290927	-0.000459998	2758.867	-0.001525902	5	5	-1.292697	0	0	0	0	0	0	0	0	0	0	0	0	0	54	0	
2	1065	-1.29062	-0.000457667	2759.867	-0.001525902	5	5	-1.292197	0	0	0	0	0	0	0	0	0	0	0	0	0	54	0	
2	1066	-1.290007	-0.000455398	2760.867	-0.001525902	5	5	-1.291697	0	0	0	0	0	0	0	0	0	0	0	0	0	54	0	
2	1067	-1.2897	-0.000453128	2761.867	-0.001525902	5	5	-1.291197	0	0	0	0	0	0	0	0	0	0	0	0	0	54	0	
2	1068	-1.289087	-0.000451349	2762.867	-0.001525902	5	5	-1.290697	0	0	0	0	0	0	0	0	0	0	0	0	0	54	0	
2	1069	-1.288473	-0.000448895	2763.867	-0.001525902	5	5	-1.290197	0	0	0	0	0	0	0	0	0	0	0	0	0	54	0	
2	1070	-1.288166	-0.000446687	2764.867	-0.001525902	5	5	-1.289697	0	0	0	0	0	0	0	0	0	0	0	0	0	54	0	
2	1071	-1.287553	-0.000444908	2765.867	-0.001525902	5	5	-1.289197	0	0	0	0	0	0	0	0	0	0	0	0	0	54	0	
2	1072	-1.28694	-0.000442761	2766.867	-0.001525902	5	5	-1.288697	0	0	0	0	0	0	0	0	0	0	0	0	0	54	0	
2	1073	-1.286633	-0.000441044	2767.867	-0.001525902	5	5	-1.288197	0	0	0	0	0	0	0	0	0	0	0	0	0	54	0	
2	1074	-1.28602	-0.000438467	2768.867	-0.001525902	5	5	-1.287697	0	0	0	0	0	0	0	0	0	0	0	0	0	54	0	
2	1075	-1.285713	-0.00043632	2769.867	-0.001525902	5	5	-1.287197	0	0	0	0	0	0	0	0	0	0	0	0	0	54	0	
2	1076	-1.285099	-0.000434296	2770.867	-0.001525902	5	5	-1.286697	0	0	0	0	0	0	0	0	0	0	0	0	0	54	0	
2	1077	-1.284486	-0.000432763	2771.867	-0.001525902	5	5	-1.286197	0	0	0	0	0	0	0	0	0	0	0	0	0	54	0	
2	1078	-1.283873	-0.000431168	2772.867	-0.001525902	5	5	-1.285697	0	0	0	0	0	0	0	0	0	0	0	0	0	54	0	
2	1079	-1.283566	-0.000429696	2773.867	-0.001525902	5	5	-1.285197	0	0	0	0	0	0	0	0	0	0	0	0	0	54	0	
2	1080	-1.282952	-0.000427549	2774.867	-0.001525902	5	5	-1.284697	0	0	0	0	0	0	0	0	0	0	0	0	0	54	0	
2	1081	-1.282646	-0.000426322	2775.867	-0.001525902	5	5	-1.284197	0	0	0	0	0	0	0	0	0	0	0	0	0	54	0	
2	1082	-1.282032	-0.000424298	2776.867	-0.001525902	5	5	-1.283697	0	0	0	0	0	0	0	0	0	0	0	0	0	54	0	
2	1083	-1.281419	-0.000422273	2777.867	-0.001525902	5	5	-1.283197	0	0	0	0	0	0	0	0	0	0	0	0	0	54	0	
2	1084	-1.281112	-0.000419697	2778.867	-0.001525902	5	5	-1.282697	0	0	0	0	0	0	0	0	0	0	0	0	0	54	0	
2	1085	-1.280499	-0.000417243	2779.867	-0.001525902	5	5	-1.282197	0	0	0	0	0	0	0	0	0	0	0	0	0	54	0	
2	1086	-1.280192	-0.000415648	2780.867	-0.001525902	5	5	-1.281697	0	0	0	0	0	0	0	0	0	0	0	0	0	54	0	
2	1087	-1.279579	-0.000414299	2781.867	-0.001525902	5	5	-1.281197	0	0	0	0	0	0	0	0	0	0	0	0	0	54	0	
2	1088	-1.278965	-0.000411416	2782.867	-0.001525902	5	5	-1.280697	0	0	0	0	0	0	0	0	0	0	0	0	0	54	0	
2	1089	-1.278659	-0.000408901	2783.867	-0.001525902	5	5	-1.280197	0	0	0	0	0	0	0	0	0	0	0	0	0	54	0	
2	1090	-1.278045	-0.000407245	2784.867	-0.001525902	5	5	-1.279697	0	0	0	0	0	0	0	0	0	0	0	0	0	54	0	
2	1091	-1.277432	-0.000405957	2785.867	-0.001525902	5	5	-1.279197	0	0	0	0	0	0	0	0	0	0	0	0	0	54	0	
2	1092	-1.277125	-0.000403994	2786.867	-0.001525902	5	5	-1.278697	0	0	0	0	0	0	0	0	0	0	0	0	0	54	0	
2	1093	-1.276512	-0.000402889	2787.867	-0.001525902	5	5	-1.278197	0	0	0	0	0	0	0	0	0	0	0	0	0	54	0	
2	1094	-1.276205	-0.000401295	2788.867	-0.001525902	5	5	-1.277697	0	0	0	0	0	0	0	0	0	0	0	0	0	54	0	
2	1095	-1.275591	-0.000399393	2789.867	-0.001525902	5	5	-1.277197	0	0	0	0	0	0	0	0	0	0	0	0	0	54	0	
2	1096	-1.274978	-0.000398841	2790.867	-0.001525902	5	5	-1.276697	0	0	0	0	0	0	0	0	0	0	0	0	0	54	0	
2	1097	-1.274671	-0.000397062	2791.867	-0.001525902	5	5	-1.276197	0	0	0	0	0	0	0	0	0	0	0	0	0	54	0	
2	1098	-1.274058	-0.000395099	2792.867	-0.001525902	5	5	-1.275697	0	0	0	0	0	0	0	0	0	0	0	0	0	54	0	
2	1099	-1.273751	-0.000392829	2793.867	-0.001525902	5	5	-1.275197	0	0	0	0	0	0	0	0	0	0	0	0	0	54	0	
2	1100	-1.273138	-0.000391419	2794.867	-0.001525902	5	5	-1.274697	0	0	0	0	0	0	0	0	0	0	0	0	0	54	0	
2	1101	-1.272524	-0.000389824	2795.867	-0.001525902	5	5	-1.274197	0	0	0	0	0	0	0	0	0	0	0	0	0	54	0	
2	1102	-1.272218	-0.000388474	2796.867	-0.001525902	5	5	-1.273697	0	0	0	0	0	0	0	0	0	0	0	0	0	54	0	
2	1103	-1.271604	-0.000386695	2797.867	-0.001525902	5	5	-1.273197	0	0	0	0	0	0	0	0	0	0	0	0	0	54	0	
2	1104	-1.270991	-0.000385407	2798.867	-0.001525902	5	5	-1.272697	0	0	0	0	0	0	0	0	0	0	0	0	0	54	0	
2	1105	-1.270684	-0.000383138	2799.867	-0.001525902	5	5	-1.272197	0	0	0	0	0	0	0	0	0	0	0	0	0	54	0	
2	1106	-1.270071	-0.000381911	2800.867	-0.001525902	5	5	-1.271697	0	0	0	0	0	0	0	0	0	0	0	0	0	54	0	
2	1107	-1.269457	-0.000380193	2801.867	-0.001525902	5	5	-1.271197	0	0	0	0	0	0	0	0	0	0	0	0	0	54	0	
2	1108	-1.269151	-0.000378537	2802.867	-0.001525902	5	5	-1.270697	0	0	0	0	0	0	0	0	0	0	0	0	0	54	0	
2	1109	-1.268537	-0.000376635	2803.867	-0.001525902	5	5	-1.270197	0	0	0	0	0	0	0	0	0	0	0	0	0	54	0	
2	1110	-1.268231	-0.000375286	2804.867	-0.001525902	5	5	-1.269697	0	0	0	0	0	0	0	0	0	0	0	0	0	54	0	
2	1111	-1.267617	-0.000374795	2805.867	-0.001525902	5	5	-1.269197	0	0	0	0	0	0	0	0	0	0	0	0	0	54	0	
2	1112	-1.267004	-0.00037547	2806.867	-0.001525902	5	5	-1.268697	0	0	0	0	0	0	0	0	0	0	0	0	0	54	0	
2	1113	-1.266697	-0.000373139	2807.867	-0.001525902	5	5	-1.268197	0	0	0	0	0	0	0	0	0	0	0	0	0	54	0	
2	1114	-1.266084	-0.000371053	2808.867	-0.001525902	5	5	-1.267697	0	0	0	0	0	0	0	0	0	0	0	0	0	54	0	
2	1115	-1.26547	-0.000368968	2809.867	-0.001525902	5	5	-1.267197	0	0	0	0	0	0	0	0	0	0	0	0	0	54	0	
2	1116	-1.265163	-0.000367434	2810.867	-0.001525902	5	5	-1.266697	0	0	0	0	0	0	0	0	0	0	0	0	0	54	0	
2	1117	-1.26455	-0.000365839	2811.867	-0.001525902	5	5	-1.266197	0	0	0	0	0	0	0	0	0	0	0	0	0	54	0	
2	1118	-1.264243	-0.000363815	2812.867	-0.001525902	5	5	-1.265697	0	0	0	0	0	0	0	0	0	0	0	0	0	54	0	
2	1119	-1.26363	-0.000365717	2813.867	-0.001525902	5	5	-1.265197	0	0	0	0	0	0	0	0	0	0	0	0	0	54	0	
2	1120	-1.263017	-0.000363631	2814.867	-0.001525902	5	5	-1.264697	0	0	0	0	0	0	0	0	0	0	0	0	0	54	0	
2	1121	-1.26271	-0.000362282	2815.867	-0.001525902	5	5	-1.264197	0	0	0	0	0	0	0	0	0	0	0	0	0	54	0	
2	1122	-1.262096	-0.000360932	2816.867	-0.001525902	5	5	-1.263697	0	0	0	0	0	0	0	0	0	0	0	0	0	54	0	
2	1123	-1.261483	-0.000359153	2817.867	-0.001525902	5	5	-1.263197	0	0	0	0	0	0	0	0	0	0	0	0	0	54	0	
2	1124	-1.261176	-0.00035719	2818.867	-0.001525902	5	5	-1.262697	0	0	0	0	0	0	0	0	0	0	0	0	0	54	0	
2	1125	-1.260563	-0.000355595	2819.867	-0.001525902	5	5	-1.262197	0	0	0	0	0	0	0	0	0	0	0	0	0	54	0	
2	1126	-1.260256	-0.000354184	2820.867	-0.001525902	5	5	-1.261697	0	0	0	0	0	0	0	0	0	0	0	0	0	54	0	
2	1127	-1.259643	-0.000352283	2821.867	-0.001525902	5	5	-1.261197	0	0	0	0	0	0	0	0	0	0	0	0	0	54	0	
2	1128	-1.259029	-0.000350688	2822.867	-0.001525902	5	5	-1.260697	0	0	0	0	0	0	0	0	0	0	0	0	0	54	0	
2	1129	-1.258723	-0.000349829	2823.867	-0.001525902	5	5	-1.260197	0	0	0	0	0	0	0	0	0	0	0	0	0	54	0	
2	1130	-1.258109	-0.000347989	2824.867	-0.001525902	5	5	-1.259697	0	0	0	0	0	0	0	0	0	0	0	0	0	54	0	
2	1131	-1.257802	-0.000346333	2825.867	-0.001525902	5	5	-1.259197	0	0	0	0	0	0	0	0	0	0	0	0	0	54	0	
2	1132	-1.257189	-0.000345229	2826.867	-0.001525902	5	5	-1.258697	0	0	0	0	0	0	0	0	0	0	0	0	0	54	0	
2	1133	-1.256576	-0.000344002	2827.867	-0.001525902	5	5	-1.258197	0	0	0	0	0	0	0	0	0	0	0	0	0	54	0	
2	1134	-1.255962	-0.000343204	2828.867	-0.001525902	5	5	-1.257697	0	0	0	0	0	0	0	0	0	0	0	0	0	54	0	
2	1135	-1.255656	-0.000341671	2829.867	-0.001525902	5	5	-1.257197	0	0	0	0	0	0	0	0	0	0	0	0	0	54	0	
2	1136	-1.255042	-0.000340076	2830.867	-0.001525902	5	5	-1.256697	0	0	0	0	0	0	0	0	0	0	0	0	0	54	0	
2	1137	-1.254735	-0.000338726	2831.867	-0.001525902	5	5	-1.256197	0	0	0	0	0	0	0	0	0	0	0	0	0	54	0	
2	1138	-1.254122	-0.000337316	2832.867	-0.001525902	5	5	-1.255697	0	0	0	0	0	0	0	0	0	0	0	0	0	54	0	
2	1139	-1.253509	-0.000334371	2833.867	-0.001525902	5	5	-1.255197	0	0	0	0	0	0	0	0	0	0	0	0	0	54	0	
2	1140	-1.253202	-0.000332899	2834.867	-0.001525902	5	5	-1.254697	0	0	0	0	0	0	0	0	0	0	0	0	0	54	0	
2	1141	-1.252589	-0.000331672	2835.867	-0.001525902	5	5	-1.254197	0	0	0	0	0	0	0	0	0	0	0	0	0	54	0	
2	1142	-1.251975	-0.0003302	2836.867	-0.001525902	5	5	-1.253697	0	0	0	0	0	0	0	0	0	0	0	0	0	54	0	
2	1143	-1.251668	-0.000329464	2837.867	-0.001525902	5	5	-1.253197	0	0	0	0	0	0	0	0	0	0	0	0	0	54	0	
2	1144	-1.251055	-0.000327992	2838.867	-0.001525902	5	5	-1.252697	0	0	0	0	0	0	0	0	0	0	0	0	0	54	0	
2	1145	-1.250748	-0.000326765	2839.867	-0.001525902	5	5	-1.252197	0	0	0	0	0	0	0	0	0	0	0	0	0	54	0	
2	1146	-1.250135	-0.000325231	2840.867	-0.001525902	5	5	-1.251697	0	0	0	0	0	0	0	0	0	0	0	0	0	54	0	
2	1147	-1.249521	-0.000324189	2841.867	-0.001525902	5	5	-1.251197	0	0	0	0	0	0	0	0	0	0	0	0	0	54	0	
2	1148	-1.249215	-0.000322164	2842.867	-0.001525902	5	5	-1.250697	0	0	0	0	0	0	0	0	0	0	0	0	0	54	0	
2	1149	-1.248601	-0.000320692	2843.867	-0.001525902	5	5	-1.250197	0	0	0	0	0	0	0	0	0	0	0	0	0	54	0	
2	1150	-1.247988	-0.000320263	2844.867	-0.001525902	5	5	-1.249697	0	0	0	0	0	0	0	0	0	0	0	0	0	54	0	
2	1151	-1.247681	-0.000319833	2845.867	-0.001525902	5	5	-1.249197	0	0	0	0	0	0	0	0	0	0	0	0	0	54	0	
2	1152	-1.247068	-0.000318361	2846.867	-0.001525902	5	5	-1.248697	0	0	0	0	0	0	0	0	0	0	0	0	0	54	0	
2	1153	-1.246454	-0.000317073	2847.867	-0.001525902	5	5	-1.248197	0	0	0	0	0	0	0	0	0	0	0	0	0	54	0	
2	1154	-1.246148	-0.000315171	2848.867	-0.001525902	5	5	-1.247697	0	0	0	0	0	0	0	0	0	0	0	0	0	54	0	
2	1155	-1.245534	-0.000313699	2849.867	-0.001525902	5	5	-1.247197	0	0	0	0	0	0	0	0	0	0	0	0	0	54	0	
2	1156	-1.244921	-0.000312902	2850.867	-0.001525902	5	5	-1.246697	0	0	0	0	0	0	0	0	0	0	0	0	0	54	0	
2	1157	-1.244614	-0.000311062	2851.867	-0.001525902	5	5	-1.246197	0	0	0	0	0	0	0	0	0	0	0	0	0	54	0	
2	1158	-1.244001	-0.000309037	2852.867	-0.001525902	5	5	-1.245697	0	0	0	0	0	0	0	0	0	0	0	0	0	54	0	
2	1159	-1.243694	-0.000306338	2853.867	-0.001525902	5	5	-1.245197	0	0	0	0	0	0	0	0	0	0	0	0	0	54	0	
2	1160	-1.243081	-0.000304559	2854.867	-0.001525902	5	5	-1.244697	0	0	0	0	0	0	0	0	0	0	0	0	0	54	0	
2	1161	-1.242467	-0.000304927	2855.867	-0.001525902	5	5	-1.244197	0	0	0	0	0	0	0	0	0	0	0	0	0	54	0	
2	1162	-1.242161	-0.000303885	2856.867	-0.001525902	5	5	-1.243697	0	0	0	0	0	0	0	0	0	0	0	0	0	54	0	
2	1163	-1.241547	-0.000302474	2857.867	-0.001525902	5	5	-1.243197	0	0	0	0	0	0	0	0	0	0	0	0	0	54	0	
2	1164	-1.240934	-0.000300634	2858.867	-0.001525902	5	5	-1.242697	0	0	0	0	0	0	0	0	0	0	0	0	0	54	0	
2	1165	-1.240627	-0.000298303	2859.867	-0.001525902	5	5	-1.242197	0	0	0	0	0	0	0	0	0	0	0	0	0	54	0	
2	1166	-1.240014	-0.000297382	2860.867	-0.001525902	5	5	-1.241697	0	0	0	0	0	0	0	0	0	0	0	0	0	54	0	
2	1167	-1.239707	-0.00029542	2861.867	-0.001525902	5	5	-1.241197	0	0	0	0	0	0	0	0	0	0	0	0	0	54	0	
2	1168	-1.239093	-0.000297444	2862.867	-0.001525902	5	5	-1.240697	0	0	0	0	0	0	0	0	0	0	0	0	0	54	0	
2	1169	-1.23848	-0.00029726	2863.867	-0.001525902	5	5	-1.240197	0	0	0	0	0	0	0	0	0	0	0	0	0	54	0	
2	1170	-1.238173	-0.000295665	2864.867	-0.001525902	5	5	-1.239697	0	0	0	0	0	0	0	0	0	0	0	0	0	54	0	
2	1171	-1.23756	-0.000293457	2865.867	-0.001525902	5	5	-1.24115	0	0	0	0	0	0	0	0	0	0	0	0	0	54	0	
2	1172	-1.237253	-0.000291371	2866.867	-0.001525902	5	5	-1.238697	0	0	0	0	0	0	0	0	0	0	0	0	0	54	0	
2	1173	-1.23664	-0.00028996	2867.867	-0.001525902	5	5	-1.238197	0	0	0	0	0	0	0	0	0	0	0	0	0	54	0	
2	1174	-1.236026	-0.000288856	2868.867	-0.001525902	5	5	-1.237697	0	0	0	0	0	0	0	0	0	0	0	0	0	54	0	
2	1175	-1.235413	-0.000287629	2869.867	-0.001525902	5	5	-1.237197	0	0	0	0	0	0	0	0	0	0	0	0	0	54	0	
2	1176	-1.235106	-0.000286341	2870.867	-0.001525902	5	5	-1.236697	0	0	0	0	0	0	0	0	0	0	0	0	0	54	0	
2	1177	-1.234493	-0.000284746	2871.867	-0.001525902	5	5	-1.236197	0	0	0	0	0	0	0	0	0	0	0	0	0	54	0	
2	1178	-1.234186	-0.000284317	2872.867	-0.001525902	5	5	-1.235697	0	0	0	0	0	0	0	0	0	0	0	0	0	54	0	
2	1179	-1.233573	-0.000283029	2873.867	-0.001525902	5	5	-1.235197	0	0	0	0	0	0	0	0	0	0	0	0	0	54	0	
2	1180	-1.233266	-0.000282906	2874.867	-0.001525902	5	5	-1.234697	0	0	0	0	0	0	0	0	0	0	0	0	0	54	0	
2	1181	-1.232653	-0.000281986	2875.867	-0.001525902	5	5	-1.234197	0	0	0	0	0	0	0	0	0	0	0	0	0	54	0	
2	1182	-1.232039	-0.000280759	2876.867	-0.001525902	5	5	-1.233697	0	0	0	0	0	0	0	0	0	0	0	0	0	54	0	
2	1183	-1.231732	-0.000279532	2877.867	-0.001525902	5	5	-1.233197	0	0	0	0	0	0	0	0	0	0	0	0	0	54	0	
2	1184	-1.231119	-0.000277753	2878.867	-0.001525902	5	5	-1.232697	0	0	0	0	0	0	0	0	0	0	0	0	0	54	0	
2	1185	-1.230506	-0.000276097	2879.867	-0.001525902	5	5	-1.232197	0	0	0	0	0	0	0	0	0	0	0	0	0	54	0	
2	1186	-1.230199	-0.00027487	2880.867	-0.001525902	5	5	-1.231697	0	0	0	0	0	0	0	0	0	0	0	0	0	54	0	
2	1187	-1.229586	-0.000273582	2881.867	-0.001525902	5	5	-1.231197	0	0	0	0	0	0	0	0	0	0	0	0	0	54	0	
2	1188	-1.229279	-0.000272723	2882.867	-0.001525902	5	5	-1.230697	0	0	0	0	0	0	0	0	0	0	0	0	0	54	0	
2	1189	-1.228665	-0.000271926	2883.867	-0.001525902	5	5	-1.230197	0	0	0	0	0	0	0	0	0	0	0	0	0	54	0	
2	1190	-1.228052	-0.000270638	2884.867	-0.001525902	5	5	-1.229697	0	0	0	0	0	0	0	0	0	0	0	0	0	54	0	
2	1191	-1.227745	-0.000270147	2885.867	-0.001525902	5	5	-1.229197	0	0	0	0	0	0	0	0	0	0	0	0	0	54	0	
2	1192	-1.227132	-0.000269902	2886.867	-0.001525902	5	5	-1.228697	0	0	0	0	0	0	0	0	0	0	0	0	0	54	0	
2	1193	-1.226825	-0.000268675	2887.867	-0.001525902	5	5	-1.228197	0	0	0	0	0	0	0	0	0	0	0	0	0	54	0	
2	1194	-1.226212	-0.000267448	2888.867	-0.001525902	5	5	-1.227697	0	0	0	0	0	0	0	0	0	0	0	0	0	54	0	
2	1195	-1.225598	-0.000266957	2889.867	-0.001525902	5	5	-1.227197	0	0	0	0	0	0	0	0	0	0	0	0	0	54	0	
2	1196	-1.225292	-0.000265976	2890.867	-0.001525902	5	5	-1.226697	0	0	0	0	0	0	0	0	0	0	0	0	0	54	0	
2	1197	-1.224678	-0.000264565	2891.867	-0.001525902	5	5	-1.226197	0	0	0	0	0	0	0	0	0	0	0	0	0	54	0	
2	1198	-1.224065	-0.000264074	2892.867	-0.001525902	5	5	-1.225697	0	0	0	0	0	0	0	0	0	0	0	0	0	54	0	
2	1199	-1.223758	-0.000262418	2893.867	-0.001525902	5	5	-1.225197	0	0	0	0	0	0	0	0	0	0	0	0	0	54	0	
2	1200	-1.223145	-0.0002607	2894.867	-0.001525902	5	5	-1.224697	0	0	0	0	0	0	0	0	0	0	0	0	0	54	0	
2	1201	-1.222531	-0.000259167	2895.867	-0.001525902	5	5	-1.224197	0	0	0	0	0	0	0	0	0	0	0	0	0	54	0	
2	1202	-1.222225	-0.000258308	2896.867	-0.001525902	5	5	-1.223697	0	0	0	0	0	0	0	0	0	0	0	0	0	54	0	
2	1203	-1.221611	-0.000257327	2897.867	-0.001525902	5	5	-1.223197	0	0	0	0	0	0	0	0	0	0	0	0	0	54	0	
2	1204	-1.221304	-0.000256038	2898.867	-0.001525902	5	5	-1.222697	0	0	0	0	0	0	0	0	0	0	0	0	0	54	0	
2	1205	-1.220691	-0.000255425	2899.867	-0.001525902	5	5	-1.222197	0	0	0	0	0	0	0	0	0	0	0	0	0	54	0	
2	1206	-1.220078	-0.000254198	2900.867	-0.001525902	5	5	-1.221697	0	0	0	0	0	0	0	0	0	0	0	0	0	54	0	
2	1207	-1.219771	-0.000253707	2901.867	-0.001525902	5	5	-1.221197	0	0	0	0	0	0	0	0	0	0	0	0	0	54	0	
2	1208	-1.219158	-0.000254076	2902.867	-0.001525902	5	5	-1.220697	0	0	0	0	0	0	0	0	0	0	0	0	0	54	0	
2	1209	-1.218544	-0.000252787	2903.867	-0.001525902	5	5	-1.220197	0	0	0	0	0	0	0	0	0	0	0	0	0	54	0	
2	1210	-1.218237	-0.000252297	2904.867	-0.001525902	5	5	-1.219697	0	0	0	0	0	0	0	0	0	0	0	0	0	54	0	
2	1211	-1.217624	-0.000251131	2905.867	-0.001525902	5	5	-1.219197	0	0	0	0	0	0	0	0	0	0	0	0	0	54	0	
2	1212	-1.217317	-0.000250088	2906.867	-0.001525902	5	5	-1.218697	0	0	0	0	0	0	0	0	0	0	0	0	0	54	0	
2	1213	-1.216704	-0.000248493	2907.867	-0.001525902	5	5	-1.218197	0	0	0	0	0	0	0	0	0	0	0	0	0	54	0	
2	1214	-1.21609	-0.000247635	2908.867	-0.001525902	5	5	-1.217697	0	0	0	0	0	0	0	0	0	0	0	0	0	54	0	
2	1215	-1.215784	-0.000246531	2909.867	-0.001525902	5	5	-1.217197	0	0	0	0	0	0	0	0	0	0	0	0	0	54	0	
2	1216	-1.21517	-0.000245549	2910.867	-0.001525902	5	5	-1.216697	0	0	0	0	0	0	0	0	0	0	0	0	0	54	0	
2	1217	-1.214557	-0.000244813	2911.867	-0.001525902	5	5	-1.216197	0	0	0	0	0	0	0	0	0	0	0	0	0	54	0	
2	1218	-1.21425	-0.000244138	2912.867	-0.001525902	5	5	-1.215697	0	0	0	0	0	0	0	0	0	0	0	0	0	54	0	
2	1219	-1.213637	-0.000243157	2913.867	-0.001525902	5	5	-1.215197	0	0	0	0	0	0	0	0	0	0	0	0	0	54	0	
2	1220	-1.213023	-0.000241562	2914.867	-0.001525902	5	5	-1.214697	0	0	0	0	0	0	0	0	0	0	0	0	0	54	0	
2	1221	-1.212717	-0.000240826	2915.867	-0.001525902	5	5	-1.214197	0	0	0	0	0	0	0	0	0	0	0	0	0	54	0	
2	1222	-1.212103	-0.000239538	2916.867	-0.001525902	5	5	-1.213697	0	0	0	0	0	0	0	0	0	0	0	0	0	54	0	
2	1223	-1.21149	-0.000238434	2917.867	-0.001525902	5	5	-1.213197	0	0	0	0	0	0	0	0	0	0	0	0	0	54	0	
2	1224	-1.211183	-0.000237513	2918.867	-0.001525902	5	5	-1.212697	0	0	0	0	0	0	0	0	0	0	0	0	0	54	0	
2	1225	-1.21057	-0.000236409	2919.867	-0.001525902	5	5	-1.212197	0	0	0	0	0	0	0	0	0	0	0	0	0	54	0	
2	1226	-1.210263	-0.000235734	2920.867	-0.001525902	5	5	-1.211697	0	0	0	0	0	0	0	0	0	0	0	0	0	54	0	
2	1227	-1.20965	-0.00023463	2921.867	-0.001525902	5	5	-1.211197	0	0	0	0	0	0	0	0	0	0	0	0	0	54	0	
2	1228	-1.209036	-0.000234201	2922.867	-0.001525902	5	5	-1.210697	0	0	0	0	0	0	0	0	0	0	0	0	0	54	0	
2	1229	-1.20873	-0.000234508	2923.867	-0.001525902	5	5	-1.210197	0	0	0	0	0	0	0	0	0	0	0	0	0	54	0	
2	1230	-1.208116	-0.00023414	2924.867	-0.001525902	5	5	-1.209697	0	0	0	0	0	0	0	0	0	0	0	0	0	54	0	
2	1231	-1.207503	-0.000233281	2925.867	-0.001525902	5	5	-1.209197	0	0	0	0	0	0	0	0	0	0	0	0	0	54	0	
2	1232	-1.207196	-0.000232177	2926.867	-0.001525902	5	5	-1.208697	0	0	0	0	0	0	0	0	0	0	0	0	0	54	0	
2	1233	-1.206583	-0.000231441	2927.867	-0.001525902	5	5	-1.208197	0	0	0	0	0	0	0	0	0	0	0	0	0	54	0	
2	1234	-1.206276	-0.00023095	2928.867	-0.001525902	5	5	-1.207697	0	0	0	0	0	0	0	0	0	0	0	0	0	54	0	
2	1235	-1.205662	-0.000229846	2929.867	-0.001525902	5	5	-1.207197	0	0	0	0	0	0	0	0	0	0	0	0	0	54	0	
2	1236	-1.205356	-0.00022911	2930.867	-0.001525902	5	5	-1.206697	0	0	0	0	0	0	0	0	0	0	0	0	0	54	0	
2	1237	-1.204742	-0.000228067	2931.867	-0.001525902	5	5	-1.206197	0	0	0	0	0	0	0	0	0	0	0	0	0	54	0	
2	1238	-1.204129	-0.000227085	2932.867	-0.001525902	5	5	-1.205697	0	0	0	0	0	0	0	0	0	0	0	0	0	54	0	
2	1239	-1.203822	-0.000225797	2933.867	-0.001525902	5	5	-1.205197	0	0	0	0	0	0	0	0	0	0	0	0	0	54	0	
2	1240	-1.203209	-0.000224632	2934.867	-0.001525902	5	5	-1.204697	0	0	0	0	0	0	0	0	0	0	0	0	0	54	0	
2	1241	-1.202595	-0.000223282	2935.867	-0.001525902	5	5	-1.204197	0	0	0	0	0	0	0	0	0	0	0	0	0	54	0	
2	1242	-1.202289	-0.000222853	2936.867	-0.001525902	5	5	-1.203697	0	0	0	0	0	0	0	0	0	0	0	0	0	54	0	
2	1243	-1.201675	-0.00022181	2937.867	-0.001525902	5	5	-1.203197	0	0	0	0	0	0	0	0	0	0	0	0	0	54	0	
2	1244	-1.201062	-0.000220583	2938.867	-0.001525902	5	5	-1.202697	0	0	0	0	0	0	0	0	0	0	0	0	0	54	0	
2	1245	-1.200755	-0.000219418	2939.867	-0.001525902	5	5	-1.202197	0	0	0	0	0	0	0	0	0	0	0	0	0	54	0	
2	1246	-1.200142	-0.000218804	2940.867	-0.001525902	5	5	-1.201697	0	0	0	0	0	0	0	0	0	0	0	0	0	54	0	
2	1247	-1.199835	-0.000217946	2941.867	-0.001525902	5	5	-1.201197	0	0	0	0	0	0	0	0	0	0	0	0	0	54	0	
2	1248	-1.199222	-0.000216903	2942.867	-0.001525902	5	5	-1.200697	0	0	0	0	0	0	0	0	0	0	0	0	0	54	0	
2	1249	-1.198608	-0.000215799	2943.867	-0.001525902	5	5	-1.200197	0	0	0	0	0	0	0	0	0	0	0	0	0	54	0	
2	1250	-1.198302	-0.000214633	2944.867	-0.001525902	5	5	-1.199697	0	0	0	0	0	0	0	0	0	0	0	0	0	54	0	
2	1251	-1.197688	-0.000214449	2945.867	-0.001525902	5	5	-1.199197	0	0	0	0	0	0	0	0	0	0	0	0	0	54	0	
2	1252	-1.197075	-0.00021359	2946.867	-0.001525902	5	5	-1.198697	0	0	0	0	0	0	0	0	0	0	0	0	0	54	0	
2	1253	-1.196768	-0.000212793	2947.867	-0.001525902	5	5	-1.198197	0	0	0	0	0	0	0	0	0	0	0	0	0	54	0	
2	1254	-1.196155	-0.000211934	2948.867	-0.001525902	5	5	-1.197697	0	0	0	0	0	0	0	0	0	0	0	0	0	54	0	
2	1255	-1.195541	-0.000211382	2949.867	-0.001525902	5	5	-1.197197	0	0	0	0	0	0	0	0	0	0	0	0	0	54	0	
2	1256	-1.195234	-0.000210646	2950.867	-0.001525902	5	5	-1.196697	0	0	0	0	0	0	0	0	0	0	0	0	0	54	0	
2	1257	-1.194621	-0.000209603	2951.867	-0.001525902	5	5	-1.196197	0	0	0	0	0	0	0	0	0	0	0	0	0	54	0	
2	1258	-1.194314	-0.000209419	2952.867	-0.001525902	5	5	-1.195697	0	0	0	0	0	0	0	0	0	0	0	0	0	54	0	
2	1259	-1.193701	-0.000208438	2953.867	-0.001525902	5	5	-1.195197	0	0	0	0	0	0	0	0	0	0	0	0	0	54	0	
2	1260	-1.193087	-0.000207579	2954.867	-0.001525902	5	5	-1.194697	0	0	0	0	0	0	0	0	0	0	0	0	0	54	0	
2	1261	-1.192781	-0.000207027	2955.867	-0.001525902	5	5	-1.194197	0	0	0	0	0	0	0	0	0	0	0	0	0	54	0	
2	1262	-1.192167	-0.000206291	2956.867	-0.001525902	5	5	-1.193697	0	0	0	0	0	0	0	0	0	0	0	0	0	54	0	
2	1263	-1.191554	-0.000205493	2957.867	-0.001525902	5	5	-1.193197	0	0	0	0	0	0	0	0	0	0	0	0	0	54	0	
2	1264	-1.191247	-0.000204389	2958.867	-0.001525902	5	5	-1.192697	0	0	0	0	0	0	0	0	0	0	0	0	0	54	0	
2	1265	-1.190634	-0.000203224	2959.867	-0.001525902	5	5	-1.192197	0	0	0	0	0	0	0	0	0	0	0	0	0	54	0	
2	1266	-1.19002	-0.000203469	2960.867	-0.001525902	5	5	-1.191697	0	0	0	0	0	0	0	0	0	0	0	0	0	54	0	
2	1267	-1.189714	-0.000203898	2961.867	-0.001525902	5	5	-1.191197	0	0	0	0	0	0	0	0	0	0	0	0	0	54	0	
2	1268	-1.1891	-0.00020261	2962.867	-0.001525902	5	5	-1.190697	0	0	0	0	0	0	0	0	0	0	0	0	0	54	0	
2	1269	-1.188794	-0.000201506	2963.867	-0.001525902	5	5	-1.190197	0	0	0	0	0	0	0	0	0	0	0	0	0	54	0	
2	1270	-1.18818	-0.000200709	2964.867	-0.001525902	5	5	-1.189697	0	0	0	0	0	0	0	0	0	0	0	0	0	54	0	
2	1271	-1.187567	-0.000200034	2965.867	-0.001525902	5	5	-1.189197	0	0	0	0	0	0	0	0	0	0	0	0	0	54	0	
2	1272	-1.18726	-0.000198991	2966.867	-0.001525902	5	5	-1.188697	0	0	0	0	0	0	0	0	0	0	0	0	0	54	0	
2	1273	-1.186647	-0.000197887	2967.867	-0.001525902	5	5	-1.188197	0	0	0	0	0	0	0	0	0	0	0	0	0	54	0	
2	1274	-1.18634	-0.000197764	2968.867	-0.001525902	5	5	-1.187697	0	0	0	0	0	0	0	0	0	0	0	0	0	54	0	
2	1275	-1.185727	-0.000197089	2969.867	-0.001525902	5	5	-1.187197	0	0	0	0	0	0	0	0	0	0	0	0	0	54	0	
2	1276	-1.185113	-0.000195863	2970.867	-0.001525902	5	5	-1.186697	0	0	0	0	0	0	0	0	0	0	0	0	0	54	0	
2	1277	-1.1845	-0.000194943	2971.867	-0.001525902	5	5	-1.186197	0	0	0	0	0	0	0	0	0	0	0	0	0	54	0	
2	1278	-1.184193	-0.000193838	2972.867	-0.001525902	5	5	-1.185697	0	0	0	0	0	0	0	0	0	0	0	0	0	54	0	
2	1279	-1.18358	-0.000192734	2973.867	-0.001525902	5	5	-1.185197	0	0	0	0	0	0	0	0	0	0	0	0	0	54	0	
2	1280	-1.182966	-0.00019255	2974.867	-0.001525902	5	5	-1.184697	0	0	0	0	0	0	0	0	0	0	0	0	0	54	0	
2	1281	-1.18266	-0.000191753	2975.867	-0.001525902	5	5	-1.184197	0	0	0	0	0	0	0	0	0	0	0	0	0	54	0	
2	1282	-1.182046	-0.000190771	2976.867	-0.001525902	5	5	-1.183697	0	0	0	0	0	0	0	0	0	0	0	0	0	54	0	
2	1283	-1.181739	-0.000189974	2977.867	-0.001525902	5	5	-1.183197	0	0	0	0	0	0	0	0	0	0	0	0	0	54	0	
2	1284	-1.181126	-0.000189667	2978.867	-0.001525902	5	5	-1.182697	0	0	0	0	0	0	0	0	0	0	0	0	0	54	0	
2	1285	-1.180513	-0.00018936	2979.867	-0.001525902	5	5	-1.182197	0	0	0	0	0	0	0	0	0	0	0	0	0	54	0	
2	1286	-1.180206	-0.000188686	2980.867	-0.001525902	5	5	-1.181697	0	0	0	0	0	0	0	0	0	0	0	0	0	54	0	
2	1287	-1.179592	-0.00018752	2981.867	-0.001525902	5	5	-1.181197	0	0	0	0	0	0	0	0	0	0	0	0	0	54	0	
2	1288	-1.179286	-0.000186784	2982.867	-0.001525902	5	5	-1.180697	0	0	0	0	0	0	0	0	0	0	0	0	0	54	0	
2	1289	-1.178672	-0.000186171	2983.867	-0.001525902	5	5	-1.180197	0	0	0	0	0	0	0	0	0	0	0	0	0	54	0	
2	1290	-1.178366	-0.000185435	2984.867	-0.001525902	5	5	-1.179697	0	0	0	0	0	0	0	0	0	0	0	0	0	54	0	
2	1291	-1.178059	-0.000184515	2985.867	-0.001525902	5	5	-1.179197	0	0	0	0	0	0	0	0	0	0	0	0	0	54	0	
2	1292	-1.177445	-0.000183594	2986.867	-0.001525902	5	5	-1.178697	0	0	0	0	0	0	0	0	0	0	0	0	0	54	0	
2	1293	-1.176832	-0.000182858	2987.867	-0.001525902	5	5	-1.178197	0	0	0	0	0	0	0	0	0	0	0	0	0	54	0	
2	1294	-1.176525	-0.00018249	2988.867	-0.001525902	5	5	-1.177697	0	0	0	0	0	0	0	0	0	0	0	0	0	54	0	
2	1295	-1.175912	-0.000182122	2989.867	-0.001525902	5	5	-1.177197	0	0	0	0	0	0	0	0	0	0	0	0	0	54	0	
2	1296	-1.175299	-0.000181325	2990.867	-0.001525902	5	5	-1.17865	0	0	0	0	0	0	0	0	0	0	0	0	0	54	0	
2	1297	-1.174685	-0.000180711	2991.867	-0.001525902	5	5	-1.176197	0	0	0	0	0	0	0	0	0	0	0	0	0	54	0	
2	1298	-1.174378	-0.000180527	2992.867	-0.001525902	5	5	-1.175697	0	0	0	0	0	0	0	0	0	0	0	0	0	54	0	
2	1299	-1.173765	-0.000180221	2993.867	-0.001525902	5	5	-1.175197	0	0	0	0	0	0	0	0	0	0	0	0	0	54	0	
2	1300	-1.173458	-0.000179423	2994.867	-0.001525902	5	5	-1.174697	0	0	0	0	0	0	0	0	0	0	0	0	0	54	0	
2	1301	-1.172845	-0.000178748	2995.867	-0.001525902	5	5	-1.174197	0	0	0	0	0	0	0	0	0	0	0	0	0	54	0	
2	1302	-1.172538	-0.000178012	2996.867	-0.001525902	5	5	-1.173697	0	0	0	0	0	0	0	0	0	0	0	0	0	54	0	
2	1303	-1.171925	-0.000177154	2997.867	-0.001525902	5	5	-1.173197	0	0	0	0	0	0	0	0	0	0	0	0	0	54	0	
2	1304	-1.171311	-0.000176049	2998.867	-0.001525902	5	5	-1.172697	0	0	0	0	0	0	0	0	0	0	0	0	0	54	0	
2	1305	-1.171005	-0.000175804	2999.867	-0.001525902	5	5	-1.172197	0	0	0	0	0	0	0	0	0	0	0	0	0	54	0	
2	1306	-1.170391	-0.000175068	3000.867	-0.001525902	5	5	-1.171697	0	0	0	0	0	0	0	0	0	0	0	0	0	54	0	
2	1307	-1.170084	-0.000174455	3001.867	-0.001525902	5	5	-1.171197	0	0	0	0	0	0	0	0	0	0	0	0	0	54	0	
2	1308	-1.169471	-0.000174025	3002.867	-0.001525902	5	5	-1.170697	0	0	0	0	0	0	0	0	0	0	0	0	0	54	0	
2	1309	-1.168858	-0.000173596	3003.867	-0.001525902	5	5	-1.170197	0	0	0	0	0	0	0	0	0	0	0	0	0	54	0	
2	1310	-1.168551	-0.000172982	3004.867	-0.001525902	5	5	-1.169697	0	0	0	0	0	0	0	0	0	0	0	0	0	54	0	
2	1311	-1.167938	-0.000172492	3005.867	-0.001525902	5	5	-1.169197	0	0	0	0	0	0	0	0	0	0	0	0	0	54	0	
2	1312	-1.167324	-0.000171756	3006.867	-0.001525902	5	5	-1.168697	0	0	0	0	0	0	0	0	0	0	0	0	0	54	0	
2	1313	-1.167017	-0.000171142	3007.867	-0.001525902	5	5	-1.168197	0	0	0	0	0	0	0	0	0	0	0	0	0	54	0	
2	1314	-1.166404	-0.000170222	3008.867	-0.001525902	5	5	-1.167697	0	0	0	0	0	0	0	0	0	0	0	0	0	54	0	
2	1315	-1.165791	-0.000169731	3009.867	-0.001525902	5	5	-1.167197	0	0	0	0	0	0	0	0	0	0	0	0	0	54	0	
2	1316	-1.165484	-0.000169118	3010.867	-0.001525902	5	5	-1.166697	0	0	0	0	0	0	0	0	0	0	0	0	0	54	0	
2	1317	-1.164871	-0.00016832	3011.867	-0.001525902	5	5	-1.166197	0	0	0	0	0	0	0	0	0	0	0	0	0	54	0	
2	1318	-1.164257	-0.000169118	3012.867	-0.001525902	5	5	-1.165697	0	0	0	0	0	0	0	0	0	0	0	0	0	54	0	
2	1319	-1.16395	-0.000168259	3013.867	-0.001525902	5	5	-1.165197	0	0	0	0	0	0	0	0	0	0	0	0	0	54	0	
2	1320	-1.163337	-0.000168811	3014.867	-0.001525902	5	5	-1.164697	0	0	0	0	0	0	0	0	0	0	0	0	0	54	0	
2	1321	-1.162724	-0.00016875	3015.867	-0.001525902	5	5	-1.164197	0	0	0	0	0	0	0	0	0	0	0	0	0	54	0	
2	1322	-1.162417	-0.000168873	3016.867	-0.001525902	5	5	-1.163697	0	0	0	0	0	0	0	0	0	0	0	0	0	54	0	
2	1323	-1.161803	-0.000168382	3017.867	-0.001525902	5	5	-1.163197	0	0	0	0	0	0	0	0	0	0	0	0	0	54	0	
2	1324	-1.161497	-0.000167646	3018.867	-0.001525902	5	5	-1.162697	0	0	0	0	0	0	0	0	0	0	0	0	0	54	0	
2	1325	-1.160883	-0.000167032	3019.867	-0.001525902	5	5	-1.162197	0	0	0	0	0	0	0	0	0	0	0	0	0	54	0	
2	1326	-1.16027	-0.00016648	3020.867	-0.001525902	5	5	-1.161697	0	0	0	0	0	0	0	0	0	0	0	0	0	54	0	
2	1327	-1.159963	-0.000166051	3021.867	-0.001525902	5	5	-1.161197	0	0	0	0	0	0	0	0	0	0	0	0	0	54	0	
2	1328	-1.15935	-0.000165376	3022.867	-0.001525902	5	5	-1.160697	0	0	0	0	0	0	0	0	0	0	0	0	0	54	0	
2	1329	-1.158736	-0.000164456	3023.867	-0.001525902	5	5	-1.160197	0	0	0	0	0	0	0	0	0	0	0	0	0	54	0	
2	1330	-1.15843	-0.000164027	3024.867	-0.001525902	5	5	-1.159697	0	0	0	0	0	0	0	0	0	0	0	0	0	54	0	
2	1331	-1.157816	-0.000163229	3025.867	-0.001525902	5	5	-1.159197	0	0	0	0	0	0	0	0	0	0	0	0	0	54	0	
2	1332	-1.15751	-0.000162493	3026.867	-0.001525902	5	5	-1.158697	0	0	0	0	0	0	0	0	0	0	0	0	0	54	0	
2	1333	-1.156896	-0.00016188	3027.867	-0.001525902	5	5	-1.158197	0	0	0	0	0	0	0	0	0	0	0	0	0	54	0	
2	1334	-1.156283	-0.000161021	3028.867	-0.001525902	5	5	-1.157697	0	0	0	0	0	0	0	0	0	0	0	0	0	54	0	
2	1335	-1.155976	-0.000160837	3029.867	-0.001525902	5	5	-1.157197	0	0	0	0	0	0	0	0	0	0	0	0	0	54	0	
2	1336	-1.155363	-0.000160223	3030.867	-0.001525902	5	5	-1.156697	0	0	0	0	0	0	0	0	0	0	0	0	0	54	0	
2	1337	-1.154749	-0.000159671	3031.867	-0.001525902	5	5	-1.156197	0	0	0	0	0	0	0	0	0	0	0	0	0	54	0	
2	1338	-1.154443	-0.000159181	3032.867	-0.001525902	5	5	-1.155697	0	0	0	0	0	0	0	0	0	0	0	0	0	54	0	
2	1339	-1.153829	-0.000159242	3033.867	-0.001525902	5	5	-1.155197	0	0	0	0	0	0	0	0	0	0	0	0	0	54	0	
2	1340	-1.153522	-0.000158629	3034.867	-0.001525902	5	5	-1.154697	0	0	0	0	0	0	0	0	0	0	0	0	0	54	0	
2	1341	-1.152909	-0.000158199	3035.867	-0.001525902	5	5	-1.154197	0	0	0	0	0	0	0	0	0	0	0	0	0	54	0	
2	1342	-1.152296	-0.000157647	3036.867	-0.001525902	5	5	-1.153697	0	0	0	0	0	0	0	0	0	0	0	0	0	54	0	
2	1343	-1.151989	-0.00015685	3037.867	-0.001525902	5	5	-1.153197	0	0	0	0	0	0	0	0	0	0	0	0	0	54	0	
2	1344	-1.151375	-0.000156298	3038.867	-0.001525902	5	5	-1.152697	0	0	0	0	0	0	0	0	0	0	0	0	0	54	0	
2	1345	-1.150762	-0.000155991	3039.867	-0.001525902	5	5	-1.152197	0	0	0	0	0	0	0	0	0	0	0	0	0	54	0	
2	1346	-1.150455	-0.000155623	3040.867	-0.001525902	5	5	-1.151697	0	0	0	0	0	0	0	0	0	0	0	0	0	54	0	
2	1347	-1.149842	-0.000155684	3041.867	-0.001525902	5	5	-1.151197	0	0	0	0	0	0	0	0	0	0	0	0	0	54	0	
2	1348	-1.149535	-0.000155132	3042.867	-0.001525902	5	5	-1.150697	0	0	0	0	0	0	0	0	0	0	0	0	0	54	0	
2	1349	-1.148922	-0.00015458	3043.867	-0.001525902	5	5	-1.150197	0	0	0	0	0	0	0	0	0	0	0	0	0	54	0	
2	1350	-1.148308	-0.000154212	3044.867	-0.001525902	5	5	-1.149697	0	0	0	0	0	0	0	0	0	0	0	0	0	54	0	
2	1351	-1.148002	-0.00015366	3045.867	-0.001525902	5	5	-1.149197	0	0	0	0	0	0	0	0	0	0	0	0	0	54	0	
2	1352	-1.147388	-0.000153108	3046.867	-0.001525902	5	5	-1.148697	0	0	0	0	0	0	0	0	0	0	0	0	0	54	0	
2	1353	-1.147081	-0.000152494	3047.867	-0.001525902	5	5	-1.148197	0	0	0	0	0	0	0	0	0	0	0	0	0	54	0	
2	1354	-1.146468	-0.000151881	3048.867	-0.001525902	5	5	-1.147697	0	0	0	0	0	0	0	0	0	0	0	0	0	54	0	
2	1355	-1.145855	-0.000151513	3049.867	-0.001525902	5	5	-1.147197	0	0	0	0	0	0	0	0	0	0	0	0	0	54	0	
2	1356	-1.145548	-0.000150961	3050.867	-0.001525902	5	5	-1.146697	0	0	0	0	0	0	0	0	0	0	0	0	0	54	0	
2	1357	-1.144935	-0.000150347	3051.867	-0.001525902	5	5	-1.146197	0	0	0	0	0	0	0	0	0	0	0	0	0	54	0	
2	1358	-1.144321	-0.000148998	3052.867	-0.001525902	5	5	-1.145697	0	0	0	0	0	0	0	0	0	0	0	0	0	54	0	
2	1359	-1.144014	-0.00014863	3053.867	-0.001525902	5	5	-1.145197	0	0	0	0	0	0	0	0	0	0	0	0	0	54	0	
2	1360	-1.143401	-0.000148814	3054.867	-0.001525902	5	5	-1.144697	0	0	0	0	0	0	0	0	0	0	0	0	0	54	0	
2	1361	-1.142788	-0.000148262	3055.867	-0.001525902	5	5	-1.144197	0	0	0	0	0	0	0	0	0	0	0	0	0	54	0	
2	1362	-1.142481	-0.000147894	3056.867	-0.001525902	5	5	-1.143697	0	0	0	0	0	0	0	0	0	0	0	0	0	54	0	
2	1363	-1.141868	-0.000147771	3057.867	-0.001525902	5	5	-1.143197	0	0	0	0	0	0	0	0	0	0	0	0	0	54	0	
2	1364	-1.141561	-0.000147158	3058.867	-0.001525902	5	5	-1.142697	0	0	0	0	0	0	0	0	0	0	0	0	0	54	0	
2	1365	-1.140947	-0.000146544	3059.867	-0.001525902	5	5	-1.142197	0	0	0	0	0	0	0	0	0	0	0	0	0	54	0	
2	1366	-1.140641	-0.000146054	3060.867	-0.001525902	5	5	-1.141697	0	0	0	0	0	0	0	0	0	0	0	0	0	54	0	
2	1367	-1.140027	-0.00014544	3061.867	-0.001525902	5	5	-1.141197	0	0	0	0	0	0	0	0	0	0	0	0	0	54	0	
2	1368	-1.139414	-0.000145011	3062.867	-0.001525902	5	5	-1.140697	0	0	0	0	0	0	0	0	0	0	0	0	0	54	0	
2	1369	-1.138801	-0.000144581	3063.867	-0.001525902	5	5	-1.140197	0	0	0	0	0	0	0	0	0	0	0	0	0	54	0	
2	1370	-1.138494	-0.000143723	3064.867	-0.001525902	5	5	-1.139697	0	0	0	0	0	0	0	0	0	0	0	0	0	54	0	
2	1371	-1.13788	-0.000143661	3065.867	-0.001525902	5	5	-1.139197	0	0	0	0	0	0	0	0	0	0	0	0	0	54	0	
2	1372	-1.137267	-0.000143109	3066.867	-0.001525902	5	5	-1.138697	0	0	0	0	0	0	0	0	0	0	0	0	0	54	0	
2	1373	-1.13696	-0.000142496	3067.867	-0.001525902	5	5	-1.138197	0	0	0	0	0	0	0	0	0	0	0	0	0	54	0	
2	1374	-1.136347	-0.000142005	3068.867	-0.001525902	5	5	-1.137697	0	0	0	0	0	0	0	0	0	0	0	0	0	54	0	
2	1375	-1.13604	-0.000141576	3069.867	-0.001525902	5	5	-1.137197	0	0	0	0	0	0	0	0	0	0	0	0	0	54	0	
2	1376	-1.135427	-0.000140962	3070.867	-0.001525902	5	5	-1.136697	0	0	0	0	0	0	0	0	0	0	0	0	0	54	0	
2	1377	-1.134813	-0.000140287	3071.867	-0.001525902	5	5	-1.136197	0	0	0	0	0	0	0	0	0	0	0	0	0	54	0	
2	1378	-1.134507	-0.000139355	3072.867	-0.001525902	6	6	-1.135697	0	0	0	0	0	0	0	0	0	0	0	0	0	54	0	
2	1379	-1.133893	-0.000139312	3073.867	-0.001525902	6	6	-1.135197	0	0	0	0	0	0	0	0	0	0	0	0	0	54	0	
2	1380	-1.133586	-0.000138944	3074.867	-0.001525902	6	6	-1.134697	0	0	0	0	0	0	0	0	0	0	0	0	0	54	0	
2	1381	-1.132973	-0.000138417	3075.867	-0.001525902	6	6	-1.134197	0	0	0	0	0	0	0	0	0	0	0	0	0	54	0	
2	1382	-1.13236	-0.000137969	3076.867	-0.001525902	6	6	-1.133697	0	0	0	0	0	0	0	0	0	0	0	0	0	54	0	
2	1383	-1.132053	-0.000137576	3077.867	-0.001525902	6	6	-1.133197	0	0	0	0	0	0	0	0	0	0	0	0	0	54	0	
2	1384	-1.13144	-0.000136926	3078.867	-0.001525902	6	6	-1.132697	0	0	0	0	0	0	0	0	0	0	0	0	0	54	0	
2	1385	-1.130826	-0.000136319	3079.867	-0.001525902	6	6	-1.132197	0	0	0	0	0	0	0	0	0	0	0	0	0	54	0	
2	1386	-1.130519	-0.000136067	3080.867	-0.001525902	6	6	-1.131697	0	0	0	0	0	0	0	0	0	0	0	0	0	54	0	
2	1387	-1.129906	-0.000135497	3081.867	-0.001525902	6	6	-1.131197	0	0	0	0	0	0	0	0	0	0	0	0	0	54	0	
2	1388	-1.129293	-0.000134932	3082.867	-0.001525902	6	6	-1.130697	0	0	0	0	0	0	0	0	0	0	0	0	0	54	0	
2	1389	-1.128986	-0.000134356	3083.867	-0.001525902	6	6	-1.130197	0	0	0	0	0	0	0	0	0	0	0	0	0	54	0	
2	1390	-1.128372	-0.000134098	3084.867	-0.001525902	6	6	-1.129697	0	0	0	0	0	0	0	0	0	0	0	0	0	54	0	
2	1391	-1.127759	-0.00013392	3085.867	-0.001525902	6	6	-1.129197	0	0	0	0	0	0	0	0	0	0	0	0	0	54	0	
2	1392	-1.127452	-0.000133215	3086.867	-0.001525902	6	6	-1.128697	0	0	0	0	0	0	0	0	0	0	0	0	0	54	0	
2	1393	-1.126839	-0.000133209	3087.867	-0.001525902	6	6	-1.128197	0	0	0	0	0	0	0	0	0	0	0	0	0	54	0	
2	1394	-1.126225	-0.00013273	3088.867	-0.001525902	6	6	-1.127697	0	0	0	0	0	0	0	0	0	0	0	0	0	54	0	
2	1395	-1.125919	-0.000132301	3089.867	-0.001525902	6	6	-1.127197	0	0	0	0	0	0	0	0	0	0	0	0	0	54	0	
2	1396	-1.125305	-0.000131681	3090.867	-0.001525902	6	6	-1.126697	0	0	0	0	0	0	0	0	0	0	0	0	0	54	0	
2	1397	-1.124999	-0.00013154	3091.867	-0.001525902	6	6	-1.126197	0	0	0	0	0	0	0	0	0	0	0	0	0	54	0	
2	1398	-1.124385	-0.000131209	3092.867	-0.001525902	6	6	-1.125697	0	0	0	0	0	0	0	0	0	0	0	0	0	54	0	
2	1399	-1.123772	-0.000130915	3093.867	-0.001525902	6	6	-1.125197	0	0	0	0	0	0	0	0	0	0	0	0	0	54	0	
2	1400	-1.123465	-0.000131436	3094.867	-0.001525902	6	6	-1.124697	0	0	0	0	0	0	0	0	0	0	0	0	0	54	0	
2	1401	-1.122852	-0.000131019	3095.867	-0.001525902	6	6	-1.124197	0	0	0	0	0	0	0	0	0	0	0	0	0	54	0	
2	1402	-1.122545	-0.000130547	3096.867	-0.001525902	6	6	-1.123697	0	0	0	0	0	0	0	0	0	0	0	0	0	54	0	
2	1403	-1.121932	-0.000130099	3097.867	-0.001525902	6	6	-1.123197	0	0	0	0	0	0	0	0	0	0	0	0	0	54	0	
2	1404	-1.121318	-0.000129725	3098.867	-0.001525902	6	6	-1.122697	0	0	0	0	0	0	0	0	0	0	0	0	0	54	0	
2	1405	-1.121011	-0.000129166	3099.867	-0.001525902	6	6	-1.122197	0	0	0	0	0	0	0	0	0	0	0	0	0	54	0	
2	1406	-1.120398	-0.00012878	3100.867	-0.001525902	6	6	-1.121697	0	0	0	0	0	0	0	0	0	0	0	0	0	54	0	
2	1407	-1.120091	-0.000128363	3101.867	-0.001525902	6	6	-1.121197	0	0	0	0	0	0	0	0	0	0	0	0	0	54	0	
2	1408	-1.119478	-0.000128393	3102.867	-0.001525902	6	6	-1.120697	0	0	0	0	0	0	0	0	0	0	0	0	0	54	0	
2	1409	-1.118865	-0.000128148	3103.867	-0.001525902	6	6	-1.120197	0	0	0	0	0	0	0	0	0	0	0	0	0	54	0	
2	1410	-1.118251	-0.000127884	3104.867	-0.001525902	6	6	-1.119697	0	0	0	0	0	0	0	0	0	0	0	0	0	54	0	
2	1411	-1.117944	-0.000127486	3105.867	-0.001525902	6	6	-1.119197	0	0	0	0	0	0	0	0	0	0	0	0	0	54	0	
2	1412	-1.117331	-0.000127001	3106.867	-0.001525902	6	6	-1.118697	0	0	0	0	0	0	0	0	0	0	0	0	0	54	0	
2	1413	-1.117024	-0.00012648	3107.867	-0.001525902	6	6	-1.118197	0	0	0	0	0	0	0	0	0	0	0	0	0	54	0	
2	1414	-1.116411	-0.000126516	3108.867	-0.001525902	6	6	-1.117697	0	0	0	0	0	0	0	0	0	0	0	0	0	54	0	
2	1415	-1.115798	-0.000126032	3109.867	-0.001525902	6	6	-1.117197	0	0	0	0	0	0	0	0	0	0	0	0	0	54	0	
2	1416	-1.115491	-0.000125559	3110.867	-0.001525902	6	6	-1.116697	0	0	0	0	0	0	0	0	0	0	0	0	0	54	0	
2	1417	-1.114877	-0.000125112	3111.867	-0.001525902	6	6	-1.116197	0	0	0	0	0	0	0	0	0	0	0	0	0	54	0	
2	1418	-1.114571	-0.000124971	3112.867	-0.001525902	6	6	-1.115697	0	0	0	0	0	0	0	0	0	0	0	0	0	54	0	
2	1419	-1.113957	-0.000124376	3113.867	-0.001525902	6	6	-1.115197	0	0	0	0	0	0	0	0	0	0	0	0	0	54	0	
2	1420	-1.113344	-0.000123824	3114.867	-0.001525902	6	6	-1.114697	0	0	0	0	0	0	0	0	0	0	0	0	0	54	0	
2	1421	-1.113037	-0.000123646	3115.867	-0.001525902	6	6	-1.11615	0	0	0	0	0	0	0	0	0	0	0	0	0	54	0	
2	1422	-1.112424	-0.000123394	3116.867	-0.001525902	6	6	-1.113697	0	0	0	0	0	0	0	0	0	0	0	0	0	54	0	
2	1423	-1.112117	-0.000122916	3117.867	-0.001525902	6	6	-1.113197	0	0	0	0	0	0	0	0	0	0	0	0	0	54	0	
2	1424	-1.111504	-0.000122308	3118.867	-0.001525902	6	6	-1.112697	0	0	0	0	0	0	0	0	0	0	0	0	0	54	0	
2	1425	-1.11089	-0.000121775	3119.867	-0.001525902	6	6	-1.112197	0	0	0	0	0	0	0	0	0	0	0	0	0	54	0	
2	1426	-1.110277	-0.000121407	3120.867	-0.001525902	6	6	-1.111697	0	0	0	0	0	0	0	0	0	0	0	0	0	54	0	
2	1427	-1.10997	-0.000121026	3121.867	-0.001525902	6	6	-1.111197	0	0	0	0	0	0	0	0	0	0	0	0	0	54	0	
2	1428	-1.109357	-0.000121026	3122.867	-0.001525902	6	6	-1.110697	0	0	0	0	0	0	0	0	0	0	0	0	0	54	0	
2	1429	-1.10905	-0.000120622	3123.867	-0.001525902	6	6	-1.110197	0	0	0	0	0	0	0	0	0	0	0	0	0	54	0	
2	1430	-1.108437	-0.000120143	3124.867	-0.001525902	6	6	-1.109697	0	0	0	0	0	0	0	0	0	0	0	0	0	54	0	
2	1431	-1.10813	-0.000119548	3125.867	-0.001525902	6	6	-1.109197	0	0	0	0	0	0	0	0	0	0	0	0	0	54	0	
2	1432	-1.107516	-0.000118892	3126.867	-0.001525902	6	6	-1.108697	0	0	0	0	0	0	0	0	0	0	0	0	0	54	0	
2	1433	-1.106903	-0.000118254	3127.867	-0.001525902	6	6	-1.108197	0	0	0	0	0	0	0	0	0	0	0	0	0	54	0	
2	1434	-1.106596	-0.000117653	3128.867	-0.001525902	6	6	-1.107697	0	0	0	0	0	0	0	0	0	0	0	0	0	54	0	
2	1435	-1.105983	-0.000117027	3129.867	-0.001525902	6	6	-1.107197	0	0	0	0	0	0	0	0	0	0	0	0	0	54	0	
2	1436	-1.105369	-0.000116714	3130.867	-0.001525902	6	6	-1.106697	0	0	0	0	0	0	0	0	0	0	0	0	0	54	0	
2	1437	-1.105063	-0.000116119	3131.867	-0.001525902	6	6	-1.106197	0	0	0	0	0	0	0	0	0	0	0	0	0	54	0	
2	1438	-1.104449	-0.000115285	3132.867	-0.001525902	6	6	-1.105697	0	0	0	0	0	0	0	0	0	0	0	0	0	54	0	
2	1439	-1.103836	-0.000115058	3133.867	-0.001525902	6	6	-1.105197	0	0	0	0	0	0	0	0	0	0	0	0	0	54	0	
2	1440	-1.103529	-0.000114653	3134.867	-0.001525902	6	6	-1.104697	0	0	0	0	0	0	0	0	0	0	0	0	0	54	0	
2	1441	-1.102916	-0.000114175	3135.867	-0.001525902	6	6	-1.104197	0	0	0	0	0	0	0	0	0	0	0	0	0	54	0	
2	1442	-1.102302	-0.0001138	3136.867	-0.001525902	6	6	-1.103697	0	0	0	0	0	0	0	0	0	0	0	0	0	54	0	
2	1443	-1.101996	-0.000113561	3137.867	-0.001525902	6	6	-1.103197	0	0	0	0	0	0	0	0	0	0	0	0	0	54	0	
2	1444	-1.101382	-0.000113267	3138.867	-0.001525902	6	6	-1.102697	0	0	0	0	0	0	0	0	0	0	0	0	0	54	0	
2	1445	-1.101076	-0.000112843	3139.867	-0.001525902	6	6	-1.102197	0	0	0	0	0	0	0	0	0	0	0	0	0	54	0	
2	1446	-1.100462	-0.000112837	3140.867	-0.001525902	6	6	-1.101697	0	0	0	0	0	0	0	0	0	0	0	0	0	54	0	
2	1447	-1.099849	-0.00011258	3141.867	-0.001525902	6	6	-1.101197	0	0	0	0	0	0	0	0	0	0	0	0	0	54	0	
2	1448	-1.099542	-0.000112163	3142.867	-0.001525902	6	6	-1.100697	0	0	0	0	0	0	0	0	0	0	0	0	0	54	0	
2	1449	-1.098929	-0.000111874	3143.867	-0.001525902	6	6	-1.100197	0	0	0	0	0	0	0	0	0	0	0	0	0	54	0	
2	1450	-1.098315	-0.000111476	3144.867	-0.001525902	6	6	-1.099697	0	0	0	0	0	0	0	0	0	0	0	0	0	54	0	
2	1451	-1.098009	-0.000111157	3145.867	-0.001525902	6	6	-1.099197	0	0	0	0	0	0	0	0	0	0	0	0	0	54	0	
2	1452	-1.097395	-0.000110807	3146.867	-0.001525902	6	6	-1.098697	0	0	0	0	0	0	0	0	0	0	0	0	0	54	0	
2	1453	-1.097088	-0.000111138	3147.867	-0.001525902	6	6	-1.098197	0	0	0	0	0	0	0	0	0	0	0	0	0	54	0	
2	1454	-1.096475	-0.000111825	3148.867	-0.001525902	6	6	-1.097697	0	0	0	0	0	0	0	0	0	0	0	0	0	54	0	
2	1455	-1.095862	-0.000111905	3149.867	-0.001525902	6	6	-1.097197	0	0	0	0	0	0	0	0	0	0	0	0	0	54	0	
2	1456	-1.095555	-0.0001115	3150.867	-0.001525902	6	6	-1.096697	0	0	0	0	0	0	0	0	0	0	0	0	0	54	0	
2	1457	-1.094941	-0.000111114	3151.867	-0.001525902	6	6	-1.096197	0	0	0	0	0	0	0	0	0	0	0	0	0	54	0	
2	1458	-1.094328	-0.000110985	3152.867	-0.001525902	6	6	-1.095697	0	0	0	0	0	0	0	0	0	0	0	0	0	54	0	
2	1459	-1.094021	-0.000110592	3153.867	-0.001525902	6	6	-1.095197	0	0	0	0	0	0	0	0	0	0	0	0	0	54	0	
2	1460	-1.093408	-0.000110273	3154.867	-0.001525902	6	6	-1.094697	0	0	0	0	0	0	0	0	0	0	0	0	0	54	0	
2	1461	-1.092795	-0.000110052	3155.867	-0.001525902	6	6	-1.094197	0	0	0	0	0	0	0	0	0	0	0	0	0	54	0	
2	1462	-1.092488	-0.000109752	3156.867	-0.001525902	6	6	-1.093697	0	0	0	0	0	0	0	0	0	0	0	0	0	54	0	
2	1463	-1.091874	-0.000109488	3157.867	-0.001525902	6	6	-1.093197	0	0	0	0	0	0	0	0	0	0	0	0	0	54	0	
2	1464	-1.091568	-0.000109163	3158.867	-0.001525902	6	6	-1.092697	0	0	0	0	0	0	0	0	0	0	0	0	0	54	0	
2	1465	-1.090954	-0.000108887	3159.867	-0.001525902	6	6	-1.092197	0	0	0	0	0	0	0	0	0	0	0	0	0	54	0	
2	1466	-1.090648	-0.000108605	3160.867	-0.001525902	6	6	-1.091697	0	0	0	0	0	0	0	0	0	0	0	0	0	54	0	
2	1467	-1.090034	-0.00010831	3161.867	-0.001525902	6	6	-1.091197	0	0	0	0	0	0	0	0	0	0	0	0	0	54	0	
2	1468	-1.089421	-0.000108053	3162.867	-0.001525902	6	6	-1.090697	0	0	0	0	0	0	0	0	0	0	0	0	0	54	0	
2	1469	-1.089114	-0.000107783	3163.867	-0.001525902	6	6	-1.090197	0	0	0	0	0	0	0	0	0	0	0	0	0	54	0	
2	1470	-1.088501	-0.000107507	3164.867	-0.001525902	6	6	-1.089697	0	0	0	0	0	0	0	0	0	0	0	0	0	54	0	
2	1471	-1.087887	-0.0001072	3165.867	-0.001525902	6	6	-1.089197	0	0	0	0	0	0	0	0	0	0	0	0	0	54	0	
2	1472	-1.087581	-0.000106887	3166.867	-0.001525902	6	6	-1.088697	0	0	0	0	0	0	0	0	0	0	0	0	0	54	0	
2	1473	-1.086967	-0.00010658	3167.867	-0.001525902	6	6	-1.088197	0	0	0	0	0	0	0	0	0	0	0	0	0	54	0	
2	1474	-1.086354	-0.000106262	3168.867	-0.001525902	6	6	-1.087697	0	0	0	0	0	0	0	0	0	0	0	0	0	54	0	
2	1475	-1.086047	-0.0001059	3169.867	-0.001525902	6	6	-1.087197	0	0	0	0	0	0	0	0	0	0	0	0	0	54	0	
2	1476	-1.085434	-0.000105568	3170.867	-0.001525902	6	6	-1.086697	0	0	0	0	0	0	0	0	0	0	0	0	0	54	0	
2	1477	-1.08482	-0.000105323	3171.867	-0.001525902	6	6	-1.086197	0	0	0	0	0	0	0	0	0	0	0	0	0	54	0	
2	1478	-1.084513	-0.000104967	3172.867	-0.001525902	6	6	-1.085697	0	0	0	0	0	0	0	0	0	0	0	0	0	54	0	
2	1479	-1.0839	-0.000104875	3173.867	-0.001525902	6	6	-1.085197	0	0	0	0	0	0	0	0	0	0	0	0	0	54	0	
2	1480	-1.083287	-0.000104434	3174.867	-0.001525902	6	6	-1.084697	0	0	0	0	0	0	0	0	0	0	0	0	0	54	0	
2	1481	-1.08298	-0.000104102	3175.867	-0.001525902	6	6	-1.084197	0	0	0	0	0	0	0	0	0	0	0	0	0	54	0	
2	1482	-1.082366	-0.000103753	3176.867	-0.001525902	6	6	-1.083697	0	0	0	0	0	0	0	0	0	0	0	0	0	54	0	
2	1483	-1.08206	-0.000103391	3177.867	-0.001525902	6	6	-1.083197	0	0	0	0	0	0	0	0	0	0	0	0	0	54	0	
2	1484	-1.081446	-0.000103035	3178.867	-0.001525902	6	6	-1.082697	0	0	0	0	0	0	0	0	0	0	0	0	0	54	0	
2	1485	-1.080833	-0.00010282	3179.867	-0.001525902	6	6	-1.082197	0	0	0	0	0	0	0	0	0	0	0	0	0	54	0	
2	1486	-1.080526	-0.000102391	3180.867	-0.001525902	6	6	-1.081697	0	0	0	0	0	0	0	0	0	0	0	0	0	54	0	
2	1487	-1.079913	-0.000102054	3181.867	-0.001525902	6	6	-1.081197	0	0	0	0	0	0	0	0	0	0	0	0	0	54	0	
2	1488	-1.079606	-0.000101771	3182.867	-0.001525902	6	6	-1.080697	0	0	0	0	0	0	0	0	0	0	0	0	0	54	0	
2	1489	-1.078993	-0.000101692	3183.867	-0.001525902	6	6	-1.080197	0	0	0	0	0	0	0	0	0	0	0	0	0	54	0	
2	1490	-1.078379	-0.000101514	3184.867	-0.001525902	6	6	-1.079697	0	0	0	0	0	0	0	0	0	0	0	0	0	54	0	
2	1491	-1.078073	-0.000101213	3185.867	-0.001525902	6	6	-1.079197	0	0	0	0	0	0	0	0	0	0	0	0	0	54	0	
2	1492	-1.077459	-0.000100937	3186.867	-0.001525902	6	6	-1.078697	0	0	0	0	0	0	0	0	0	0	0	0	0	54	0	
2	1493	-1.076846	-0.000100618	3187.867	-0.001525902	6	6	-1.078197	0	0	0	0	0	0	0	0	0	0	0	0	0	54	0	
2	1494	-1.076539	-0.000100324	3188.867	-0.001525902	6	6	-1.077697	0	0	0	0	0	0	0	0	0	0	0	0	0	54	0	
2	1495	-1.075926	-1.00E-04	3189.867	-0.001525902	6	6	-1.077197	0	0	0	0	0	0	0	0	0	0	0	0	0	54	0	
2	1496	-1.075619	-1.00E-04	3190.867	-0.001525902	6	6	-1.076697	0	0	0	0	0	0	0	0	0	0	0	0	0	54	0	
2	1497	-1.075006	-9.97E-05	3191.867	-0.001525902	6	6	-1.076197	0	0	0	0	0	0	0	0	0	0	0	0	0	54	0	
2	1498	-1.074392	-9.95E-05	3192.867	-0.001525902	6	6	-1.075697	0	0	0	0	0	0	0	0	0	0	0	0	0	54	0	
2	1499	-1.074085	-9.91E-05	3193.867	-0.001525902	6	6	-1.075197	0	0	0	0	0	0	0	0	0	0	0	0	0	54	0	
2	1500	-1.073472	-9.88E-05	3194.867	-0.001525902	6	6	-1.074697	0	0	0	0	0	0	0	0	0	0	0	0	0	54	0	
2	1501	-1.073165	-9.85E-05	3195.867	-0.001525902	6	6	-1.074197	0	0	0	0	0	0	0	0	0	0	0	0	0	54	0	
2	1502	-1.072552	-9.82E-05	3196.867	-0.001525902	6	6	-1.073697	0	0	0	0	0	0	0	0	0	0	0	0	0	54	0	
2	1503	-1.071939	-9.79E-05	3197.867	-0.001525902	6	6	-1.073197	0	0	0	0	0	0	0	0	0	0	0	0	0	54	0	
2	1504	-1.071632	-9.76E-05	3198.867	-0.001525902	6	6	-1.072697	0	0	0	0	0	0	0	0	0	0	0	0	0	54	0	
2	1505	-1.071018	-9.73E-05	3199.867	-0.001525902	6	6	-1.072197	0	0	0	0	0	0	0	0	0	0	0	0	0	54	0	
2	1506	-1.070405	-9.71E-05	3200.867	-0.001525902	6	6	-1.071697	0	0	0	0	0	0	0	0	0	0	0	0	0	54	0	
2	1507	-1.070098	-9.69E-05	3201.867	-0.001525902	6	6	-1.071197	0	0	0	0	0	0	0	0	0	0	0	0	0	54	0	
2	1508	-1.069485	-9.68E-05	3202.867	-0.001525902	6	6	-1.070697	0	0	0	0	0	0	0	0	0	0	0	0	0	54	0	
2	1509	-1.068871	-9.65E-05	3203.867	-0.001525902	6	6	-1.070197	0	0	0	0	0	0	0	0	0	0	0	0	0	54	0	
2	1510	-1.068565	-9.63E-05	3204.867	-0.001525902	6	6	-1.069697	0	0	0	0	0	0	0	0	0	0	0	0	0	54	0	
2	1511	-1.067951	-9.61E-05	3205.867	-0.001525902	6	6	-1.069197	0	0	0	0	0	0	0	0	0	0	0	0	0	54	0	
2	1512	-1.067645	-9.58E-05	3206.867	-0.001525902	6	6	-1.068697	0	0	0	0	0	0	0	0	0	0	0	0	0	54	0	
2	1513	-1.067031	-9.57E-05	3207.867	-0.001525902	6	6	-1.068197	0	0	0	0	0	0	0	0	0	0	0	0	0	54	0	
2	1514	-1.066418	-9.56E-05	3208.867	-0.001525902	6	6	-1.067697	0	0	0	0	0	0	0	0	0	0	0	0	0	54	0	
2	1515	-1.065804	-9.53E-05	3209.867	-0.001525902	6	6	-1.067197	0	0	0	0	0	0	0	0	0	0	0	0	0	54	0	
2	1516	-1.065498	-9.52E-05	3210.867	-0.001525902	6	6	-1.066697	0	0	0	0	0	0	0	0	0	0	0	0	0	54	0	
2	1517	-1.064884	-9.49E-05	3211.867	-0.001525902	6	6	-1.066197	0	0	0	0	0	0	0	0	0	0	0	0	0	54	0	
2	1518	-1.064578	-9.47E-05	3212.867	-0.001525902	6	6	-1.065697	0	0	0	0	0	0	0	0	0	0	0	0	0	54	0	
2	1519	-1.063964	-9.42E-05	3213.867	-0.001525902	6	6	-1.065197	0	0	0	0	0	0	0	0	0	0	0	0	0	54	0	
2	1520	-1.063351	-9.39E-05	3214.867	-0.001525902	6	6	-1.064697	0	0	0	0	0	0	0	0	0	0	0	0	0	54	0	
2	1521	-1.063044	-9.36E-05	3215.867	-0.001525902	6	6	-1.064197	0	0	0	0	0	0	0	0	0	0	0	0	0	54	0	
2	1522	-1.062431	-9.33E-05	3216.867	-0.001525902	6	6	-1.063697	0	0	0	0	0	0	0	0	0	0	0	0	0	54	0	
2	1523	-1.062124	-9.31E-05	3217.867	-0.001525902	6	6	-1.063197	0	0	0	0	0	0	0	0	0	0	0	0	0	54	0	
2	1524	-1.06151	-9.28E-05	3218.867	-0.001525902	6	6	-1.062697	0	0	0	0	0	0	0	0	0	0	0	0	0	54	0	
2	1525	-1.060897	-9.25E-05	3219.867	-0.001525902	6	6	-1.062197	0	0	0	0	0	0	0	0	0	0	0	0	0	54	0	
2	1526	-1.060284	-9.23E-05	3220.867	-0.001525902	6	6	-1.061697	0	0	0	0	0	0	0	0	0	0	0	0	0	54	0	
2	1527	-1.059977	-9.19E-05	3221.867	-0.001525902	6	6	-1.061197	0	0	0	0	0	0	0	0	0	0	0	0	0	54	0	
2	1528	-1.059363	-9.16E-05	3222.867	-0.001525902	6	6	-1.060697	0	0	0	0	0	0	0	0	0	0	0	0	0	54	0	
2	1529	-1.05875	-9.13E-05	3223.867	-0.001525902	6	6	-1.060197	0	0	0	0	0	0	0	0	0	0	0	0	0	54	0	
2	1530	-1.058443	-9.11E-05	3224.867	-0.001525902	6	6	-1.059697	0	0	0	0	0	0	0	0	0	0	0	0	0	54	0	
2	1531	-1.05783	-9.29E-05	3225.867	-0.001525902	6	6	-1.059197	0	0	0	0	0	0	0	0	0	0	0	0	0	54	0	
2	1532	-1.057523	-9.41E-05	3226.867	-0.001525902	6	6	-1.058697	0	0	0	0	0	0	0	0	0	0	0	0	0	54	0	
2	1533	-1.05691	-9.46E-05	3227.867	-0.001525902	6	6	-1.058197	0	0	0	0	0	0	0	0	0	0	0	0	0	54	0	
2	1534	-1.056296	-9.45E-05	3228.867	-0.001525902	6	6	-1.057697	0	0	0	0	0	0	0	0	0	0	0	0	0	54	0	
2	1535	-1.05599	-9.30E-05	3229.867	-0.001525902	6	6	-1.057197	0	0	0	0	0	0	0	0	0	0	0	0	0	54	0	
2	1536	-1.055376	-9.30E-05	3230.867	-0.001525902	6	6	-1.056697	0	0	0	0	0	0	0	0	0	0	0	0	0	54	0	
2	1537	-1.05507	-9.29E-05	3231.867	-0.001525902	6	6	-1.056197	0	0	0	0	0	0	0	0	0	0	0	0	0	54	0	
2	1538	-1.054456	-9.31E-05	3232.867	-0.001525902	6	6	-1.055697	0	0	0	0	0	0	0	0	0	0	0	0	0	54	0	
2	1539	-1.053843	-9.30E-05	3233.867	-0.001525902	6	6	-1.055197	0	0	0	0	0	0	0	0	0	0	0	0	0	54	0	
2	1540	-1.053536	-9.29E-05	3234.867	-0.001525902	6	6	-1.054697	0	0	0	0	0	0	0	0	0	0	0	0	0	54	0	
2	1541	-1.052923	-9.28E-05	3235.867	-0.001525902	6	6	-1.054197	0	0	0	0	0	0	0	0	0	0	0	0	0	54	0	
2	1542	-1.052616	-9.28E-05	3236.867	-0.001525902	6	6	-1.053697	0	0	0	0	0	0	0	0	0	0	0	0	0	54	0	
2	1543	-1.052003	-9.35E-05	3237.867	-0.001525902	6	6	-1.053197	0	0	0	0	0	0	0	0	0	0	0	0	0	54	0	
2	1544	-1.051389	-9.32E-05	3238.867	-0.001525902	6	6	-1.052697	0	0	0	0	0	0	0	0	0	0	0	0	0	54	0	
2	1545	-1.051082	-9.29E-05	3239.867	-0.001525902	6	6	-1.052197	0	0	0	0	0	0	0	0	0	0	0	0	0	54	0	
2	1546	-1.050469	-9.27E-05	3240.867	-0.001525902	6	6	-1.05365	0	0	0	0	0	0	0	0	0	0	0	0	0	54	0	
2	1547	-1.049856	-9.24E-05	3241.867	-0.001525902	6	6	-1.051197	0	0	0	0	0	0	0	0	0	0	0	0	0	54	0	
2	1548	-1.049549	-9.22E-05	3242.867	-0.001525902	6	6	-1.050697	0	0	0	0	0	0	0	0	0	0	0	0	0	54	0	
2	1549	-1.048936	-9.19E-05	3243.867	-0.001525902	6	6	-1.050197	0	0	0	0	0	0	0	0	0	0	0	0	0	54	0	
2	1550	-1.048629	-9.17E-05	3244.867	-0.001525902	6	6	-1.049697	0	0	0	0	0	0	0	0	0	0	0	0	0	54	0	
2	1551	-1.048015	-9.14E-05	3245.867	-0.001525902	6	6	-1.049197	0	0	0	0	0	0	0	0	0	0	0	0	0	54	0	
2	1552	-1.047402	-9.11E-05	3246.867	-0.001525902	6	6	-1.048697	0	0	0	0	0	0	0	0	0	0	0	0	0	54	0	
2	1553	-1.047095	-9.09E-05	3247.867	-0.001525902	6	6	-1.048197	0	0	0	0	0	0	0	0	0	0	0	0	0	54	0	
2	1554	-1.046482	-9.06E-05	3248.867	-0.001525902	6	6	-1.047697	0	0	0	0	0	0	0	0	0	0	0	0	0	54	0	
2	1555	-1.045868	-9.04E-05	3249.867	-0.001525902	6	6	-1.047197	0	0	0	0	0	0	0	0	0	0	0	0	0	54	0	
2	1556	-1.045562	-9.02E-05	3250.867	-0.001525902	6	6	-1.046697	0	0	0	0	0	0	0	0	0	0	0	0	0	54	0	
2	1557	-1.044948	-9.00E-05	3251.867	-0.001525902	6	6	-1.046197	0	0	0	0	0	0	0	0	0	0	0	0	0	54	0	
2	1558	-1.044642	-8.99E-05	3252.867	-0.001525902	6	6	-1.045697	0	0	0	0	0	0	0	0	0	0	0	0	0	54	0	
2	1559	-1.044028	-8.99E-05	3253.867	-0.001525902	6	6	-1.045197	0	0	0	0	0	0	0	0	0	0	0	0	0	54	0	
2	1560	-1.043415	-9.00E-05	3254.867	-0.001525902	6	6	-1.044697	0	0	0	0	0	0	0	0	0	0	0	0	0	54	0	
2	1561	-1.042801	-8.98E-05	3255.867	-0.001525902	6	6	-1.044197	0	0	0	0	0	0	0	0	0	0	0	0	0	54	0	
2	1562	-1.042495	-8.96E-05	3256.867	-0.001525902	6	6	-1.043697	0	0	0	0	0	0	0	0	0	0	0	0	0	54	0	
2	1563	-1.041881	-8.93E-05	3257.867	-0.001525902	6	6	-1.043197	0	0	0	0	0	0	0	0	0	0	0	0	0	54	0	
2	1564	-1.041575	-8.91E-05	3258.867	-0.001525902	6	6	-1.042697	0	0	0	0	0	0	0	0	0	0	0	0	0	54	0	
2	1565	-1.040961	-8.89E-05	3259.867	-0.001525902	6	6	-1.042197	0	0	0	0	0	0	0	0	0	0	0	0	0	54	0	
2	1566	-1.040348	-8.87E-05	3260.867	-0.001525902	6	6	-1.041697	0	0	0	0	0	0	0	0	0	0	0	0	0	54	0	
2	1567	-1.040041	-8.84E-05	3261.867	-0.001525902	6	6	-1.041197	0	0	0	0	0	0	0	0	0	0	0	0	0	54	0	
2	1568	-1.039428	-8.82E-05	3262.867	-0.001525902	6	6	-1.040697	0	0	0	0	0	0	0	0	0	0	0	0	0	54	0	
2	1569	-1.039121	-8.79E-05	3263.867	-0.001525902	6	6	-1.040197	0	0	0	0	0	0	0	0	0	0	0	0	0	54	0	
2	1570	-1.038507	-8.76E-05	3264.867	-0.001525902	6	6	-1.039697	0	0	0	0	0	0	0	0	0	0	0	0	0	54	0	
2	1571	-1.037894	-8.73E-05	3265.867	-0.001525902	6	6	-1.039197	0	0	0	0	0	0	0	0	0	0	0	0	0	54	0	
2	1572	-1.037587	-8.71E-05	3266.867	-0.001525902	6	6	-1.038697	0	0	0	0	0	0	0	0	0	0	0	0	0	54	0	
2	1573	-1.036974	-8.69E-05	3267.867	-0.001525902	6	6	-1.038197	0	0	0	0	0	0	0	0	0	0	0	0	0	54	0	
2	1574	-1.036361	-8.70E-05	3268.867	-0.001525902	6	6	-1.037697	0	0	0	0	0	0	0	0	0	0	0	0	0	54	0	
2	1575	-1.036054	-8.68E-05	3269.867	-0.001525902	6	6	-1.037197	0	0	0	0	0	0	0	0	0	0	0	0	0	54	0	
2	1576	-1.03544	-8.66E-05	3270.867	-0.001525902	6	6	-1.036697	0	0	0	0	0	0	0	0	0	0	0	0	0	54	0	
2	1577	-1.035134	-8.64E-05	3271.867	-0.001525902	6	6	-1.036197	0	0	0	0	0	0	0	0	0	0	0	0	0	54	0	
2	1578	-1.03452	-8.61E-05	3272.867	-0.001525902	6	6	-1.035697	0	0	0	0	0	0	0	0	0	0	0	0	0	54	0	
2	1579	-1.033907	-8.52E-05	3273.867	-0.001525902	6	6	-1.035197	0	0	0	0	0	0	0	0	0	0	0	0	0	54	0	
2	1580	-1.0336	-8.50E-05	3274.867	-0.001525902	6	6	-1.034697	0	0	0	0	0	0	0	0	0	0	0	0	0	54	0	
2	1581	-1.032987	-8.45E-05	3275.867	-0.001525902	6	6	-1.034197	0	0	0	0	0	0	0	0	0	0	0	0	0	54	0	
2	1582	-1.032373	-8.43E-05	3276.867	-0.001525902	6	6	-1.033697	0	0	0	0	0	0	0	0	0	0	0	0	0	54	0	
2	1583	-1.032067	-8.41E-05	3277.867	-0.001525902	6	6	-1.033197	0	0	0	0	0	0	0	0	0	0	0	0	0	54	0	
2	1584	-1.031453	-8.39E-05	3278.867	-0.001525902	6	6	-1.032697	0	0	0	0	0	0	0	0	0	0	0	0	0	54	0	
2	1585	-1.031147	-8.37E-05	3279.867	-0.001525902	6	6	-1.032197	0	0	0	0	0	0	0	0	0	0	0	0	0	54	0	
2	1586	-1.030533	-8.33E-05	3280.867	-0.001525902	6	6	-1.031697	0	0	0	0	0	0	0	0	0	0	0	0	0	54	0	
2	1587	-1.02992	-8.31E-05	3281.867	-0.001525902	6	6	-1.031197	0	0	0	0	0	0	0	0	0	0	0	0	0	54	0	
2	1588	-1.029613	-8.30E-05	3282.867	-0.001525902	6	6	-1.030697	0	0	0	0	0	0	0	0	0	0	0	0	0	54	0	
2	1589	-1.029	-8.28E-05	3283.867	-0.001525902	6	6	-1.030197	0	0	0	0	0	0	0	0	0	0	0	0	0	54	0	
2	1590	-1.028386	-8.28E-05	3284.867	-0.001525902	6	6	-1.029697	0	0	0	0	0	0	0	0	0	0	0	0	0	54	0	
2	1591	-1.02808	-8.26E-05	3285.867	-0.001525902	6	6	-1.029197	0	0	0	0	0	0	0	0	0	0	0	0	0	54	0	
2	1592	-1.027466	-8.24E-05	3286.867	-0.001525902	6	6	-1.028697	0	0	0	0	0	0	0	0	0	0	0	0	0	54	0	
2	1593	-1.026853	-8.22E-05	3287.867	-0.001525902	6	6	-1.028197	0	0	0	0	0	0	0	0	0	0	0	0	0	54	0	
2	1594	-1.026546	-8.22E-05	3288.867	-0.001525902	6	6	-1.027697	0	0	0	0	0	0	0	0	0	0	0	0	0	54	0	
2	1595	-1.025933	-8.19E-05	3289.867	-0.001525902	6	6	-1.027197	0	0	0	0	0	0	0	0	0	0	0	0	0	54	0	
2	1596	-1.025626	-8.18E-05	3290.867	-0.001525902	6	6	-1.026697	0	0	0	0	0	0	0	0	0	0	0	0	0	54	0	
2	1597	-1.025012	-8.16E-05	3291.867	-0.001525902	6	6	-1.026197	0	0	0	0	0	0	0	0	0	0	0	0	0	54	0	
2	1598	-1.024399	-8.15E-05	3292.867	-0.001525902	6	6	-1.025697	0	0	0	0	0	0	0	0	0	0	0	0	0	54	0	
2	1599	-1.024092	-8.13E-05	3293.867	-0.001525902	6	6	-1.025197	0	0	0	0	0	0	0	0	0	0	0	0	0	54	0	
2	1600	-1.023479	-8.11E-05	3294.867	-0.001525902	6	6	-1.024697	0	0	0	0	0	0	0	0	0	0	0	0	0	54	0	
2	1601	-1.022865	-8.09E-05	3295.867	-0.001525902	6	6	-1.024197	0	0	0	0	0	0	0	0	0	0	0	0	0	54	0	
2	1602	-1.022559	-8.07E-05	3296.867	-0.001525902	6	6	-1.023697	0	0	0	0	0	0	0	0	0	0	0	0	0	54	0	
2	1603	-1.021945	-8.07E-05	3297.867	-0.001525902	6	6	-1.023197	0	0	0	0	0	0	0	0	0	0	0	0	0	54	0	
2	1604	-1.021639	-8.06E-05	3298.867	-0.001525902	6	6	-1.022697	0	0	0	0	0	0	0	0	0	0	0	0	0	54	0	
2	1605	-1.021332	-8.04E-05	3299.867	-0.001525902	6	6	-1.022197	0	0	0	0	0	0	0	0	0	0	0	0	0	54	0	
2	1606	-1.020719	-8.02E-05	3300.867	-0.001525902	6	6	-1.021697	0	0	0	0	0	0	0	0	0	0	0	0	0	54	0	
2	1607	-1.020105	-8.01E-05	3301.867	-0.001525902	6	6	-1.021197	0	0	0	0	0	0	0	0	0	0	0	0	0	54	0	
2	1608	-1.019798	-7.99E-05	3302.867	-0.001525902	6	6	-1.020697	0	0	0	0	0	0	0	0	0	0	0	0	0	54	0	
2	1609	-1.019185	-7.97E-05	3303.867	-0.001525902	6	6	-1.020197	0	0	0	0	0	0	0	0	0	0	0	0	0	54	0	
2	1610	-1.018878	-7.96E-05	3304.867	-0.001525902	6	6	-1.019697	0	0	0	0	0	0	0	0	0	0	0	0	0	54	0	
2	1611	-1.018265	-7.94E-05	3305.867	-0.001525902	6	6	-1.019197	0	0	0	0	0	0	0	0	0	0	0	0	0	54	0	
2	1612	-1.017651	-7.92E-05	3306.867	-0.001525902	6	6	-1.018697	0	0	0	0	0	0	0	0	0	0	0	0	0	54	0	
2	1613	-1.017038	-7.90E-05	3307.867	-0.001525902	6	6	-1.018197	0	0	0	0	0	0	0	0	0	0	0	0	0	54	0	
2	1614	-1.016731	-7.89E-05	3308.867	-0.001525902	6	6	-1.017697	0	0	0	0	0	0	0	0	0	0	0	0	0	54	0	
2	1615	-1.016118	-7.87E-05	3309.867	-0.001525902	6	6	-1.017197	0	0	0	0	0	0	0	0	0	0	0	0	0	54	0	
2	1616	-1.015504	-7.85E-05	3310.867	-0.001525902	6	6	-1.016697	0	0	0	0	0	0	0	0	0	0	0	0	0	54	0	
2	1617	-1.015198	-7.84E-05	3311.867	-0.001525902	6	6	-1.016197	0	0	0	0	0	0	0	0	0	0	0	0	0	54	0	
2	1618	-1.014584	-7.82E-05	3312.867	-0.001525902	6	6	-1.015697	0	0	0	0	0	0	0	0	0	0	0	0	0	54	0	
2	1619	-1.014278	-7.81E-05	3313.867	-0.001525902	6	6	-1.015197	0	0	0	0	0	0	0	0	0	0	0	0	0	54	0	
2	1620	-1.013664	-7.79E-05	3314.867	-0.001525902	6	6	-1.014697	0	0	0	0	0	0	0	0	0	0	0	0	0	54	0	
2	1621	-1.013051	-7.78E-05	3315.867	-0.001525902	6	6	-1.014197	0	0	0	0	0	0	0	0	0	0	0	0	0	54	0	
2	1622	-1.012744	-7.76E-05	3316.867	-0.001525902	6	6	-1.013697	0	0	0	0	0	0	0	0	0	0	0	0	0	54	0	
2	1623	-1.012131	-7.75E-05	3317.867	-0.001525902	6	6	-1.013197	0	0	0	0	0	0	0	0	0	0	0	0	0	54	0	
2	1624	-1.011824	-7.73E-05	3318.867	-0.001525902	6	6	-1.012697	0	0	0	0	0	0	0	0	0	0	0	0	0	54	0	
2	1625	-1.011211	-7.71E-05	3319.867	-0.001525902	6	6	-1.012197	0	0	0	0	0	0	0	0	0	0	0	0	0	54	0	
2	1626	-1.010597	-7.71E-05	3320.867	-0.001525902	6	6	-1.011697	0	0	0	0	0	0	0	0	0	0	0	0	0	54	0	
2	1627	-1.009984	-7.70E-05	3321.867	-0.001525902	6	6	-1.011197	0	0	0	0	0	0	0	0	0	0	0	0	0	54	0	
2	1628	-1.009677	-7.69E-05	3322.867	-0.001525902	6	6	-1.010697	0	0	0	0	0	0	0	0	0	0	0	0	0	54	0	
2	1629	-1.009064	-7.67E-05	3323.867	-0.001525902	6	6	-1.010197	0	0	0	0	0	0	0	0	0	0	0	0	0	54	0	
2	1630	-1.008757	-7.65E-05	3324.867	-0.001525902	6	6	-1.009697	0	0	0	0	0	0	0	0	0	0	0	0	0	54	0	
2	1631	-1.008144	-7.64E-05	3325.867	-0.001525902	6	6	-1.009197	0	0	0	0	0	0	0	0	0	0	0	0	0	54	0	
2	1632	-1.007837	-7.62E-05	3326.867	-0.001525902	6	6	-1.008697	0	0	0	0	0	0	0	0	0	0	0	0	0	54	0	
2	1633	-1.007223	-7.61E-05	3327.867	-0.001525902	6	6	-1.008197	0	0	0	0	0	0	0	0	0	0	0	0	0	54	0	
2	1634	-1.00661	-7.59E-05	3328.867	-0.001525902	6	6	-1.007697	0	0	0	0	0	0	0	0	0	0	0	0	0	54	0	
2	1635	-1.005997	-7.58E-05	3329.867	-0.001525902	6	6	-1.007197	0	0	0	0	0	0	0	0	0	0	0	0	0	54	0	
2	1636	-1.00569	-7.56E-05	3330.867	-0.001525902	6	6	-1.006697	0	0	0	0	0	0	0	0	0	0	0	0	0	54	0	
2	1637	-1.005077	-7.55E-05	3331.867	-0.001525902	6	6	-1.006197	0	0	0	0	0	0	0	0	0	0	0	0	0	54	0	
2	1638	-1.00477	-7.54E-05	3332.867	-0.001525902	6	6	-1.005697	0	0	0	0	0	0	0	0	0	0	0	0	0	54	0	
2	1639	-1.004156	-7.52E-05	3333.867	-0.001525902	6	6	-1.005197	0	0	0	0	0	0	0	0	0	0	0	0	0	54	0	
2	1640	-1.00385	-7.51E-05	3334.867	-0.001525902	6	6	-1.004697	0	0	0	0	0	0	0	0	0	0	0	0	0	54	0	
2	1641	-1.003236	-7.49E-05	3335.867	-0.001525902	6	6	-1.004197	0	0	0	0	0	0	0	0	0	0	0	0	0	54	0	
2	1642	-1.002623	-7.48E-05	3336.867	-0.001525902	6	6	-1.003697	0	0	0	0	0	0	0	0	0	0	0	0	0	54	0	
2	1643	-1.002316	-7.47E-05	3337.867	-0.001525902	6	6	-1.003197	0	0	0	0	0	0	0	0	0	0	0	0	0	54	0	
2	1644	-1.001703	-7.45E-05	3338.867	-0.001525902	6	6	-1.002697	0	0	0	0	0	0	0	0	0	0	0	0	0	54	0	
2	1645	-1.001396	-7.44E-05	3339.867	-0.001525902	6	6	-1.002197	0	0	0	0	0	0	0	0	0	0	0	0	0	54	0	
2	1646	-1.000783	-7.42E-05	3340.867	-0.001525902	6	6	-1.001697	0	0	0	0	0	0	0	0	0	0	0	0	0	54	0	
2	1647	-1.000169	-7.41E-05	3341.867	-0.001525902	6	6	-1.001197	0	0	0	0	0	0	0	0	0	0	0	0	0	54	0	
2	1648	-0.9998625	-7.38E-05	3342.867	-0.001525902	6	6	-1.000697	0	0	0	0	0	0	0	0	0	0	0	0	0	54	0	
2	1649	-0.9992491	-7.37E-05	3343.867	-0.001525902	6	6	-1.000197	0	0	0	0	0	0	0	0	0	0	0	0	0	54	0	
2	1650	-0.9986356	-7.36E-05	3344.867	-0.001525902	6	6	-0.9996966	0	0	0	0	0	0	0	0	0	0	0	0	0	54	0	
2	1651	-0.998329	-7.34E-05	3345.867	-0.001525902	6	6	-0.9991966	0	0	0	0	0	0	0	0	0	0	0	0	0	54	0	
2	1652	-0.9977155	-7.34E-05	3346.867	-0.001525902	6	6	-0.9986966	0	0	0	0	0	0	0	0	0	0	0	0	0	54	0	
2	1653	-0.9971021	-7.32E-05	3347.867	-0.001525902	6	6	-0.9981967	0	0	0	0	0	0	0	0	0	0	0	0	0	54	0	
2	1654	-0.9967954	-7.31E-05	3348.867	-0.001525902	6	6	-0.9976966	0	0	0	0	0	0	0	0	0	0	0	0	0	54	0	
2	1655	-0.996182	-7.29E-05	3349.867	-0.001525902	6	6	-0.9971966	0	0	0	0	0	0	0	0	0	0	0	0	0	54	0	
2	1656	-0.9958753	-7.28E-05	3350.867	-0.001525902	6	6	-0.9966967	0	0	0	0	0	0	0	0	0	0	0	0	0	54	0	
2	1657	-0.9952619	-7.29E-05	3351.867	-0.001525902	6	6	-0.9961966	0	0	0	0	0	0	0	0	0	0	0	0	0	54	0	
2	1658	-0.9946485	-7.31E-05	3352.867	-0.001525902	6	6	-0.9956967	0	0	0	0	0	0	0	0	0	0	0	0	0	54	0	
2	1659	-0.9943418	-7.33E-05	3353.867	-0.001525902	6	6	-0.9951966	0	0	0	0	0	0	0	0	0	0	0	0	0	54	0	
2	1660	-0.9937283	-7.32E-05	3354.867	-0.001525902	6	6	-0.9946966	0	0	0	0	0	0	0	0	0	0	0	0	0	54	0	
2	1661	-0.9931149	-7.30E-05	3355.867	-0.001525902	6	6	-0.9941967	0	0	0	0	0	0	0	0	0	0	0	0	0	54	0	
2	1662	-0.9928082	-7.29E-05	3356.867	-0.001525902	6	6	-0.9936966	0	0	0	0	0	0	0	0	0	0	0	0	0	54	0	
2	1663	-0.9921948	-7.28E-05	3357.867	-0.001525902	6	6	-0.9931966	0	0	0	0	0	0	0	0	0	0	0	0	0	54	0	
2	1664	-0.9918881	-7.27E-05	3358.867	-0.001525902	6	6	-0.9926966	0	0	0	0	0	0	0	0	0	0	0	0	0	54	0	
2	1665	-0.9912747	-7.25E-05	3359.867	-0.001525902	6	6	-0.9921966	0	0	0	0	0	0	0	0	0	0	0	0	0	54	0	
2	1666	-0.9906613	-7.24E-05	3360.867	-0.001525902	6	6	-0.9916967	0	0	0	0	0	0	0	0	0	0	0	0	0	54	0	
2	1667	-0.9903546	-7.22E-05	3361.867	-0.001525902	6	6	-0.9911966	0	0	0	0	0	0	0	0	0	0	0	0	0	54	0	
2	1668	-0.9897412	-7.21E-05	3362.867	-0.001525902	6	6	-0.9906966	0	0	0	0	0	0	0	0	0	0	0	0	0	54	0	
2	1669	-0.9891278	-7.20E-05	3363.867	-0.001525902	6	6	-0.9901966	0	0	0	0	0	0	0	0	0	0	0	0	0	54	0	
2	1670	-0.9888211	-7.18E-05	3364.867	-0.001525902	6	6	-0.9896966	0	0	0	0	0	0	0	0	0	0	0	0	0	54	0	
2	1671	-0.9882076	-7.17E-05	3365.867	-0.001525902	6	6	-0.9891967	0	0	0	0	0	0	0	0	0	0	0	0	0	54	0	
2	1672	-0.987901	-7.15E-05	3366.867	-0.001525902	6	6	-0.9886966	0	0	0	0	0	0	0	0	0	0	0	0	0	54	0	
2	1673	-0.9872875	-7.14E-05	3367.867	-0.001525902	6	6	-0.9881966	0	0	0	0	0	0	0	0	0	0	0	0	0	54	0	
2	1674	-0.9866741	-7.12E-05	3368.867	-0.001525902	6	6	-0.9876966	0	0	0	0	0	0	0	0	0	0	0	0	0	54	0	
2	1675	-0.9863674	-7.11E-05	3369.867	-0.001525902	6	6	-0.9871966	0	0	0	0	0	0	0	0	0	0	0	0	0	54	0	
2	1676	-0.985754	-7.10E-05	3370.867	-0.001525902	6	6	-0.9866967	0	0	0	0	0	0	0	0	0	0	0	0	0	54	0	
2	1677	-0.9851406	-7.08E-05	3371.867	-0.001525902	6	6	-0.9861966	0	0	0	0	0	0	0	0	0	0	0	0	0	54	0	
2	1678	-0.9848339	-7.07E-05	3372.867	-0.001525902	6	6	-0.9856966	0	0	0	0	0	0	0	0	0	0	0	0	0	54	0	
2	1679	-0.9842204	-7.06E-05	3373.867	-0.001525902	6	6	-0.9851967	0	0	0	0	0	0	0	0	0	0	0	0	0	54	0	
2	1680	-0.9836071	-7.04E-05	3374.867	-0.001525902	6	6	-0.9846966	0	0	0	0	0	0	0	0	0	0	0	0	0	54	0	
2	1681	-0.9833003	-7.04E-05	3375.867	-0.001525902	6	6	-0.9841967	0	0	0	0	0	0	0	0	0	0	0	0	0	54	0	
2	1682	-0.9826869	-7.03E-05	3376.867	-0.001525902	6	6	-0.9836966	0	0	0	0	0	0	0	0	0	0	0	0	0	54	0	
2	1683	-0.9823802	-7.03E-05	3377.867	-0.001525902	6	6	-0.9831966	0	0	0	0	0	0	0	0	0	0	0	0	0	54	0	
2	1684	-0.9817668	-7.01E-05	3378.867	-0.001525902	6	6	-0.9826967	0	0	0	0	0	0	0	0	0	0	0	0	0	54	0	
2	1685	-0.9811534	-7.00E-05	3379.867	-0.001525902	6	6	-0.9821966	0	0	0	0	0	0	0	0	0	0	0	0	0	54	0	
2	1686	-0.9808467	-6.98E-05	3380.867	-0.001525902	6	6	-0.9816966	0	0	0	0	0	0	0	0	0	0	0	0	0	54	0	
2	1687	-0.9802333	-6.97E-05	3381.867	-0.001525902	6	6	-0.9811966	0	0	0	0	0	0	0	0	0	0	0	0	0	54	0	
2	1688	-0.9796199	-6.95E-05	3382.867	-0.001525902	6	6	-0.9806966	0	0	0	0	0	0	0	0	0	0	0	0	0	54	0	
2	1689	-0.9793132	-6.94E-05	3383.867	-0.001525902	6	6	-0.9801967	0	0	0	0	0	0	0	0	0	0	0	0	0	54	0	
2	1690	-0.9786997	-6.93E-05	3384.867	-0.001525902	6	6	-0.9796966	0	0	0	0	0	0	0	0	0	0	0	0	0	54	0	
2	1691	-0.9780864	-6.92E-05	3385.867	-0.001525902	6	6	-0.9791966	0	0	0	0	0	0	0	0	0	0	0	0	0	54	0	
2	1692	-0.9777796	-6.90E-05	3386.867	-0.001525902	6	6	-0.9786966	0	0	0	0	0	0	0	0	0	0	0	0	0	54	0	
2	1693	-0.9771662	-6.89E-05	3387.867	-0.001525902	6	6	-0.9781966	0	0	0	0	0	0	0	0	0	0	0	0	0	54	0	
2	1694	-0.9765528	-6.88E-05	3388.867	-0.001525902	6	6	-0.9776967	0	0	0	0	0	0	0	0	0	0	0	0	0	54	0	
2	1695	-0.9762461	-6.87E-05	3389.867	-0.001525902	6	6	-0.9771966	0	0	0	0	0	0	0	0	0	0	0	0	0	54	0	
2	1696	-0.9756327	-6.86E-05	3390.867	-0.001525902	6	6	-0.9766966	0	0	0	0	0	0	0	0	0	0	0	0	0	54	0	
2	1697	-0.975326	-6.85E-05	3391.867	-0.001525902	6	6	-0.9761966	0	0	0	0	0	0	0	0	0	0	0	0	0	54	0	
2	1698	-0.9747126	-6.84E-05	3392.867	-0.001525902	6	6	-0.9756966	0	0	0	0	0	0	0	0	0	0	0	0	0	54	0	
2	1699	-0.9740992	-6.82E-05	3393.867	-0.001525902	6	6	-0.9751967	0	0	0	0	0	0	0	0	0	0	0	0	0	54	0	
2	1700	-0.9737924	-6.81E-05	3394.867	-0.001525902	6	6	-0.9746966	0	0	0	0	0	0	0	0	0	0	0	0	0	54	0	
2	1701	-0.973179	-6.80E-05	3395.867	-0.001525902	6	6	-0.9741966	0	0	0	0	0	0	0	0	0	0	0	0	0	54	0	
2	1702	-0.9728723	-6.79E-05	3396.867	-0.001525902	6	6	-0.9736966	0	0	0	0	0	0	0	0	0	0	0	0	0	54	0	
2	1703	-0.9722589	-6.78E-05	3397.867	-0.001525902	6	6	-0.9731966	0	0	0	0	0	0	0	0	0	0	0	0	0	54	0	
2	1704	-0.9716455	-6.76E-05	3398.867	-0.001525902	6	6	-0.9726967	0	0	0	0	0	0	0	0	0	0	0	0	0	54	0	
2	1705	-0.9713388	-6.75E-05	3399.867	-0.001525902	6	6	-0.9721966	0	0	0	0	0	0	0	0	0	0	0	0	0	54	0	
2	1706	-0.9707254	-6.73E-05	3400.867	-0.001525902	6	6	-0.9716966	0	0	0	0	0	0	0	0	0	0	0	0	0	54	0	
2	1707	-0.9704187	-6.72E-05	3401.867	-0.001525902	6	6	-0.9711967	0	0	0	0	0	0	0	0	0	0	0	0	0	54	0	
2	1708	-0.9698053	-6.71E-05	3402.867	-0.001525902	6	6	-0.9706966	0	0	0	0	0	0	0	0	0	0	0	0	0	54	0	
2	1709	-0.9691918	-6.69E-05	3403.867	-0.001525902	6	6	-0.9701966	0	0	0	0	0	0	0	0	0	0	0	0	0	54	0	
2	1710	-0.9688852	-6.68E-05	3404.867	-0.001525902	6	6	-0.9696966	0	0	0	0	0	0	0	0	0	0	0	0	0	54	0	
2	1711	-0.9682717	-6.67E-05	3405.867	-0.001525902	6	6	-0.9691966	0	0	0	0	0	0	0	0	0	0	0	0	0	54	0	
2	1712	-0.9676583	-6.66E-05	3406.867	-0.001525902	6	6	-0.9686967	0	0	0	0	0	0	0	0	0	0	0	0	0	54	0	
2	1713	-0.9673516	-6.65E-05	3407.867	-0.001525902	6	6	-0.9681966	0	0	0	0	0	0	0	0	0	0	0	0	0	54	0	
2	1714	-0.9667382	-6.64E-05	3408.867	-0.001525902	6	6	-0.9676966	0	0	0	0	0	0	0	0	0	0	0	0	0	54	0	
2	1715	-0.9664315	-6.62E-05	3409.867	-0.001525902	6	6	-0.9671966	0	0	0	0	0	0	0	0	0	0	0	0	0	54	0	
2	1716	-0.9658181	-6.61E-05	3410.867	-0.001525902	6	6	-0.9666966	0	0	0	0	0	0	0	0	0	0	0	0	0	54	0	
2	1717	-0.9652047	-6.60E-05	3411.867	-0.001525902	6	6	-0.9661967	0	0	0	0	0	0	0	0	0	0	0	0	0	54	0	
2	1718	-0.964898	-6.58E-05	3412.867	-0.001525902	6	6	-0.9656966	0	0	0	0	0	0	0	0	0	0	0	0	0	54	0	
2	1719	-0.9642845	-6.57E-05	3413.867	-0.001525902	6	6	-0.9651966	0	0	0	0	0	0	0	0	0	0	0	0	0	54	0	
2	1720	-0.9636711	-6.56E-05	3414.867	-0.001525902	6	6	-0.9646966	0	0	0	0	0	0	0	0	0	0	0	0	0	54	0	
2	1721	-0.9633644	-6.55E-05	3415.867	-0.001525902	6	6	-0.9641966	0	0	0	0	0	0	0	0	0	0	0	0	0	54	0	
2	1722	-0.962751	-6.53E-05	3416.867	-0.001525902	6	6	-0.9636967	0	0	0	0	0	0	0	0	0	0	0	0	0	54	0	
2	1723	-0.9621376	-6.50E-05	3417.867	-0.001525902	6	6	-0.9631966	0	0	0	0	0	0	0	0	0	0	0	0	0	54	0	
2	1724	-0.9618309	-6.55E-05	3418.867	-0.001525902	6	6	-0.9626966	0	0	0	0	0	0	0	0	0	0	0	0	0	54	0	
2	1725	-0.9612175	-6.53E-05	3419.867	-0.001525902	6	6	-0.9621966	0	0	0	0	0	0	0	0	0	0	0	0	0	54	0	
2	1726	-0.9609108	-6.52E-05	3420.867	-0.001525902	6	6	-0.9616966	0	0	0	0	0	0	0	0	0	0	0	0	0	54	0	
2	1727	-0.9602974	-6.51E-05	3421.867	-0.001525902	6	6	-0.9611967	0	0	0	0	0	0	0	0	0	0	0	0	0	54	0	
2	1728	-0.959684	-6.50E-05	3422.867	-0.001525902	6	6	-0.9606966	0	0	0	0	0	0	0	0	0	0	0	0	0	54	0	
2	1729	-0.9593772	-6.49E-05	3423.867	-0.001525902	6	6	-0.9601966	0	0	0	0	0	0	0	0	0	0	0	0	0	54	0	
2	1730	-0.9587638	-6.48E-05	3424.867	-0.001525902	6	6	-0.9596967	0	0	0	0	0	0	0	0	0	0	0	0	0	54	0	
2	1731	-0.9581504	-6.47E-05	3425.867	-0.001525902	6	6	-0.9591966	0	0	0	0	0	0	0	0	0	0	0	0	0	54	0	
2	1732	-0.9578437	-6.46E-05	3426.867	-0.001525902	6	6	-0.9586966	0	0	0	0	0	0	0	0	0	0	0	0	0	54	0	
2	1733	-0.9572303	-6.45E-05	3427.867	-0.001525902	6	6	-0.9581966	0	0	0	0	0	0	0	0	0	0	0	0	0	54	0	
2	1734	-0.9569236	-6.43E-05	3428.867	-0.001525902	6	6	-0.9576966	0	0	0	0	0	0	0	0	0	0	0	0	0	54	0	
2	1735	-0.9563102	-6.42E-05	3429.867	-0.001525902	6	6	-0.9571967	0	0	0	0	0	0	0	0	0	0	0	0	0	54	0	
2	1736	-0.9556968	-6.40E-05	3430.867	-0.001525902	6	6	-0.9566966	0	0	0	0	0	0	0	0	0	0	0	0	0	54	0	
2	1737	-0.9553901	-6.39E-05	3431.867	-0.001525902	6	6	-0.9561966	0	0	0	0	0	0	0	0	0	0	0	0	0	54	0	
2	1738	-0.9547766	-6.38E-05	3432.867	-0.001525902	6	6	-0.9556966	0	0	0	0	0	0	0	0	0	0	0	0	0	54	0	
2	1739	-0.95447	-6.37E-05	3433.867	-0.001525902	6	6	-0.9551966	0	0	0	0	0	0	0	0	0	0	0	0	0	54	0	
2	1740	-0.9538565	-6.36E-05	3434.867	-0.001525902	6	6	-0.9546967	0	0	0	0	0	0	0	0	0	0	0	0	0	54	0	
2	1741	-0.9532431	-6.35E-05	3435.867	-0.001525902	6	6	-0.9541966	0	0	0	0	0	0	0	0	0	0	0	0	0	54	0	
2	1742	-0.9526297	-6.35E-05	3436.867	-0.001525902	6	6	-0.9536966	0	0	0	0	0	0	0	0	0	0	0	0	0	54	0	
2	1743	-0.952323	-6.34E-05	3437.867	-0.001525902	6	6	-0.9531966	0	0	0	0	0	0	0	0	0	0	0	0	0	54	0	
2	1744	-0.9517096	-6.33E-05	3438.867	-0.001525902	6	6	-0.9526966	0	0	0	0	0	0	0	0	0	0	0	0	0	54	0	
2	1745	-0.9514029	-6.32E-05	3439.867	-0.001525902	6	6	-0.9521967	0	0	0	0	0	0	0	0	0	0	0	0	0	54	0	
2	1746	-0.9507895	-6.30E-05	3440.867	-0.001525902	6	6	-0.9516966	0	0	0	0	0	0	0	0	0	0	0	0	0	54	0	
2	1747	-0.9501761	-6.29E-05	3441.867	-0.001525902	6	6	-0.9511966	0	0	0	0	0	0	0	0	0	0	0	0	0	54	0	
2	1748	-0.9498693	-6.32E-05	3442.867	-0.001525902	6	6	-0.9506966	0	0	0	0	0	0	0	0	0	0	0	0	0	54	0	
2	1749	-0.9492559	-6.31E-05	3443.867	-0.001525902	6	6	-0.9501966	0	0	0	0	0	0	0	0	0	0	0	0	0	54	0	
2	1750	-0.9486426	-6.30E-05	3444.867	-0.001525902	6	6	-0.9496967	0	0	0	0	0	0	0	0	0	0	0	0	0	54	0	
2	1751	-0.9483358	-6.29E-05	3445.867	-0.001525902	6	6	-0.9491966	0	0	0	0	0	0	0	0	0	0	0	0	0	54	0	
2	1752	-0.9477224	-6.28E-05	3446.867	-0.001525902	6	6	-0.9486966	0	0	0	0	0	0	0	0	0	0	0	0	0	54	0	
2	1753	-0.947109	-6.27E-05	3447.867	-0.001525902	6	6	-0.9481966	0	0	0	0	0	0	0	0	0	0	0	0	0	54	0	
2	1754	-0.9468023	-6.27E-05	3448.867	-0.001525902	6	6	-0.9476966	0	0	0	0	0	0	0	0	0	0	0	0	0	54	0	
2	1755	-0.9461889	-6.26E-05	3449.867	-0.001525902	6	6	-0.9471966	0	0	0	0	0	0	0	0	0	0	0	0	0	54	0	
2	1756	-0.9458822	-6.25E-05	3450.867	-0.001525902	6	6	-0.9466966	0	0	0	0	0	0	0	0	0	0	0	0	0	54	0	
2	1757	-0.9452688	-6.24E-05	3451.867	-0.001525902	6	6	-0.9461966	0	0	0	0	0	0	0	0	0	0	0	0	0	54	0	
2	1758	-0.9449621	-6.23E-05	3452.867	-0.001525902	6	6	-0.9456967	0	0	0	0	0	0	0	0	0	0	0	0	0	54	0	
2	1759	-0.9443486	-6.22E-05	3453.867	-0.001525902	6	6	-0.9451966	0	0	0	0	0	0	0	0	0	0	0	0	0	54	0	
2	1760	-0.9437352	-6.21E-05	3454.867	-0.001525902	6	6	-0.9446966	0	0	0	0	0	0	0	0	0	0	0	0	0	54	0	
2	1761	-0.9434285	-6.20E-05	3455.867	-0.001525902	6	6	-0.9441966	0	0	0	0	0	0	0	0	0	0	0	0	0	54	0	
2	1762	-0.9428151	-6.19E-05	3456.867	-0.001525902	6	6	-0.9436966	0	0	0	0	0	0	0	0	0	0	0	0	0	54	0	
2	1763	-0.9422017	-6.18E-05	3457.867	-0.001525902	6	6	-0.9431967	0	0	0	0	0	0	0	0	0	0	0	0	0	54	0	
2	1764	-0.941895	-6.17E-05	3458.867	-0.001525902	6	6	-0.9426966	0	0	0	0	0	0	0	0	0	0	0	0	0	54	0	
2	1765	-0.9412816	-6.16E-05	3459.867	-0.001525902	6	6	-0.9421966	0	0	0	0	0	0	0	0	0	0	0	0	0	54	0	
2	1766	-0.9406682	-6.16E-05	3460.867	-0.001525902	6	6	-0.9416966	0	0	0	0	0	0	0	0	0	0	0	0	0	54	0	
2	1767	-0.9403614	-6.15E-05	3461.867	-0.001525902	6	6	-0.9411966	0	0	0	0	0	0	0	0	0	0	0	0	0	54	0	
2	1768	-0.939748	-6.14E-05	3462.867	-0.001525902	6	6	-0.9406967	0	0	0	0	0	0	0	0	0	0	0	0	0	54	0	
2	1769	-0.9391347	-6.13E-05	3463.867	-0.001525902	6	6	-0.9401966	0	0	0	0	0	0	0	0	0	0	0	0	0	54	0	
2	1770	-0.9388279	-6.12E-05	3464.867	-0.001525902	6	6	-0.9396966	0	0	0	0	0	0	0	0	0	0	0	0	0	54	0	
2	1771	-0.9382145	-6.11E-05	3465.867	-0.001525902	6	6	-0.9391966	0	0	0	0	0	0	0	0	0	0	0	0	0	54	0	
2	1772	-0.9379078	-6.10E-05	3466.867	-0.001525902	6	6	-0.9386966	0	0	0	0	0	0	0	0	0	0	0	0	0	54	0	
2	1773	-0.9372944	-6.09E-05	3467.867	-0.001525902	6	6	-0.9381967	0	0	0	0	0	0	0	0	0	0	0	0	0	54	0	
2	1774	-0.936681	-6.08E-05	3468.867	-0.001525902	6	6	-0.9376966	0	0	0	0	0	0	0	0	0	0	0	0	0	54	0	
2	1775	-0.9363743	-6.07E-05	3469.867	-0.001525902	6	6	-0.9371966	0	0	0	0	0	0	0	0	0	0	0	0	0	54	0	
2	1776	-0.9357609	-6.11E-05	3470.867	-0.001525902	6	6	-0.9366966	0	0	0	0	0	0	0	0	0	0	0	0	0	54	0	
2	1777	-0.9351475	-6.13E-05	3471.867	-0.001525902	6	6	-0.9361966	0	0	0	0	0	0	0	0	0	0	0	0	0	54	0	
2	1778	-0.9348407	-6.14E-05	3472.867	-0.001525902	6	6	-0.9356967	0	0	0	0	0	0	0	0	0	0	0	0	0	54	0	
2	1779	-0.9342273	-6.13E-05	3473.867	-0.001525902	6	6	-0.9351966	0	0	0	0	0	0	0	0	0	0	0	0	0	54	0	
2	1780	-0.9336139	-6.14E-05	3474.867	-0.001525902	6	6	-0.9346966	0	0	0	0	0	0	0	0	0	0	0	0	0	54	0	
2	1781	-0.9333072	-6.13E-05	3475.867	-0.001525902	6	6	-0.9341967	0	0	0	0	0	0	0	0	0	0	0	0	0	54	0	
2	1782	-0.9326938	-6.12E-05	3476.867	-0.001525902	6	6	-0.9336966	0	0	0	0	0	0	0	0	0	0	0	0	0	54	0	
2	1783	-0.9323871	-6.10E-05	3477.867	-0.001525902	6	6	-0.9331966	0	0	0	0	0	0	0	0	0	0	0	0	0	54	0	
2	1784	-0.9317737	-6.09E-05	3478.867	-0.001525902	6	6	-0.9326966	0	0	0	0	0	0	0	0	0	0	0	0	0	54	0	
2	1785	-0.9311603	-6.09E-05	3479.867	-0.001525902	6	6	-0.9321966	0	0	0	0	0	0	0	0	0	0	0	0	0	54	0	
2	1786	-0.9308535	-6.08E-05	3480.867	-0.001525902	6	6	-0.9316967	0	0	0	0	0	0	0	0	0	0	0	0	0	54	0	
2	1787	-0.9302402	-6.07E-05	3481.867	-0.001525902	6	6	-0.9311966	0	0	0	0	0	0	0	0	0	0	0	0	0	54	0	
2	1788	-0.9296268	-6.06E-05	3482.867	-0.001525902	6	6	-0.9306966	0	0	0	0	0	0	0	0	0	0	0	0	0	54	0	
2	1789	-0.92932	-6.05E-05	3483.867	-0.001525902	6	6	-0.9301966	0	0	0	0	0	0	0	0	0	0	0	0	0	54	0	
2	1790	-0.9287066	-6.04E-05	3484.867	-0.001525902	6	6	-0.9296966	0	0	0	0	0	0	0	0	0	0	0	0	0	54	0	
2	1791	-0.9280932	-6.03E-05	3485.867	-0.001525902	6	6	-0.9291967	0	0	0	0	0	0	0	0	0	0	0	0	0	54	0	
2	1792	-0.9277865	-6.02E-05	3486.867	-0.001525902	6	6	-0.9286966	0	0	0	0	0	0	0	0	0	0	0	0	0	54	0	
2	1793	-0.9271731	-6.02E-05	3487.867	-0.001525902	6	6	-0.9281966	0	0	0	0	0	0	0	0	0	0	0	0	0	54	0	
2	1794	-0.9268664	-6.01E-05	3488.867	-0.001525902	6	6	-0.9276966	0	0	0	0	0	0	0	0	0	0	0	0	0	54	0	
2	1795	-0.926253	-6.00E-05	3489.867	-0.001525902	6	6	-0.9271966	0	0	0	0	0	0	0	0	0	0	0	0	0	54	0	
2	1796	-0.9256396	-6.00E-05	3490.867	-0.001525902	6	6	-0.9266967	0	0	0	0	0	0	0	0	0	0	0	0	0	54	0	
2	1797	-0.9253328	-5.99E-05	3491.867	-0.001525902	6	6	-0.9261966	0	0	0	0	0	0	0	0	0	0	0	0	0	54	0	
2	1798	-0.9247195	-5.98E-05	3492.867	-0.001525902	6	6	-0.9256966	0	0	0	0	0	0	0	0	0	0	0	0	0	54	0	
2	1799	-0.9244127	-5.98E-05	3493.867	-0.001525902	6	6	-0.9251966	0	0	0	0	0	0	0	0	0	0	0	0	0	54	0	
2	1800	-0.9237993	-5.97E-05	3494.867	-0.001525902	6	6	-0.9246966	0	0	0	0	0	0	0	0	0	0	0	0	0	54	0	
2	1801	-0.9231859	-5.96E-05	3495.867	-0.001525902	6	6	-0.9241967	0	0	0	0	0	0	0	0	0	0	0	0	0	54	0	
2	1802	-0.9228792	-5.96E-05	3496.867	-0.001525902	6	6	-0.9236966	0	0	0	0	0	0	0	0	0	0	0	0	0	54	0	
2	1803	-0.9222658	-5.95E-05	3497.867	-0.001525902	6	6	-0.9231966	0	0	0	0	0	0	0	0	0	0	0	0	0	54	0	
2	1804	-0.9219591	-5.94E-05	3498.867	-0.001525902	6	6	-0.9226967	0	0	0	0	0	0	0	0	0	0	0	0	0	54	0	
2	1805	-0.9213457	-5.93E-05	3499.867	-0.001525902	6	6	-0.9221966	0	0	0	0	0	0	0	0	0	0	0	0	0	54	0	
2	1806	-0.9207323	-5.93E-05	3500.867	-0.001525902	6	6	-0.9216966	0	0	0	0	0	0	0	0	0	0	0	0	0	54	0	
2	1807	-0.9201189	-5.92E-05	3501.867	-0.001525902	6	6	-0.9211966	0	0	0	0	0	0	0	0	0	0	0	0	0	54	0	
2	1808	-0.9198121	-5.91E-05	3502.867	-0.001525902	6	6	-0.9206966	0	0	0	0	0	0	0	0	0	0	0	0	0	54	0	
2	1809	-0.9191988	-5.91E-05	3503.867	-0.001525902	6	6	-0.9201967	0	0	0	0	0	0	0	0	0	0	0	0	0	54	0	
2	1810	-0.918892	-5.90E-05	3504.867	-0.001525902	6	6	-0.9196966	0	0	0	0	0	0	0	0	0	0	0	0	0	54	0	
2	1811	-0.9182786	-5.90E-05	3505.867	-0.001525902	6	6	-0.9191966	0	0	0	0	0	0	0	0	0	0	0	0	0	54	0	
2	1812	-0.9176652	-5.89E-05	3506.867	-0.001525902	6	6	-0.9186966	0	0	0	0	0	0	0	0	0	0	0	0	0	54	0	
2	1813	-0.9173585	-5.89E-05	3507.867	-0.001525902	6	6	-0.9181966	0	0	0	0	0	0	0	0	0	0	0	0	0	54	0	
2	1814	-0.9167451	-5.88E-05	3508.867	-0.001525902	6	6	-0.9176967	0	0	0	0	0	0	0	0	0	0	0	0	0	54	0	
2	1815	-0.9161317	-5.88E-05	3509.867	-0.001525902	6	6	-0.9171966	0	0	0	0	0	0	0	0	0	0	0	0	0	54	0	
2	1816	-0.9158249	-5.87E-05	3510.867	-0.001525902	6	6	-0.9166966	0	0	0	0	0	0	0	0	0	0	0	0	0	54	0	
2	1817	-0.9152116	-5.87E-05	3511.867	-0.001525902	6	6	-0.9161966	0	0	0	0	0	0	0	0	0	0	0	0	0	54	0	
2	1818	-0.9149048	-5.86E-05	3512.867	-0.001525902	6	6	-0.9156966	0	0	0	0	0	0	0	0	0	0	0	0	0	54	0	
2	1819	-0.9142914	-5.85E-05	3513.867	-0.001525902	6	6	-0.9151967	0	0	0	0	0	0	0	0	0	0	0	0	0	54	0	
2	1820	-0.913678	-5.85E-05	3514.867	-0.001525902	6	6	-0.9146966	0	0	0	0	0	0	0	0	0	0	0	0	0	54	0	
2	1821	-0.9133713	-5.84E-05	3515.867	-0.001525902	6	6	-0.9141966	0	0	0	0	0	0	0	0	0	0	0	0	0	54	0	
2	1822	-0.9127579	-5.83E-05	3516.867	-0.001525902	6	6	-0.9136966	0	0	0	0	0	0	0	0	0	0	0	0	0	54	0	
2	1823	-0.9124512	-5.83E-05	3517.867	-0.001525902	6	6	-0.9131966	0	0	0	0	0	0	0	0	0	0	0	0	0	54	0	
2	1824	-0.9118378	-5.82E-05	3518.867	-0.001525902	6	6	-0.9126967	0	0	0	0	0	0	0	0	0	0	0	0	0	54	0	
2	1825	-0.9112244	-5.82E-05	3519.867	-0.001525902	6	6	-0.9121966	0	0	0	0	0	0	0	0	0	0	0	0	0	54	0	
2	1826	-0.9109176	-5.81E-05	3520.867	-0.001525902	6	6	-0.9116966	0	0	0	0	0	0	0	0	0	0	0	0	0	54	0	
2	1827	-0.9103042	-5.80E-05	3521.867	-0.001525902	6	6	-0.9111966	0	0	0	0	0	0	0	0	0	0	0	0	0	54	0	
2	1828	-0.9096909	-5.79E-05	3522.867	-0.001525902	6	6	-0.9106966	0	0	0	0	0	0	0	0	0	0	0	0	0	54	0	
2	1829	-0.9093841	-5.79E-05	3523.867	-0.001525902	6	6	-0.9101966	0	0	0	0	0	0	0	0	0	0	0	0	0	54	0	
2	1830	-0.9087707	-5.78E-05	3524.867	-0.001525902	6	6	-0.9096966	0	0	0	0	0	0	0	0	0	0	0	0	0	54	0	
2	1831	-0.908464	-5.78E-05	3525.867	-0.001525902	6	6	-0.9091966	0	0	0	0	0	0	0	0	0	0	0	0	0	54	0	
2	1832	-0.9078506	-5.77E-05	3526.867	-0.001525902	6	6	-0.9086967	0	0	0	0	0	0	0	0	0	0	0	0	0	54	0	
2	1833	-0.9072372	-5.76E-05	3527.867	-0.001525902	6	6	-0.9081966	0	0	0	0	0	0	0	0	0	0	0	0	0	54	0	
2	1834	-0.9066238	-5.76E-05	3528.867	-0.001525902	6	6	-0.9076966	0	0	0	0	0	0	0	0	0	0	0	0	0	54	0	
2	1835	-0.9063171	-5.75E-05	3529.867	-0.001525902	6	6	-0.9071966	0	0	0	0	0	0	0	0	0	0	0	0	0	54	0	
2	1836	-0.9057037	-5.75E-05	3530.867	-0.001525902	6	6	-0.9066966	0	0	0	0	0	0	0	0	0	0	0	0	0	54	0	
2	1837	-0.9053969	-5.74E-05	3531.867	-0.001525902	6	6	-0.9061967	0	0	0	0	0	0	0	0	0	0	0	0	0	54	0	
2	1838	-0.9047835	-5.73E-05	3532.867	-0.001525902	6	6	-0.9056966	0	0	0	0	0	0	0	0	0	0	0	0	0	54	0	
2	1839	-0.9041701	-5.72E-05	3533.867	-0.001525902	6	6	-0.9051966	0	0	0	0	0	0	0	0	0	0	0	0	0	54	0	
2	1840	-0.9038634	-5.72E-05	3534.867	-0.001525902	6	6	-0.9046966	0	0	0	0	0	0	0	0	0	0	0	0	0	54	0	
2	1841	-0.90325	-5.71E-05	3535.867	-0.001525902	6	6	-0.9041966	0	0	0	0	0	0	0	0	0	0	0	0	0	54	0	
2	1842	-0.9026366	-5.71E-05	3536.867	-0.001525902	6	6	-0.9036967	0	0	0	0	0	0	0	0	0	0	0	0	0	54	0	
2	1843	-0.9023299	-5.70E-05	3537.867	-0.001525902	6	6	-0.9031966	0	0	0	0	0	0	0	0	0	0	0	0	0	54	0	
2	1844	-0.9017165	-5.69E-05	3538.867	-0.001525902	6	6	-0.9026966	0	0	0	0	0	0	0	0	0	0	0	0	0	54	0	
2	1845	-0.9014097	-5.69E-05	3539.867	-0.001525902	6	6	-0.9021966	0	0	0	0	0	0	0	0	0	0	0	0	0	54	0	
2	1846	-0.9007964	-5.68E-05	3540.867	-0.001525902	6	6	-0.9016966	0	0	0	0	0	0	0	0	0	0	0	0	0	54	0	
2	1847	-0.900183	-5.67E-05	3541.867	-0.001525902	6	6	-0.9011967	0	0	0	0	0	0	0	0	0	0	0	0	0	54	0	
2	1848	-0.8998762	-5.66E-05	3542.867	-0.001525902	6	6	-0.9006966	0	0	0	0	0	0	0	0	0	0	0	0	0	54	0	
2	1849	-0.8992628	-5.67E-05	3543.867	-0.001525902	6	6	-0.9001966	0	0	0	0	0	0	0	0	0	0	0	0	0	54	0	
2	1850	-0.8986494	-5.66E-05	3544.867	-0.001525902	6	6	-0.8996966	0	0	0	0	0	0	0	0	0	0	0	0	0	54	0	
2	1851	-0.8983427	-5.66E-05	3545.867	-0.001525902	6	6	-0.8991966	0	0	0	0	0	0	0	0	0	0	0	0	0	54	0	
2	1852	-0.8977293	-5.65E-05	3546.867	-0.001525902	6	6	-0.8986966	0	0	0	0	0	0	0	0	0	0	0	0	0	54	0	
2	1853	-0.8974226	-5.65E-05	3547.867	-0.001525902	6	6	-0.8981966	0	0	0	0	0	0	0	0	0	0	0	0	0	54	0	
2	1854	-0.8968092	-5.64E-05	3548.867	-0.001525902	6	6	-0.8976966	0	0	0	0	0	0	0	0	0	0	0	0	0	54	0	
2	1855	-0.8961958	-5.64E-05	3549.867	-0.001525902	6	6	-0.8971967	0	0	0	0	0	0	0	0	0	0	0	0	0	54	0	
2	1856	-0.895889	-5.63E-05	3550.867	-0.001525902	6	6	-0.8966966	0	0	0	0	0	0	0	0	0	0	0	0	0	54	0	
2	1857	-0.8952757	-5.63E-05	3551.867	-0.001525902	6	6	-0.8961966	0	0	0	0	0	0	0	0	0	0	0	0	0	54	0	
2	1858	-0.8946622	-5.62E-05	3552.867	-0.001525902	6	6	-0.8956966	0	0	0	0	0	0	0	0	0	0	0	0	0	54	0	
2	1859	-0.8943555	-5.61E-05	3553.867	-0.001525902	6	6	-0.8951966	0	0	0	0	0	0	0	0	0	0	0	0	0	54	0	
2	1860	-0.8937421	-5.61E-05	3554.867	-0.001525902	6	6	-0.8946967	0	0	0	0	0	0	0	0	0	0	0	0	0	54	0	
2	1861	-0.8934354	-5.60E-05	3555.867	-0.001525902	6	6	-0.8941966	0	0	0	0	0	0	0	0	0	0	0	0	0	54	0	
2	1862	-0.892822	-5.60E-05	3556.867	-0.001525902	6	6	-0.8936966	0	0	0	0	0	0	0	0	0	0	0	0	0	54	0	
2	1863	-0.8922086	-5.59E-05	3557.867	-0.001525902	6	6	-0.8931966	0	0	0	0	0	0	0	0	0	0	0	0	0	54	0	
2	1864	-0.8919019	-5.58E-05	3558.867	-0.001525902	6	6	-0.8926966	0	0	0	0	0	0	0	0	0	0	0	0	0	54	0	
2	1865	-0.8912885	-5.58E-05	3559.867	-0.001525902	6	6	-0.8921967	0	0	0	0	0	0	0	0	0	0	0	0	0	54	0	
2	1866	-0.890675	-5.57E-05	3560.867	-0.001525902	6	6	-0.8916966	0	0	0	0	0	0	0	0	0	0	0	0	0	54	0	
2	1867	-0.8903683	-5.57E-05	3561.867	-0.001525902	6	6	-0.8911966	0	0	0	0	0	0	0	0	0	0	0	0	0	54	0	
2	1868	-0.8897549	-5.56E-05	3562.867	-0.001525902	6	6	-0.8906966	0	0	0	0	0	0	0	0	0	0	0	0	0	54	0	
2	1869	-0.8894482	-5.56E-05	3563.867	-0.001525902	6	6	-0.8901966	0	0	0	0	0	0	0	0	0	0	0	0	0	54	0	
2	1870	-0.8888348	-5.55E-05	3564.867	-0.001525902	6	6	-0.8896967	0	0	0	0	0	0	0	0	0	0	0	0	0	54	0	
2	1871	-0.8882214	-5.54E-05	3565.867	-0.001525902	6	6	-0.8891966	0	0	0	0	0	0	0	0	0	0	0	0	0	54	0	
2	1872	-0.8879147	-5.54E-05	3566.867	-0.001525902	6	6	-0.8886966	0	0	0	0	0	0	0	0	0	0	0	0	0	54	0	
2	1873	-0.8873013	-5.53E-05	3567.867	-0.001525902	6	6	-0.8881966	0	0	0	0	0	0	0	0	0	0	0	0	0	54	0	
2	1874	-0.8866879	-5.52E-05	3568.867	-0.001525902	6	6	-0.8876966	0	0	0	0	0	0	0	0	0	0	0	0	0	54	0	
2	1875	-0.8863811	-5.52E-05	3569.867	-0.001525902	6	6	-0.8871966	0	0	0	0	0	0	0	0	0	0	0	0	0	54	0	
2	1876	-0.8857678	-5.51E-05	3570.867	-0.001525902	6	6	-0.8866966	0	0	0	0	0	0	0	0	0	0	0	0	0	54	0	
2	1877	-0.8851543	-5.50E-05	3571.867	-0.001525902	6	6	-0.8861966	0	0	0	0	0	0	0	0	0	0	0	0	0	54	0	
2	1878	-0.8848476	-5.49E-05	3572.867	-0.001525902	6	6	-0.8856966	0	0	0	0	0	0	0	0	0	0	0	0	0	54	0	
2	1879	-0.8842342	-5.49E-05	3573.867	-0.001525902	6	6	-0.8851966	0	0	0	0	0	0	0	0	0	0	0	0	0	54	0	
2	1880	-0.8839275	-5.48E-05	3574.867	-0.001525902	6	6	-0.8846966	0	0	0	0	0	0	0	0	0	0	0	0	0	54	0	
2	1881	-0.8833141	-5.47E-05	3575.867	-0.001525902	6	6	-0.8841966	0	0	0	0	0	0	0	0	0	0	0	0	0	54	0	
2	1882	-0.8827007	-5.47E-05	3576.867	-0.001525902	6	6	-0.8836966	0	0	0	0	0	0	0	0	0	0	0	0	0	54	0	
2	1883	-0.882394	-5.46E-05	3577.867	-0.001525902	6	6	-0.8831967	0	0	0	0	0	0	0	0	0	0	0	0	0	54	0	
2	1884	-0.8817806	-5.45E-05	3578.867	-0.001525902	6	6	-0.8826966	0	0	0	0	0	0	0	0	0	0	0	0	0	54	0	
2	1885	-0.8811671	-5.45E-05	3579.867	-0.001525902	6	6	-0.8821966	0	0	0	0	0	0	0	0	0	0	0	0	0	54	0	
2	1886	-0.8808604	-5.44E-05	3580.867	-0.001525902	6	6	-0.8816966	0	0	0	0	0	0	0	0	0	0	0	0	0	54	0	
2	1887	-0.880247	-5.44E-05	3581.867	-0.001525902	6	6	-0.8811966	0	0	0	0	0	0	0	0	0	0	0	0	0	54	0	
2	1888	-0.8799403	-5.44E-05	3582.867	-0.001525902	6	6	-0.8806967	0	0	0	0	0	0	0	0	0	0	0	0	0	54	0	
2	1889	-0.8793269	-5.44E-05	3583.867	-0.001525902	6	6	-0.8801966	0	0	0	0	0	0	0	0	0	0	0	0	0	54	0	
2	1890	-0.8787135	-5.43E-05	3584.867	-0.001525902	6	6	-0.8796966	0	0	0	0	0	0	0	0	0	0	0	0	0	54	0	
2	1891	-0.8781001	-5.42E-05	3585.867	-0.001525902	6	6	-0.8791966	0	0	0	0	0	0	0	0	0	0	0	0	0	54	0	
2	1892	-0.8777934	-5.42E-05	3586.867	-0.001525902	6	6	-0.8786966	0	0	0	0	0	0	0	0	0	0	0	0	0	54	0	
2	1893	-0.87718	-5.41E-05	3587.867	-0.001525902	6	6	-0.8781967	0	0	0	0	0	0	0	0	0	0	0	0	0	54	0	
2	1894	-0.8768733	-5.41E-05	3588.867	-0.001525902	6	6	-0.8776966	0	0	0	0	0	0	0	0	0	0	0	0	0	54	0	
2	1895	-0.8762599	-5.40E-05	3589.867	-0.001525902	6	6	-0.8771966	0	0	0	0	0	0	0	0	0	0	0	0	0	54	0	
2	1896	-0.8759531	-5.39E-05	3590.867	-0.001525902	6	6	-0.8766966	0	0	0	0	0	0	0	0	0	0	0	0	0	54	0	
2	1897	-0.8753397	-5.39E-05	3591.867	-0.001525902	6	6	-0.8761966	0	0	0	0	0	0	0	0	0	0	0	0	0	54	0	
2	1898	-0.8747263	-5.38E-05	3592.867	-0.001525902	6	6	-0.8756966	0	0	0	0	0	0	0	0	0	0	0	0	0	54	0	
2	1899	-0.8744196	-5.38E-05	3593.867	-0.001525902	6	6	-0.8751966	0	0	0	0	0	0	0	0	0	0	0	0	0	54	0	
2	1900	-0.8738062	-5.37E-05	3594.867	-0.001525902	6	6	-0.8746966	0	0	0	0	0	0	0	0	0	0	0	0	0	54	0	
2	1901	-0.8734995	-5.37E-05	3595.867	-0.001525902	6	6	-0.8741966	0	0	0	0	0	0	0	0	0	0	0	0	0	54	0	
2	1902	-0.8728861	-5.36E-05	3596.867	-0.001525902	6	6	-0.8736966	0	0	0	0	0	0	0	0	0	0	0	0	0	54	0	
2	1903	-0.8722727	-5.35E-05	3597.867	-0.001525902	6	6	-0.8731966	0	0	0	0	0	0	0	0	0	0	0	0	0	54	0	
2	1904	-0.8719659	-5.35E-05	3598.867	-0.001525902	6	6	-0.8726966	0	0	0	0	0	0	0	0	0	0	0	0	0	54	0	
2	1905	-0.8713526	-5.34E-05	3599.867	-0.001525902	6	6	-0.8721966	0	0	0	0	0	0	0	0	0	0	0	0	0	54	0	
2	1906	-0.8707391	-5.34E-05	3600.867	-0.001525902	6	6	-0.8716967	0	0	0	0	0	0	0	0	0	0	0	0	0	54	0	
2	1907	-0.8701257	-5.33E-05	3601.867	-0.001525902	6	6	-0.8711966	0	0	0	0	0	0	0	0	0	0	0	0	0	54	0	
2	1908	-0.869819	-5.33E-05	3602.867	-0.001525902	6	6	-0.8706966	0	0	0	0	0	0	0	0	0	0	0	0	0	54	0	
2	1909	-0.8692056	-5.32E-05	3603.867	-0.001525902	6	6	-0.8701966	0	0	0	0	0	0	0	0	0	0	0	0	0	54	0	
2	1910	-0.8688989	-5.32E-05	3604.867	-0.001525902	6	6	-0.8696966	0	0	0	0	0	0	0	0	0	0	0	0	0	54	0	
2	1911	-0.8682855	-5.32E-05	3605.867	-0.001525902	6	6	-0.8691967	0	0	0	0	0	0	0	0	0	0	0	0	0	54	0	
2	1912	-0.8676721	-5.32E-05	3606.867	-0.001525902	6	6	-0.8686966	0	0	0	0	0	0	0	0	0	0	0	0	0	54	0	
2	1913	-0.8673654	-5.32E-05	3607.867	-0.001525902	6	6	-0.8681966	0	0	0	0	0	0	0	0	0	0	0	0	0	54	0	
2	1914	-0.866752	-5.31E-05	3608.867	-0.001525902	6	6	-0.8676966	0	0	0	0	0	0	0	0	0	0	0	0	0	54	0	
2	1915	-0.8664452	-5.30E-05	3609.867	-0.001525902	6	6	-0.8671966	0	0	0	0	0	0	0	0	0	0	0	0	0	54	0	
2	1916	-0.8658319	-5.30E-05	3610.867	-0.001525902	6	6	-0.8666967	0	0	0	0	0	0	0	0	0	0	0	0	0	54	0	
2	1917	-0.8652184	-5.29E-05	3611.867	-0.001525902	6	6	-0.8661966	0	0	0	0	0	0	0	0	0	0	0	0	0	54	0	
2	1918	-0.8649117	-5.29E-05	3612.867	-0.001525902	6	6	-0.8656966	0	0	0	0	0	0	0	0	0	0	0	0	0	54	0	
2	1919	-0.8642983	-5.28E-05	3613.867	-0.001525902	6	6	-0.8651966	0	0	0	0	0	0	0	0	0	0	0	0	0	54	0	
2	1920	-0.8639916	-5.28E-05	3614.867	-0.001525902	6	6	-0.8646966	0	0	0	0	0	0	0	0	0	0	0	0	0	54	0	
2	1921	-0.8633782	-5.27E-05	3615.867	-0.001525902	6	6	-0.8641967	0	0	0	0	0	0	0	0	0	0	0	0	0	54	0	
2	1922	-0.8630714	-5.42E-05	3616.867	-0.001525902	6	6	-0.8636966	0	0	0	0	0	0	0	0	0	0	0	0	0	54	0	
2	1923	-0.8624581	-5.45E-05	3617.867	-0.001525902	6	6	-0.8631966	0	0	0	0	0	0	0	0	0	0	0	0	0	54	0	
2	1924	-0.8621513	-5.44E-05	3618.867	-0.001525902	6	6	-0.8626966	0	0	0	0	0	0	0	0	0	0	0	0	0	54	0	
2	1925	-0.8615379	-5.43E-05	3619.867	-0.001525902	6	6	-0.8621966	0	0	0	0	0	0	0	0	0	0	0	0	0	54	0	
2	1926	-0.8609245	-5.42E-05	3620.867	-0.001525902	6	6	-0.8616966	0	0	0	0	0	0	0	0	0	0	0	0	0	54	0	
2	1927	-0.8606178	-5.41E-05	3621.867	-0.001525902	6	6	-0.8611966	0	0	0	0	0	0	0	0	0	0	0	0	0	54	0	
2	1928	-0.8600044	-5.41E-05	3622.867	-0.001525902	6	6	-0.8606966	0	0	0	0	0	0	0	0	0	0	0	0	0	54	0	
2	1929	-0.859391	-5.41E-05	3623.867	-0.001525902	6	6	-0.8601967	0	0	0	0	0	0	0	0	0	0	0	0	0	54	0	
2	1930	-0.8587776	-5.40E-05	3624.867	-0.001525902	6	6	-0.8596966	0	0	0	0	0	0	0	0	0	0	0	0	0	54	0	
2	1931	-0.8584709	-5.40E-05	3625.867	-0.001525902	6	6	-0.8591966	0	0	0	0	0	0	0	0	0	0	0	0	0	54	0	
2	1932	-0.8578575	-5.39E-05	3626.867	-0.001525902	6	6	-0.8586966	0	0	0	0	0	0	0	0	0	0	0	0	0	54	0	
2	1933	-0.8575507	-5.39E-05	3627.867	-0.001525902	6	6	-0.8581966	0	0	0	0	0	0	0	0	0	0	0	0	0	54	0	
2	1934	-0.8569373	-5.38E-05	3628.867	-0.001525902	6	6	-0.8576967	0	0	0	0	0	0	0	0	0	0	0	0	0	54	0	
2	1935	-0.8566306	-5.37E-05	3629.867	-0.001525902	6	6	-0.8571966	0	0	0	0	0	0	0	0	0	0	0	0	0	54	0	
2	1936	-0.8560172	-5.37E-05	3630.867	-0.001525902	6	6	-0.8566966	0	0	0	0	0	0	0	0	0	0	0	0	0	54	0	
2	1937	-0.8554038	-5.36E-05	3631.867	-0.001525902	6	6	-0.8561966	0	0	0	0	0	0	0	0	0	0	0	0	0	54	0	
2	1938	-0.8550971	-5.36E-05	3632.867	-0.001525902	6	6	-0.8556966	0	0	0	0	0	0	0	0	0	0	0	0	0	54	0	
2	1939	-0.8544837	-5.35E-05	3633.867	-0.001525902	6	6	-0.8551967	0	0	0	0	0	0	0	0	0	0	0	0	0	54	0	
2	1940	-0.8538703	-5.35E-05	3634.867	-0.001525902	6	6	-0.8546966	0	0	0	0	0	0	0	0	0	0	0	0	0	54	0	
2	1941	-0.8535635	-5.34E-05	3635.867	-0.001525902	6	6	-0.8541966	0	0	0	0	0	0	0	0	0	0	0	0	0	54	0	
2	1942	-0.8529502	-5.33E-05	3636.867	-0.001525902	6	6	-0.8536966	0	0	0	0	0	0	0	0	0	0	0	0	0	54	0	
2	1943	-0.8523368	-5.33E-05	3637.867	-0.001525902	6	6	-0.8531966	0	0	0	0	0	0	0	0	0	0	0	0	0	54	0	
2	1944	-0.85203	-5.32E-05	3638.867	-0.001525902	6	6	-0.8526967	0	0	0	0	0	0	0	0	0	0	0	0	0	54	0	
2	1945	-0.8514166	-5.32E-05	3639.867	-0.001525902	6	6	-0.8521966	0	0	0	0	0	0	0	0	0	0	0	0	0	54	0	
2	1946	-0.8511099	-5.31E-05	3640.867	-0.001525902	6	6	-0.8516966	0	0	0	0	0	0	0	0	0	0	0	0	0	54	0	
2	1947	-0.8504965	-5.31E-05	3641.867	-0.001525902	6	6	-0.8511966	0	0	0	0	0	0	0	0	0	0	0	0	0	54	0	
2	1948	-0.8498831	-5.30E-05	3642.867	-0.001525902	6	6	-0.8506966	0	0	0	0	0	0	0	0	0	0	0	0	0	54	0	
2	1949	-0.8495764	-5.30E-05	3643.867	-0.001525902	6	6	-0.8501966	0	0	0	0	0	0	0	0	0	0	0	0	0	54	0	
2	1950	-0.848963	-5.30E-05	3644.867	-0.001525902	6	6	-0.8496966	0	0	0	0	0	0	0	0	0	0	0	0	0	54	0	
2	1951	-0.8483496	-5.30E-05	3645.867	-0.001525902	6	6	-0.8491966	0	0	0	0	0	0	0	0	0	0	0	0	0	54	0	
2	1952	-0.8480428	-5.30E-05	3646.867	-0.001525902	6	6	-0.8486966	0	0	0	0	0	0	0	0	0	0	0	0	0	54	0	
2	1953	-0.8474295	-5.30E-05	3647.867	-0.001525902	6	6	-0.8481966	0	0	0	0	0	0	0	0	0	0	0	0	0	54	0	
2	1954	-0.8471227	-5.30E-05	3648.867	-0.001525902	6	6	-0.8476966	0	0	0	0	0	0	0	0	0	0	0	0	0	54	0	
2	1955	-0.8465093	-5.29E-05	3649.867	-0.001525902	6	6	-0.8471966	0	0	0	0	0	0	0	0	0	0	0	0	0	54	0	
2	1956	-0.8458959	-5.29E-05	3650.867	-0.001525902	6	6	-0.8466966	0	0	0	0	0	0	0	0	0	0	0	0	0	54	0	
2	1957	-0.8455892	-5.29E-05	3651.867	-0.001525902	6	6	-0.8461967	0	0	0	0	0	0	0	0	0	0	0	0	0	54	0	
2	1958	-0.8449758	-5.33E-05	3652.867	-0.001525902	6	6	-0.8456966	0	0	0	0	0	0	0	0	0	0	0	0	0	54	0	
2	1959	-0.8446691	-5.33E-05	3653.867	-0.001525902	6	6	-0.8451966	0	0	0	0	0	0	0	0	0	0	0	0	0	54	0	
2	1960	-0.8440557	-5.33E-05	3654.867	-0.001525902	6	6	-0.8446966	0	0	0	0	0	0	0	0	0	0	0	0	0	54	0	
2	1961	-0.8434423	-5.33E-05	3655.867	-0.001525902	6	6	-0.8441966	0	0	0	0	0	0	0	0	0	0	0	0	0	54	0	
2	1962	-0.8431355	-5.32E-05	3656.867	-0.001525902	6	6	-0.8436967	0	0	0	0	0	0	0	0	0	0	0	0	0	54	0	
2	1963	-0.8425221	-5.32E-05	3657.867	-0.001525902	6	6	-0.8431966	0	0	0	0	0	0	0	0	0	0	0	0	0	54	0	
2	1964	-0.8419088	-5.31E-05	3658.867	-0.001525902	6	6	-0.8426966	0	0	0	0	0	0	0	0	0	0	0	0	0	54	0	
2	1965	-0.841602	-5.31E-05	3659.867	-0.001525902	6	6	-0.8421966	0	0	0	0	0	0	0	0	0	0	0	0	0	54	0	
2	1966	-0.8409886	-5.30E-05	3660.867	-0.001525902	6	6	-0.8416966	0	0	0	0	0	0	0	0	0	0	0	0	0	54	0	
2	1967	-0.8406819	-5.30E-05	3661.867	-0.001525902	6	6	-0.8411967	0	0	0	0	0	0	0	0	0	0	0	0	0	54	0	
2	1968	-0.8400685	-5.29E-05	3662.867	-0.001525902	6	6	-0.8406966	0	0	0	0	0	0	0	0	0	0	0	0	0	54	0	
2	1969	-0.8394551	-5.29E-05	3663.867	-0.001525902	6	6	-0.8401966	0	0	0	0	0	0	0	0	0	0	0	0	0	54	0	
2	1970	-0.8391483	-5.28E-05	3664.867	-0.001525902	6	6	-0.8396966	0	0	0	0	0	0	0	0	0	0	0	0	0	54	0	
2	1971	-0.838535	-5.28E-05	3665.867	-0.001525902	6	6	-0.8391966	0	0	0	0	0	0	0	0	0	0	0	0	0	54	0	
2	1972	-0.8379216	-5.27E-05	3666.867	-0.001525902	6	6	-0.8386966	0	0	0	0	0	0	0	0	0	0	0	0	0	54	0	
2	1973	-0.8376148	-5.27E-05	3667.867	-0.001525902	6	6	-0.8381966	0	0	0	0	0	0	0	0	0	0	0	0	0	54	0	
2	1974	-0.8370014	-5.26E-05	3668.867	-0.001525902	6	6	-0.8376966	0	0	0	0	0	0	0	0	0	0	0	0	0	54	0	
2	1975	-0.836388	-5.25E-05	3669.867	-0.001525902	6	6	-0.8371966	0	0	0	0	0	0	0	0	0	0	0	0	0	54	0	
2	1976	-0.8360813	-5.25E-05	3670.867	-0.001525902	6	6	-0.8366966	0	0	0	0	0	0	0	0	0	0	0	0	0	54	0	
2	1977	-0.8354679	-5.25E-05	3671.867	-0.001525902	6	6	-0.8361966	0	0	0	0	0	0	0	0	0	0	0	0	0	54	0	
2	1978	-0.8351612	-5.25E-05	3672.867	-0.001525902	6	6	-0.8356966	0	0	0	0	0	0	0	0	0	0	0	0	0	54	0	
2	1979	-0.8345478	-5.25E-05	3673.867	-0.001525902	6	6	-0.8351966	0	0	0	0	0	0	0	0	0	0	0	0	0	54	0	
2	1980	-0.8339344	-5.24E-05	3674.867	-0.001525902	6	6	-0.8346967	0	0	0	0	0	0	0	0	0	0	0	0	0	54	0	
2	1981	-0.8336276	-5.23E-05	3675.867	-0.001525902	6	6	-0.8341966	0	0	0	0	0	0	0	0	0	0	0	0	0	54	0	
2	1982	-0.8330142	-5.23E-05	3676.867	-0.001525902	6	6	-0.8336966	0	0	0	0	0	0	0	0	0	0	0	0	0	54	0	
2	1983	-0.8327075	-5.22E-05	3677.867	-0.001525902	6	6	-0.8331966	0	0	0	0	0	0	0	0	0	0	0	0	0	54	0	
2	1984	-0.8320941	-5.22E-05	3678.867	-0.001525902	6	6	-0.8326966	0	0	0	0	0	0	0	0	0	0	0	0	0	54	0	
2	1985	-0.8314807	-5.21E-05	3679.867	-0.001525902	6	6	-0.8321967	0	0	0	0	0	0	0	0	0	0	0	0	0	54	0	
2	1986	-0.831174	-5.21E-05	3680.867	-0.001525902	6	6	-0.8316966	0	0	0	0	0	0	0	0	0	0	0	0	0	54	0	
2	1987	-0.8305606	-5.20E-05	3681.867	-0.001525902	6	6	-0.8311966	0	0	0	0	0	0	0	0	0	0	0	0	0	54	0	
2	1988	-0.8299472	-5.20E-05	3682.867	-0.001525902	6	6	-0.8306966	0	0	0	0	0	0	0	0	0	0	0	0	0	54	0	
2	1989	-0.8296404	-5.20E-05	3683.867	-0.001525902	6	6	-0.8301966	0	0	0	0	0	0	0	0	0	0	0	0	0	54	0	
2	1990	-0.8290271	-5.19E-05	3684.867	-0.001525902	6	6	-0.8296967	0	0	0	0	0	0	0	0	0	0	0	0	0	54	0	
2	1991	-0.8284137	-5.19E-05	3685.867	-0.001525902	6	6	-0.8291966	0	0	0	0	0	0	0	0	0	0	0	0	0	54	0	
2	1992	-0.8281069	-5.19E-05	3686.867	-0.001525902	6	6	-0.8286966	0	0	0	0	0	0	0	0	0	0	0	0	0	54	0	
2	1993	-0.8274935	-5.19E-05	3687.867	-0.001525902	6	6	-0.8281966	0	0	0	0	0	0	0	0	0	0	0	0	0	54	0	
2	1994	-0.8268801	-5.18E-05	3688.867	-0.001525902	6	6	-0.8276966	0	0	0	0	0	0	0	0	0	0	0	0	0	54	0	
2	1995	-0.8265734	-5.18E-05	3689.867	-0.001525902	6	6	-0.8271966	0	0	0	0	0	0	0	0	0	0	0	0	0	54	0	
2	1996	-0.82596	-5.17E-05	3690.867	-0.001525902	6	6	-0.8266966	0	0	0	0	0	0	0	0	0	0	0	0	0	54	0	
2	1997	-0.8256533	-5.16E-05	3691.867	-0.001525902	6	6	-0.8261966	0	0	0	0	0	0	0	0	0	0	0	0	0	54	0	
2	1998	-0.8250399	-5.16E-05	3692.867	-0.001525902	6	6	-0.8256966	0	0	0	0	0	0	0	0	0	0	0	0	0	54	0	
2	1999	-0.8244265	-5.15E-05	3693.867	-0.001525902	6	6	-0.8251966	0	0	0	0	0	0	0	0	0	0	0	0	0	54	0	
2	2000	-0.8241197	-5.15E-05	3694.867	-0.001525902	6	6	-0.8246966	0	0	0	0	0	0	0	0	0	0	0	0	0	54	0	
2	2001	-0.8235064	-5.14E-05	3695.867	-0.001525902	6	6	-0.8241966	0	0	0	0	0	0	0	0	0	0	0	0	0	54	0	
2	2002	-0.822893	-5.13E-05	3696.867	-0.001525902	6	6	-0.8236966	0	0	0	0	0	0	0	0	0	0	0	0	0	54	0	
2	2003	-0.8225862	-5.13E-05	3697.867	-0.001525902	6	6	-0.8231966	0	0	0	0	0	0	0	0	0	0	0	0	0	54	0	
2	2004	-0.8219728	-5.12E-05	3698.867	-0.001525902	6	6	-0.8226966	0	0	0	0	0	0	0	0	0	0	0	0	0	54	0	
2	2005	-0.8213594	-5.12E-05	3699.867	-0.001525902	6	6	-0.8221966	0	0	0	0	0	0	0	0	0	0	0	0	0	54	0	
2	2006	-0.8210527	-5.11E-05	3700.867	-0.001525902	6	6	-0.8216966	0	0	0	0	0	0	0	0	0	0	0	0	0	54	0	
2	2007	-0.8204393	-5.11E-05	3701.867	-0.001525902	6	6	-0.8211966	0	0	0	0	0	0	0	0	0	0	0	0	0	54	0	
2	2008	-0.8198259	-5.10E-05	3702.867	-0.001525902	6	6	-0.8206967	0	0	0	0	0	0	0	0	0	0	0	0	0	54	0	
2	2009	-0.8195192	-5.10E-05	3703.867	-0.001525902	6	6	-0.8201966	0	0	0	0	0	0	0	0	0	0	0	0	0	54	0	
2	2010	-0.8192124	-5.09E-05	3704.867	-0.001525902	6	6	-0.8196966	0	0	0	0	0	0	0	0	0	0	0	0	0	54	0	
2	2011	-0.818599	-5.08E-05	3705.867	-0.001525902	6	6	-0.8191966	0	0	0	0	0	0	0	0	0	0	0	0	0	54	0	
2	2012	-0.8179857	-5.08E-05	3706.867	-0.001525902	6	6	-0.8186966	0	0	0	0	0	0	0	0	0	0	0	0	0	54	0	
2	2013	-0.8173722	-5.07E-05	3707.867	-0.001525902	6	6	-0.8181967	0	0	0	0	0	0	0	0	0	0	0	0	0	54	0	
2	2014	-0.8170655	-5.07E-05	3708.867	-0.001525902	6	6	-0.8176966	0	0	0	0	0	0	0	0	0	0	0	0	0	54	0	
2	2015	-0.8164521	-5.06E-05	3709.867	-0.001525902	6	6	-0.8171966	0	0	0	0	0	0	0	0	0	0	0	0	0	54	0	
2	2016	-0.8161454	-5.07E-05	3710.867	-0.001525902	6	6	-0.8166966	0	0	0	0	0	0	0	0	0	0	0	0	0	54	0	
2	2017	-0.815532	-5.06E-05	3711.867	-0.001525902	6	6	-0.8161966	0	0	0	0	0	0	0	0	0	0	0	0	0	54	0	
2	2018	-0.8149186	-5.05E-05	3712.867	-0.001525902	6	6	-0.8156966	0	0	0	0	0	0	0	0	0	0	0	0	0	54	0	
2	2019	-0.8146119	-5.05E-05	3713.867	-0.001525902	6	6	-0.8151966	0	0	0	0	0	0	0	0	0	0	0	0	0	54	0	
2	2020	-0.8139985	-5.04E-05	3714.867	-0.001525902	6	6	-0.8146966	0	0	0	0	0	0	0	0	0	0	0	0	0	54	0	
2	2021	-0.813385	-5.03E-05	3715.867	-0.001525902	6	6	-0.8141966	0	0	0	0	0	0	0	0	0	0	0	0	0	54	0	
2	2022	-0.8130783	-5.03E-05	3716.867	-0.001525902	6	6	-0.8136966	0	0	0	0	0	0	0	0	0	0	0	0	0	54	0	
2	2023	-0.8124649	-5.02E-05	3717.867	-0.001525902	6	6	-0.8131966	0	0	0	0	0	0	0	0	0	0	0	0	0	54	0	
2	2024	-0.8121582	-5.01E-05	3718.867	-0.001525902	6	6	-0.8126966	0	0	0	0	0	0	0	0	0	0	0	0	0	54	0	
2	2025	-0.8115448	-5.02E-05	3719.867	-0.001525902	6	6	-0.8121966	0	0	0	0	0	0	0	0	0	0	0	0	0	54	0	
2	2026	-0.8109314	-5.01E-05	3720.867	-0.001525902	6	6	-0.8116966	0	0	0	0	0	0	0	0	0	0	0	0	0	54	0	
2	2027	-0.8106247	-5.01E-05	3721.867	-0.001525902	6	6	-0.8111966	0	0	0	0	0	0	0	0	0	0	0	0	0	54	0	
2	2028	-0.8100113	-5.00E-05	3722.867	-0.001525902	6	6	-0.8106966	0	0	0	0	0	0	0	0	0	0	0	0	0	54	0	
2	2029	-0.8093979	-4.99E-05	3723.867	-0.001525902	6	6	-0.8101966	0	0	0	0	0	0	0	0	0	0	0	0	0	54	0	
2	2030	-0.8090912	-4.99E-05	3724.867	-0.001525902	6	6	-0.8096966	0	0	0	0	0	0	0	0	0	0	0	0	0	54	0	
2	2031	-0.8084778	-4.98E-05	3725.867	-0.001525902	6	6	-0.8091967	0	0	0	0	0	0	0	0	0	0	0	0	0	54	0	
2	2032	-0.808171	-4.98E-05	3726.867	-0.001525902	6	6	-0.8086966	0	0	0	0	0	0	0	0	0	0	0	0	0	54	0	
2	2033	-0.8075576	-4.97E-05	3727.867	-0.001525902	6	6	-0.8081966	0	0	0	0	0	0	0	0	0	0	0	0	0	54	0	
2	2034	-0.8069442	-4.96E-05	3728.867	-0.001525902	6	6	-0.8076966	0	0	0	0	0	0	0	0	0	0	0	0	0	54	0	
2	2035	-0.8066375	-4.96E-05	3729.867	-0.001525902	6	6	-0.8071966	0	0	0	0	0	0	0	0	0	0	0	0	0	54	0	
2	2036	-0.8060241	-4.95E-05	3730.867	-0.001525902	6	6	-0.8066967	0	0	0	0	0	0	0	0	0	0	0	0	0	54	0	
2	2037	-0.8057174	-4.95E-05	3731.867	-0.001525902	6	6	-0.8061966	0	0	0	0	0	0	0	0	0	0	0	0	0	54	0	
2	2038	-0.805104	-4.94E-05	3732.867	-0.001525902	6	6	-0.8056966	0	0	0	0	0	0	0	0	0	0	0	0	0	54	0	
2	2039	-0.8044906	-4.94E-05	3733.867	-0.001525902	6	6	-0.8051966	0	0	0	0	0	0	0	0	0	0	0	0	0	54	0	
2	2040	-0.8041838	-4.93E-05	3734.867	-0.001525902	6	6	-0.8046966	0	0	0	0	0	0	0	0	0	0	0	0	0	54	0	
2	2041	-0.8035704	-4.93E-05	3735.867	-0.001525902	6	6	-0.8041966	0	0	0	0	0	0	0	0	0	0	0	0	0	54	0	
2	2042	-0.802957	-4.92E-05	3736.867	-0.001525902	6	6	-0.8036966	0	0	0	0	0	0	0	0	0	0	0	0	0	54	0	
2	2043	-0.8026503	-4.92E-05	3737.867	-0.001525902	6	6	-0.8031966	0	0	0	0	0	0	0	0	0	0	0	0	0	54	0	
2	2044	-0.8020369	-4.91E-05	3738.867	-0.001525902	6	6	-0.8026966	0	0	0	0	0	0	0	0	0	0	0	0	0	54	0	
2	2045	-0.8017302	-4.90E-05	3739.867	-0.001525902	6	6	-0.8021966	0	0	0	0	0	0	0	0	0	0	0	0	0	54	0	
2	2046	-0.8011168	-4.90E-05	3740.867	-0.001525902	6	6	-0.8016966	0	0	0	0	0	0	0	0	0	0	0	0	0	54	0	
2	2047	-0.8005034	-4.89E-05	3741.867	-0.001525902	6	6	-0.8011966	0	0	0	0	0	0	0	0	0	0	0	0	0	54	0	
2	2048	-0.8001966	-4.88E-05	3742.867	-0.001525902	6	6	-0.8006966	0	0	0	0	0	0	0	0	0	0	0	0	0	54	0	
2	2049	-0.7995833	-4.88E-05	3743.867	-0.001525902	6	6	-0.8001966	0	0	0	0	0	0	0	0	0	0	0	0	0	54	0	
2	2050	-0.7989699	-4.87E-05	3744.867	-0.001525902	6	6	-0.7996966	0	0	0	0	0	0	0	0	0	0	0	0	0	54	0	
2	2051	-0.7986631	-4.87E-05	3745.867	-0.001525902	6	6	-0.7991966	0	0	0	0	0	0	0	0	0	0	0	0	0	54	0	
2	2052	-0.7980497	-4.86E-05	3746.867	-0.001525902	6	6	-0.7986966	0	0	0	0	0	0	0	0	0	0	0	0	0	54	0	
2	2053	-0.7974363	-4.86E-05	3747.867	-0.001525902	6	6	-0.7981966	0	0	0	0	0	0	0	0	0	0	0	0	0	54	0	
2	2054	-0.7971296	-4.85E-05	3748.867	-0.001525902	6	6	-0.7976967	0	0	0	0	0	0	0	0	0	0	0	0	0	54	0	
2	2055	-0.7965162	-4.84E-05	3749.867	-0.001525902	6	6	-0.7971966	0	0	0	0	0	0	0	0	0	0	0	0	0	54	0	
2	2056	-0.7962095	-4.84E-05	3750.867	-0.001525902	6	6	-0.7966966	0	0	0	0	0	0	0	0	0	0	0	0	0	54	0	
2	2057	-0.7955961	-4.83E-05	3751.867	-0.001525902	6	6	-0.7961966	0	0	0	0	0	0	0	0	0	0	0	0	0	54	0	
2	2058	-0.7949827	-4.83E-05	3752.867	-0.001525902	6	6	-0.7956966	0	0	0	0	0	0	0	0	0	0	0	0	0	54	0	
2	2059	-0.7946759	-4.82E-05	3753.867	-0.001525902	6	6	-0.7951967	0	0	0	0	0	0	0	0	0	0	0	0	0	54	0	
2	2060	-0.7940626	-4.81E-05	3754.867	-0.001525902	6	6	-0.7946966	0	0	0	0	0	0	0	0	0	0	0	0	0	54	0	
2	2061	-0.7937558	-4.81E-05	3755.867	-0.001525902	6	6	-0.7941966	0	0	0	0	0	0	0	0	0	0	0	0	0	54	0	
2	2062	-0.7931424	-4.80E-05	3756.867	-0.001525902	6	6	-0.7936966	0	0	0	0	0	0	0	0	0	0	0	0	0	54	0	
2	2063	-0.792529	-4.80E-05	3757.867	-0.001525902	6	6	-0.7931966	0	0	0	0	0	0	0	0	0	0	0	0	0	54	0	
2	2064	-0.7922223	-4.79E-05	3758.867	-0.001525902	6	6	-0.7926967	0	0	0	0	0	0	0	0	0	0	0	0	0	54	0	
2	2065	-0.7916089	-4.78E-05	3759.867	-0.001525902	6	6	-0.7921966	0	0	0	0	0	0	0	0	0	0	0	0	0	54	0	
2	2066	-0.7909955	-4.78E-05	3760.867	-0.001525902	6	6	-0.7916966	0	0	0	0	0	0	0	0	0	0	0	0	0	54	0	
2	2067	-0.7906888	-4.77E-05	3761.867	-0.001525902	6	6	-0.7911966	0	0	0	0	0	0	0	0	0	0	0	0	0	54	0	
2	2068	-0.7900754	-4.77E-05	3762.867	-0.001525902	6	6	-0.7906966	0	0	0	0	0	0	0	0	0	0	0	0	0	54	0	
2	2069	-0.789462	-4.76E-05	3763.867	-0.001525902	6	6	-0.7901966	0	0	0	0	0	0	0	0	0	0	0	0	0	54	0	
2	2070	-0.7891552	-4.75E-05	3764.867	-0.001525902	6	6	-0.7896966	0	0	0	0	0	0	0	0	0	0	0	0	0	54	0	
2	2071	-0.7885419	-4.74E-05	3765.867	-0.001525902	6	6	-0.7891966	0	0	0	0	0	0	0	0	0	0	0	0	0	54	0	
2	2072	-0.7879284	-4.74E-05	3766.867	-0.001525902	6	6	-0.7886966	0	0	0	0	0	0	0	0	0	0	0	0	0	54	0	
2	2073	-0.7876217	-4.73E-05	3767.867	-0.001525902	6	6	-0.7881966	0	0	0	0	0	0	0	0	0	0	0	0	0	54	0	
2	2074	-0.7870083	-4.72E-05	3768.867	-0.001525902	6	6	-0.7876966	0	0	0	0	0	0	0	0	0	0	0	0	0	54	0	
2	2075	-0.7867016	-4.72E-05	3769.867	-0.001525902	6	6	-0.7871966	0	0	0	0	0	0	0	0	0	0	0	0	0	54	0	
2	2076	-0.7860882	-4.71E-05	3770.867	-0.001525902	6	6	-0.7866966	0	0	0	0	0	0	0	0	0	0	0	0	0	54	0	
2	2077	-0.7854748	-4.71E-05	3771.867	-0.001525902	6	6	-0.7861966	0	0	0	0	0	0	0	0	0	0	0	0	0	54	0	
2	2078	-0.7851681	-4.71E-05	3772.867	-0.001525902	6	6	-0.7856966	0	0	0	0	0	0	0	0	0	0	0	0	0	54	0	
2	2079	-0.7845547	-4.70E-05	3773.867	-0.001525902	6	6	-0.7851966	0	0	0	0	0	0	0	0	0	0	0	0	0	54	0	
2	2080	-0.7839412	-4.69E-05	3774.867	-0.001525902	6	6	-0.7846966	0	0	0	0	0	0	0	0	0	0	0	0	0	54	0	
2	2081	-0.7836345	-4.69E-05	3775.867	-0.001525902	6	6	-0.7841966	0	0	0	0	0	0	0	0	0	0	0	0	0	54	0	
2	2082	-0.7830211	-4.68E-05	3776.867	-0.001525902	6	6	-0.7836967	0	0	0	0	0	0	0	0	0	0	0	0	0	54	0	
2	2083	-0.7824077	-4.67E-05	3777.867	-0.001525902	6	6	-0.7831966	0	0	0	0	0	0	0	0	0	0	0	0	0	54	0	
2	2084	-0.782101	-4.66E-05	3778.867	-0.001525902	6	6	-0.7826966	0	0	0	0	0	0	0	0	0	0	0	0	0	54	0	
2	2085	-0.7814876	-4.66E-05	3779.867	-0.001525902	6	6	-0.7821966	0	0	0	0	0	0	0	0	0	0	0	0	0	54	0	
2	2086	-0.7808742	-4.65E-05	3780.867	-0.001525902	6	6	-0.7816966	0	0	0	0	0	0	0	0	0	0	0	0	0	54	0	
2	2087	-0.7805675	-4.64E-05	3781.867	-0.001525902	6	6	-0.7811967	0	0	0	0	0	0	0	0	0	0	0	0	0	54	0	
2	2088	-0.7799541	-4.63E-05	3782.867	-0.001525902	6	6	-0.7806966	0	0	0	0	0	0	0	0	0	0	0	0	0	54	0	
2	2089	-0.7793406	-4.63E-05	3783.867	-0.001525902	6	6	-0.7801966	0	0	0	0	0	0	0	0	0	0	0	0	0	54	0	
2	2090	-0.779034	-4.62E-05	3784.867	-0.001525902	6	6	-0.7796966	0	0	0	0	0	0	0	0	0	0	0	0	0	54	0	
2	2091	-0.7784205	-4.61E-05	3785.867	-0.001525902	6	6	-0.7791966	0	0	0	0	0	0	0	0	0	0	0	0	0	54	0	
2	2092	-0.7781138	-4.60E-05	3786.867	-0.001525902	6	6	-0.7786966	0	0	0	0	0	0	0	0	0	0	0	0	0	54	0	
2	2093	-0.7775004	-4.60E-05	3787.867	-0.001525902	6	6	-0.7781966	0	0	0	0	0	0	0	0	0	0	0	0	0	54	0	
2	2094	-0.7771937	-4.59E-05	3788.867	-0.001525902	6	6	-0.7776966	0	0	0	0	0	0	0	0	0	0	0	0	0	54	0	
2	2095	-0.7765803	-4.58E-05	3789.867	-0.001525902	6	6	-0.7771966	0	0	0	0	0	0	0	0	0	0	0	0	0	54	0	
2	2096	-0.7759669	-4.57E-05	3790.867	-0.001525902	6	6	-0.7766966	0	0	0	0	0	0	0	0	0	0	0	0	0	54	0	
2	2097	-0.7756602	-4.57E-05	3791.867	-0.001525902	6	6	-0.7761966	0	0	0	0	0	0	0	0	0	0	0	0	0	54	0	
2	2098	-0.7750468	-4.56E-05	3792.867	-0.001525902	6	6	-0.7756966	0	0	0	0	0	0	0	0	0	0	0	0	0	54	0	
2	2099	-0.7744333	-4.55E-05	3793.867	-0.001525902	6	6	-0.7751966	0	0	0	0	0	0	0	0	0	0	0	0	0	54	0	
2	2100	-0.7741266	-4.54E-05	3794.867	-0.001525902	6	6	-0.7746966	0	0	0	0	0	0	0	0	0	0	0	0	0	54	0	
2	2101	-0.7735132	-4.54E-05	3795.867	-0.001525902	6	6	-0.7741966	0	0	0	0	0	0	0	0	0	0	0	0	0	54	0	
2	2102	-0.7728998	-4.53E-05	3796.867	-0.001525902	6	6	-0.7736966	0	0	0	0	0	0	0	0	0	0	0	0	0	54	0	
2	2103	-0.7725931	-4.52E-05	3797.867	-0.001525902	6	6	-0.7731966	0	0	0	0	0	0	0	0	0	0	0	0	0	54	0	
2	2104	-0.7719797	-4.52E-05	3798.867	-0.001525902	6	6	-0.7726966	0	0	0	0	0	0	0	0	0	0	0	0	0	54	0	
2	2105	-0.771673	-4.51E-05	3799.867	-0.001525902	6	6	-0.7721967	0	0	0	0	0	0	0	0	0	0	0	0	0	54	0	
2	2106	-0.7710596	-4.50E-05	3800.867	-0.001525902	6	6	-0.7716966	0	0	0	0	0	0	0	0	0	0	0	0	0	54	0	
2	2107	-0.7704462	-4.50E-05	3801.867	-0.001525902	6	6	-0.7711966	0	0	0	0	0	0	0	0	0	0	0	0	0	54	0	
2	2108	-0.7701395	-4.49E-05	3802.867	-0.001525902	6	6	-0.7706966	0	0	0	0	0	0	0	0	0	0	0	0	0	54	0	
2	2109	-0.769526	-4.48E-05	3803.867	-0.001525902	6	6	-0.7701966	0	0	0	0	0	0	0	0	0	0	0	0	0	54	0	
2	2110	-0.7689126	-4.47E-05	3804.867	-0.001525902	6	6	-0.7696967	0	0	0	0	0	0	0	0	0	0	0	0	0	54	0	
2	2111	-0.7686059	-4.47E-05	3805.867	-0.001525902	6	6	-0.7691966	0	0	0	0	0	0	0	0	0	0	0	0	0	54	0	
2	2112	-0.7679925	-4.46E-05	3806.867	-0.001525902	6	6	-0.7686966	0	0	0	0	0	0	0	0	0	0	0	0	0	54	0	
2	2113	-0.7676858	-4.46E-05	3807.867	-0.001525902	6	6	-0.7681966	0	0	0	0	0	0	0	0	0	0	0	0	0	54	0	
2	2114	-0.7670724	-4.45E-05	3808.867	-0.001525902	6	6	-0.7676966	0	0	0	0	0	0	0	0	0	0	0	0	0	54	0	
2	2115	-0.7667657	-4.44E-05	3809.867	-0.001525902	6	6	-0.7671966	0	0	0	0	0	0	0	0	0	0	0	0	0	54	0	
2	2116	-0.7661523	-4.43E-05	3810.867	-0.001525902	6	6	-0.7666966	0	0	0	0	0	0	0	0	0	0	0	0	0	54	0	
2	2117	-0.7655389	-4.43E-05	3811.867	-0.001525902	6	6	-0.7661966	0	0	0	0	0	0	0	0	0	0	0	0	0	54	0	
2	2118	-0.7649254	-4.42E-05	3812.867	-0.001525902	6	6	-0.7656966	0	0	0	0	0	0	0	0	0	0	0	0	0	54	0	
2	2119	-0.7646188	-4.41E-05	3813.867	-0.001525902	6	6	-0.7651966	0	0	0	0	0	0	0	0	0	0	0	0	0	54	0	
2	2120	-0.7640053	-4.41E-05	3814.867	-0.001525902	6	6	-0.7646966	0	0	0	0	0	0	0	0	0	0	0	0	0	54	0	
2	2121	-0.7636986	-4.40E-05	3815.867	-0.001525902	6	6	-0.7641966	0	0	0	0	0	0	0	0	0	0	0	0	0	54	0	
2	2122	-0.7630852	-4.39E-05	3816.867	-0.001525902	6	6	-0.7636966	0	0	0	0	0	0	0	0	0	0	0	0	0	54	0	
2	2123	-0.7624718	-4.39E-05	3817.867	-0.001525902	6	6	-0.7631966	0	0	0	0	0	0	0	0	0	0	0	0	0	54	0	
2	2124	-0.7621651	-4.38E-05	3818.867	-0.001525902	6	6	-0.7626966	0	0	0	0	0	0	0	0	0	0	0	0	0	54	0	
2	2125	-0.7615517	-4.37E-05	3819.867	-0.001525902	6	6	-0.7621966	0	0	0	0	0	0	0	0	0	0	0	0	0	54	0	
2	2126	-0.761245	-4.37E-05	3820.867	-0.001525902	6	6	-0.7616966	0	0	0	0	0	0	0	0	0	0	0	0	0	54	0	
2	2127	-0.7606316	-4.36E-05	3821.867	-0.001525902	6	6	-0.7611966	0	0	0	0	0	0	0	0	0	0	0	0	0	54	0	
2	2128	-0.7600181	-4.35E-05	3822.867	-0.001525902	6	6	-0.7606966	0	0	0	0	0	0	0	0	0	0	0	0	0	54	0	
2	2129	-0.7597114	-4.35E-05	3823.867	-0.001525902	6	6	-0.7601966	0	0	0	0	0	0	0	0	0	0	0	0	0	54	0	
2	2130	-0.759098	-4.34E-05	3824.867	-0.001525902	6	6	-0.7596966	0	0	0	0	0	0	0	0	0	0	0	0	0	54	0	
2	2131	-0.7584846	-4.34E-05	3825.867	-0.001525902	6	6	-0.7591966	0	0	0	0	0	0	0	0	0	0	0	0	0	54	0	
2	2132	-0.7581779	-4.33E-05	3826.867	-0.001525902	6	6	-0.7586966	0	0	0	0	0	0	0	0	0	0	0	0	0	54	0	
2	2133	-0.7575645	-4.33E-05	3827.867	-0.001525902	6	6	-0.7581967	0	0	0	0	0	0	0	0	0	0	0	0	0	54	0	
2	2134	-0.7569511	-4.32E-05	3828.867	-0.001525902	6	6	-0.7576966	0	0	0	0	0	0	0	0	0	0	0	0	0	54	0	
2	2135	-0.7566444	-4.32E-05	3829.867	-0.001525902	6	6	-0.7571966	0	0	0	0	0	0	0	0	0	0	0	0	0	54	0	
2	2136	-0.756031	-4.31E-05	3830.867	-0.001525902	6	6	-0.7566966	0	0	0	0	0	0	0	0	0	0	0	0	0	54	0	
2	2137	-0.7557243	-4.30E-05	3831.867	-0.001525902	6	6	-0.7561966	0	0	0	0	0	0	0	0	0	0	0	0	0	54	0	
2	2138	-0.7551109	-4.30E-05	3832.867	-0.001525902	6	6	-0.7556966	0	0	0	0	0	0	0	0	0	0	0	0	0	54	0	
2	2139	-0.7544974	-4.29E-05	3833.867	-0.001525902	6	6	-0.7551966	0	0	0	0	0	0	0	0	0	0	0	0	0	54	0	
2	2140	-0.7541907	-4.28E-05	3834.867	-0.001525902	6	6	-0.7546966	0	0	0	0	0	0	0	0	0	0	0	0	0	54	0	
2	2141	-0.7535773	-4.27E-05	3835.867	-0.001525902	6	6	-0.7541966	0	0	0	0	0	0	0	0	0	0	0	0	0	54	0	
2	2142	-0.7529639	-4.27E-05	3836.867	-0.001525902	6	6	-0.7536966	0	0	0	0	0	0	0	0	0	0	0	0	0	54	0	
2	2143	-0.7526572	-4.26E-05	3837.867	-0.001525902	6	6	-0.7531966	0	0	0	0	0	0	0	0	0	0	0	0	0	54	0	
2	2144	-0.7520438	-4.25E-05	3838.867	-0.001525902	6	6	-0.7526966	0	0	0	0	0	0	0	0	0	0	0	0	0	54	0	
2	2145	-0.7514303	-4.24E-05	3839.867	-0.001525902	6	6	-0.7521966	0	0	0	0	0	0	0	0	0	0	0	0	0	54	0	
2	2146	-0.7511237	-4.24E-05	3840.867	-0.001525902	6	6	-0.7516966	0	0	0	0	0	0	0	0	0	0	0	0	0	54	0	
2	2147	-0.7505102	-4.23E-05	3841.867	-0.001525902	6	6	-0.7511966	0	0	0	0	0	0	0	0	0	0	0	0	0	54	0	
2	2148	-0.7502035	-4.22E-05	3842.867	-0.001525902	6	6	-0.7506966	0	0	0	0	0	0	0	0	0	0	0	0	0	54	0	
2	2149	-0.7495901	-4.22E-05	3843.867	-0.001525902	6	6	-0.7501966	0	0	0	0	0	0	0	0	0	0	0	0	0	54	0	
2	2150	-0.7489767	-4.21E-05	3844.867	-0.001525902	6	6	-0.7496966	0	0	0	0	0	0	0	0	0	0	0	0	0	54	0	
2	2151	-0.74867	-4.20E-05	3845.867	-0.001525902	6	6	-0.7491966	0	0	0	0	0	0	0	0	0	0	0	0	0	54	0	
2	2152	-0.7480566	-4.20E-05	3846.867	-0.001525902	6	6	-0.7486966	0	0	0	0	0	0	0	0	0	0	0	0	0	54	0	
2	2153	-0.7477499	-4.19E-05	3847.867	-0.001525902	6	6	-0.7481966	0	0	0	0	0	0	0	0	0	0	0	0	0	54	0	
2	2154	-0.7471365	-4.18E-05	3848.867	-0.001525902	6	6	-0.7476966	0	0	0	0	0	0	0	0	0	0	0	0	0	54	0	
2	2155	-0.7465231	-4.17E-05	3849.867	-0.001525902	6	6	-0.7471966	0	0	0	0	0	0	0	0	0	0	0	0	0	54	0	
2	2156	-0.7462164	-4.17E-05	3850.867	-0.001525902	6	6	-0.7466967	0	0	0	0	0	0	0	0	0	0	0	0	0	54	0	
2	2157	-0.745603	-4.16E-05	3851.867	-0.001525902	6	6	-0.7461966	0	0	0	0	0	0	0	0	0	0	0	0	0	54	0	
2	2158	-0.7449895	-4.15E-05	3852.867	-0.001525902	6	6	-0.7456966	0	0	0	0	0	0	0	0	0	0	0	0	0	54	0	
2	2159	-0.7446828	-4.15E-05	3853.867	-0.001525902	6	6	-0.7451966	0	0	0	0	0	0	0	0	0	0	0	0	0	54	0	
2	2160	-0.7440694	-4.14E-05	3854.867	-0.001525902	6	6	-0.7446966	0	0	0	0	0	0	0	0	0	0	0	0	0	54	0	
2	2161	-0.743456	-4.13E-05	3855.867	-0.001525902	6	6	-0.7441966	0	0	0	0	0	0	0	0	0	0	0	0	0	54	0	
2	2162	-0.7431493	-4.12E-05	3856.867	-0.001525902	6	6	-0.7436966	0	0	0	0	0	0	0	0	0	0	0	0	0	54	0	
2	2163	-0.7425359	-4.12E-05	3857.867	-0.001525902	6	6	-0.7431966	0	0	0	0	0	0	0	0	0	0	0	0	0	54	0	
2	2164	-0.7419224	-4.11E-05	3858.867	-0.001525902	6	6	-0.7426966	0	0	0	0	0	0	0	0	0	0	0	0	0	54	0	
2	2165	-0.741309	-4.10E-05	3859.867	-0.001525902	6	6	-0.7421966	0	0	0	0	0	0	0	0	0	0	0	0	0	54	0	
2	2166	-0.7410023	-4.10E-05	3860.867	-0.001525902	6	6	-0.7416966	0	0	0	0	0	0	0	0	0	0	0	0	0	54	0	
2	2167	-0.7403889	-4.09E-05	3861.867	-0.001525902	6	6	-0.7411966	0	0	0	0	0	0	0	0	0	0	0	0	0	54	0	
2	2168	-0.7400822	-4.08E-05	3862.867	-0.001525902	6	6	-0.7406966	0	0	0	0	0	0	0	0	0	0	0	0	0	54	0	
2	2169	-0.7394688	-4.07E-05	3863.867	-0.001525902	6	6	-0.7401966	0	0	0	0	0	0	0	0	0	0	0	0	0	54	0	
2	2170	-0.7388554	-4.07E-05	3864.867	-0.001525902	6	6	-0.7396966	0	0	0	0	0	0	0	0	0	0	0	0	0	54	0	
2	2171	-0.7385487	-4.06E-05	3865.867	-0.001525902	6	6	-0.7391966	0	0	0	0	0	0	0	0	0	0	0	0	0	54	0	
2	2172	-0.7379353	-4.05E-05	3866.867	-0.001525902	6	6	-0.7386966	0	0	0	0	0	0	0	0	0	0	0	0	0	54	0	
2	2173	-0.7376286	-4.04E-05	3867.867	-0.001525902	6	6	-0.7381966	0	0	0	0	0	0	0	0	0	0	0	0	0	54	0	
2	2174	-0.7370152	-4.04E-05	3868.867	-0.001525902	6	6	-0.7376966	0	0	0	0	0	0	0	0	0	0	0	0	0	54	0	
2	2175	-0.7364017	-4.03E-05	3869.867	-0.001525902	6	6	-0.7371966	0	0	0	0	0	0	0	0	0	0	0	0	0	54	0	
2	2176	-0.7360951	-4.02E-05	3870.867	-0.001525902	6	6	-0.7366966	0	0	0	0	0	0	0	0	0	0	0	0	0	54	0	
2	2177	-0.7354816	-4.01E-05	3871.867	-0.001525902	6	6	-0.7361966	0	0	0	0	0	0	0	0	0	0	0	0	0	54	0	
2	2178	-0.7351749	-4.01E-05	3872.867	-0.001525902	6	6	-0.7356966	0	0	0	0	0	0	0	0	0	0	0	0	0	54	0	
2	2179	-0.7345615	-4.00E-05	3873.867	-0.001525902	6	6	-0.7351967	0	0	0	0	0	0	0	0	0	0	0	0	0	54	0	
2	2180	-0.7339481	-3.99E-05	3874.867	-0.001525902	6	6	-0.7346966	0	0	0	0	0	0	0	0	0	0	0	0	0	54	0	
2	2181	-0.7336414	-3.98E-05	3875.867	-0.001525902	6	6	-0.7341966	0	0	0	0	0	0	0	0	0	0	0	0	0	54	0	
2	2182	-0.733028	-3.98E-05	3876.867	-0.001525902	6	6	-0.7336966	0	0	0	0	0	0	0	0	0	0	0	0	0	54	0	
2	2183	-0.7327213	-3.97E-05	3877.867	-0.001525902	6	6	-0.7331966	0	0	0	0	0	0	0	0	0	0	0	0	0	54	0	
2	2184	-0.7321079	-3.96E-05	3878.867	-0.001525902	6	6	-0.7326966	0	0	0	0	0	0	0	0	0	0	0	0	0	54	0	
2	2185	-0.7314944	-3.96E-05	3879.867	-0.001525902	6	6	-0.7321966	0	0	0	0	0	0	0	0	0	0	0	0	0	54	0	
2	2186	-0.7311878	-3.95E-05	3880.867	-0.001525902	6	6	-0.7316966	0	0	0	0	0	0	0	0	0	0	0	0	0	54	0	
2	2187	-0.7305743	-3.94E-05	3881.867	-0.001525902	6	6	-0.7311966	0	0	0	0	0	0	0	0	0	0	0	0	0	54	0	
2	2188	-0.7299609	-3.93E-05	3882.867	-0.001525902	6	6	-0.7306966	0	0	0	0	0	0	0	0	0	0	0	0	0	54	0	
2	2189	-0.7293475	-3.93E-05	3883.867	-0.001525902	6	6	-0.7301966	0	0	0	0	0	0	0	0	0	0	0	0	0	54	0	
2	2190	-0.7290408	-3.93E-05	3884.867	-0.001525902	6	6	-0.7296966	0	0	0	0	0	0	0	0	0	0	0	0	0	54	0	
2	2191	-0.7284274	-3.92E-05	3885.867	-0.001525902	6	6	-0.7291966	0	0	0	0	0	0	0	0	0	0	0	0	0	54	0	
2	2192	-0.7281207	-3.91E-05	3886.867	-0.001525902	6	6	-0.7286966	0	0	0	0	0	0	0	0	0	0	0	0	0	54	0	
2	2193	-0.7275073	-3.90E-05	3887.867	-0.001525902	6	6	-0.7281966	0	0	0	0	0	0	0	0	0	0	0	0	0	54	0	
2	2194	-0.7272006	-3.90E-05	3888.867	-0.001525902	6	6	-0.7276966	0	0	0	0	0	0	0	0	0	0	0	0	0	54	0	
2	2195	-0.7265871	-3.89E-05	3889.867	-0.001525902	6	6	-0.7271966	0	0	0	0	0	0	0	0	0	0	0	0	0	54	0	
2	2196	-0.7259737	-3.88E-05	3890.867	-0.001525902	6	6	-0.7266966	0	0	0	0	0	0	0	0	0	0	0	0	0	54	0	
2	2197	-0.725667	-3.87E-05	3891.867	-0.001525902	6	6	-0.7261966	0	0	0	0	0	0	0	0	0	0	0	0	0	54	0	
2	2198	-0.7250536	-3.87E-05	3892.867	-0.001525902	6	6	-0.7256966	0	0	0	0	0	0	0	0	0	0	0	0	0	54	0	
2	2199	-0.7244402	-3.86E-05	3893.867	-0.001525902	6	6	-0.7251966	0	0	0	0	0	0	0	0	0	0	0	0	0	54	0	
2	2200	-0.7241335	-3.85E-05	3894.867	-0.001525902	6	6	-0.7246966	0	0	0	0	0	0	0	0	0	0	0	0	0	54	0	
2	2201	-0.7235201	-3.84E-05	3895.867	-0.001525902	6	6	-0.7241966	0	0	0	0	0	0	0	0	0	0	0	0	0	54	0	
2	2202	-0.7232134	-3.84E-05	3896.867	-0.001525902	6	6	-0.7236966	0	0	0	0	0	0	0	0	0	0	0	0	0	54	0	
2	2203	-0.7226	-3.83E-05	3897.867	-0.001525902	6	6	-0.7231966	0	0	0	0	0	0	0	0	0	0	0	0	0	54	0	
2	2204	-0.7219865	-3.82E-05	3898.867	-0.001525902	6	6	-0.7226966	0	0	0	0	0	0	0	0	0	0	0	0	0	54	0	
2	2205	-0.7216799	-3.81E-05	3899.867	-0.001525902	6	6	-0.7221966	0	0	0	0	0	0	0	0	0	0	0	0	0	54	0	
2	2206	-0.7210664	-3.80E-05	3900.867	-0.001525902	6	6	-0.7216966	0	0	0	0	0	0	0	0	0	0	0	0	0	54	0	
2	2207	-0.7207597	-3.80E-05	3901.867	-0.001525902	6	6	-0.7211967	0	0	0	0	0	0	0	0	0	0	0	0	0	54	0	
2	2208	-0.7201463	-3.79E-05	3902.867	-0.001525902	6	6	-0.7206966	0	0	0	0	0	0	0	0	0	0	0	0	0	54	0	
2	2209	-0.7195329	-3.78E-05	3903.867	-0.001525902	6	6	-0.7201966	0	0	0	0	0	0	0	0	0	0	0	0	0	54	0	
2	2210	-0.7192262	-3.77E-05	3904.867	-0.001525902	6	6	-0.7196966	0	0	0	0	0	0	0	0	0	0	0	0	0	54	0	
2	2211	-0.7186128	-3.76E-05	3905.867	-0.001525902	6	6	-0.7191966	0	0	0	0	0	0	0	0	0	0	0	0	0	54	0	
2	2212	-0.7179993	-3.76E-05	3906.867	-0.001525902	6	6	-0.7186966	0	0	0	0	0	0	0	0	0	0	0	0	0	54	0	
2	2213	-0.7176927	-3.75E-05	3907.867	-0.001525902	6	6	-0.7181966	0	0	0	0	0	0	0	0	0	0	0	0	0	54	0	
2	2214	-0.7170792	-3.74E-05	3908.867	-0.001525902	6	6	-0.7176966	0	0	0	0	0	0	0	0	0	0	0	0	0	54	0	
2	2215	-0.7164658	-3.73E-05	3909.867	-0.001525902	6	6	-0.7171966	0	0	0	0	0	0	0	0	0	0	0	0	0	54	0	
2	2216	-0.7161591	-3.72E-05	3910.867	-0.001525902	6	6	-0.7166966	0	0	0	0	0	0	0	0	0	0	0	0	0	54	0	
2	2217	-0.7155457	-3.72E-05	3911.867	-0.001525902	6	6	-0.7161966	0	0	0	0	0	0	0	0	0	0	0	0	0	54	0	
2	2218	-0.7149323	-3.71E-05	3912.867	-0.001525902	6	6	-0.7156966	0	0	0	0	0	0	0	0	0	0	0	0	0	54	0	
2	2219	-0.7146256	-3.70E-05	3913.867	-0.001525902	6	6	-0.7151966	0	0	0	0	0	0	0	0	0	0	0	0	0	54	0	
2	2220	-0.7140122	-3.69E-05	3914.867	-0.001525902	6	6	-0.7146966	0	0	0	0	0	0	0	0	0	0	0	0	0	54	0	
2	2221	-0.7137055	-3.68E-05	3915.867	-0.001525902	6	6	-0.7141966	0	0	0	0	0	0	0	0	0	0	0	0	0	54	0	
2	2222	-0.7130921	-3.68E-05	3916.867	-0.001525902	6	6	-0.7136966	0	0	0	0	0	0	0	0	0	0	0	0	0	54	0	
2	2223	-0.7124786	-3.67E-05	3917.867	-0.001525902	6	6	-0.7131966	0	0	0	0	0	0	0	0	0	0	0	0	0	54	0	
2	2224	-0.712172	-3.66E-05	3918.867	-0.001525902	6	6	-0.7126966	0	0	0	0	0	0	0	0	0	0	0	0	0	54	0	
2	2225	-0.7115585	-3.65E-05	3919.867	-0.001525902	6	6	-0.7121966	0	0	0	0	0	0	0	0	0	0	0	0	0	54	0	
2	2226	-0.7109451	-3.65E-05	3920.867	-0.001525902	6	6	-0.7116966	0	0	0	0	0	0	0	0	0	0	0	0	0	54	0	
2	2227	-0.7106384	-3.64E-05	3921.867	-0.001525902	6	6	-0.7111966	0	0	0	0	0	0	0	0	0	0	0	0	0	54	0	
2	2228	-0.710025	-3.63E-05	3922.867	-0.001525902	6	6	-0.7106966	0	0	0	0	0	0	0	0	0	0	0	0	0	54	0	
2	2229	-0.7097183	-3.63E-05	3923.867	-0.001525902	6	6	-0.7101966	0	0	0	0	0	0	0	0	0	0	0	0	0	54	0	
2	2230	-0.7091049	-3.62E-05	3924.867	-0.001525902	6	6	-0.7096967	0	0	0	0	0	0	0	0	0	0	0	0	0	54	0	
2	2231	-0.7087982	-3.61E-05	3925.867	-0.001525902	6	6	-0.7091966	0	0	0	0	0	0	0	0	0	0	0	0	0	54	0	
2	2232	-0.7081848	-3.60E-05	3926.867	-0.001525902	6	6	-0.7086966	0	0	0	0	0	0	0	0	0	0	0	0	0	54	0	
2	2233	-0.7075713	-3.60E-05	3927.867	-0.001525902	6	6	-0.7081966	0	0	0	0	0	0	0	0	0	0	0	0	0	54	0	
2	2234	-0.7072647	-3.59E-05	3928.867	-0.001525902	6	6	-0.7076966	0	0	0	0	0	0	0	0	0	0	0	0	0	54	0	
2	2235	-0.7066512	-3.58E-05	3929.867	-0.001525902	6	6	-0.7071966	0	0	0	0	0	0	0	0	0	0	0	0	0	54	0	
2	2236	-0.7060378	-3.57E-05	3930.867	-0.001525902	6	6	-0.7066966	0	0	0	0	0	0	0	0	0	0	0	0	0	54	0	
2	2237	-0.7057311	-3.57E-05	3931.867	-0.001525902	6	6	-0.7061966	0	0	0	0	0	0	0	0	0	0	0	0	0	54	0	
2	2238	-0.7051177	-3.56E-05	3932.867	-0.001525902	6	6	-0.7056966	0	0	0	0	0	0	0	0	0	0	0	0	0	54	0	
2	2239	-0.7045043	-3.55E-05	3933.867	-0.001525902	6	6	-0.7051966	0	0	0	0	0	0	0	0	0	0	0	0	0	54	0	
2	2240	-0.7041976	-3.54E-05	3934.867	-0.001525902	6	6	-0.7046966	0	0	0	0	0	0	0	0	0	0	0	0	0	54	0	
2	2241	-0.7035842	-3.54E-05	3935.867	-0.001525902	6	6	-0.7041966	0	0	0	0	0	0	0	0	0	0	0	0	0	54	0	
2	2242	-0.7032775	-3.53E-05	3936.867	-0.001525902	6	6	-0.7036966	0	0	0	0	0	0	0	0	0	0	0	0	0	54	0	
2	2243	-0.7026641	-3.52E-05	3937.867	-0.001525902	6	6	-0.7031966	0	0	0	0	0	0	0	0	0	0	0	0	0	54	0	
2	2244	-0.7020506	-3.51E-05	3938.867	-0.001525902	6	6	-0.7026966	0	0	0	0	0	0	0	0	0	0	0	0	0	54	0	
2	2245	-0.701744	-3.51E-05	3939.867	-0.001525902	6	6	-0.7021966	0	0	0	0	0	0	0	0	0	0	0	0	0	54	0	
2	2246	-0.7011305	-3.50E-05	3940.867	-0.001525902	6	6	-0.7016966	0	0	0	0	0	0	0	0	0	0	0	0	0	54	0	
2	2247	-0.7005171	-3.49E-05	3941.867	-0.001525902	6	6	-0.7011966	0	0	0	0	0	0	0	0	0	0	0	0	0	54	0	
2	2248	-0.7002104	-3.48E-05	3942.867	-0.001525902	6	6	-0.7006966	0	0	0	0	0	0	0	0	0	0	0	0	0	54	0	
2	2249	-0.699597	-3.48E-05	3943.867	-0.001525902	6	6	-0.7001966	0	0	0	0	0	0	0	0	0	0	0	0	0	54	0	
2	2250	-0.6989836	-3.47E-05	3944.867	-0.001525902	6	6	-0.6996966	0	0	0	0	0	0	0	0	0	0	0	0	0	54	0	
2	2251	-0.6986769	-3.46E-05	3945.867	-0.001525902	6	6	-0.6991966	0	0	0	0	0	0	0	0	0	0	0	0	0	54	0	
2	2252	-0.6980634	-3.45E-05	3946.867	-0.001525902	6	6	-0.6986966	0	0	0	0	0	0	0	0	0	0	0	0	0	54	0	
2	2253	-0.69745	-3.44E-05	3947.867	-0.001525902	6	6	-0.6981966	0	0	0	0	0	0	0	0	0	0	0	0	0	54	0	
2	2254	-0.6971433	-3.44E-05	3948.867	-0.001525902	6	6	-0.6976966	0	0	0	0	0	0	0	0	0	0	0	0	0	54	0	
2	2255	-0.6965299	-3.43E-05	3949.867	-0.001525902	6	6	-0.6971966	0	0	0	0	0	0	0	0	0	0	0	0	0	54	0	
2	2256	-0.6962232	-3.43E-05	3950.867	-0.001525902	6	6	-0.6966966	0	0	0	0	0	0	0	0	0	0	0	0	0	54	0	
2	2257	-0.6956098	-3.42E-05	3951.867	-0.001525902	6	6	-0.6961966	0	0	0	0	0	0	0	0	0	0	0	0	0	54	0	
2	2258	-0.6949964	-3.41E-05	3952.867	-0.001525902	6	6	-0.6956966	0	0	0	0	0	0	0	0	0	0	0	0	0	54	0	
2	2259	-0.6946897	-3.40E-05	3953.867	-0.001525902	6	6	-0.6951966	0	0	0	0	0	0	0	0	0	0	0	0	0	54	0	
2	2260	-0.6940763	-3.39E-05	3954.867	-0.001525902	6	6	-0.6946966	0	0	0	0	0	0	0	0	0	0	0	0	0	54	0	
2	2261	-0.6937696	-3.38E-05	3955.867	-0.001525902	6	6	-0.6941966	0	0	0	0	0	0	0	0	0	0	0	0	0	54	0	
2	2262	-0.6931562	-3.38E-05	3956.867	-0.001525902	6	6	-0.6936966	0	0	0	0	0	0	0	0	0	0	0	0	0	54	0	
2	2263	-0.6925427	-3.37E-05	3957.867	-0.001525902	6	6	-0.6931966	0	0	0	0	0	0	0	0	0	0	0	0	0	54	0	
2	2264	-0.692236	-3.36E-05	3958.867	-0.001525902	6	6	-0.6926966	0	0	0	0	0	0	0	0	0	0	0	0	0	54	0	
2	2265	-0.6916226	-3.35E-05	3959.867	-0.001525902	6	6	-0.6921966	0	0	0	0	0	0	0	0	0	0	0	0	0	54	0	
2	2266	-0.6910092	-3.34E-05	3960.867	-0.001525902	6	6	-0.6916966	0	0	0	0	0	0	0	0	0	0	0	0	0	54	0	
2	2267	-0.6907025	-3.33E-05	3961.867	-0.001525902	6	6	-0.6911966	0	0	0	0	0	0	0	0	0	0	0	0	0	54	0	
2	2268	-0.6900891	-3.33E-05	3962.867	-0.001525902	6	6	-0.6906966	0	0	0	0	0	0	0	0	0	0	0	0	0	54	0	
2	2269	-0.6897824	-3.32E-05	3963.867	-0.001525902	6	6	-0.6901966	0	0	0	0	0	0	0	0	0	0	0	0	0	54	0	
2	2270	-0.689169	-3.31E-05	3964.867	-0.001525902	6	6	-0.6896966	0	0	0	0	0	0	0	0	0	0	0	0	0	54	0	
2	2271	-0.6885555	-3.30E-05	3965.867	-0.001525902	6	6	-0.6891966	0	0	0	0	0	0	0	0	0	0	0	0	0	54	0	
2	2272	-0.6882489	-3.29E-05	3966.867	-0.001525902	6	6	-0.6886966	0	0	0	0	0	0	0	0	0	0	0	0	0	54	0	
2	2273	-0.6876354	-3.28E-05	3967.867	-0.001525902	6	6	-0.6881966	0	0	0	0	0	0	0	0	0	0	0	0	0	54	0	
2	2274	-0.687022	-3.28E-05	3968.867	-0.001525902	6	6	-0.6876966	0	0	0	0	0	0	0	0	0	0	0	0	0	54	0	
2	2275	-0.6867153	-3.27E-05	3969.867	-0.001525902	6	6	-0.6871966	0	0	0	0	0	0	0	0	0	0	0	0	0	54	0	
2	2276	-0.6861019	-3.26E-05	3970.867	-0.001525902	6	6	-0.6866966	0	0	0	0	0	0	0	0	0	0	0	0	0	54	0	
2	2277	-0.6854885	-3.25E-05	3971.867	-0.001525902	6	6	-0.6861966	0	0	0	0	0	0	0	0	0	0	0	0	0	54	0	
2	2278	-0.6851818	-3.24E-05	3972.867	-0.001525902	6	6	-0.6856966	0	0	0	0	0	0	0	0	0	0	0	0	0	54	0	
2	2279	-0.6845684	-3.23E-05	3973.867	-0.001525902	6	6	-0.6851966	0	0	0	0	0	0	0	0	0	0	0	0	0	54	0	
2	2280	-0.6842617	-3.22E-05	3974.867	-0.001525902	6	6	-0.6846966	0	0	0	0	0	0	0	0	0	0	0	0	0	54	0	
2	2281	-0.6836482	-3.22E-05	3975.867	-0.001525902	6	6	-0.6841966	0	0	0	0	0	0	0	0	0	0	0	0	0	54	0	
2	2282	-0.6830348	-3.21E-05	3976.867	-0.001525902	6	6	-0.6836966	0	0	0	0	0	0	0	0	0	0	0	0	0	54	0	
2	2283	-0.6827281	-3.20E-05	3977.867	-0.001525902	6	6	-0.6831966	0	0	0	0	0	0	0	0	0	0	0	0	0	54	0	
2	2284	-0.6821147	-3.19E-05	3978.867	-0.001525902	6	6	-0.6826966	0	0	0	0	0	0	0	0	0	0	0	0	0	54	0	
2	2285	-0.681808	-3.18E-05	3979.867	-0.001525902	6	6	-0.6821966	0	0	0	0	0	0	0	0	0	0	0	0	0	54	0	
2	2286	-0.6811946	-3.17E-05	3980.867	-0.001525902	6	6	-0.6816966	0	0	0	0	0	0	0	0	0	0	0	0	0	54	0	
2	2287	-0.6805812	-3.16E-05	3981.867	-0.001525902	6	6	-0.6811966	0	0	0	0	0	0	0	0	0	0	0	0	0	54	0	
2	2288	-0.6802745	-3.16E-05	3982.867	-0.001525902	6	6	-0.6806966	0	0	0	0	0	0	0	0	0	0	0	0	0	54	0	
2	2289	-0.6796611	-3.15E-05	3983.867	-0.001525902	6	6	-0.6801966	0	0	0	0	0	0	0	0	0	0	0	0	0	54	0	
2	2290	-0.6790476	-3.14E-05	3984.867	-0.001525902	6	6	-0.6796966	0	0	0	0	0	0	0	0	0	0	0	0	0	54	0	
2	2291	-0.678741	-3.13E-05	3985.867	-0.001525902	6	6	-0.6791966	0	0	0	0	0	0	0	0	0	0	0	0	0	54	0	
2	2292	-0.6781275	-3.12E-05	3986.867	-0.001525902	6	6	-0.6786966	0	0	0	0	0	0	0	0	0	0	0	0	0	54	0	
2	2293	-0.6778209	-3.12E-05	3987.867	-0.001525902	6	6	-0.6781966	0	0	0	0	0	0	0	0	0	0	0	0	0	54	0	
2	2294	-0.6772074	-3.11E-05	3988.867	-0.001525902	6	6	-0.6776966	0	0	0	0	0	0	0	0	0	0	0	0	0	54	0	
2	2295	-0.676594	-3.10E-05	3989.867	-0.001525902	6	6	-0.6771966	0	0	0	0	0	0	0	0	0	0	0	0	0	54	0	
2	2296	-0.6762873	-3.09E-05	3990.867	-0.001525902	6	6	-0.6766966	0	0	0	0	0	0	0	0	0	0	0	0	0	54	0	
2	2297	-0.6756739	-3.09E-05	3991.867	-0.001525902	6	6	-0.6761966	0	0	0	0	0	0	0	0	0	0	0	0	0	54	0	
2	2298	-0.6750605	-3.08E-05	3992.867	-0.001525902	6	6	-0.6756966	0	0	0	0	0	0	0	0	0	0	0	0	0	54	0	
2	2299	-0.6747538	-3.07E-05	3993.867	-0.001525902	6	6	-0.6751966	0	0	0	0	0	0	0	0	0	0	0	0	0	54	0	
2	2300	-0.6741403	-3.06E-05	3994.867	-0.001525902	6	6	-0.6746966	0	0	0	0	0	0	0	0	0	0	0	0	0	54	0	
2	2301	-0.6738337	-3.06E-05	3995.867	-0.001525902	6	6	-0.6741966	0	0	0	0	0	0	0	0	0	0	0	0	0	54	0	
2	2302	-0.6732202	-3.05E-05	3996.867	-0.001525902	6	6	-0.6736966	0	0	0	0	0	0	0	0	0	0	0	0	0	54	0	
2	2303	-0.6726068	-3.04E-05	3997.867	-0.001525902	6	6	-0.6731966	0	0	0	0	0	0	0	0	0	0	0	0	0	54	0	
2	2304	-0.6723001	-3.03E-05	3998.867	-0.001525902	6	6	-0.6726966	0	0	0	0	0	0	0	0	0	0	0	0	0	54	0	
2	2305	-0.6716867	-3.03E-05	3999.867	-0.001525902	6	6	-0.6721966	0	0	0	0	0	0	0	0	0	0	0	0	0	54	0	
2	2306	-0.6710733	-3.02E-05	4000.867	-0.001525902	6	6	-0.6716966	0	0	0	0	0	0	0	0	0	0	0	0	0	54	0	
2	2307	-0.6707666	-3.01E-05	4001.867	-0.001525902	6	6	-0.6711966	0	0	0	0	0	0	0	0	0	0	0	0	0	54	0	
2	2308	-0.6701532	-3.00E-05	4002.867	-0.001525902	6	6	-0.6706966	0	0	0	0	0	0	0	0	0	0	0	0	0	54	0	
2	2309	-0.6695397	-2.99E-05	4003.867	-0.001525902	6	6	-0.6701966	0	0	0	0	0	0	0	0	0	0	0	0	0	54	0	
2	2310	-0.6692331	-2.99E-05	4004.867	-0.001525902	6	6	-0.6696966	0	0	0	0	0	0	0	0	0	0	0	0	0	54	0	
2	2311	-0.6686196	-2.98E-05	4005.867	-0.001525902	6	6	-0.6691966	0	0	0	0	0	0	0	0	0	0	0	0	0	54	0	
2	2312	-0.6680062	-2.97E-05	4006.867	-0.001525902	6	6	-0.6686966	0	0	0	0	0	0	0	0	0	0	0	0	0	54	0	
2	2313	-0.6676995	-2.96E-05	4007.867	-0.001525902	6	6	-0.6681966	0	0	0	0	0	0	0	0	0	0	0	0	0	54	0	
2	2314	-0.6670861	-2.95E-05	4008.867	-0.001525902	6	6	-0.6676966	0	0	0	0	0	0	0	0	0	0	0	0	0	54	0	
2	2315	-0.6667794	-2.95E-05	4009.867	-0.001525902	6	6	-0.6671966	0	0	0	0	0	0	0	0	0	0	0	0	0	54	0	
2	2316	-0.666166	-2.94E-05	4010.867	-0.001525902	6	6	-0.6666966	0	0	0	0	0	0	0	0	0	0	0	0	0	54	0	
2	2317	-0.6655526	-2.93E-05	4011.867	-0.001525902	6	6	-0.6661966	0	0	0	0	0	0	0	0	0	0	0	0	0	54	0	
2	2318	-0.6652459	-2.92E-05	4012.867	-0.001525902	6	6	-0.6656966	0	0	0	0	0	0	0	0	0	0	0	0	0	54	0	
2	2319	-0.6646324	-2.91E-05	4013.867	-0.001525902	6	6	-0.6651966	0	0	0	0	0	0	0	0	0	0	0	0	0	54	0	
2	2320	-0.664019	-2.90E-05	4014.867	-0.001525902	6	6	-0.6646966	0	0	0	0	0	0	0	0	0	0	0	0	0	54	0	
2	2321	-0.6637123	-2.89E-05	4015.867	-0.001525902	6	6	-0.6641966	0	0	0	0	0	0	0	0	0	0	0	0	0	54	0	
2	2322	-0.6630989	-2.88E-05	4016.867	-0.001525902	6	6	-0.6636966	0	0	0	0	0	0	0	0	0	0	0	0	0	54	0	
2	2323	-0.6627922	-2.88E-05	4017.867	-0.001525902	6	6	-0.6631966	0	0	0	0	0	0	0	0	0	0	0	0	0	54	0	
2	2324	-0.6621788	-2.87E-05	4018.867	-0.001525902	6	6	-0.6626966	0	0	0	0	0	0	0	0	0	0	0	0	0	54	0	
2	2325	-0.6615654	-2.86E-05	4019.867	-0.001525902	6	6	-0.6621966	0	0	0	0	0	0	0	0	0	0	0	0	0	54	0	
2	2326	-0.6612587	-2.85E-05	4020.867	-0.001525902	6	6	-0.6616966	0	0	0	0	0	0	0	0	0	0	0	0	0	54	0	
2	2327	-0.6606453	-2.84E-05	4021.867	-0.001525902	6	6	-0.6611966	0	0	0	0	0	0	0	0	0	0	0	0	0	54	0	
2	2328	-0.6600319	-2.85E-05	4022.867	-0.001525902	6	6	-0.6606966	0	0	0	0	0	0	0	0	0	0	0	0	0	54	0	
2	2329	-0.6597252	-2.86E-05	4023.867	-0.001525902	6	6	-0.6601966	0	0	0	0	0	0	0	0	0	0	0	0	0	54	0	
2	2330	-0.6591117	-2.86E-05	4024.867	-0.001525902	6	6	-0.6596966	0	0	0	0	0	0	0	0	0	0	0	0	0	54	0	
2	2331	-0.6588051	-2.85E-05	4025.867	-0.001525902	6	6	-0.6591966	0	0	0	0	0	0	0	0	0	0	0	0	0	54	0	
2	2332	-0.6581916	-2.85E-05	4026.867	-0.001525902	6	6	-0.6586966	0	0	0	0	0	0	0	0	0	0	0	0	0	54	0	
2	2333	-0.6575782	-2.84E-05	4027.867	-0.001525902	6	6	-0.6581966	0	0	0	0	0	0	0	0	0	0	0	0	0	54	0	
2	2334	-0.6572715	-2.84E-05	4028.867	-0.001525902	6	6	-0.6576966	0	0	0	0	0	0	0	0	0	0	0	0	0	54	0	
2	2335	-0.6566581	-2.83E-05	4029.867	-0.001525902	6	6	-0.6571966	0	0	0	0	0	0	0	0	0	0	0	0	0	54	0	
2	2336	-0.6560447	-2.83E-05	4030.867	-0.001525902	6	6	-0.6566966	0	0	0	0	0	0	0	0	0	0	0	0	0	54	0	
2	2337	-0.655738	-2.84E-05	4031.867	-0.001525902	6	6	-0.6561966	0	0	0	0	0	0	0	0	0	0	0	0	0	54	0	
2	2338	-0.6551245	-2.96E-05	4032.867	-0.001525902	6	6	-0.6556966	0	0	0	0	0	0	0	0	0	0	0	0	0	54	0	
2	2339	-0.6548179	-2.96E-05	4033.867	-0.001525902	6	6	-0.6551966	0	0	0	0	0	0	0	0	0	0	0	0	0	54	0	
2	2340	-0.6542044	-2.96E-05	4034.867	-0.001525902	6	6	-0.6546966	0	0	0	0	0	0	0	0	0	0	0	0	0	54	0	
2	2341	-0.653591	-2.95E-05	4035.867	-0.001525902	6	6	-0.6541966	0	0	0	0	0	0	0	0	0	0	0	0	0	54	0	
2	2342	-0.6532843	-2.95E-05	4036.867	-0.001525902	6	6	-0.6536966	0	0	0	0	0	0	0	0	0	0	0	0	0	54	0	
2	2343	-0.6526709	-2.94E-05	4037.867	-0.001525902	6	6	-0.6531966	0	0	0	0	0	0	0	0	0	0	0	0	0	54	0	
2	2344	-0.6520575	-2.94E-05	4038.867	-0.001525902	6	6	-0.6526966	0	0	0	0	0	0	0	0	0	0	0	0	0	54	0	
2	2345	-0.6514441	-2.93E-05	4039.867	-0.001525902	6	6	-0.6521966	0	0	0	0	0	0	0	0	0	0	0	0	0	54	0	
2	2346	-0.6511374	-2.93E-05	4040.867	-0.001525902	6	6	-0.6516966	0	0	0	0	0	0	0	0	0	0	0	0	0	54	0	
2	2347	-0.650524	-2.92E-05	4041.867	-0.001525902	6	6	-0.6511966	0	0	0	0	0	0	0	0	0	0	0	0	0	54	0	
2	2348	-0.6502173	-2.91E-05	4042.867	-0.001525902	6	6	-0.6506966	0	0	0	0	0	0	0	0	0	0	0	0	0	54	0	
2	2349	-0.6496038	-2.90E-05	4043.867	-0.001525902	6	6	-0.6501966	0	0	0	0	0	0	0	0	0	0	0	0	0	54	0	
2	2350	-0.6489905	-2.89E-05	4044.867	-0.001525902	6	6	-0.6496966	0	0	0	0	0	0	0	0	0	0	0	0	0	54	0	
2	2351	-0.6486837	-2.88E-05	4045.867	-0.001525902	6	6	-0.6491966	0	0	0	0	0	0	0	0	0	0	0	0	0	54	0	
2	2352	-0.6480703	-2.88E-05	4046.867	-0.001525902	6	6	-0.6486966	0	0	0	0	0	0	0	0	0	0	0	0	0	54	0	
2	2353	-0.6477636	-2.87E-05	4047.867	-0.001525902	6	6	-0.6481966	0	0	0	0	0	0	0	0	0	0	0	0	0	54	0	
2	2354	-0.6471502	-2.86E-05	4048.867	-0.001525902	6	6	-0.6476966	0	0	0	0	0	0	0	0	0	0	0	0	0	54	0	
2	2355	-0.6468435	-2.85E-05	4049.867	-0.001525902	6	6	-0.6471966	0	0	0	0	0	0	0	0	0	0	0	0	0	54	0	
2	2356	-0.6462301	-2.84E-05	4050.867	-0.001525902	6	6	-0.6466966	0	0	0	0	0	0	0	0	0	0	0	0	0	54	0	
2	2357	-0.6456167	-2.83E-05	4051.867	-0.001525902	6	6	-0.6461966	0	0	0	0	0	0	0	0	0	0	0	0	0	54	0	
2	2358	-0.64531	-2.82E-05	4052.867	-0.001525902	6	6	-0.6456966	0	0	0	0	0	0	0	0	0	0	0	0	0	54	0	
2	2359	-0.6446965	-2.81E-05	4053.867	-0.001525902	6	6	-0.6451966	0	0	0	0	0	0	0	0	0	0	0	0	0	54	0	
2	2360	-0.6443899	-2.80E-05	4054.867	-0.001525902	6	6	-0.6446966	0	0	0	0	0	0	0	0	0	0	0	0	0	54	0	
2	2361	-0.6437764	-2.79E-05	4055.867	-0.001525902	6	6	-0.6441966	0	0	0	0	0	0	0	0	0	0	0	0	0	54	0	
2	2362	-0.643163	-2.78E-05	4056.867	-0.001525902	6	6	-0.6436966	0	0	0	0	0	0	0	0	0	0	0	0	0	54	0	
2	2363	-0.6428563	-2.76E-05	4057.867	-0.001525902	6	6	-0.6431966	0	0	0	0	0	0	0	0	0	0	0	0	0	54	0	
2	2364	-0.6422429	-2.75E-05	4058.867	-0.001525902	6	6	-0.6426966	0	0	0	0	0	0	0	0	0	0	0	0	0	54	0	
2	2365	-0.6416295	-2.75E-05	4059.867	-0.001525902	6	6	-0.6421966	0	0	0	0	0	0	0	0	0	0	0	0	0	54	0	
2	2366	-0.6413228	-2.73E-05	4060.867	-0.001525902	6	6	-0.6416966	0	0	0	0	0	0	0	0	0	0	0	0	0	54	0	
2	2367	-0.6407093	-2.72E-05	4061.867	-0.001525902	6	6	-0.6411966	0	0	0	0	0	0	0	0	0	0	0	0	0	54	0	
2	2368	-0.6400959	-2.71E-05	4062.867	-0.001525902	6	6	-0.6406966	0	0	0	0	0	0	0	0	0	0	0	0	0	54	0	
2	2369	-0.6397892	-2.70E-05	4063.867	-0.001525902	6	6	-0.6401966	0	0	0	0	0	0	0	0	0	0	0	0	0	54	0	
2	2370	-0.6391758	-2.69E-05	4064.867	-0.001525902	6	6	-0.6396966	0	0	0	0	0	0	0	0	0	0	0	0	0	54	0	
2	2371	-0.6388691	-2.67E-05	4065.867	-0.001525902	6	6	-0.6391966	0	0	0	0	0	0	0	0	0	0	0	0	0	54	0	
2	2372	-0.6382557	-2.66E-05	4066.867	-0.001525902	6	6	-0.6386966	0	0	0	0	0	0	0	0	0	0	0	0	0	54	0	
2	2373	-0.6376423	-2.65E-05	4067.867	-0.001525902	6	6	-0.6381966	0	0	0	0	0	0	0	0	0	0	0	0	0	54	0	
2	2374	-0.6370289	-2.64E-05	4068.867	-0.001525902	6	6	-0.6376966	0	0	0	0	0	0	0	0	0	0	0	0	0	54	0	
2	2375	-0.6367222	-2.63E-05	4069.867	-0.001525902	6	6	-0.6371966	0	0	0	0	0	0	0	0	0	0	0	0	0	54	0	
2	2376	-0.6361088	-2.61E-05	4070.867	-0.001525902	6	6	-0.6366966	0	0	0	0	0	0	0	0	0	0	0	0	0	54	0	
2	2377	-0.6358021	-2.60E-05	4071.867	-0.001525902	6	6	-0.6361966	0	0	0	0	0	0	0	0	0	0	0	0	0	54	0	
2	2378	-0.6351886	-2.59E-05	4072.867	-0.001525902	6	6	-0.6356966	0	0	0	0	0	0	0	0	0	0	0	0	0	54	0	
2	2379	-0.634882	-2.58E-05	4073.867	-0.001525902	6	6	-0.6351966	0	0	0	0	0	0	0	0	0	0	0	0	0	54	0	
2	2380	-0.6342685	-2.57E-05	4074.867	-0.001525902	6	6	-0.6346966	0	0	0	0	0	0	0	0	0	0	0	0	0	54	0	
2	2381	-0.6336551	-2.55E-05	4075.867	-0.001525902	6	6	-0.6341966	0	0	0	0	0	0	0	0	0	0	0	0	0	54	0	
2	2382	-0.6333484	-2.54E-05	4076.867	-0.001525902	6	6	-0.6336966	0	0	0	0	0	0	0	0	0	0	0	0	0	54	0	
2	2383	-0.632735	-2.53E-05	4077.867	-0.001525902	6	6	-0.6331966	0	0	0	0	0	0	0	0	0	0	0	0	0	54	0	
2	2384	-0.6321216	-2.52E-05	4078.867	-0.001525902	6	6	-0.6326966	0	0	0	0	0	0	0	0	0	0	0	0	0	54	0	
2	2385	-0.6318149	-2.50E-05	4079.867	-0.001525902	6	6	-0.6321966	0	0	0	0	0	0	0	0	0	0	0	0	0	54	0	
2	2386	-0.6312014	-2.49E-05	4080.867	-0.001525902	6	6	-0.6316966	0	0	0	0	0	0	0	0	0	0	0	0	0	54	0	
2	2387	-0.6308948	-2.48E-05	4081.867	-0.001525902	6	6	-0.6311966	0	0	0	0	0	0	0	0	0	0	0	0	0	54	0	
2	2388	-0.6302813	-2.47E-05	4082.867	-0.001525902	6	6	-0.6306966	0	0	0	0	0	0	0	0	0	0	0	0	0	54	0	
2	2389	-0.6296679	-2.45E-05	4083.867	-0.001525902	6	6	-0.6301966	0	0	0	0	0	0	0	0	0	0	0	0	0	54	0	
2	2390	-0.6293612	-2.44E-05	4084.867	-0.001525902	6	6	-0.6296966	0	0	0	0	0	0	0	0	0	0	0	0	0	54	0	
2	2391	-0.6287478	-2.42E-05	4085.867	-0.001525902	6	6	-0.6291966	0	0	0	0	0	0	0	0	0	0	0	0	0	54	0	
2	2392	-0.6281344	-2.41E-05	4086.867	-0.001525902	6	6	-0.6286966	0	0	0	0	0	0	0	0	0	0	0	0	0	54	0	
2	2393	-0.6278277	-2.40E-05	4087.867	-0.001525902	6	6	-0.6281966	0	0	0	0	0	0	0	0	0	0	0	0	0	54	0	
2	2394	-0.6272143	-2.38E-05	4088.867	-0.001525902	6	6	-0.6276966	0	0	0	0	0	0	0	0	0	0	0	0	0	54	0	
2	2395	-0.6266009	-2.37E-05	4089.867	-0.001525902	6	6	-0.6271966	0	0	0	0	0	0	0	0	0	0	0	0	0	54	0	
2	2396	-0.6262942	-2.35E-05	4090.867	-0.001525902	6	6	-0.6266966	0	0	0	0	0	0	0	0	0	0	0	0	0	54	0	
2	2397	-0.6256807	-2.34E-05	4091.867	-0.001525902	6	6	-0.6261966	0	0	0	0	0	0	0	0	0	0	0	0	0	54	0	
2	2398	-0.6250674	-2.33E-05	4092.867	-0.001525902	6	6	-0.6256966	0	0	0	0	0	0	0	0	0	0	0	0	0	54	0	
2	2399	-0.6247606	-2.31E-05	4093.867	-0.001525902	6	6	-0.6251966	0	0	0	0	0	0	0	0	0	0	0	0	0	54	0	
2	2400	-0.6241472	-2.30E-05	4094.867	-0.001525902	6	6	-0.6246966	0	0	0	0	0	0	0	0	0	0	0	0	0	54	0	
2	2401	-0.6235338	-2.28E-05	4095.867	-0.001525902	6	6	-0.6241966	0	0	0	0	0	0	0	0	0	0	0	0	0	54	0	
2	2402	-0.6232271	-2.27E-05	4096.867	-0.001525902	6	6	-0.6236966	0	0	0	0	0	0	0	0	0	0	0	0	0	54	0	
2	2403	-0.6226137	-2.25E-05	4097.867	-0.001525902	6	6	-0.6231966	0	0	0	0	0	0	0	0	0	0	0	0	0	54	0	
2	2404	-0.622307	-2.24E-05	4098.867	-0.001525902	6	6	-0.6226966	0	0	0	0	0	0	0	0	0	0	0	0	0	54	0	
2	2405	-0.6216936	-2.22E-05	4099.867	-0.001525902	6	6	-0.6221966	0	0	0	0	0	0	0	0	0	0	0	0	0	54	0	
2	2406	-0.6210802	-2.21E-05	4100.867	-0.001525902	6	6	-0.6216966	0	0	0	0	0	0	0	0	0	0	0	0	0	54	0	
2	2407	-0.6207734	-2.19E-05	4101.867	-0.001525902	6	6	-0.6211966	0	0	0	0	0	0	0	0	0	0	0	0	0	54	0	
2	2408	-0.62016	-2.18E-05	4102.867	-0.001525902	6	6	-0.6206966	0	0	0	0	0	0	0	0	0	0	0	0	0	54	0	
2	2409	-0.6195467	-2.16E-05	4103.867	-0.001525902	6	6	-0.6201966	0	0	0	0	0	0	0	0	0	0	0	0	0	54	0	
2	2410	-0.6192399	-2.15E-05	4104.867	-0.001525902	6	6	-0.6196966	0	0	0	0	0	0	0	0	0	0	0	0	0	54	0	
2	2411	-0.6186265	-2.13E-05	4105.867	-0.001525902	6	6	-0.6191966	0	0	0	0	0	0	0	0	0	0	0	0	0	54	0	
2	2412	-0.6183198	-2.11E-05	4106.867	-0.001525902	6	6	-0.6186966	0	0	0	0	0	0	0	0	0	0	0	0	0	54	0	
2	2413	-0.6177064	-2.10E-05	4107.867	-0.001525902	6	6	-0.6181966	0	0	0	0	0	0	0	0	0	0	0	0	0	54	0	
2	2414	-0.617093	-2.08E-05	4108.867	-0.001525902	6	6	-0.6176966	0	0	0	0	0	0	0	0	0	0	0	0	0	54	0	
2	2415	-0.6167863	-2.06E-05	4109.867	-0.001525902	6	6	-0.6171966	0	0	0	0	0	0	0	0	0	0	0	0	0	54	0	
2	2416	-0.6161729	-2.05E-05	4110.867	-0.001525902	6	6	-0.6166966	0	0	0	0	0	0	0	0	0	0	0	0	0	54	0	
2	2417	-0.6158662	-2.03E-05	4111.867	-0.001525902	6	6	-0.6161966	0	0	0	0	0	0	0	0	0	0	0	0	0	54	0	
2	2418	-0.6152527	-2.02E-05	4112.867	-0.001525902	6	6	-0.6156966	0	0	0	0	0	0	0	0	0	0	0	0	0	54	0	
2	2419	-0.6146393	-2.00E-05	4113.867	-0.001525902	6	6	-0.6151966	0	0	0	0	0	0	0	0	0	0	0	0	0	54	0	
2	2420	-0.6143326	-1.98E-05	4114.867	-0.001525902	6	6	-0.6146966	0	0	0	0	0	0	0	0	0	0	0	0	0	54	0	
2	2421	-0.6137192	-1.97E-05	4115.867	-0.001525902	6	6	-0.6141966	0	0	0	0	0	0	0	0	0	0	0	0	0	54	0	
2	2422	-0.6131058	-1.95E-05	4116.867	-0.001525902	6	6	-0.6136966	0	0	0	0	0	0	0	0	0	0	0	0	0	54	0	
2	2423	-0.6127991	-1.94E-05	4117.867	-0.001525902	6	6	-0.6131966	0	0	0	0	0	0	0	0	0	0	0	0	0	54	0	
2	2424	-0.6121857	-1.92E-05	4118.867	-0.001525902	6	6	-0.6126966	0	0	0	0	0	0	0	0	0	0	0	0	0	54	0	
2	2425	-0.611879	-1.91E-05	4119.867	-0.001525902	6	6	-0.6121966	0	0	0	0	0	0	0	0	0	0	0	0	0	54	0	
2	2426	-0.6112655	-1.89E-05	4120.867	-0.001525902	6	6	-0.6116966	0	0	0	0	0	0	0	0	0	0	0	0	0	54	0	
2	2427	-0.6106521	-1.88E-05	4121.867	-0.001525902	6	6	-0.6111966	0	0	0	0	0	0	0	0	0	0	0	0	0	54	0	
2	2428	-0.6100388	-1.86E-05	4122.867	-0.001525902	6	6	-0.6106966	0	0	0	0	0	0	0	0	0	0	0	0	0	54	0	
2	2429	-0.609732	-1.84E-05	4123.867	-0.001525902	6	6	-0.6101966	0	0	0	0	0	0	0	0	0	0	0	0	0	54	0	
2	2430	-0.6094253	-1.83E-05	4124.867	-0.001525902	6	6	-0.6096966	0	0	0	0	0	0	0	0	0	0	0	0	0	54	0	
2	2431	-0.6088119	-1.82E-05	4125.867	-0.001525902	6	6	-0.6091966	0	0	0	0	0	0	0	0	0	0	0	0	0	54	0	
2	2432	-0.6081985	-1.80E-05	4126.867	-0.001525902	6	6	-0.6086966	0	0	0	0	0	0	0	0	0	0	0	0	0	54	0	
2	2433	-0.6075851	-1.79E-05	4127.867	-0.001525902	6	6	-0.6081966	0	0	0	0	0	0	0	0	0	0	0	0	0	54	0	
2	2434	-0.6072784	-1.77E-05	4128.867	-0.001525902	6	6	-0.6076966	0	0	0	0	0	0	0	0	0	0	0	0	0	54	0	
2	2435	-0.606665	-1.75E-05	4129.867	-0.001525902	6	6	-0.6071966	0	0	0	0	0	0	0	0	0	0	0	0	0	54	0	
2	2436	-0.6060516	-1.74E-05	4130.867	-0.001525902	6	6	-0.6066966	0	0	0	0	0	0	0	0	0	0	0	0	0	54	0	
2	2437	-0.6057448	-1.73E-05	4131.867	-0.001525902	6	6	-0.6061966	0	0	0	0	0	0	0	0	0	0	0	0	0	54	0	
2	2438	-0.6051314	-1.71E-05	4132.867	-0.001525902	6	6	-0.6056966	0	0	0	0	0	0	0	0	0	0	0	0	0	54	0	
2	2439	-0.6048247	-1.69E-05	4133.867	-0.001525902	6	6	-0.6051966	0	0	0	0	0	0	0	0	0	0	0	0	0	54	0	
2	2440	-0.6042113	-1.68E-05	4134.867	-0.001525902	6	6	-0.6046966	0	0	0	0	0	0	0	0	0	0	0	0	0	54	0	
2	2441	-0.6035979	-1.66E-05	4135.867	-0.001525902	6	6	-0.6041966	0	0	0	0	0	0	0	0	0	0	0	0	0	54	0	
2	2442	-0.6032912	-1.65E-05	4136.867	-0.001525902	6	6	-0.6036966	0	0	0	0	0	0	0	0	0	0	0	0	0	54	0	
2	2443	-0.6026778	-1.63E-05	4137.867	-0.001525902	6	6	-0.6031966	0	0	0	0	0	0	0	0	0	0	0	0	0	54	0	
2	2444	-0.6023711	-1.62E-05	4138.867	-0.001525902	6	6	-0.6026966	0	0	0	0	0	0	0	0	0	0	0	0	0	54	0	
2	2445	-0.6017576	-1.60E-05	4139.867	-0.001525902	6	6	-0.6021966	0	0	0	0	0	0	0	0	0	0	0	0	0	54	0	
2	2446	-0.6011443	-1.59E-05	4140.867	-0.001525902	6	6	-0.6016966	0	0	0	0	0	0	0	0	0	0	0	0	0	54	0	
2	2447	-0.6008375	-1.57E-05	4141.867	-0.001525902	6	6	-0.6011966	0	0	0	0	0	0	0	0	0	0	0	0	0	54	0	
2	2448	-0.6002241	-1.56E-05	4142.867	-0.001525902	6	6	-0.6006966	0	0	0	0	0	0	0	0	0	0	0	0	0	54	0	
2	2449	-0.5999174	-1.54E-05	4143.867	-0.001525902	6	6	-0.6001966	0	0	0	0	0	0	0	0	0	0	0	0	0	54	0	
2	2450	-0.599304	-1.53E-05	4144.867	-0.001525902	6	6	-0.5996966	0	0	0	0	0	0	0	0	0	0	0	0	0	54	0	
2	2451	-0.5986906	-1.51E-05	4145.867	-0.001525902	6	6	-0.5991966	0	0	0	0	0	0	0	0	0	0	0	0	0	54	0	
2	2452	-0.5983839	-1.50E-05	4146.867	-0.001525902	6	6	-0.5986966	0	0	0	0	0	0	0	0	0	0	0	0	0	54	0	
2	2453	-0.5977705	-1.48E-05	4147.867	-0.001525902	6	6	-0.5981966	0	0	0	0	0	0	0	0	0	0	0	0	0	54	0	
2	2454	-0.5971571	-1.47E-05	4148.867	-0.001525902	6	6	-0.5976966	0	0	0	0	0	0	0	0	0	0	0	0	0	54	0	
2	2455	-0.5968503	-1.46E-05	4149.867	-0.001525902	6	6	-0.5971966	0	0	0	0	0	0	0	0	0	0	0	0	0	54	0	
2	2456	-0.5962369	-1.44E-05	4150.867	-0.001525902	6	6	-0.5966966	0	0	0	0	0	0	0	0	0	0	0	0	0	54	0	
2	2457	-0.5956236	-1.42E-05	4151.867	-0.001525902	6	6	-0.5961966	0	0	0	0	0	0	0	0	0	0	0	0	0	54	0	
2	2458	-0.5953168	-1.41E-05	4152.867	-0.001525902	7	7	-0.5956966	0	0	0	0	0	0	0	0	0	0	0	0	0	54	0	
2	2459	-0.5947034	-1.40E-05	4153.867	-0.001525902	7	7	-0.5951966	0	0	0	0	0	0	0	0	0	0	0	0	0	54	0	
2	2460	-0.59409	-1.38E-05	4154.867	-0.001525902	7	7	-0.5946966	0	0	0	0	0	0	0	0	0	0	0	0	0	54	0	
2	2461	-0.5937833	-1.37E-05	4155.867	-0.001525902	7	7	-0.5941966	0	0	0	0	0	0	0	0	0	0	0	0	0	54	0	
2	2462	-0.5931699	-1.36E-05	4156.867	-0.001525902	7	7	-0.5936966	0	0	0	0	0	0	0	0	0	0	0	0	0	54	0	
2	2463	-0.5928632	-1.34E-05	4157.867	-0.001525902	7	7	-0.5931966	0	0	0	0	0	0	0	0	0	0	0	0	0	54	0	
2	2464	-0.5922498	-1.33E-05	4158.867	-0.001525902	7	7	-0.5926966	0	0	0	0	0	0	0	0	0	0	0	0	0	54	0	
2	2465	-0.5916364	-1.31E-05	4159.867	-0.001525902	7	7	-0.5921966	0	0	0	0	0	0	0	0	0	0	0	0	0	54	0	
2	2466	-0.5913296	-1.30E-05	4160.867	-0.001525902	7	7	-0.5916966	0	0	0	0	0	0	0	0	0	0	0	0	0	54	0	
2	2467	-0.5907162	-1.28E-05	4161.867	-0.001525902	7	7	-0.5911966	0	0	0	0	0	0	0	0	0	0	0	0	0	54	0	
2	2468	-0.5901029	-1.27E-05	4162.867	-0.001525902	7	7	-0.5906966	0	0	0	0	0	0	0	0	0	0	0	0	0	54	0	
2	2469	-0.5897961	-1.26E-05	4163.867	-0.001525902	7	7	-0.5901966	0	0	0	0	0	0	0	0	0	0	0	0	0	54	0	
2	2470	-0.5891827	-1.24E-05	4164.867	-0.001525902	7	7	-0.5896966	0	0	0	0	0	0	0	0	0	0	0	0	0	54	0	
2	2471	-0.5885693	-1.23E-05	4165.867	-0.001525902	7	7	-0.5891966	0	0	0	0	0	0	0	0	0	0	0	0	0	54	0	
2	2472	-0.5882626	-1.22E-05	4166.867	-0.001525902	7	7	-0.5886966	0	0	0	0	0	0	0	0	0	0	0	0	0	54	0	
2	2473	-0.5876492	-1.21E-05	4167.867	-0.001525902	7	7	-0.5881966	0	0	0	0	0	0	0	0	0	0	0	0	0	54	0	
2	2474	-0.5870358	-1.20E-05	4168.867	-0.001525902	7	7	-0.5876966	0	0	0	0	0	0	0	0	0	0	0	0	0	54	0	
2	2475	-0.586729	-1.19E-05	4169.867	-0.001525902	7	7	-0.5871966	0	0	0	0	0	0	0	0	0	0	0	0	0	54	0	
2	2476	-0.5861157	-1.18E-05	4170.867	-0.001525902	7	7	-0.5866966	0	0	0	0	0	0	0	0	0	0	0	0	0	54	0	
2	2477	-0.5858089	-1.17E-05	4171.867	-0.001525902	7	7	-0.5861966	0	0	0	0	0	0	0	0	0	0	0	0	0	54	0	
2	2478	-0.5851955	-1.15E-05	4172.867	-0.001525902	7	7	-0.5856966	0	0	0	0	0	0	0	0	0	0	0	0	0	54	0	
2	2479	-0.5845821	-1.14E-05	4173.867	-0.001525902	7	7	-0.5851966	0	0	0	0	0	0	0	0	0	0	0	0	0	54	0	
2	2480	-0.5842754	-1.13E-05	4174.867	-0.001525902	7	7	-0.5846966	0	0	0	0	0	0	0	0	0	0	0	0	0	54	0	
2	2481	-0.583662	-1.12E-05	4175.867	-0.001525902	7	7	-0.5841966	0	0	0	0	0	0	0	0	0	0	0	0	0	54	0	
2	2482	-0.5830486	-1.11E-05	4176.867	-0.001525902	7	7	-0.5836966	0	0	0	0	0	0	0	0	0	0	0	0	0	54	0	
2	2483	-0.5827419	-1.10E-05	4177.867	-0.001525902	7	7	-0.5831966	0	0	0	0	0	0	0	0	0	0	0	0	0	54	0	
2	2484	-0.5821285	-1.08E-05	4178.867	-0.001525902	7	7	-0.5826966	0	0	0	0	0	0	0	0	0	0	0	0	0	54	0	
2	2485	-0.5818217	-1.07E-05	4179.867	-0.001525902	7	7	-0.5821966	0	0	0	0	0	0	0	0	0	0	0	0	0	54	0	
2	2486	-0.5812083	-1.06E-05	4180.867	-0.001525902	7	7	-0.5816966	0	0	0	0	0	0	0	0	0	0	0	0	0	54	0	
2	2487	-0.580595	-1.05E-05	4181.867	-0.001525902	7	7	-0.5811966	0	0	0	0	0	0	0	0	0	0	0	0	0	54	0	
2	2488	-0.5802882	-1.04E-05	4182.867	-0.001525902	7	7	-0.5806966	0	0	0	0	0	0	0	0	0	0	0	0	0	54	0	
2	2489	-0.5796748	-1.02E-05	4183.867	-0.001525902	7	7	-0.5801966	0	0	0	0	0	0	0	0	0	0	0	0	0	54	0	
2	2490	-0.5790614	-1.01E-05	4184.867	-0.001525902	7	7	-0.5796966	0	0	0	0	0	0	0	0	0	0	0	0	0	54	0	
2	2491	-0.5787547	-9.97E-06	4185.867	-0.001525902	7	7	-0.5791966	0	0	0	0	0	0	0	0	0	0	0	0	0	54	0	
2	2492	-0.5781413	-9.85E-06	4186.867	-0.001525902	7	7	-0.5786966	0	0	0	0	0	0	0	0	0	0	0	0	0	54	0	
2	2493	-0.5778345	-9.73E-06	4187.867	-0.001525902	7	7	-0.5781966	0	0	0	0	0	0	0	0	0	0	0	0	0	54	0	
2	2494	-0.5772212	-9.63E-06	4188.867	-0.001525902	7	7	-0.5776966	0	0	0	0	0	0	0	0	0	0	0	0	0	54	0	
2	2495	-0.5766078	-9.49E-06	4189.867	-0.001525902	7	7	-0.5771966	0	0	0	0	0	0	0	0	0	0	0	0	0	54	0	
2	2496	-0.576301	-9.37E-06	4190.867	-0.001525902	7	7	-0.5766966	0	0	0	0	0	0	0	0	0	0	0	0	0	54	0	
2	2497	-0.5756876	-9.24E-06	4191.867	-0.001525902	7	7	-0.5761966	0	0	0	0	0	0	0	0	0	0	0	0	0	54	0	
2	2498	-0.5750742	-9.11E-06	4192.867	-0.001525902	7	7	-0.5756966	0	0	0	0	0	0	0	0	0	0	0	0	0	54	0	
2	2499	-0.5747675	-8.99E-06	4193.867	-0.001525902	7	7	-0.5751966	0	0	0	0	0	0	0	0	0	0	0	0	0	54	0	
2	2500	-0.5741541	-8.87E-06	4194.867	-0.001525902	7	7	-0.5746966	0	0	0	0	0	0	0	0	0	0	0	0	0	54	0	
2	2501	-0.5738474	-8.79E-06	4195.867	-0.001525902	7	7	-0.5741966	0	0	0	0	0	0	0	0	0	0	0	0	0	54	0	
2	2502	-0.573234	-8.66E-06	4196.867	-0.001525902	7	7	-0.5736966	0	0	0	0	0	0	0	0	0	0	0	0	0	54	0	
2	2503	-0.5726206	-8.53E-06	4197.867	-0.001525902	7	7	-0.5731966	0	0	0	0	0	0	0	0	0	0	0	0	0	54	0	
2	2504	-0.5723138	-8.41E-06	4198.867	-0.001525902	7	7	-0.5726966	0	0	0	0	0	0	0	0	0	0	0	0	0	54	0	
2	2505	-0.5717005	-8.28E-06	4199.867	-0.001525902	7	7	-0.5721966	0	0	0	0	0	0	0	0	0	0	0	0	0	54	0	
2	2506	-0.571087	-8.15E-06	4200.867	-0.001525902	7	7	-0.5716966	0	0	0	0	0	0	0	0	0	0	0	0	0	54	0	
2	2507	-0.5707803	-8.04E-06	4201.867	-0.001525902	7	7	-0.5711966	0	0	0	0	0	0	0	0	0	0	0	0	0	54	0	
2	2508	-0.5701669	-7.91E-06	4202.867	-0.001525902	7	7	-0.5706966	0	0	0	0	0	0	0	0	0	0	0	0	0	54	0	
2	2509	-0.5695535	-7.78E-06	4203.867	-0.001525902	7	7	-0.5701966	0	0	0	0	0	0	0	0	0	0	0	0	0	54	0	
2	2510	-0.5692468	-7.65E-06	4204.867	-0.001525902	7	7	-0.5696966	0	0	0	0	0	0	0	0	0	0	0	0	0	54	0	
2	2511	-0.5686334	-7.53E-06	4205.867	-0.001525902	7	7	-0.5691966	0	0	0	0	0	0	0	0	0	0	0	0	0	54	0	
2	2512	-0.56802	-7.39E-06	4206.867	-0.001525902	7	7	-0.5686966	0	0	0	0	0	0	0	0	0	0	0	0	0	54	0	
2	2513	-0.5677133	-7.28E-06	4207.867	-0.001525902	7	7	-0.5681966	0	0	0	0	0	0	0	0	0	0	0	0	0	54	0	
2	2514	-0.5670999	-7.14E-06	4208.867	-0.001525902	7	7	-0.5676966	0	0	0	0	0	0	0	0	0	0	0	0	0	54	0	
2	2515	-0.5667931	-7.01E-06	4209.867	-0.001525902	7	7	-0.5671966	0	0	0	0	0	0	0	0	0	0	0	0	0	54	0	
2	2516	-0.5661798	-6.88E-06	4210.867	-0.001525902	7	7	-0.5666966	0	0	0	0	0	0	0	0	0	0	0	0	0	54	0	
2	2517	-0.5655663	-6.74E-06	4211.867	-0.001525902	7	7	-0.5661966	0	0	0	0	0	0	0	0	0	0	0	0	0	54	0	
2	2518	-0.5652596	-6.61E-06	4212.867	-0.001525902	7	7	-0.5656966	0	0	0	0	0	0	0	0	0	0	0	0	0	54	0	
2	2519	-0.5646462	-6.48E-06	4213.867	-0.001525902	7	7	-0.5651966	0	0	0	0	0	0	0	0	0	0	0	0	0	54	0	
2	2520	-0.5643395	-6.36E-06	4214.867	-0.001525902	7	7	-0.5646966	0	0	0	0	0	0	0	0	0	0	0	0	0	54	0	
2	2521	-0.5637261	-6.23E-06	4215.867	-0.001525902	7	7	-0.5641966	0	0	0	0	0	0	0	0	0	0	0	0	0	54	0	
2	2522	-0.5634194	-6.10E-06	4216.867	-0.001525902	7	7	-0.5636966	0	0	0	0	0	0	0	0	0	0	0	0	0	54	0	
2	2523	-0.562806	-5.96E-06	4217.867	-0.001525902	7	7	-0.5631966	0	0	0	0	0	0	0	0	0	0	0	0	0	54	0	
2	2524	-0.5621926	-5.82E-06	4218.867	-0.001525902	7	7	-0.5626966	0	0	0	0	0	0	0	0	0	0	0	0	0	54	0	
2	2525	-0.5618858	-5.69E-06	4219.867	-0.001525902	7	7	-0.5621966	0	0	0	0	0	0	0	0	0	0	0	0	0	54	0	
2	2526	-0.5612724	-5.58E-06	4220.867	-0.001525902	7	7	-0.5616966	0	0	0	0	0	0	0	0	0	0	0	0	0	54	0	
2	2527	-0.560659	-5.44E-06	4221.867	-0.001525902	7	7	-0.5611966	0	0	0	0	0	0	0	0	0	0	0	0	0	54	0	
2	2528	-0.5603523	-5.30E-06	4222.867	-0.001525902	7	7	-0.5606966	0	0	0	0	0	0	0	0	0	0	0	0	0	54	0	
2	2529	-0.5597389	-5.16E-06	4223.867	-0.001525902	7	7	-0.5601966	0	0	0	0	0	0	0	0	0	0	0	0	0	54	0	
2	2530	-0.5591255	-5.02E-06	4224.867	-0.001525902	7	7	-0.5596966	0	0	0	0	0	0	0	0	0	0	0	0	0	54	0	
2	2531	-0.5588188	-4.89E-06	4225.867	-0.001525902	7	7	-0.5591966	0	0	0	0	0	0	0	0	0	0	0	0	0	54	0	
2	2532	-0.5582054	-4.76E-06	4226.867	-0.001525902	7	7	-0.5586966	0	0	0	0	0	0	0	0	0	0	0	0	0	54	0	
2	2533	-0.5578986	-4.65E-06	4227.867	-0.001525902	7	7	-0.5581966	0	0	0	0	0	0	0	0	0	0	0	0	0	54	0	
2	2534	-0.5572852	-4.51E-06	4228.867	-0.001525902	7	7	-0.5576966	0	0	0	0	0	0	0	0	0	0	0	0	0	54	0	
2	2535	-0.5566719	-4.38E-06	4229.867	-0.001525902	7	7	-0.5571966	0	0	0	0	0	0	0	0	0	0	0	0	0	54	0	
2	2536	-0.5563651	-4.24E-06	4230.867	-0.001525902	7	7	-0.5566966	0	0	0	0	0	0	0	0	0	0	0	0	0	54	0	
2	2537	-0.5557517	-4.10E-06	4231.867	-0.001525902	7	7	-0.5561966	0	0	0	0	0	0	0	0	0	0	0	0	0	54	0	
2	2538	-0.5551383	-3.96E-06	4232.867	-0.001525902	7	7	-0.5556966	0	0	0	0	0	0	0	0	0	0	0	0	0	54	0	
2	2539	-0.5548316	-3.85E-06	4233.867	-0.001525902	7	7	-0.5551966	0	0	0	0	0	0	0	0	0	0	0	0	0	54	0	
2	2540	-0.5542182	-3.71E-06	4234.867	-0.001525902	7	7	-0.5546966	0	0	0	0	0	0	0	0	0	0	0	0	0	54	0	
2	2541	-0.5536048	-3.57E-06	4235.867	-0.001525902	7	7	-0.5541966	0	0	0	0	0	0	0	0	0	0	0	0	0	54	0	
2	2542	-0.5532981	-3.44E-06	4236.867	-0.001525902	7	7	-0.5536966	0	0	0	0	0	0	0	0	0	0	0	0	0	54	0	
2	2543	-0.5526847	-3.30E-06	4237.867	-0.001525902	7	7	-0.5531966	0	0	0	0	0	0	0	0	0	0	0	0	0	54	0	
2	2544	-0.5523779	-3.15E-06	4238.867	-0.001525902	7	7	-0.5526966	0	0	0	0	0	0	0	0	0	0	0	0	0	54	0	
2	2545	-0.5517645	-3.02E-06	4239.867	-0.001525902	7	7	-0.5521966	0	0	0	0	0	0	0	0	0	0	0	0	0	54	0	
2	2546	-0.5511511	-2.89E-06	4240.867	-0.001525902	7	7	-0.5516966	0	0	0	0	0	0	0	0	0	0	0	0	0	54	0	
2	2547	-0.5508444	-2.74E-06	4241.867	-0.001525902	7	7	-0.5511966	0	0	0	0	0	0	0	0	0	0	0	0	0	54	0	
2	2548	-0.550231	-2.60E-06	4242.867	-0.001525902	7	7	-0.5506966	0	0	0	0	0	0	0	0	0	0	0	0	0	54	0	
2	2549	-0.5499243	-2.46E-06	4243.867	-0.001525902	7	7	-0.5501966	0	0	0	0	0	0	0	0	0	0	0	0	0	54	0	
2	2550	-0.5493109	-2.31E-06	4244.867	-0.001525902	7	7	-0.5496966	0	0	0	0	0	0	0	0	0	0	0	0	0	54	0	
2	2551	-0.5490042	-2.16E-06	4245.867	-0.001525902	7	7	-0.5491966	0	0	0	0	0	0	0	0	0	0	0	0	0	54	0	
2	2552	-0.5483907	-2.05E-06	4246.867	-0.001525902	7	7	-0.5486966	0	0	0	0	0	0	0	0	0	0	0	0	0	54	0	
2	2553	-0.5477774	-1.90E-06	4247.867	-0.001525902	7	7	-0.5481966	0	0	0	0	0	0	0	0	0	0	0	0	0	54	0	
2	2554	-0.5474706	-1.75E-06	4248.867	-0.001525902	7	7	-0.5476966	0	0	0	0	0	0	0	0	0	0	0	0	0	54	0	
2	2555	-0.5468572	-1.61E-06	4249.867	-0.001525902	7	7	-0.5471966	0	0	0	0	0	0	0	0	0	0	0	0	0	54	0	
2	2556	-0.5462438	-1.46E-06	4250.867	-0.001525902	7	7	-0.5466966	0	0	0	0	0	0	0	0	0	0	0	0	0	54	0	
2	2557	-0.5459371	-1.32E-06	4251.867	-0.001525902	7	7	-0.5461966	0	0	0	0	0	0	0	0	0	0	0	0	0	54	0	
2	2558	-0.5453237	-1.09E-06	4252.867	-0.001525902	8	8	-0.5456966	0	0	0	0	0	0	0	0	0	0	0	0	0	54	0	
2	2559	-0.545017	-1.01E-06	4253.867	-0.001525902	8	8	-0.5451966	0	0	0	0	0	0	0	0	0	0	0	0	0	54	0	
2	2560	-0.5444036	-8.90E-07	4254.867	-0.001525902	8	8	-0.5446966	0	0	0	0	0	0	0	0	0	0	0	0	0	54	0	
2	2561	-0.5437902	-7.54E-07	4255.867	-0.001525902	8	8	-0.5441966	0	0	0	0	0	0	0	0	0	0	0	0	0	54	0	
2	2562	-0.5431768	-6.13E-07	4256.867	-0.001525902	8	8	-0.5436966	0	0	0	0	0	0	0	0	0	0	0	0	0	54	0	
2	2563	-0.54287	-4.71E-07	4257.867	-0.001525902	8	8	-0.5431966	0	0	0	0	0	0	0	0	0	0	0	0	0	54	0	
2	2564	-0.5425633	-3.18E-07	4258.867	-0.001525902	8	8	-0.5426966	0	0	0	0	0	0	0	0	0	0	0	0	0	54	0	
2	2565	-0.5419499	-1.84E-07	4259.867	-0.001525902	8	8	-0.5421966	0	0	0	0	0	0	0	0	0	0	0	0	0	54	0	
2	2566	-0.5416432	-2.74E-08	4260.867	-0.001525902	8	8	-0.5416966	0	0	0	0	0	0	0	0	0	0	0	0	0	54	0	
2	2567	-0.5410298	1.27E-07	4261.867	-0.001525902	8	8	-0.5411966	0	0	0	0	0	0	0	0	0	0	0	0	0	54	0	
2	2568	-0.5404164	2.85E-07	4262.867	-0.001525902	8	8	-0.5406966	0	0	0	0	0	0	0	0	0	0	0	0	0	54	0	
2	2569	-0.5401097	1.35E-07	4263.867	-0.001525902	9	9	-0.5401966	0	0	0	0	0	0	0	0	0	0	0	0	0	54	0	
2	2570	-0.5394963	1.91E-07	4264.867	-0.001525902	9	9	-0.5396966	0	0	0	0	0	0	0	0	0	0	0	0	0	54	0	
2	2571	-0.5388829	7.31E-07	4265.867	-0.001525902	8	8	-0.5391966	0	0	0	0	0	0	0	0	0	0	0	0	0	54	0	
2	2572	-0.5385762	8.50E-07	4266.867	-0.001525902	8	8	-0.5386966	0	0	0	0	0	0	0	0	0	0	0	0	0	54	0	
2	2573	-0.5379627	9.86E-07	4267.867	-0.001525902	8	8	-0.5381966	0	0	0	0	0	0	0	0	0	0	0	0	0	54	0	
2	2574	-0.5373493	1.10E-06	4268.867	-0.001525902	8	8	-0.5376966	0	0	0	0	0	0	0	0	0	0	0	0	0	54	0	
2	2575	-0.5370426	1.22E-06	4269.867	-0.001525902	8	8	-0.5371966	0	0	0	0	0	0	0	0	0	0	0	0	0	54	0	
2	2576	-0.5364292	1.32E-06	4270.867	-0.001525902	8	8	-0.5366966	0	0	0	0	0	0	0	0	0	0	0	0	0	54	0	
2	2577	-0.5358158	1.41E-06	4271.867	-0.001525902	8	520	-0.5361966	0	0	0	0	0	0	0	0	0	0	0	0	0	54	0	
2	2578	-0.5355091	1.47E-06	4272.867	-0.001525902	8	520	-0.5356966	0	0	0	0	0	0	0	0	0	0	0	0	0	54	0	
2	2579	-0.5348957	1.56E-06	4273.867	-0.001525902	8	520	-0.5351966	0	0	0	0	0	0	0	0	0	0	0	0	0	54	0	
2	2580	-0.5342823	1.66E-06	4274.867	-0.001525902	8	520	-0.5346966	0	0	0	0	0	0	0	0	0	0	0	0	0	54	0	
2	2581	-0.5336689	1.74E-06	4275.867	-0.001525902	8	520	-0.5341966	0	0	0	0	0	0	0	0	0	0	0	0	0	54	0	
2	2582	-0.5333622	2.43E-06	4276.867	-0.001525902	7	7	-0.5336966	0	0	0	0	0	0	0	0	0	0	0	0	0	54	0	
2	2583	-0.5327488	2.59E-06	4277.867	-0.001525902	7	7	-0.5331966	0	0	0	0	0	0	0	0	0	0	0	0	0	54	0	
2	2584	-0.532442	2.73E-06	4278.867	-0.001525902	7	7	-0.5326966	0	0	0	0	0	0	0	0	0	0	0	0	0	54	0	
2	2585	-0.5321353	2.89E-06	4279.867	-0.001525902	7	7	-0.5321966	0	0	0	0	0	0	0	0	0	0	0	0	0	54	0	
2	2586	-0.5315219	3.05E-06	4280.867	-0.001525902	7	7	-0.5316966	0	0	0	0	0	0	0	0	0	0	0	0	0	54	0	
2	2587	-0.5309085	3.21E-06	4281.867	-0.001525902	7	7	-0.5311966	0	0	0	0	0	0	0	0	0	0	0	0	0	54	0	
2	2588	-0.5302951	3.37E-06	4282.867	-0.001525902	7	7	-0.5306966	0	0	0	0	0	0	0	0	0	0	0	0	0	54	0	
2	2589	-0.5299884	3.53E-06	4283.867	-0.001525902	7	7	-0.5301966	0	0	0	0	0	0	0	0	0	0	0	0	0	54	0	
2	2590	-0.529375	3.70E-06	4284.867	-0.001525902	7	7	-0.5296966	0	0	0	0	0	0	0	0	0	0	0	0	0	54	0	
2	2591	-0.5290683	3.84E-06	4285.867	-0.001525902	7	7	-0.5291966	0	0	0	0	0	0	0	0	0	0	0	0	0	54	0	
2	2592	-0.5284548	4.00E-06	4286.867	-0.001525902	7	7	-0.5286966	0	0	0	0	0	0	0	0	0	0	0	0	0	54	0	
2	2593	-0.5278414	4.16E-06	4287.867	-0.001525902	7	7	-0.5281966	0	0	0	0	0	0	0	0	0	0	0	0	0	54	0	
2	2594	-0.5275347	4.33E-06	4288.867	-0.001525902	7	7	-0.5276966	0	0	0	0	0	0	0	0	0	0	0	0	0	54	0	
2	2595	-0.5269213	4.49E-06	4289.867	-0.001525902	7	7	-0.5271966	0	0	0	0	0	0	0	0	0	0	0	0	0	54	0	
2	2596	-0.5266146	4.66E-06	4290.867	-0.001525902	7	7	-0.5266966	0	0	0	0	0	0	0	0	0	0	0	0	0	54	0	
2	2597	-0.5260012	4.80E-06	4291.867	-0.001525902	7	7	-0.5261966	0	0	0	0	0	0	0	0	0	0	0	0	0	54	0	
2	2598	-0.5253878	4.97E-06	4292.867	-0.001525902	7	7	-0.5256966	0	0	0	0	0	0	0	0	0	0	0	0	0	54	0	
2	2599	-0.5250811	5.14E-06	4293.867	-0.001525902	7	7	-0.5251966	0	0	0	0	0	0	0	0	0	0	0	0	0	54	0	
2	2600	-0.5244676	5.31E-06	4294.867	-0.001525902	7	7	-0.5246966	0	0	0	0	0	0	0	0	0	0	0	0	0	54	0	
2	2601	-0.5238543	5.47E-06	4295.867	-0.001525902	7	7	-0.5241966	0	0	0	0	0	0	0	0	0	0	0	0	0	54	0	
2	2602	-0.5235475	5.64E-06	4296.867	-0.001525902	7	7	-0.5236966	0	0	0	0	0	0	0	0	0	0	0	0	0	54	0	
2	2603	-0.5229341	5.80E-06	4297.867	-0.001525902	7	7	-0.5231966	0	0	0	0	0	0	0	0	0	0	0	0	0	54	0	
2	2604	-0.5223207	5.95E-06	4298.867	-0.001525902	7	7	-0.5226966	0	0	0	0	0	0	0	0	0	0	0	0	0	54	0	
2	2605	-0.522014	6.12E-06	4299.867	-0.001525902	7	7	-0.5221966	0	0	0	0	0	0	0	0	0	0	0	0	0	54	0	
2	2606	-0.5214006	6.29E-06	4300.867	-0.001525902	7	7	-0.5216966	0	0	0	0	0	0	0	0	0	0	0	0	0	54	0	
2	2607	-0.5207872	6.46E-06	4301.867	-0.001525902	7	7	-0.5211966	0	0	0	0	0	0	0	0	0	0	0	0	0	54	0	
2	2608	-0.5204805	6.63E-06	4302.867	-0.001525902	7	7	-0.5206966	0	0	0	0	0	0	0	0	0	0	0	0	0	54	0	
2	2609	-0.5198671	6.79E-06	4303.867	-0.001525902	7	7	-0.5201966	0	0	0	0	0	0	0	0	0	0	0	0	0	54	0	
2	2610	-0.5195603	6.94E-06	4304.867	-0.001525902	7	7	-0.5196966	0	0	0	0	0	0	0	0	0	0	0	0	0	54	0	
2	2611	-0.5189469	7.11E-06	4305.867	-0.001525902	7	7	-0.5191966	0	0	0	0	0	0	0	0	0	0	0	0	0	54	0	
2	2612	-0.5186402	7.28E-06	4306.867	-0.001525902	7	7	-0.5186966	0	0	0	0	0	0	0	0	0	0	0	0	0	54	0	
2	2613	-0.5180268	7.45E-06	4307.867	-0.001525902	7	7	-0.5181966	0	0	0	0	0	0	0	0	0	0	0	0	0	54	0	
2	2614	-0.5174134	7.61E-06	4308.867	-0.001525902	7	7	-0.5176966	0	0	0	0	0	0	0	0	0	0	0	0	0	54	0	
2	2615	-0.5171067	7.78E-06	4309.867	-0.001525902	7	7	-0.5171966	0	0	0	0	0	0	0	0	0	0	0	0	0	54	0	
2	2616	-0.5164933	7.95E-06	4310.867	-0.001525902	7	7	-0.5166966	0	0	0	0	0	0	0	0	0	0	0	0	0	54	0	
2	2617	-0.5158799	8.11E-06	4311.867	-0.001525902	7	7	-0.5161966	0	0	0	0	0	0	0	0	0	0	0	0	0	54	0	
2	2618	-0.5155732	8.29E-06	4312.867	-0.001525902	7	7	-0.5156966	0	0	0	0	0	0	0	0	0	0	0	0	0	54	0	
2	2619	-0.5149598	8.47E-06	4313.867	-0.001525902	7	7	-0.5151966	0	0	0	0	0	0	0	0	0	0	0	0	0	54	0	
2	2620	-0.5146531	8.64E-06	4314.867	-0.001525902	7	7	-0.5146966	0	0	0	0	0	0	0	0	0	0	0	0	0	54	0	
2	2621	-0.5140396	8.82E-06	4315.867	-0.001525902	7	7	-0.5141966	0	0	0	0	0	0	0	0	0	0	0	0	0	54	0	
2	2622	-0.5134262	9.00E-06	4316.867	-0.001525902	7	7	-0.5136966	0	0	0	0	0	0	0	0	0	0	0	0	0	54	0	
2	2623	-0.5131195	9.15E-06	4317.867	-0.001525902	7	7	-0.5131966	0	0	0	0	0	0	0	0	0	0	0	0	0	54	0	
2	2624	-0.5125061	9.32E-06	4318.867	-0.001525902	7	7	-0.5126966	0	0	0	0	0	0	0	0	0	0	0	0	0	54	0	
2	2625	-0.5118927	9.50E-06	4319.867	-0.001525902	7	7	-0.5121966	0	0	0	0	0	0	0	0	0	0	0	0	0	54	0	
2	2626	-0.511586	9.67E-06	4320.867	-0.001525902	7	7	-0.5116966	0	0	0	0	0	0	0	0	0	0	0	0	0	54	0	
2	2627	-0.5109726	9.85E-06	4321.867	-0.001525902	7	7	-0.5111966	0	0	0	0	0	0	0	0	0	0	0	0	0	54	0	
2	2628	-0.5103592	1.00E-05	4322.867	-0.001525902	7	7	-0.5106966	0	0	0	0	0	0	0	0	0	0	0	0	0	54	0	
2	2629	-0.5100524	1.02E-05	4323.867	-0.001525902	7	7	-0.5101966	0	0	0	0	0	0	0	0	0	0	0	0	0	54	0	
2	2630	-0.5094391	1.04E-05	4324.867	-0.001525902	7	7	-0.5096966	0	0	0	0	0	0	0	0	0	0	0	0	0	54	0	
2	2631	-0.5088257	1.05E-05	4325.867	-0.001525902	7	7	-0.5091966	0	0	0	0	0	0	0	0	0	0	0	0	0	54	0	
2	2632	-0.5085189	1.07E-05	4326.867	-0.001525902	7	7	-0.5086966	0	0	0	0	0	0	0	0	0	0	0	0	0	54	0	
2	2633	-0.5079055	1.09E-05	4327.867	-0.001525902	7	7	-0.5081966	0	0	0	0	0	0	0	0	0	0	0	0	0	54	0	
2	2634	-0.5075988	1.11E-05	4328.867	-0.001525902	7	7	-0.5076966	0	0	0	0	0	0	0	0	0	0	0	0	0	54	0	
2	2635	-0.5069854	1.13E-05	4329.867	-0.001525902	7	7	-0.5071966	0	0	0	0	0	0	0	0	0	0	0	0	0	54	0	
2	2636	-0.506372	1.14E-05	4330.867	-0.001525902	7	7	-0.5066966	0	0	0	0	0	0	0	0	0	0	0	0	0	54	0	
2	2637	-0.5060653	1.16E-05	4331.867	-0.001525902	7	7	-0.5061966	0	0	0	0	0	0	0	0	0	0	0	0	0	54	0	
2	2638	-0.5054519	1.18E-05	4332.867	-0.001525902	7	7	-0.5056966	0	0	0	0	0	0	0	0	0	0	0	0	0	54	0	
2	2639	-0.5048385	1.20E-05	4333.867	-0.001525902	7	7	-0.5051966	0	0	0	0	0	0	0	0	0	0	0	0	0	54	0	
2	2640	-0.5045317	1.22E-05	4334.867	-0.001525902	7	7	-0.5046966	0	0	0	0	0	0	0	0	0	0	0	0	0	54	0	
2	2641	-0.5039183	1.24E-05	4335.867	-0.001525902	7	7	-0.5041966	0	0	0	0	0	0	0	0	0	0	0	0	0	54	0	
2	2642	-0.503305	1.26E-05	4336.867	-0.001525902	7	7	-0.5036966	0	0	0	0	0	0	0	0	0	0	0	0	0	54	0	
2	2643	-0.5029982	1.27E-05	4337.867	-0.001525902	7	7	-0.5031966	0	0	0	0	0	0	0	0	0	0	0	0	0	54	0	
2	2644	-0.5026915	1.29E-05	4338.867	-0.001525902	7	7	-0.5026966	0	0	0	0	0	0	0	0	0	0	0	0	0	54	0	
2	2645	-0.5020781	1.31E-05	4339.867	-0.001525902	7	7	-0.5021966	0	0	0	0	0	0	0	0	0	0	0	0	0	54	0	
2	2646	-0.5014647	1.33E-05	4340.867	-0.001525902	7	7	-0.5016966	0	0	0	0	0	0	0	0	0	0	0	0	0	54	0	
2	2647	-0.5008513	1.35E-05	4341.867	-0.001525902	7	7	-0.5011966	0	0	0	0	0	0	0	0	0	0	0	0	0	54	0	
2	2648	-0.5005445	1.37E-05	4342.867	-0.001525902	7	7	-0.5006966	0	0	0	0	0	0	0	0	0	0	0	0	0	54	0	
2	2649	-0.4999312	1.38E-05	4343.867	-0.001525902	7	7	-0.5001966	0	0	0	0	0	0	0	0	0	0	0	0	0	54	0	
2	2650	-0.4996245	1.40E-05	4344.867	-0.001525902	7	7	-0.4996966	0	0	0	0	0	0	0	0	0	0	0	0	0	54	0	
2	2651	-0.499011	1.42E-05	4345.867	-0.001525902	7	7	-0.4991966	0	0	0	0	0	0	0	0	0	0	0	0	0	54	0	
2	2652	-0.4983976	1.44E-05	4346.867	-0.001525902	7	7	-0.4986966	0	0	0	0	0	0	0	0	0	0	0	0	0	54	0	
2	2653	-0.4977842	1.46E-05	4347.867	-0.001525902	7	7	-0.4981966	0	0	0	0	0	0	0	0	0	0	0	0	0	54	0	
2	2654	-0.4974775	1.48E-05	4348.867	-0.001525902	7	7	-0.4976966	0	0	0	0	0	0	0	0	0	0	0	0	0	54	0	
2	2655	-0.4968641	1.50E-05	4349.867	-0.001525902	7	7	-0.4971966	0	0	0	0	0	0	0	0	0	0	0	0	0	54	0	
2	2656	-0.4965574	1.52E-05	4350.867	-0.001525902	7	7	-0.4966966	0	0	0	0	0	0	0	0	0	0	0	0	0	54	0	
2	2657	-0.495944	1.54E-05	4351.867	-0.001525902	7	7	-0.4961966	0	0	0	0	0	0	0	0	0	0	0	0	0	54	0	
2	2658	-0.4956373	1.56E-05	4352.867	-0.001525902	7	7	-0.4956966	0	0	0	0	0	0	0	0	0	0	0	0	0	54	0	
2	2659	-0.4950238	1.58E-05	4353.867	-0.001525902	7	7	-0.4951966	0	0	0	0	0	0	0	0	0	0	0	0	0	54	0	
2	2660	-0.4944105	1.60E-05	4354.867	-0.001525902	7	7	-0.4946966	0	0	0	0	0	0	0	0	0	0	0	0	0	54	0	
2	2661	-0.493797	1.62E-05	4355.867	-0.001525902	7	7	-0.4941966	0	0	0	0	0	0	0	0	0	0	0	0	0	54	0	
2	2662	-0.4934903	1.64E-05	4356.867	-0.001525902	7	7	-0.4936966	0	0	0	0	0	0	0	0	0	0	0	0	0	54	0	
2	2663	-0.4928769	1.66E-05	4357.867	-0.001525902	7	7	-0.4931966	0	0	0	0	0	0	0	0	0	0	0	0	0	54	0	
2	2664	-0.4922635	1.68E-05	4358.867	-0.001525902	7	7	-0.4926966	0	0	0	0	0	0	0	0	0	0	0	0	0	54	0	
2	2665	-0.4919568	1.70E-05	4359.867	-0.001525902	7	7	-0.4921966	0	0	0	0	0	0	0	0	0	0	0	0	0	54	0	
2	2666	-0.4916501	1.72E-05	4360.867	-0.001525902	7	7	-0.4916966	0	0	0	0	0	0	0	0	0	0	0	0	0	54	0	
2	2667	-0.4910367	1.74E-05	4361.867	-0.001525902	7	7	-0.4911966	0	0	0	0	0	0	0	0	0	0	0	0	0	54	0	
2	2668	-0.4904233	1.76E-05	4362.867	-0.001525902	7	7	-0.4906966	0	0	0	0	0	0	0	0	0	0	0	0	0	54	0	
2	2669	-0.4901166	1.78E-05	4363.867	-0.001525902	7	7	-0.4901966	0	0	0	0	0	0	0	0	0	0	0	0	0	54	0	
2	2670	-0.4895031	1.80E-05	4364.867	-0.001525902	7	7	-0.4896966	0	0	0	0	0	0	0	0	0	0	0	0	0	54	0	
2	2671	-0.4888897	1.82E-05	4365.867	-0.001525902	7	7	-0.4891966	0	0	0	0	0	0	0	0	0	0	0	0	0	54	0	
2	2672	-0.488583	1.84E-05	4366.867	-0.001525902	7	7	-0.4886966	0	0	0	0	0	0	0	0	0	0	0	0	0	54	0	
2	2673	-0.4879696	1.86E-05	4367.867	-0.001525902	7	7	-0.4881966	0	0	0	0	0	0	0	0	0	0	0	0	0	54	0	
2	2674	-0.4873562	1.88E-05	4368.867	-0.001525902	7	7	-0.4876966	0	0	0	0	0	0	0	0	0	0	0	0	0	54	0	
2	2675	-0.4870495	1.90E-05	4369.867	-0.001525902	6	6	-0.4871966	0	0	0	0	0	0	0	0	0	0	0	0	0	54	0	
2	2676	-0.4864361	1.92E-05	4370.867	-0.001525902	6	6	-0.4866966	0	0	0	0	0	0	0	0	0	0	0	0	0	54	0	
2	2677	-0.4858227	1.94E-05	4371.867	-0.001525902	6	6	-0.4861966	0	0	0	0	0	0	0	0	0	0	0	0	0	54	0	
2	2678	-0.485516	1.96E-05	4372.867	-0.001525902	6	6	-0.4856966	0	0	0	0	0	0	0	0	0	0	0	0	0	54	0	
2	2679	-0.4849026	1.98E-05	4373.867	-0.001525902	6	6	-0.4851966	0	0	0	0	0	0	0	0	0	0	0	0	0	54	0	
2	2680	-0.4845958	2.01E-05	4374.867	-0.001525902	6	6	-0.4846966	0	0	0	0	0	0	0	0	0	0	0	0	0	54	0	
2	2681	-0.4839824	2.03E-05	4375.867	-0.001525902	6	6	-0.4841966	0	0	0	0	0	0	0	0	0	0	0	0	0	54	0	
2	2682	-0.483369	2.05E-05	4376.867	-0.001525902	6	6	-0.4836966	0	0	0	0	0	0	0	0	0	0	0	0	0	54	0	
2	2683	-0.4830623	2.07E-05	4377.867	-0.001525902	6	6	-0.4831966	0	0	0	0	0	0	0	0	0	0	0	0	0	54	0	
2	2684	-0.4824489	2.09E-05	4378.867	-0.001525902	6	6	-0.4826966	0	0	0	0	0	0	0	0	0	0	0	0	0	54	0	
2	2685	-0.4818355	2.11E-05	4379.867	-0.001525902	6	6	-0.4821966	0	0	0	0	0	0	0	0	0	0	0	0	0	54	0	
2	2686	-0.4815288	2.13E-05	4380.867	-0.001525902	6	6	-0.4816966	0	0	0	0	0	0	0	0	0	0	0	0	0	54	0	
2	2687	-0.4809154	2.16E-05	4381.867	-0.001525902	6	6	-0.4811966	0	0	0	0	0	0	0	0	0	0	0	0	0	54	0	
2	2688	-0.4806087	2.17E-05	4382.867	-0.001525902	6	6	-0.4806966	0	0	0	0	0	0	0	0	0	0	0	0	0	54	0	
2	2689	-0.4799953	2.20E-05	4383.867	-0.001525902	6	6	-0.4801966	0	0	0	0	0	0	0	0	0	0	0	0	0	54	0	
2	2690	-0.4793818	2.22E-05	4384.867	-0.001525902	6	6	-0.4796966	0	0	0	0	0	0	0	0	0	0	0	0	0	54	0	
2	2691	-0.4790751	2.24E-05	4385.867	-0.001525902	6	6	-0.4791966	0	0	0	0	0	0	0	0	0	0	0	0	0	54	0	
2	2692	-0.4784617	2.26E-05	4386.867	-0.001525902	6	6	-0.4786966	0	0	0	0	0	0	0	0	0	0	0	0	0	54	0	
2	2693	-0.478155	2.29E-05	4387.867	-0.001525902	6	6	-0.4781966	0	0	0	0	0	0	0	0	0	0	0	0	0	54	0	
2	2694	-0.4775416	2.31E-05	4388.867	-0.001525902	6	6	-0.4776966	0	0	0	0	0	0	0	0	0	0	0	0	0	54	0	
2	2695	-0.4769282	2.33E-05	4389.867	-0.001525902	6	6	-0.4771966	0	0	0	0	0	0	0	0	0	0	0	0	0	54	0	
2	2696	-0.4766215	2.35E-05	4390.867	-0.001525902	6	6	-0.4766966	0	0	0	0	0	0	0	0	0	0	0	0	0	54	0	
2	2697	-0.4760081	2.37E-05	4391.867	-0.001525902	6	6	-0.4761966	0	0	0	0	0	0	0	0	0	0	0	0	0	54	0	
2	2698	-0.4753947	2.40E-05	4392.867	-0.001525902	6	6	-0.4756966	0	0	0	0	0	0	0	0	0	0	0	0	0	54	0	
2	2699	-0.4747812	2.42E-05	4393.867	-0.001525902	6	6	-0.4751966	0	0	0	0	0	0	0	0	0	0	0	0	0	54	0	
2	2700	-0.4744745	2.44E-05	4394.867	-0.001525902	6	6	-0.4746966	0	0	0	0	0	0	0	0	0	0	0	0	0	54	0	
2	2701	-0.4738611	2.46E-05	4395.867	-0.001525902	6	6	-0.4741966	0	0	0	0	0	0	0	0	0	0	0	0	0	54	0	
2	2702	-0.4735544	2.49E-05	4396.867	-0.001525902	6	6	-0.4736966	0	0	0	0	0	0	0	0	0	0	0	0	0	54	0	
2	2703	-0.472941	2.51E-05	4397.867	-0.001525902	6	6	-0.4731966	0	0	0	0	0	0	0	0	0	0	0	0	0	54	0	
2	2704	-0.4726343	2.53E-05	4398.867	-0.001525902	6	6	-0.4726966	0	0	0	0	0	0	0	0	0	0	0	0	0	54	0	
2	2705	-0.4720209	2.56E-05	4399.867	-0.001525902	6	6	-0.4721966	0	0	0	0	0	0	0	0	0	0	0	0	0	54	0	
2	2706	-0.4714075	2.58E-05	4400.867	-0.001525902	6	6	-0.4716966	0	0	0	0	0	0	0	0	0	0	0	0	0	54	0	
2	2707	-0.4711008	2.60E-05	4401.867	-0.001525902	6	6	-0.4711966	0	0	0	0	0	0	0	0	0	0	0	0	0	54	0	
2	2708	-0.4704874	2.62E-05	4402.867	-0.001525902	6	6	-0.4706966	0	0	0	0	0	0	0	0	0	0	0	0	0	54	0	
2	2709	-0.4698739	2.65E-05	4403.867	-0.001525902	6	6	-0.4701966	0	0	0	0	0	0	0	0	0	0	0	0	0	54	0	
2	2710	-0.4695672	2.67E-05	4404.867	-0.001525902	6	6	-0.4696966	0	0	0	0	0	0	0	0	0	0	0	0	0	54	0	
2	2711	-0.4689538	2.70E-05	4405.867	-0.001525902	6	6	-0.4691966	0	0	0	0	0	0	0	0	0	0	0	0	0	54	0	
2	2712	-0.4683404	2.72E-05	4406.867	-0.001525902	6	6	-0.4686966	0	0	0	0	0	0	0	0	0	0	0	0	0	54	0	
2	2713	-0.4680337	2.74E-05	4407.867	-0.001525902	6	6	-0.4681966	0	0	0	0	0	0	0	0	0	0	0	0	0	54	0	
2	2714	-0.4674203	2.77E-05	4408.867	-0.001525902	6	6	-0.4676966	0	0	0	0	0	0	0	0	0	0	0	0	0	54	0	
2	2715	-0.4668069	2.79E-05	4409.867	-0.001525902	6	6	-0.4671966	0	0	0	0	0	0	0	0	0	0	0	0	0	54	0	
2	2716	-0.4665002	2.82E-05	4410.867	-0.001525902	6	6	-0.4666966	0	0	0	0	0	0	0	0	0	0	0	0	0	54	0	
2	2717	-0.4658867	2.84E-05	4411.867	-0.001525902	6	6	-0.4661966	0	0	0	0	0	0	0	0	0	0	0	0	0	54	0	
2	2718	-0.46558	2.87E-05	4412.867	-0.001525902	6	6	-0.4656966	0	0	0	0	0	0	0	0	0	0	0	0	0	54	0	
2	2719	-0.4649666	2.89E-05	4413.867	-0.001525902	6	6	-0.4651966	0	0	0	0	0	0	0	0	0	0	0	0	0	54	0	
2	2720	-0.4646599	2.92E-05	4414.867	-0.001525902	6	6	-0.4646966	0	0	0	0	0	0	0	0	0	0	0	0	0	54	0	
2	2721	-0.4640465	2.94E-05	4415.867	-0.001525902	6	6	-0.4641966	0	0	0	0	0	0	0	0	0	0	0	0	0	54	0	
2	2722	-0.4634331	2.97E-05	4416.867	-0.001525902	6	6	-0.4636966	0	0	0	0	0	0	0	0	0	0	0	0	0	54	0	
2	2723	-0.4628197	2.99E-05	4417.867	-0.001525902	6	6	-0.4631966	0	0	0	0	0	0	0	0	0	0	0	0	0	54	0	
2	2724	-0.462513	3.02E-05	4418.867	-0.001525902	6	6	-0.4626966	0	0	0	0	0	0	0	0	0	0	0	0	0	54	0	
2	2725	-0.4618996	3.05E-05	4419.867	-0.001525902	6	6	-0.4621966	0	0	0	0	0	0	0	0	0	0	0	0	0	54	0	
2	2726	-0.4615929	3.07E-05	4420.867	-0.001525902	6	6	-0.4616966	0	0	0	0	0	0	0	0	0	0	0	0	0	54	0	
2	2727	-0.4609795	3.10E-05	4421.867	-0.001525902	6	6	-0.4611966	0	0	0	0	0	0	0	0	0	0	0	0	0	54	0	
2	2728	-0.460366	3.13E-05	4422.867	-0.001525902	6	6	-0.4606966	0	0	0	0	0	0	0	0	0	0	0	0	0	54	0	
2	2729	-0.4600593	3.15E-05	4423.867	-0.001525902	6	6	-0.4601966	0	0	0	0	0	0	0	0	0	0	0	0	0	54	0	
2	2730	-0.4594459	3.18E-05	4424.867	-0.001525902	6	6	-0.4596966	0	0	0	0	0	0	0	0	0	0	0	0	0	54	0	
2	2731	-0.4591392	3.21E-05	4425.867	-0.001525902	6	6	-0.4591966	0	0	0	0	0	0	0	0	0	0	0	0	0	54	0	
2	2732	-0.4585258	3.24E-05	4426.867	-0.001525902	6	6	-0.4586966	0	0	0	0	0	0	0	0	0	0	0	0	0	54	0	
2	2733	-0.4579124	3.26E-05	4427.867	-0.001525902	6	6	-0.4581966	0	0	0	0	0	0	0	0	0	0	0	0	0	54	0	
2	2734	-0.4576057	3.29E-05	4428.867	-0.001525902	6	6	-0.4576966	0	0	0	0	0	0	0	0	0	0	0	0	0	54	0	
2	2735	-0.4569923	3.32E-05	4429.867	-0.001525902	6	6	-0.4571966	0	0	0	0	0	0	0	0	0	0	0	0	0	54	0	
2	2736	-0.4563788	3.35E-05	4430.867	-0.001525902	6	6	-0.4566966	0	0	0	0	0	0	0	0	0	0	0	0	0	54	0	
2	2737	-0.4560722	3.37E-05	4431.867	-0.001525902	6	6	-0.4561966	0	0	0	0	0	0	0	0	0	0	0	0	0	54	0	
2	2738	-0.4554587	3.40E-05	4432.867	-0.001525902	6	6	-0.4556966	0	0	0	0	0	0	0	0	0	0	0	0	0	54	0	
2	2739	-0.4548453	3.43E-05	4433.867	-0.001525902	6	6	-0.4551966	0	0	0	0	0	0	0	0	0	0	0	0	0	54	0	
2	2740	-0.4545386	3.46E-05	4434.867	-0.001525902	6	6	-0.4546966	0	0	0	0	0	0	0	0	0	0	0	0	0	54	0	
2	2741	-0.4539252	3.49E-05	4435.867	-0.001525902	6	6	-0.4541966	0	0	0	0	0	0	0	0	0	0	0	0	0	54	0	
2	2742	-0.4536185	3.52E-05	4436.867	-0.001525902	6	6	-0.4536966	0	0	0	0	0	0	0	0	0	0	0	0	0	54	0	
2	2743	-0.4530051	3.55E-05	4437.867	-0.001525902	6	6	-0.4531966	0	0	0	0	0	0	0	0	0	0	0	0	0	54	0	
2	2744	-0.4523917	3.58E-05	4438.867	-0.001525902	6	6	-0.4526966	0	0	0	0	0	0	0	0	0	0	0	0	0	54	0	
2	2745	-0.452085	3.61E-05	4439.867	-0.001525902	6	6	-0.4521966	0	0	0	0	0	0	0	0	0	0	0	0	0	54	0	
2	2746	-0.4514716	3.64E-05	4440.867	-0.001525902	6	6	-0.4516966	0	0	0	0	0	0	0	0	0	0	0	0	0	54	0	
2	2747	-0.4508581	3.67E-05	4441.867	-0.001525902	6	6	-0.4511966	0	0	0	0	0	0	0	0	0	0	0	0	0	54	0	
2	2748	-0.4505515	3.71E-05	4442.867	-0.001525902	6	6	-0.4506966	0	0	0	0	0	0	0	0	0	0	0	0	0	54	0	
2	2749	-0.449938	3.74E-05	4443.867	-0.001525902	6	6	-0.4501966	0	0	0	0	0	0	0	0	0	0	0	0	0	54	0	
2	2750	-0.4496313	3.77E-05	4444.867	-0.001525902	6	6	-0.4496966	0	0	0	0	0	0	0	0	0	0	0	0	0	54	0	
2	2751	-0.4490179	3.81E-05	4445.867	-0.001525902	6	6	-0.4491966	0	0	0	0	0	0	0	0	0	0	0	0	0	54	0	
2	2752	-0.4484045	3.84E-05	4446.867	-0.001525902	6	6	-0.4486966	0	0	0	0	0	0	0	0	0	0	0	0	0	54	0	
2	2753	-0.4480978	3.87E-05	4447.867	-0.001525902	6	6	-0.4481966	0	0	0	0	0	0	0	0	0	0	0	0	0	54	0	
2	2754	-0.4474844	3.90E-05	4448.867	-0.001525902	6	6	-0.4476966	0	0	0	0	0	0	0	0	0	0	0	0	0	54	0	
2	2755	-0.4471777	3.94E-05	4449.867	-0.001525902	6	6	-0.4471966	0	0	0	0	0	0	0	0	0	0	0	0	0	54	0	
2	2756	-0.4465643	3.97E-05	4450.867	-0.001525902	6	6	-0.4466966	0	0	0	0	0	0	0	0	0	0	0	0	0	54	0	
2	2757	-0.4459508	4.01E-05	4451.867	-0.001525902	6	6	-0.4461966	0	0	0	0	0	0	0	0	0	0	0	0	0	54	0	
2	2758	-0.4453374	4.05E-05	4452.867	-0.001525902	6	6	-0.4456966	0	0	0	0	0	0	0	0	0	0	0	0	0	54	0	
2	2759	-0.4450307	4.08E-05	4453.867	-0.001525902	6	6	-0.4451966	0	0	0	0	0	0	0	0	0	0	0	0	0	54	0	
2	2760	-0.4444173	4.11E-05	4454.867	-0.001525902	6	6	-0.4446966	0	0	0	0	0	0	0	0	0	0	0	0	0	54	0	
2	2761	-0.4441106	4.15E-05	4455.867	-0.001525902	6	6	-0.4441966	0	0	0	0	0	0	0	0	0	0	0	0	0	54	0	
2	2762	-0.4434972	4.19E-05	4456.867	-0.001525902	6	6	-0.4436966	0	0	0	0	0	0	0	0	0	0	0	0	0	54	0	
2	2763	-0.4428838	4.23E-05	4457.867	-0.001525902	6	6	-0.4431966	0	0	0	0	0	0	0	0	0	0	0	0	0	54	0	
2	2764	-0.4425771	4.26E-05	4458.867	-0.001525902	6	6	-0.4426966	0	0	0	0	0	0	0	0	0	0	0	0	0	54	0	
2	2765	-0.4419637	4.30E-05	4459.867	-0.001525902	6	6	-0.4421966	0	0	0	0	0	0	0	0	0	0	0	0	0	54	0	
2	2766	-0.4416569	4.34E-05	4460.867	-0.001525902	6	6	-0.4416966	0	0	0	0	0	0	0	0	0	0	0	0	0	54	0	
2	2767	-0.4410436	4.38E-05	4461.867	-0.001525902	6	6	-0.4411966	0	0	0	0	0	0	0	0	0	0	0	0	0	54	0	
2	2768	-0.4404301	4.42E-05	4462.867	-0.001525902	6	6	-0.4406966	0	0	0	0	0	0	0	0	0	0	0	0	0	54	0	
2	2769	-0.4401234	4.46E-05	4463.867	-0.001525902	6	6	-0.4401966	0	0	0	0	0	0	0	0	0	0	0	0	0	54	0	
2	2770	-0.43951	4.50E-05	4464.867	-0.001525902	6	6	-0.4396966	0	0	0	0	0	0	0	0	0	0	0	0	0	54	0	
2	2771	-0.4388966	4.54E-05	4465.867	-0.001525902	6	6	-0.4391966	0	0	0	0	0	0	0	0	0	0	0	0	0	54	0	
2	2772	-0.4385899	4.57E-05	4466.867	-0.001525902	6	6	-0.4386966	0	0	0	0	0	0	0	0	0	0	0	0	0	54	0	
2	2773	-0.4379765	4.62E-05	4467.867	-0.001525902	6	6	-0.4381966	0	0	0	0	0	0	0	0	0	0	0	0	0	54	0	
2	2774	-0.4376698	4.66E-05	4468.867	-0.001525902	6	6	-0.4376966	0	0	0	0	0	0	0	0	0	0	0	0	0	54	0	
2	2775	-0.4370564	4.70E-05	4469.867	-0.001525902	6	6	-0.4371966	0	0	0	0	0	0	0	0	0	0	0	0	0	54	0	
2	2776	-0.4364429	4.74E-05	4470.867	-0.001525902	6	6	-0.4366966	0	0	0	0	0	0	0	0	0	0	0	0	0	54	0	
2	2777	-0.4361362	4.79E-05	4471.867	-0.001525902	6	6	-0.4361966	0	0	0	0	0	0	0	0	0	0	0	0	0	54	0	
2	2778	-0.4355228	4.83E-05	4472.867	-0.001525902	6	6	-0.4356966	0	0	0	0	0	0	0	0	0	0	0	0	0	54	0	
2	2779	-0.4349094	4.87E-05	4473.867	-0.001525902	6	6	-0.4351966	0	0	0	0	0	0	0	0	0	0	0	0	0	54	0	
2	2780	-0.4346027	4.91E-05	4474.867	-0.001525902	6	6	-0.4346966	0	0	0	0	0	0	0	0	0	0	0	0	0	54	0	
2	2781	-0.4339893	4.96E-05	4475.867	-0.001525902	6	6	-0.4341966	0	0	0	0	0	0	0	0	0	0	0	0	0	54	0	
2	2782	-0.4333759	5.00E-05	4476.867	-0.001525902	6	6	-0.4336966	0	0	0	0	0	0	0	0	0	0	0	0	0	54	0	
2	2783	-0.4330692	5.05E-05	4477.867	-0.001525902	6	6	-0.4331966	0	0	0	0	0	0	0	0	0	0	0	0	0	54	0	
2	2784	-0.4324558	5.09E-05	4478.867	-0.001525902	6	6	-0.4326966	0	0	0	0	0	0	0	0	0	0	0	0	0	54	0	
2	2785	-0.4318424	5.14E-05	4479.867	-0.001525902	6	6	-0.4321966	0	0	0	0	0	0	0	0	0	0	0	0	0	54	0	
2	2786	-0.4315356	5.19E-05	4480.867	-0.001525902	6	6	-0.4316966	0	0	0	0	0	0	0	0	0	0	0	0	0	54	0	
2	2787	-0.4309222	5.23E-05	4481.867	-0.001525902	6	6	-0.4311966	0	0	0	0	0	0	0	0	0	0	0	0	0	54	0	
2	2788	-0.4306155	5.28E-05	4482.867	-0.001525902	6	6	-0.4306966	0	0	0	0	0	0	0	0	0	0	0	0	0	54	0	
2	2789	-0.4300021	5.33E-05	4483.867	-0.001525902	6	6	-0.4301966	0	0	0	0	0	0	0	0	0	0	0	0	0	54	0	
2	2790	-0.4293887	5.38E-05	4484.867	-0.001525902	6	6	-0.4296966	0	0	0	0	0	0	0	0	0	0	0	0	0	54	0	
2	2791	-0.429082	5.42E-05	4485.867	-0.001525902	6	6	-0.4291966	0	0	0	0	0	0	0	0	0	0	0	0	0	54	0	
2	2792	-0.4284686	5.47E-05	4486.867	-0.001525902	6	6	-0.4286966	0	0	0	0	0	0	0	0	0	0	0	0	0	54	0	
2	2793	-0.4278552	5.52E-05	4487.867	-0.001525902	6	6	-0.4281966	0	0	0	0	0	0	0	0	0	0	0	0	0	54	0	
2	2794	-0.4275485	5.57E-05	4488.867	-0.001525902	6	6	-0.4276966	0	0	0	0	0	0	0	0	0	0	0	0	0	54	0	
2	2795	-0.426935	5.62E-05	4489.867	-0.001525902	6	6	-0.4271966	0	0	0	0	0	0	0	0	0	0	0	0	0	54	0	
2	2796	-0.4266284	5.68E-05	4490.867	-0.001525902	6	6	-0.4266966	0	0	0	0	0	0	0	0	0	0	0	0	0	54	0	
2	2797	-0.4260149	5.73E-05	4491.867	-0.001525902	6	6	-0.4261966	0	0	0	0	0	0	0	0	0	0	0	0	0	54	0	
2	2798	-0.4254015	5.78E-05	4492.867	-0.001525902	6	6	-0.4256966	0	0	0	0	0	0	0	0	0	0	0	0	0	54	0	
2	2799	-0.4250948	5.83E-05	4493.867	-0.001525902	6	6	-0.4251966	0	0	0	0	0	0	0	0	0	0	0	0	0	54	0	
2	2800	-0.4244814	5.89E-05	4494.867	-0.001525902	6	6	-0.4246966	0	0	0	0	0	0	0	0	0	0	0	0	0	54	0	
2	2801	-0.423868	5.94E-05	4495.867	-0.001525902	6	6	-0.4241966	0	0	0	0	0	0	0	0	0	0	0	0	0	54	0	
2	2802	-0.4235613	5.99E-05	4496.867	-0.001525902	6	6	-0.4236966	0	0	0	0	0	0	0	0	0	0	0	0	0	54	0	
2	2803	-0.4229479	6.05E-05	4497.867	-0.001525902	6	6	-0.4231966	0	0	0	0	0	0	0	0	0	0	0	0	0	54	0	
2	2804	-0.4226412	6.10E-05	4498.867	-0.001525902	6	6	-0.4226966	0	0	0	0	0	0	0	0	0	0	0	0	0	54	0	
2	2805	-0.4220277	6.16E-05	4499.867	-0.001525902	6	6	-0.4221966	0	0	0	0	0	0	0	0	0	0	0	0	0	54	0	
2	2806	-0.4214143	6.22E-05	4500.867	-0.001525902	6	6	-0.4216966	0	0	0	0	0	0	0	0	0	0	0	0	0	54	0	
2	2807	-0.4211076	6.27E-05	4501.867	-0.001525902	6	6	-0.4211966	0	0	0	0	0	0	0	0	0	0	0	0	0	54	0	
2	2808	-0.4204942	6.33E-05	4502.867	-0.001525902	6	6	-0.4206966	0	0	0	0	0	0	0	0	0	0	0	0	0	54	0	
2	2809	-0.4198808	6.39E-05	4503.867	-0.001525902	6	6	-0.4201966	0	0	0	0	0	0	0	0	0	0	0	0	0	54	0	
2	2810	-0.4195741	6.45E-05	4504.867	-0.001525902	6	6	-0.4196966	0	0	0	0	0	0	0	0	0	0	0	0	0	54	0	
2	2811	-0.4189607	6.51E-05	4505.867	-0.001525902	6	6	-0.4191966	0	0	0	0	0	0	0	0	0	0	0	0	0	54	0	
2	2812	-0.418654	6.57E-05	4506.867	-0.001525902	6	6	-0.4186966	0	0	0	0	0	0	0	0	0	0	0	0	0	54	0	
2	2813	-0.4180406	6.63E-05	4507.867	-0.001525902	6	6	-0.4181966	0	0	0	0	0	0	0	0	0	0	0	0	0	54	0	
2	2814	-0.4174272	6.69E-05	4508.867	-0.001525902	6	6	-0.4176966	0	0	0	0	0	0	0	0	0	0	0	0	0	54	0	
2	2815	-0.4168137	6.75E-05	4509.867	-0.001525902	6	6	-0.4171966	0	0	0	0	0	0	0	0	0	0	0	0	0	54	0	
2	2816	-0.416507	6.82E-05	4510.867	-0.001525902	6	6	-0.4166966	0	0	0	0	0	0	0	0	0	0	0	0	0	54	0	
2	2817	-0.4158936	6.88E-05	4511.867	-0.001525902	6	6	-0.4161966	0	0	0	0	0	0	0	0	0	0	0	0	0	54	0	
2	2818	-0.4155869	6.94E-05	4512.867	-0.001525902	6	6	-0.4156966	0	0	0	0	0	0	0	0	0	0	0	0	0	54	0	
2	2819	-0.4149735	7.01E-05	4513.867	-0.001525902	6	6	-0.4151966	0	0	0	0	0	0	0	0	0	0	0	0	0	54	0	
2	2820	-0.4143601	7.07E-05	4514.867	-0.001525902	6	6	-0.4146966	0	0	0	0	0	0	0	0	0	0	0	0	0	54	0	
2	2821	-0.4140534	7.14E-05	4515.867	-0.001525902	6	6	-0.4141966	0	0	0	0	0	0	0	0	0	0	0	0	0	54	0	
2	2822	-0.41344	7.21E-05	4516.867	-0.001525902	6	6	-0.4136966	0	0	0	0	0	0	0	0	0	0	0	0	0	54	0	
2	2823	-0.4131333	7.27E-05	4517.867	-0.001525902	6	6	-0.4131966	0	0	0	0	0	0	0	0	0	0	0	0	0	54	0	
2	2824	-0.4125198	7.34E-05	4518.867	-0.001525902	6	6	-0.4126966	0	0	0	0	0	0	0	0	0	0	0	0	0	54	0	
2	2825	-0.4119065	7.41E-05	4519.867	-0.001525902	6	6	-0.4121966	0	0	0	0	0	0	0	0	0	0	0	0	0	54	0	
2	2826	-0.4115997	7.48E-05	4520.867	-0.001525902	6	6	-0.4116966	0	0	0	0	0	0	0	0	0	0	0	0	0	54	0	
2	2827	-0.4109863	7.55E-05	4521.867	-0.001525902	6	6	-0.4111966	0	0	0	0	0	0	0	0	0	0	0	0	0	54	0	
2	2828	-0.4106796	7.62E-05	4522.867	-0.001525902	6	6	-0.4106966	0	0	0	0	0	0	0	0	0	0	0	0	0	54	0	
2	2829	-0.4100662	7.69E-05	4523.867	-0.001525902	6	6	-0.4101966	0	0	0	0	0	0	0	0	0	0	0	0	0	54	0	
2	2830	-0.4094528	7.76E-05	4524.867	-0.001525902	6	6	-0.4096966	0	0	0	0	0	0	0	0	0	0	0	0	0	54	0	
2	2831	-0.4091461	7.84E-05	4525.867	-0.001525902	6	6	-0.4091966	0	0	0	0	0	0	0	0	0	0	0	0	0	54	0	
2	2832	-0.4085327	7.91E-05	4526.867	-0.001525902	6	6	-0.4086966	0	0	0	0	0	0	0	0	0	0	0	0	0	54	0	
2	2833	-0.4079193	7.98E-05	4527.867	-0.001525902	6	6	-0.4081966	0	0	0	0	0	0	0	0	0	0	0	0	0	54	0	
2	2834	-0.4073058	8.06E-05	4528.867	-0.001525902	6	6	-0.4076966	0	0	0	0	0	0	0	0	0	0	0	0	0	54	0	
2	2835	-0.4069991	8.13E-05	4529.867	-0.001525902	6	6	-0.4071966	0	0	0	0	0	0	0	0	0	0	0	0	0	54	0	
2	2836	-0.4063857	8.20E-05	4530.867	-0.001525902	6	6	-0.4066966	0	0	0	0	0	0	0	0	0	0	0	0	0	54	0	
2	2837	-0.406079	8.28E-05	4531.867	-0.001525902	6	6	-0.4061966	0	0	0	0	0	0	0	0	0	0	0	0	0	54	0	
2	2838	-0.4054656	8.36E-05	4532.867	-0.001525902	6	6	-0.4056966	0	0	0	0	0	0	0	0	0	0	0	0	0	54	0	
2	2839	-0.4048522	8.44E-05	4533.867	-0.001525902	6	6	-0.4051966	0	0	0	0	0	0	0	0	0	0	0	0	0	54	0	
2	2840	-0.4045455	8.51E-05	4534.867	-0.001525902	6	6	-0.4046966	0	0	0	0	0	0	0	0	0	0	0	0	0	54	0	
2	2841	-0.4039321	8.59E-05	4535.867	-0.001525902	6	6	-0.4041966	0	0	0	0	0	0	0	0	0	0	0	0	0	54	0	
2	2842	-0.4036254	8.67E-05	4536.867	-0.001525902	6	6	-0.4036966	0	0	0	0	0	0	0	0	0	0	0	0	0	54	0	
2	2843	-0.4030119	8.75E-05	4537.867	-0.001525902	6	6	-0.4031966	0	0	0	0	0	0	0	0	0	0	0	0	0	54	0	
2	2844	-0.4023986	8.83E-05	4538.867	-0.001525902	6	6	-0.4026966	0	0	0	0	0	0	0	0	0	0	0	0	0	54	0	
2	2845	-0.4020918	8.92E-05	4539.867	-0.001525902	6	6	-0.4021966	0	0	0	0	0	0	0	0	0	0	0	0	0	54	0	
2	2846	-0.4014784	9.01E-05	4540.867	-0.001525902	6	6	-0.4016966	0	0	0	0	0	0	0	0	0	0	0	0	0	54	0	
2	2847	-0.4011717	9.09E-05	4541.867	-0.001525902	6	6	-0.4011966	0	0	0	0	0	0	0	0	0	0	0	0	0	54	0	
2	2848	-0.4005583	9.17E-05	4542.867	-0.001525902	6	6	-0.4006966	0	0	0	0	0	0	0	0	0	0	0	0	0	54	0	
2	2849	-0.3999449	9.25E-05	4543.867	-0.001525902	6	6	-0.4001966	0	0	0	0	0	0	0	0	0	0	0	0	0	54	0	
2	2850	-0.3996382	9.34E-05	4544.867	-0.001525902	6	6	-0.3996966	0	0	0	0	0	0	0	0	0	0	0	0	0	54	0	
2	2851	-0.3990248	9.42E-05	4545.867	-0.001525902	6	6	-0.3991966	0	0	0	0	0	0	0	0	0	0	0	0	0	54	0	
2	2852	-0.3984114	9.51E-05	4546.867	-0.001525902	6	6	-0.3986966	0	0	0	0	0	0	0	0	0	0	0	0	0	54	0	
2	2853	-0.3981047	9.60E-05	4547.867	-0.001525902	6	6	-0.3981966	0	0	0	0	0	0	0	0	0	0	0	0	0	54	0	
2	2854	-0.3974912	9.69E-05	4548.867	-0.001525902	6	6	-0.3976966	0	0	0	0	0	0	0	0	0	0	0	0	0	54	0	
2	2855	-0.3971845	9.78E-05	4549.867	-0.001525902	6	6	-0.3971966	0	0	0	0	0	0	0	0	0	0	0	0	0	54	0	
2	2856	-0.3965711	9.86E-05	4550.867	-0.001525902	6	6	-0.3966966	0	0	0	0	0	0	0	0	0	0	0	0	0	54	0	
2	2857	-0.3959577	9.95E-05	4551.867	-0.001525902	6	6	-0.3961966	0	0	0	0	0	0	0	0	0	0	0	0	0	54	0	
2	2858	-0.395651	0.000100434	4552.867	-0.001525902	6	6	-0.3956966	0	0	0	0	0	0	0	0	0	0	0	0	0	54	0	
2	2859	-0.3950376	0.000101348	4553.867	-0.001525902	6	6	-0.3951966	0	0	0	0	0	0	0	0	0	0	0	0	0	54	0	
2	2860	-0.3944242	0.000102268	4554.867	-0.001525902	6	6	-0.3946966	0	0	0	0	0	0	0	0	0	0	0	0	0	54	0	
2	2861	-0.3941175	0.000103194	4555.867	-0.001525902	6	6	-0.3941966	0	0	0	0	0	0	0	0	0	0	0	0	0	54	0	
2	2862	-0.3935041	0.000104096	4556.867	-0.001525902	6	6	-0.3936966	0	0	0	0	0	0	0	0	0	0	0	0	0	54	0	
2	2863	-0.3931974	0.000105035	4557.867	-0.001525902	6	6	-0.3931966	0	0	0	0	0	0	0	0	0	0	0	0	0	54	0	
2	2864	-0.3925839	0.000105985	4558.867	-0.001525902	6	6	-0.3926966	0	0	0	0	0	0	0	0	0	0	0	0	0	54	0	
2	2865	-0.3922772	0.000106942	4559.867	-0.001525902	6	6	-0.3921966	0	0	0	0	0	0	0	0	0	0	0	0	0	54	0	
2	2866	-0.3916638	0.000107924	4560.867	-0.001525902	6	6	-0.3916966	0	0	0	0	0	0	0	0	0	0	0	0	0	54	0	
2	2867	-0.3913571	0.000108899	4561.867	-0.001525902	6	6	-0.3911966	0	0	0	0	0	0	0	0	0	0	0	0	0	54	0	
2	2868	-0.3907437	0.000109856	4562.867	-0.001525902	6	6	-0.3906966	0	0	0	0	0	0	0	0	0	0	0	0	0	54	0	
2	2869	-0.3901303	0.00011085	4563.867	-0.001525902	6	6	-0.3901966	0	0	0	0	0	0	0	0	0	0	0	0	0	54	0	
2	2870	-0.3898236	0.000111856	4564.867	-0.001525902	6	6	-0.3896966	0	0	0	0	0	0	0	0	0	0	0	0	0	54	0	
2	2871	-0.3892102	0.00011288	4565.867	-0.001525902	6	6	-0.3891966	0	0	0	0	0	0	0	0	0	0	0	0	0	54	0	
2	2872	-0.3889035	0.000113899	4566.867	-0.001525902	6	6	-0.3886966	0	0	0	0	0	0	0	0	0	0	0	0	0	54	0	
2	2873	-0.38829	0.000114923	4567.867	-0.001525902	6	6	-0.3881966	0	0	0	0	0	0	0	0	0	0	0	0	0	54	0	
2	2874	-0.3876766	0.000115972	4568.867	-0.001525902	6	6	-0.3876966	0	0	0	0	0	0	0	0	0	0	0	0	0	54	0	
2	2875	-0.3873699	0.000116978	4569.867	-0.001525902	6	6	-0.3871966	0	0	0	0	0	0	0	0	0	0	0	0	0	54	0	
2	2876	-0.3867565	0.000118039	4570.867	-0.001525902	6	6	-0.3866966	0	0	0	0	0	0	0	0	0	0	0	0	0	54	0	
2	2877	-0.3861431	0.000119106	4571.867	-0.001525902	6	6	-0.3861966	0	0	0	0	0	0	0	0	0	0	0	0	0	54	0	
2	2878	-0.3858364	0.000120186	4572.867	-0.001525902	6	6	-0.3856966	0	0	0	0	0	0	0	0	0	0	0	0	0	54	0	
2	2879	-0.385223	0.000121266	4573.867	-0.001525902	6	6	-0.3851966	0	0	0	0	0	0	0	0	0	0	0	0	0	54	0	
2	2880	-0.3846096	0.000122357	4574.867	-0.001525902	6	6	-0.3846966	0	0	0	0	0	0	0	0	0	0	0	0	0	54	0	
2	2881	-0.3843029	0.000123425	4575.867	-0.001525902	6	6	-0.3841966	0	0	0	0	0	0	0	0	0	0	0	0	0	54	0	
2	2882	-0.3836895	0.000124541	4576.867	-0.001525902	6	6	-0.3836966	0	0	0	0	0	0	0	0	0	0	0	0	0	54	0	
2	2883	-0.383076	0.00012567	4577.867	-0.001525902	6	6	-0.3831966	0	0	0	0	0	0	0	0	0	0	0	0	0	54	0	
2	2884	-0.3827693	0.000126799	4578.867	-0.001525902	6	6	-0.3826966	0	0	0	0	0	0	0	0	0	0	0	0	0	54	0	
2	2885	-0.3821559	0.00012794	4579.867	-0.001525902	6	6	-0.3821966	0	0	0	0	0	0	0	0	0	0	0	0	0	54	0	
2	2886	-0.3818492	0.000129087	4580.867	-0.001525902	6	6	-0.3816966	0	0	0	0	0	0	0	0	0	0	0	0	0	54	0	
2	2887	-0.3812358	0.00013024	4581.867	-0.001525902	6	6	-0.3811966	0	0	0	0	0	0	0	0	0	0	0	0	0	54	0	
2	2888	-0.3806224	0.000131356	4582.867	-0.001525902	6	6	-0.3806966	0	0	0	0	0	0	0	0	0	0	0	0	0	54	0	
2	2889	-0.3803157	0.000132522	4583.867	-0.001525902	6	6	-0.3801966	0	0	0	0	0	0	0	0	0	0	0	0	0	54	0	
2	2890	-0.3797023	0.000133712	4584.867	-0.001525902	6	6	-0.3796966	0	0	0	0	0	0	0	0	0	0	0	0	0	54	0	
2	2891	-0.3793956	0.000134902	4585.867	-0.001525902	6	6	-0.3791966	0	0	0	0	0	0	0	0	0	0	0	0	0	54	0	
2	2892	-0.3787822	0.000136092	4586.867	-0.001525902	6	6	-0.3786966	0	0	0	0	0	0	0	0	0	0	0	0	0	54	0	
2	2893	-0.3781687	0.000137288	4587.867	-0.001525902	6	6	-0.3781966	0	0	0	0	0	0	0	0	0	0	0	0	0	54	0	
2	2894	-0.377862	0.00013846	4588.867	-0.001525902	6	6	-0.3776966	0	0	0	0	0	0	0	0	0	0	0	0	0	54	0	
2	2895	-0.3772486	0.000139686	4589.867	-0.001525902	6	6	-0.3771966	0	0	0	0	0	0	0	0	0	0	0	0	0	54	0	
2	2896	-0.3766352	0.000140901	4590.867	-0.001525902	6	6	-0.3766966	0	0	0	0	0	0	0	0	0	0	0	0	0	54	0	
2	2897	-0.3763285	0.000142152	4591.867	-0.001525902	6	6	-0.3761966	0	0	0	0	0	0	0	0	0	0	0	0	0	54	0	
2	2898	-0.3757151	0.000143404	4592.867	-0.001525902	6	6	-0.3756966	0	0	0	0	0	0	0	0	0	0	0	0	0	54	0	
2	2899	-0.3754084	0.000144655	4593.867	-0.001525902	6	6	-0.3751966	0	0	0	0	0	0	0	0	0	0	0	0	0	54	0	
2	2900	-0.374795	0.000145913	4594.867	-0.001525902	6	6	-0.3746966	0	0	0	0	0	0	0	0	0	0	0	0	0	54	0	
2	2901	-0.3741816	0.000147133	4595.867	-0.001525902	6	6	-0.3741966	0	0	0	0	0	0	0	0	0	0	0	0	0	54	0	
2	2902	-0.3738748	0.000148409	4596.867	-0.001525902	6	6	-0.3736966	0	0	0	0	0	0	0	0	0	0	0	0	0	54	0	
2	2903	-0.3732615	0.000149679	4597.867	-0.001525902	6	6	-0.3731966	0	0	0	0	0	0	0	0	0	0	0	0	0	54	0	
2	2904	-0.372648	0.000150955	4598.867	-0.001525902	6	6	-0.3726966	0	0	0	0	0	0	0	0	0	0	0	0	0	54	0	
2	2905	-0.3723413	0.000152243	4599.867	-0.001525902	6	6	-0.3721966	0	0	0	0	0	0	0	0	0	0	0	0	0	54	0	
2	2906	-0.3717279	0.000153543	4600.867	-0.001525902	6	6	-0.3716966	0	0	0	0	0	0	0	0	0	0	0	0	0	54	0	
2	2907	-0.3714212	0.000154795	4601.867	-0.001525902	6	6	-0.3711966	0	0	0	0	0	0	0	0	0	0	0	0	0	54	0	
2	2908	-0.3708078	0.000156107	4602.867	-0.001525902	6	6	-0.3706966	0	0	0	0	0	0	0	0	0	0	0	0	0	54	0	
2	2909	-0.3701944	0.00015742	4603.867	-0.001525902	6	6	-0.3701966	0	0	0	0	0	0	0	0	0	0	0	0	0	54	0	
2	2910	-0.369581	0.000158733	4604.867	-0.001525902	6	6	-0.3696966	0	0	0	0	0	0	0	0	0	0	0	0	0	54	0	
2	2911	-0.3692743	0.000160058	4605.867	-0.001525902	6	6	-0.3691966	0	0	0	0	0	0	0	0	0	0	0	0	0	54	0	
2	2912	-0.3686608	0.000161297	4606.867	-0.001525902	6	6	-0.3686966	0	0	0	0	0	0	0	0	0	0	0	0	0	54	0	
2	2913	-0.3683541	0.000162603	4607.867	-0.001525902	6	6	-0.3681966	0	0	0	0	0	0	0	0	0	0	0	0	0	54	0	
2	2914	-0.3677407	0.000163947	4608.867	-0.001525902	6	6	-0.3676966	0	0	0	0	0	0	0	0	0	0	0	0	0	54	0	
2	2915	-0.367434	0.000165309	4609.867	-0.001525902	6	6	-0.3671966	0	0	0	0	0	0	0	0	0	0	0	0	0	54	0	
2	2916	-0.3668206	0.00016667	4610.867	-0.001525902	6	6	-0.3666966	0	0	0	0	0	0	0	0	0	0	0	0	0	54	0	
2	2917	-0.3662072	0.000168044	4611.867	-0.001525902	6	6	-0.3661966	0	0	0	0	0	0	0	0	0	0	0	0	0	54	0	
2	2918	-0.3659005	0.000169419	4612.867	-0.001525902	6	6	-0.3656966	0	0	0	0	0	0	0	0	0	0	0	0	0	54	0	
2	2919	-0.3652871	0.000170793	4613.867	-0.001525902	6	6	-0.3651966	0	0	0	0	0	0	0	0	0	0	0	0	0	54	0	
2	2920	-0.3646737	0.000172136	4614.867	-0.001525902	6	6	-0.3646966	0	0	0	0	0	0	0	0	0	0	0	0	0	54	0	
2	2921	-0.3643669	0.000173516	4615.867	-0.001525902	6	6	-0.3641966	0	0	0	0	0	0	0	0	0	0	0	0	0	54	0	
2	2922	-0.3637536	0.000174921	4616.867	-0.001525902	6	6	-0.3636966	0	0	0	0	0	0	0	0	0	0	0	0	0	54	0	
2	2923	-0.3631401	0.000176381	4617.867	-0.001525902	6	6	-0.3631966	0	0	0	0	0	0	0	0	0	0	0	0	0	54	0	
2	2924	-0.3628334	0.000177835	4618.867	-0.001525902	6	6	-0.3626966	0	0	0	0	0	0	0	0	0	0	0	0	0	54	0	
2	2925	-0.36222	0.000179227	4619.867	-0.001525902	6	6	-0.3621966	0	0	0	0	0	0	0	0	0	0	0	0	0	54	0	
2	2926	-0.3619133	0.000180613	4620.867	-0.001525902	6	6	-0.3616966	0	0	0	0	0	0	0	0	0	0	0	0	0	54	0	
2	2927	-0.3612999	0.000182049	4621.867	-0.001525902	6	6	-0.3611966	0	0	0	0	0	0	0	0	0	0	0	0	0	54	0	
2	2928	-0.3606865	0.000183226	4622.867	-0.001525902	5	5	-0.3606966	0	0	0	0	0	0	0	0	0	0	0	0	0	54	0	
2	2929	-0.3603798	0.000184637	4623.867	-0.001525902	5	5	-0.3601966	0	0	0	0	0	0	0	0	0	0	0	0	0	54	0	
2	2930	-0.3597664	0.00018611	4624.867	-0.001525902	5	5	-0.3596966	0	0	0	0	0	0	0	0	0	0	0	0	0	54	0	
2	2931	-0.3591529	0.000187582	4625.867	-0.001525902	5	5	-0.3591966	0	0	0	0	0	0	0	0	0	0	0	0	0	54	0	
2	2932	-0.3588462	0.000189054	4626.867	-0.001525902	5	5	-0.3586966	0	0	0	0	0	0	0	0	0	0	0	0	0	54	0	
2	2933	-0.3582328	0.000190465	4627.867	-0.001525902	5	5	-0.3581966	0	0	0	0	0	0	0	0	0	0	0	0	0	54	0	
2	2934	-0.3579261	0.000191937	4628.867	-0.001525902	5	5	-0.3576966	0	0	0	0	0	0	0	0	0	0	0	0	0	54	0	
2	2935	-0.3573127	0.000193409	4629.867	-0.001525902	5	5	-0.3571966	0	0	0	0	0	0	0	0	0	0	0	0	0	54	0	
2	2936	-0.3566993	0.000194943	4630.867	-0.001525902	5	5	-0.3566966	0	0	0	0	0	0	0	0	0	0	0	0	0	54	0	
2	2937	-0.3563926	0.000196415	4631.867	-0.001525902	5	5	-0.3561966	0	0	0	0	0	0	0	0	0	0	0	0	0	54	0	
2	2938	-0.3557792	0.000197887	4632.867	-0.001525902	5	5	-0.3556966	0	0	0	0	0	0	0	0	0	0	0	0	0	54	0	
2	2939	-0.3551658	0.000199359	4633.867	-0.001525902	5	5	-0.3551966	0	0	0	0	0	0	0	0	0	0	0	0	0	54	0	
2	2940	-0.3548591	0.000200893	4634.867	-0.001525902	5	5	-0.3546966	0	0	0	0	0	0	0	0	0	0	0	0	0	54	0	
2	2941	-0.3542457	0.000202365	4635.867	-0.001525902	5	5	-0.3541966	0	0	0	0	0	0	0	0	0	0	0	0	0	54	0	
2	2942	-0.3536322	0.000203837	4636.867	-0.001525902	5	5	-0.3536966	0	0	0	0	0	0	0	0	0	0	0	0	0	54	0	
2	2943	-0.3533255	0.000205432	4637.867	-0.001525902	5	5	-0.3531966	0	0	0	0	0	0	0	0	0	0	0	0	0	54	0	
2	2944	-0.3527121	0.000206904	4638.867	-0.001525902	5	5	-0.3526966	0	0	0	0	0	0	0	0	0	0	0	0	0	54	0	
2	2945	-0.3520987	0.000208438	4639.867	-0.001525902	5	5	-0.3521966	0	0	0	0	0	0	0	0	0	0	0	0	0	54	0	
2	2946	-0.351792	0.00020991	4640.867	-0.001525902	5	5	-0.3516966	0	0	0	0	0	0	0	0	0	0	0	0	0	54	0	
2	2947	-0.3511786	0.000211505	4641.867	-0.001525902	5	5	-0.3511966	0	0	0	0	0	0	0	0	0	0	0	0	0	54	0	
2	2948	-0.3508719	0.000213038	4642.867	-0.001525902	5	5	-0.3506966	0	0	0	0	0	0	0	0	0	0	0	0	0	54	0	
2	2949	-0.3502585	0.000214633	4643.867	-0.001525902	5	5	-0.3501966	0	0	0	0	0	0	0	0	0	0	0	0	0	54	0	
2	2950	-0.3499518	0.000216167	4644.867	-0.001525902	5	5	-0.3496966	0	0	0	0	0	0	0	0	0	0	0	0	0	54	0	
2	2951	-0.3493384	0.0002177	4645.867	-0.001525902	5	5	-0.3491966	0	0	0	0	0	0	0	0	0	0	0	0	0	54	0	
2	2952	-0.3487249	0.000219234	4646.867	-0.001525902	5	5	-0.3486966	0	0	0	0	0	0	0	0	0	0	0	0	0	54	0	
2	2953	-0.3484182	0.000220829	4647.867	-0.001525902	5	5	-0.3481966	0	0	0	0	0	0	0	0	0	0	0	0	0	54	0	
2	2954	-0.3478048	0.00022224	4648.867	-0.001525902	5	5	-0.3476966	0	0	0	0	0	0	0	0	0	0	0	0	0	54	0	
2	2955	-0.3471914	0.000223834	4649.867	-0.001525902	5	5	-0.3471966	0	0	0	0	0	0	0	0	0	0	0	0	0	54	0	
2	2956	-0.346578	0.000225368	4650.867	-0.001525902	5	5	-0.3466966	0	0	0	0	0	0	0	0	0	0	0	0	0	54	0	
2	2957	-0.3462713	0.000226901	4651.867	-0.001525902	5	5	-0.3461966	0	0	0	0	0	0	0	0	0	0	0	0	0	54	0	
2	2958	-0.3456579	0.000228496	4652.867	-0.001525902	5	5	-0.3456966	0	0	0	0	0	0	0	0	0	0	0	0	0	54	0	
2	2959	-0.3453512	0.00023003	4653.867	-0.001525902	5	5	-0.3451966	0	0	0	0	0	0	0	0	0	0	0	0	0	54	0	
2	2960	-0.3447377	0.000231625	4654.867	-0.001525902	5	5	-0.3446966	0	0	0	0	0	0	0	0	0	0	0	0	0	54	0	
2	2961	-0.3441243	0.00023322	4655.867	-0.001525902	5	5	-0.3441966	0	0	0	0	0	0	0	0	0	0	0	0	0	54	0	
2	2962	-0.3438176	0.000234814	4656.867	-0.001525902	5	5	-0.3436966	0	0	0	0	0	0	0	0	0	0	0	0	0	54	0	
2	2963	-0.3432042	0.000236409	4657.867	-0.001525902	5	5	-0.3431966	0	0	0	0	0	0	0	0	0	0	0	0	0	54	0	
2	2964	-0.3425908	0.000238004	4658.867	-0.001525902	5	5	-0.3426966	0	0	0	0	0	0	0	0	0	0	0	0	0	54	0	
2	2965	-0.3422841	0.000239538	4659.867	-0.001525902	5	5	-0.3421966	0	0	0	0	0	0	0	0	0	0	0	0	0	54	0	
2	2966	-0.3416707	0.000241133	4660.867	-0.001525902	5	5	-0.3416966	0	0	0	0	0	0	0	0	0	0	0	0	0	54	0	
2	2967	-0.341364	0.000242789	4661.867	-0.001525902	5	5	-0.3411966	0	0	0	0	0	0	0	0	0	0	0	0	0	54	0	
2	2968	-0.3407506	0.000244384	4662.867	-0.001525902	5	5	-0.3406966	0	0	0	0	0	0	0	0	0	0	0	0	0	54	0	
2	2969	-0.3401372	0.00024604	4663.867	-0.001525902	5	5	-0.3401966	0	0	0	0	0	0	0	0	0	0	0	0	0	54	0	
2	2970	-0.3398305	0.000247635	4664.867	-0.001525902	5	5	-0.3396966	0	0	0	0	0	0	0	0	0	0	0	0	0	54	0	
2	2971	-0.3395237	0.000249352	4665.867	-0.001525902	5	5	-0.3391966	0	0	0	0	0	0	0	0	0	0	0	0	0	54	0	
2	2972	-0.3386036	0.000250947	4666.867	-0.001525902	5	5	-0.3386966	0	0	0	0	0	0	0	0	0	0	0	0	0	54	0	
2	2973	-0.3382969	0.000252481	4667.867	-0.001525902	5	5	-0.3381966	0	0	0	0	0	0	0	0	0	0	0	0	0	54	0	
2	2974	-0.3376835	0.000254076	4668.867	-0.001525902	5	5	-0.3376966	0	0	0	0	0	0	0	0	0	0	0	0	0	54	0	
2	2975	-0.3373768	0.000255671	4669.867	-0.001525902	5	5	-0.3371966	0	0	0	0	0	0	0	0	0	0	0	0	0	54	0	
2	2976	-0.3367634	0.000257327	4670.867	-0.001525902	5	5	-0.3366966	0	0	0	0	0	0	0	0	0	0	0	0	0	54	0	
2	2977	-0.3364567	0.000258922	4671.867	-0.001525902	5	5	-0.3361966	0	0	0	0	0	0	0	0	0	0	0	0	0	54	0	
2	2978	-0.3358433	0.000260455	4672.867	-0.001525902	5	5	-0.3356966	0	0	0	0	0	0	0	0	0	0	0	0	0	54	0	
2	2979	-0.3352298	0.000262111	4673.867	-0.001525902	5	5	-0.3351966	0	0	0	0	0	0	0	0	0	0	0	0	0	54	0	
2	2980	-0.3349231	0.000263706	4674.867	-0.001525902	5	5	-0.3346966	0	0	0	0	0	0	0	0	0	0	0	0	0	54	0	
2	2981	-0.3343097	0.000265362	4675.867	-0.001525902	5	5	-0.3341966	0	0	0	0	0	0	0	0	0	0	0	0	0	54	0	
2	2982	-0.3336963	0.000266957	4676.867	-0.001525902	5	5	-0.3336966	0	0	0	0	0	0	0	0	0	0	0	0	0	54	0	
2	2983	-0.3333896	0.000268552	4677.867	-0.001525902	5	5	-0.3331966	0	0	0	0	0	0	0	0	0	0	0	0	0	54	0	
2	2984	-0.3327762	0.000270147	4678.867	-0.001525902	5	5	-0.3326966	0	0	0	0	0	0	0	0	0	0	0	0	0	54	0	
2	2985	-0.3324695	0.000271803	4679.867	-0.001525902	5	5	-0.3321966	0	0	0	0	0	0	0	0	0	0	0	0	0	54	0	
2	2986	-0.3318561	0.000273398	4680.867	-0.001525902	5	5	-0.3316966	0	0	0	0	0	0	0	0	0	0	0	0	0	54	0	
2	2987	-0.3312427	0.000275054	4681.867	-0.001525902	5	5	-0.3311966	0	0	0	0	0	0	0	0	0	0	0	0	0	54	0	
2	2988	-0.330936	0.000276649	4682.867	-0.001525902	5	5	-0.3306966	0	0	0	0	0	0	0	0	0	0	0	0	0	54	0	
2	2989	-0.3303226	0.000278121	4683.867	-0.001525902	5	5	-0.3301966	0	0	0	0	0	0	0	0	0	0	0	0	0	54	0	
2	2990	-0.3297091	0.000279594	4684.867	-0.001525902	5	5	-0.3296966	0	0	0	0	0	0	0	0	0	0	0	0	0	54	0	
2	2991	-0.3294024	0.000281066	4685.867	-0.001525902	5	5	-0.3291966	0	0	0	0	0	0	0	0	0	0	0	0	0	54	0	
2	2992	-0.328789	0.000282722	4686.867	-0.001525902	5	5	-0.3286966	0	0	0	0	0	0	0	0	0	0	0	0	0	54	0	
2	2993	-0.3281756	0.000284378	4687.867	-0.001525902	5	5	-0.3281966	0	0	0	0	0	0	0	0	0	0	0	0	0	54	0	
2	2994	-0.3278689	0.000286034	4688.867	-0.001525902	5	5	-0.3276966	0	0	0	0	0	0	0	0	0	0	0	0	0	54	0	
2	2995	-0.3272555	0.000287752	4689.867	-0.001525902	5	5	-0.3271966	0	0	0	0	0	0	0	0	0	0	0	0	0	54	0	
2	2996	-0.3269488	0.000289408	4690.867	-0.001525902	5	5	-0.3266966	0	0	0	0	0	0	0	0	0	0	0	0	0	54	0	
2	2997	-0.3263354	0.000290942	4691.867	-0.001525902	5	5	-0.3261966	0	0	0	0	0	0	0	0	0	0	0	0	0	54	0	
2	2998	-0.3257219	0.000292598	4692.867	-0.001525902	5	5	-0.3256966	0	0	0	0	0	0	0	0	0	0	0	0	0	54	0	
2	2999	-0.3254153	0.000294254	4693.867	-0.001525902	5	5	-0.3251966	0	0	0	0	0	0	0	0	0	0	0	0	0	54	0	
2	3000	-0.3248018	0.000295972	4694.867	-0.001525902	5	5	-0.3246966	0	0	0	0	0	0	0	0	0	0	0	0	0	54	0	
2	3001	-0.3244951	0.000297628	4695.867	-0.001525902	5	5	-0.3241966	0	0	0	0	0	0	0	0	0	0	0	0	0	54	0	
2	3002	-0.3238817	0.000299284	4696.867	-0.001525902	5	5	-0.3236966	0	0	0	0	0	0	0	0	0	0	0	0	0	54	0	
2	3003	-0.3232683	0.000301002	4697.867	-0.001525902	5	5	-0.3231966	0	0	0	0	0	0	0	0	0	0	0	0	0	54	0	
2	3004	-0.3226549	0.000302597	4698.867	-0.001525902	5	5	-0.3226966	0	0	0	0	0	0	0	0	0	0	0	0	0	54	0	
2	3005	-0.3223482	0.000304253	4699.867	-0.001525902	5	5	-0.3221966	0	0	0	0	0	0	0	0	0	0	0	0	0	54	0	
2	3006	-0.3217348	0.000305909	4700.867	-0.001525902	5	5	-0.3216966	0	0	0	0	0	0	0	0	0	0	0	0	0	54	0	
2	3007	-0.3214281	0.000307627	4701.867	-0.001525902	5	5	-0.3211966	0	0	0	0	0	0	0	0	0	0	0	0	0	54	0	
2	3008	-0.3208147	0.000309221	4702.867	-0.001525902	5	5	-0.3206966	0	0	0	0	0	0	0	0	0	0	0	0	0	54	0	
2	3009	-0.3202012	0.000310939	4703.867	-0.001525902	5	5	-0.3201966	0	0	0	0	0	0	0	0	0	0	0	0	0	54	0	
2	3010	-0.3198946	0.000312534	4704.867	-0.001525902	5	5	-0.3196966	0	0	0	0	0	0	0	0	0	0	0	0	0	54	0	
2	3011	-0.3192811	0.00031419	4705.867	-0.001525902	5	5	-0.3191966	0	0	0	0	0	0	0	0	0	0	0	0	0	54	0	
2	3012	-0.3186677	0.000315846	4706.867	-0.001525902	5	5	-0.3186966	0	0	0	0	0	0	0	0	0	0	0	0	0	54	0	
2	3013	-0.318361	0.000317503	4707.867	-0.001525902	5	5	-0.3181966	0	0	0	0	0	0	0	0	0	0	0	0	0	54	0	
2	3014	-0.3177476	0.00031922	4708.867	-0.001525902	5	5	-0.3176966	0	0	0	0	0	0	0	0	0	0	0	0	0	54	0	
2	3015	-0.3174409	0.000320938	4709.867	-0.001525902	5	5	-0.3171966	0	0	0	0	0	0	0	0	0	0	0	0	0	54	0	
2	3016	-0.3168275	0.000322655	4710.867	-0.001525902	5	5	-0.3166966	0	0	0	0	0	0	0	0	0	0	0	0	0	54	0	
2	3017	-0.3162141	0.000324311	4711.867	-0.001525902	5	5	-0.3161966	0	0	0	0	0	0	0	0	0	0	0	0	0	54	0	
2	3018	-0.3159074	0.000325968	4712.867	-0.001525902	5	5	-0.3156966	0	0	0	0	0	0	0	0	0	0	0	0	0	54	0	
2	3019	-0.3152939	0.000327685	4713.867	-0.001525902	5	5	-0.3151966	0	0	0	0	0	0	0	0	0	0	0	0	0	54	0	
2	3020	-0.3146805	0.000329403	4714.867	-0.001525902	5	5	-0.3146966	0	0	0	0	0	0	0	0	0	0	0	0	0	54	0	
2	3021	-0.3143738	0.000331059	4715.867	-0.001525902	5	5	-0.3141966	0	0	0	0	0	0	0	0	0	0	0	0	0	54	0	
2	3022	-0.3137604	0.000332776	4716.867	-0.001525902	5	5	-0.3136966	0	0	0	0	0	0	0	0	0	0	0	0	0	54	0	
2	3023	-0.313147	0.000334433	4717.867	-0.001525902	5	5	-0.3131966	0	0	0	0	0	0	0	0	0	0	0	0	0	54	0	
2	3024	-0.3128403	0.00033615	4718.867	-0.001525902	5	5	-0.3126966	0	0	0	0	0	0	0	0	0	0	0	0	0	54	0	
2	3025	-0.3122269	0.000337806	4719.867	-0.001525902	5	5	-0.3121966	0	0	0	0	0	0	0	0	0	0	0	0	0	54	0	
2	3026	-0.3116135	0.000339524	4720.867	-0.001525902	5	5	-0.3116966	0	0	0	0	0	0	0	0	0	0	0	0	0	54	0	
2	3027	-0.3113068	0.000341242	4721.867	-0.001525902	5	5	-0.3111966	0	0	0	0	0	0	0	0	0	0	0	0	0	54	0	
2	3028	-0.3106934	0.000342959	4722.867	-0.001525902	5	5	-0.3106966	0	0	0	0	0	0	0	0	0	0	0	0	0	54	0	
2	3029	-0.3103866	0.000344738	4723.867	-0.001525902	5	5	-0.3101966	0	0	0	0	0	0	0	0	0	0	0	0	0	54	0	
2	3030	-0.3097732	0.000346394	4724.867	-0.001525902	5	5	-0.3096966	0	0	0	0	0	0	0	0	0	0	0	0	0	54	0	
2	3031	-0.3091598	0.00034805	4725.867	-0.001525902	5	5	-0.3091966	0	0	0	0	0	0	0	0	0	0	0	0	0	54	0	
2	3032	-0.3088531	0.000349829	4726.867	-0.001525902	5	5	-0.3086966	0	0	0	0	0	0	0	0	0	0	0	0	0	54	0	
2	3033	-0.3082397	0.000351486	4727.867	-0.001525902	5	5	-0.3081966	0	0	0	0	0	0	0	0	0	0	0	0	0	54	0	
2	3034	-0.3076263	0.000353203	4728.867	-0.001525902	5	5	-0.3076966	0	0	0	0	0	0	0	0	0	0	0	0	0	54	0	
2	3035	-0.3073196	0.000354921	4729.867	-0.001525902	5	5	-0.3071966	0	0	0	0	0	0	0	0	0	0	0	0	0	54	0	
2	3036	-0.3067062	0.000356577	4730.867	-0.001525902	5	5	-0.3066966	0	0	0	0	0	0	0	0	0	0	0	0	0	54	0	
2	3037	-0.3063995	0.000358233	4731.867	-0.001525902	5	5	-0.3061966	0	0	0	0	0	0	0	0	0	0	0	0	0	54	0	
2	3038	-0.305786	0.000359951	4732.867	-0.001525902	5	5	-0.3056966	0	0	0	0	0	0	0	0	0	0	0	0	0	54	0	
2	3039	-0.3051726	0.000361668	4733.867	-0.001525902	5	5	-0.3051966	0	0	0	0	0	0	0	0	0	0	0	0	0	54	0	
2	3040	-0.3048659	0.000363386	4734.867	-0.001525902	5	5	-0.3046966	0	0	0	0	0	0	0	0	0	0	0	0	0	54	0	
2	3041	-0.3042525	0.000365042	4735.867	-0.001525902	5	5	-0.3041966	0	0	0	0	0	0	0	0	0	0	0	0	0	54	0	
2	3042	-0.3036391	0.000366882	4736.867	-0.001525902	5	5	-0.3036966	0	0	0	0	0	0	0	0	0	0	0	0	0	54	0	
2	3043	-0.3033324	0.000368538	4737.867	-0.001525902	5	5	-0.3031966	0	0	0	0	0	0	0	0	0	0	0	0	0	54	0	
2	3044	-0.302719	0.000370195	4738.867	-0.001525902	5	5	-0.3026966	0	0	0	0	0	0	0	0	0	0	0	0	0	54	0	
2	3045	-0.3024123	0.000371912	4739.867	-0.001525902	5	5	-0.3021966	0	0	0	0	0	0	0	0	0	0	0	0	0	54	0	
2	3046	-0.3017989	0.000373568	4740.867	-0.001525902	5	5	-0.3016966	0	0	0	0	0	0	0	0	0	0	0	0	0	54	0	
2	3047	-0.3011855	0.000375286	4741.867	-0.001525902	5	5	-0.3011966	0	0	0	0	0	0	0	0	0	0	0	0	0	54	0	
2	3048	-0.3008787	0.000376942	4742.867	-0.001525902	5	5	-0.3006966	0	0	0	0	0	0	0	0	0	0	0	0	0	54	0	
2	3049	-0.3002653	0.000378598	4743.867	-0.001525902	5	5	-0.3001966	0	0	0	0	0	0	0	0	0	0	0	0	0	54	0	
2	3050	-0.2996519	0.000380255	4744.867	-0.001525902	5	5	-0.2996966	0	0	0	0	0	0	0	0	0	0	0	0	0	54	0	
2	3051	-0.2993452	0.000381972	4745.867	-0.001525902	5	5	-0.2991966	0	0	0	0	0	0	0	0	0	0	0	0	0	54	0	
2	3052	-0.2987318	0.000383628	4746.867	-0.001525902	5	5	-0.2986966	0	0	0	0	0	0	0	0	0	0	0	0	0	54	0	
2	3053	-0.2984251	0.000385285	4747.867	-0.001525902	5	5	-0.2981966	0	0	0	0	0	0	0	0	0	0	0	0	0	54	0	
2	3054	-0.2978117	0.000387002	4748.867	-0.001525902	5	5	-0.2976966	0	0	0	0	0	0	0	0	0	0	0	0	0	54	0	
2	3055	-0.2971983	0.000388597	4749.867	-0.001525902	5	5	-0.2971966	0	0	0	0	0	0	0	0	0	0	0	0	0	54	0	
2	3056	-0.2968916	0.000390315	4750.867	-0.001525902	5	5	-0.2966966	0	0	0	0	0	0	0	0	0	0	0	0	0	54	0	
2	3057	-0.2962781	0.000392032	4751.867	-0.001525902	5	5	-0.2961966	0	0	0	0	0	0	0	0	0	0	0	0	0	54	0	
2	3058	-0.2956647	0.000393627	4752.867	-0.001525902	5	5	-0.2956966	0	0	0	0	0	0	0	0	0	0	0	0	0	54	0	
2	3059	-0.295358	0.000395283	4753.867	-0.001525902	5	5	-0.2951966	0	0	0	0	0	0	0	0	0	0	0	0	0	54	0	
2	3060	-0.2947446	0.000396939	4754.867	-0.001525902	5	5	-0.2946966	0	0	0	0	0	0	0	0	0	0	0	0	0	54	0	
2	3061	-0.2941312	0.000398657	4755.867	-0.001525902	5	5	-0.2941966	0	0	0	0	0	0	0	0	0	0	0	0	0	54	0	
2	3062	-0.2938245	0.000400191	4756.867	-0.001525902	5	5	-0.2936966	0	0	0	0	0	0	0	0	0	0	0	0	0	54	0	
2	3063	-0.2935178	0.000401847	4757.867	-0.001525902	5	5	-0.2931966	0	0	0	0	0	0	0	0	0	0	0	0	0	54	0	
2	3064	-0.2929044	0.000403503	4758.867	-0.001525902	5	5	-0.2926966	0	0	0	0	0	0	0	0	0	0	0	0	0	54	0	
2	3065	-0.292291	0.000405159	4759.867	-0.001525902	5	5	-0.2921966	0	0	0	0	0	0	0	0	0	0	0	0	0	54	0	
2	3066	-0.2916776	0.000406815	4760.867	-0.001525902	5	5	-0.2916966	0	0	0	0	0	0	0	0	0	0	0	0	0	54	0	
2	3067	-0.2913708	0.000408472	4761.867	-0.001525902	5	5	-0.2911966	0	0	0	0	0	0	0	0	0	0	0	0	0	54	0	
2	3068	-0.2907574	0.000410005	4762.867	-0.001525902	5	5	-0.2906966	0	0	0	0	0	0	0	0	0	0	0	0	0	54	0	
2	3069	-0.2904507	0.000411661	4763.867	-0.001525902	5	5	-0.2901966	0	0	0	0	0	0	0	0	0	0	0	0	0	54	0	
2	3070	-0.2898373	0.000413256	4764.867	-0.001525902	5	5	-0.2896966	0	0	0	0	0	0	0	0	0	0	0	0	0	54	0	
2	3071	-0.2892239	0.000414912	4765.867	-0.001525902	5	5	-0.2891966	0	0	0	0	0	0	0	0	0	0	0	0	0	54	0	
2	3072	-0.2889172	0.000416507	4766.867	-0.001525902	5	5	-0.2886966	0	0	0	0	0	0	0	0	0	0	0	0	0	54	0	
2	3073	-0.2883038	0.000418102	4767.867	-0.001525902	5	5	-0.2881966	0	0	0	0	0	0	0	0	0	0	0	0	0	54	0	
2	3074	-0.2879971	0.000419697	4768.867	-0.001525902	5	5	-0.2876966	0	0	0	0	0	0	0	0	0	0	0	0	0	54	0	
2	3075	-0.2873837	0.000421231	4769.867	-0.001525902	5	5	-0.2871966	0	0	0	0	0	0	0	0	0	0	0	0	0	54	0	
2	3076	-0.2867703	0.000422825	4770.867	-0.001525902	5	5	-0.2866966	0	0	0	0	0	0	0	0	0	0	0	0	0	54	0	
2	3077	-0.2864636	0.000424543	4771.867	-0.001525902	5	5	-0.2861966	0	0	0	0	0	0	0	0	0	0	0	0	0	54	0	
2	3078	-0.2858501	0.000426199	4772.867	-0.001525902	5	5	-0.2856966	0	0	0	0	0	0	0	0	0	0	0	0	0	54	0	
2	3079	-0.2852367	0.000427855	4773.867	-0.001525902	5	5	-0.2851966	0	0	0	0	0	0	0	0	0	0	0	0	0	54	0	
2	3080	-0.28493	0.00042945	4774.867	-0.001525902	5	5	-0.2846966	0	0	0	0	0	0	0	0	0	0	0	0	0	54	0	
2	3081	-0.2843166	0.000430984	4775.867	-0.001525902	5	5	-0.2841966	0	0	0	0	0	0	0	0	0	0	0	0	0	54	0	
2	3082	-0.2837032	0.000432517	4776.867	-0.001525902	5	5	-0.2836966	0	0	0	0	0	0	0	0	0	0	0	0	0	54	0	
2	3083	-0.2833965	0.000434112	4777.867	-0.001525902	5	5	-0.2831966	0	0	0	0	0	0	0	0	0	0	0	0	0	54	0	
2	3084	-0.2827831	0.000435707	4778.867	-0.001525902	5	5	-0.2826966	0	0	0	0	0	0	0	0	0	0	0	0	0	54	0	
2	3085	-0.2821697	0.000437302	4779.867	-0.001525902	5	5	-0.2821966	0	0	0	0	0	0	0	0	0	0	0	0	0	54	0	
2	3086	-0.2818629	0.000438897	4780.867	-0.001525902	5	5	-0.2816966	0	0	0	0	0	0	0	0	0	0	0	0	0	54	0	
2	3087	-0.2812496	0.00044043	4781.867	-0.001525902	5	5	-0.2811966	0	0	0	0	0	0	0	0	0	0	0	0	0	54	0	
2	3088	-0.2809428	0.000441964	4782.867	-0.001525902	5	5	-0.2806966	0	0	0	0	0	0	0	0	0	0	0	0	0	54	0	
2	3089	-0.2803294	0.000443559	4783.867	-0.001525902	5	5	-0.2801966	0	0	0	0	0	0	0	0	0	0	0	0	0	54	0	
2	3090	-0.279716	0.000445092	4784.867	-0.001525902	5	5	-0.2796966	0	0	0	0	0	0	0	0	0	0	0	0	0	54	0	
2	3091	-0.2794093	0.000446687	4785.867	-0.001525902	5	5	-0.2791966	0	0	0	0	0	0	0	0	0	0	0	0	0	54	0	
2	3092	-0.2787959	0.000448221	4786.867	-0.001525902	5	5	-0.2786966	0	0	0	0	0	0	0	0	0	0	0	0	0	54	0	
2	3093	-0.2781825	0.000449632	4787.867	-0.001525902	5	5	-0.2781966	0	0	0	0	0	0	0	0	0	0	0	0	0	54	0	
2	3094	-0.2778758	0.000451104	4788.867	-0.001525902	5	5	-0.2776966	0	0	0	0	0	0	0	0	0	0	0	0	0	54	0	
2	3095	-0.2772624	0.000452637	4789.867	-0.001525902	5	5	-0.2771966	0	0	0	0	0	0	0	0	0	0	0	0	0	54	0	
2	3096	-0.2769557	0.000454171	4790.867	-0.001525902	5	5	-0.2766966	0	0	0	0	0	0	0	0	0	0	0	0	0	54	0	
2	3097	-0.2763422	0.000455704	4791.867	-0.001525902	5	5	-0.2761966	0	0	0	0	0	0	0	0	0	0	0	0	0	54	0	
2	3098	-0.2757288	0.000457238	4792.867	-0.001525902	5	5	-0.2756966	0	0	0	0	0	0	0	0	0	0	0	0	0	54	0	
2	3099	-0.2754221	0.000458771	4793.867	-0.001525902	5	5	-0.2751966	0	0	0	0	0	0	0	0	0	0	0	0	0	54	0	
2	3100	-0.2748087	0.000460305	4794.867	-0.001525902	5	5	-0.2746966	0	0	0	0	0	0	0	0	0	0	0	0	0	54	0	
2	3101	-0.274502	0.000461777	4795.867	-0.001525902	5	5	-0.2741966	0	0	0	0	0	0	0	0	0	0	0	0	0	54	0	
2	3102	-0.2738886	0.000463311	4796.867	-0.001525902	5	5	-0.2736966	0	0	0	0	0	0	0	0	0	0	0	0	0	54	0	
2	3103	-0.2732752	0.000464906	4797.867	-0.001525902	5	5	-0.2731966	0	0	0	0	0	0	0	0	0	0	0	0	0	54	0	
2	3104	-0.2729685	0.000466378	4798.867	-0.001525902	5	5	-0.2726966	0	0	0	0	0	0	0	0	0	0	0	0	0	54	0	
2	3105	-0.272355	0.00046785	4799.867	-0.001525902	5	5	-0.2721966	0	0	0	0	0	0	0	0	0	0	0	0	0	54	0	
2	3106	-0.2717416	0.000469445	4800.867	-0.001525902	5	5	-0.2716966	0	0	0	0	0	0	0	0	0	0	0	0	0	54	0	
2	3107	-0.2714349	0.000470856	4801.867	-0.001525902	5	5	-0.2711966	0	0	0	0	0	0	0	0	0	0	0	0	0	54	0	
2	3108	-0.2708215	0.000472389	4802.867	-0.001525902	5	5	-0.2706966	0	0	0	0	0	0	0	0	0	0	0	0	0	54	0	
2	3109	-0.2702081	0.000473923	4803.867	-0.001525902	5	5	-0.2701966	0	0	0	0	0	0	0	0	0	0	0	0	0	54	0	
2	3110	-0.2699014	0.000475395	4804.867	-0.001525902	5	5	-0.2696966	0	0	0	0	0	0	0	0	0	0	0	0	0	54	0	
2	3111	-0.269288	0.000477051	4805.867	-0.001525902	5	5	-0.2691966	0	0	0	0	0	0	0	0	0	0	0	0	0	54	0	
2	3112	-0.2686746	0.000478585	4806.867	-0.001525902	5	5	-0.2686966	0	0	0	0	0	0	0	0	0	0	0	0	0	54	0	
2	3113	-0.2683679	0.000480057	4807.867	-0.001525902	5	5	-0.2681966	0	0	0	0	0	0	0	0	0	0	0	0	0	54	0	
2	3114	-0.2677545	0.000481529	4808.867	-0.001525902	5	5	-0.2676966	0	0	0	0	0	0	0	0	0	0	0	0	0	54	0	
2	3115	-0.2674477	0.000483124	4809.867	-0.001525902	5	5	-0.2671966	0	0	0	0	0	0	0	0	0	0	0	0	0	54	0	
2	3116	-0.2668343	0.00048478	4810.867	-0.001525902	5	5	-0.2666966	0	0	0	0	0	0	0	0	0	0	0	0	0	54	0	
2	3117	-0.2662209	0.000486314	4811.867	-0.001525902	5	5	-0.2661966	0	0	0	0	0	0	0	0	0	0	0	0	0	54	0	
2	3118	-0.2659142	0.000487847	4812.867	-0.001525902	5	5	-0.2656966	0	0	0	0	0	0	0	0	0	0	0	0	0	54	0	
2	3119	-0.2653008	0.000489381	4813.867	-0.001525902	5	5	-0.2651966	0	0	0	0	0	0	0	0	0	0	0	0	0	54	0	
2	3120	-0.2646874	0.000490792	4814.867	-0.001525902	5	5	-0.2646966	0	0	0	0	0	0	0	0	0	0	0	0	0	54	0	
2	3121	-0.2643807	0.000492264	4815.867	-0.001525902	5	5	-0.2641966	0	0	0	0	0	0	0	0	0	0	0	0	0	54	0	
2	3122	-0.2637673	0.000493736	4816.867	-0.001525902	5	5	-0.2636966	0	0	0	0	0	0	0	0	0	0	0	0	0	54	0	
2	3123	-0.2631539	0.000495269	4817.867	-0.001525902	5	5	-0.2631966	0	0	0	0	0	0	0	0	0	0	0	0	0	54	0	
2	3124	-0.2628472	0.000496803	4818.867	-0.001525902	5	5	-0.2626966	0	0	0	0	0	0	0	0	0	0	0	0	0	54	0	
2	3125	-0.2622337	0.000498214	4819.867	-0.001525902	5	5	-0.2621966	0	0	0	0	0	0	0	0	0	0	0	0	0	54	0	
2	3126	-0.261927	0.000499686	4820.867	-0.001525902	5	5	-0.2616966	0	0	0	0	0	0	0	0	0	0	0	0	0	54	0	
2	3127	-0.2613136	0.000501158	4821.867	-0.001525902	5	5	-0.2611966	0	0	0	0	0	0	0	0	0	0	0	0	0	54	0	
2	3128	-0.2607002	0.00050263	4822.867	-0.001525902	5	5	-0.2606966	0	0	0	0	0	0	0	0	0	0	0	0	0	54	0	
2	3129	-0.2603935	0.000504103	4823.867	-0.001525902	5	5	-0.2601966	0	0	0	0	0	0	0	0	0	0	0	0	0	54	0	
2	3130	-0.2597801	0.000505575	4824.867	-0.001525902	5	5	-0.2596966	0	0	0	0	0	0	0	0	0	0	0	0	0	54	0	
2	3131	-0.2594734	0.000507047	4825.867	-0.001525902	5	5	-0.2591966	0	0	0	0	0	0	0	0	0	0	0	0	0	54	0	
2	3132	-0.25886	0.000508519	4826.867	-0.001525902	5	5	-0.2586966	0	0	0	0	0	0	0	0	0	0	0	0	0	54	0	
2	3133	-0.2582466	0.00050993	4827.867	-0.001525902	5	5	-0.2581966	0	0	0	0	0	0	0	0	0	0	0	0	0	54	0	
2	3134	-0.2579398	0.000511402	4828.867	-0.001525902	5	5	-0.2576966	0	0	0	0	0	0	0	0	0	0	0	0	0	54	0	
2	3135	-0.2573265	0.000512874	4829.867	-0.001525902	5	5	-0.2571966	0	0	0	0	0	0	0	0	0	0	0	0	0	54	0	
2	3136	-0.2570197	0.000514285	4830.867	-0.001525902	5	5	-0.2566966	0	0	0	0	0	0	0	0	0	0	0	0	0	54	0	
2	3137	-0.2564063	0.000515757	4831.867	-0.001525902	5	5	-0.2561966	0	0	0	0	0	0	0	0	0	0	0	0	0	54	0	
2	3138	-0.2557929	0.00051723	4832.867	-0.001525902	5	5	-0.2556966	0	0	0	0	0	0	0	0	0	0	0	0	0	54	0	
2	3139	-0.2554862	0.000518579	4833.867	-0.001525902	5	5	-0.2551966	0	0	0	0	0	0	0	0	0	0	0	0	0	54	0	
2	3140	-0.2548728	0.000520051	4834.867	-0.001525902	5	5	-0.2546966	0	0	0	0	0	0	0	0	0	0	0	0	0	54	0	
2	3141	-0.2542594	0.000521524	4835.867	-0.001525902	5	5	-0.2541966	0	0	0	0	0	0	0	0	0	0	0	0	0	54	0	
2	3142	-0.2539527	0.000522934	4836.867	-0.001525902	5	5	-0.2536966	0	0	0	0	0	0	0	0	0	0	0	0	0	54	0	
2	3143	-0.2533393	0.000524407	4837.867	-0.001525902	5	5	-0.2531966	0	0	0	0	0	0	0	0	0	0	0	0	0	54	0	
2	3144	-0.2527258	0.000525817	4838.867	-0.001525902	5	5	-0.2526966	0	0	0	0	0	0	0	0	0	0	0	0	0	54	0	
2	3145	-0.2524191	0.00052729	4839.867	-0.001525902	5	5	-0.2521966	0	0	0	0	0	0	0	0	0	0	0	0	0	54	0	
2	3146	-0.2518057	0.000528639	4840.867	-0.001525902	5	5	-0.2516966	0	0	0	0	0	0	0	0	0	0	0	0	0	54	0	
2	3147	-0.251499	0.000530111	4841.867	-0.001525902	5	5	-0.2511966	0	0	0	0	0	0	0	0	0	0	0	0	0	54	0	
2	3148	-0.2508856	0.000531584	4842.867	-0.001525902	5	5	-0.2506966	0	0	0	0	0	0	0	0	0	0	0	0	0	54	0	
2	3149	-0.2502722	0.000532994	4843.867	-0.001525902	5	5	-0.2501966	0	0	0	0	0	0	0	0	0	0	0	0	0	54	0	
2	3150	-0.2499655	0.000534467	4844.867	-0.001525902	5	5	-0.2496966	0	0	0	0	0	0	0	0	0	0	0	0	0	54	0	
2	3151	-0.2493521	0.000535877	4845.867	-0.001525902	5	5	-0.2491966	0	0	0	0	0	0	0	0	0	0	0	0	0	54	0	
2	3152	-0.2487387	0.00053735	4846.867	-0.001525902	5	5	-0.2486966	0	0	0	0	0	0	0	0	0	0	0	0	0	54	0	
2	3153	-0.248432	0.00053876	4847.867	-0.001525902	5	5	-0.2481966	0	0	0	0	0	0	0	0	0	0	0	0	0	54	0	
2	3154	-0.2478185	0.000540171	4848.867	-0.001525902	5	5	-0.2476966	0	0	0	0	0	0	0	0	0	0	0	0	0	54	0	
2	3155	-0.2472051	0.000541582	4849.867	-0.001525902	5	5	-0.2471966	0	0	0	0	0	0	0	0	0	0	0	0	0	54	0	
2	3156	-0.2468984	0.000542993	4850.867	-0.001525902	5	5	-0.2466966	0	0	0	0	0	0	0	0	0	0	0	0	0	54	0	
2	3157	-0.2465917	0.000544404	4851.867	-0.001525902	5	5	-0.2461966	0	0	0	0	0	0	0	0	0	0	0	0	0	54	0	
2	3158	-0.2459783	0.000545815	4852.867	-0.001525902	5	5	-0.2456966	0	0	0	0	0	0	0	0	0	0	0	0	0	54	0	
2	3159	-0.2453649	0.000547164	4853.867	-0.001525902	5	5	-0.2451966	0	0	0	0	0	0	0	0	0	0	0	0	0	54	0	
2	3160	-0.2450582	0.000548575	4854.867	-0.001525902	5	5	-0.2446966	0	0	0	0	0	0	0	0	0	0	0	0	0	54	0	
2	3161	-0.2444448	0.000549925	4855.867	-0.001525902	5	5	-0.2441966	0	0	0	0	0	0	0	0	0	0	0	0	0	54	0	
2	3162	-0.2438314	0.000551397	4856.867	-0.001525902	5	5	-0.2436966	0	0	0	0	0	0	0	0	0	0	0	0	0	54	0	
2	3163	-0.2435247	0.000552808	4857.867	-0.001525902	5	5	-0.2431966	0	0	0	0	0	0	0	0	0	0	0	0	0	54	0	
2	3164	-0.2429112	0.000554157	4858.867	-0.001525902	5	5	-0.2426966	0	0	0	0	0	0	0	0	0	0	0	0	0	54	0	
2	3165	-0.2422978	0.000555568	4859.867	-0.001525902	5	5	-0.2421966	0	0	0	0	0	0	0	0	0	0	0	0	0	54	0	
2	3166	-0.2419911	0.000557101	4860.867	-0.001525902	5	5	-0.2416966	0	0	0	0	0	0	0	0	0	0	0	0	0	54	0	
2	3167	-0.2413777	0.000558512	4861.867	-0.001525902	5	5	-0.2411966	0	0	0	0	0	0	0	0	0	0	0	0	0	54	0	
2	3168	-0.2407643	0.000560107	4862.867	-0.001525902	5	5	-0.2406966	0	0	0	0	0	0	0	0	0	0	0	0	0	54	0	
2	3169	-0.2404576	0.000561457	4863.867	-0.001525902	5	5	-0.2401966	0	0	0	0	0	0	0	0	0	0	0	0	0	54	0	
2	3170	-0.2398442	0.000562806	4864.867	-0.001525902	5	5	-0.2396966	0	0	0	0	0	0	0	0	0	0	0	0	0	54	0	
2	3171	-0.2395375	0.000564156	4865.867	-0.001525902	5	5	-0.2391966	0	0	0	0	0	0	0	0	0	0	0	0	0	54	0	
2	3172	-0.2389241	0.000565444	4866.867	-0.001525902	5	5	-0.2386966	0	0	0	0	0	0	0	0	0	0	0	0	0	54	0	
2	3173	-0.2383106	0.000566793	4867.867	-0.001525902	5	5	-0.2381966	0	0	0	0	0	0	0	0	0	0	0	0	0	54	0	
2	3174	-0.2380039	0.000568143	4868.867	-0.001525902	5	5	-0.2376966	0	0	0	0	0	0	0	0	0	0	0	0	0	54	0	
2	3175	-0.2373905	0.000569554	4869.867	-0.001525902	5	5	-0.2371966	0	0	0	0	0	0	0	0	0	0	0	0	0	54	0	
2	3176	-0.2367771	0.000570903	4870.867	-0.001525902	5	5	-0.2366966	0	0	0	0	0	0	0	0	0	0	0	0	0	54	0	
2	3177	-0.2364704	0.000572253	4871.867	-0.001525902	5	5	-0.2361966	0	0	0	0	0	0	0	0	0	0	0	0	0	54	0	
2	3178	-0.2361637	0.000573541	4872.867	-0.001525902	5	5	-0.2356966	0	0	0	0	0	0	0	0	0	0	0	0	0	54	0	
2	3179	-0.2355503	0.00057489	4873.867	-0.001525902	5	5	-0.2351966	0	0	0	0	0	0	0	0	0	0	0	0	0	54	0	
2	3180	-0.2352436	0.00057624	4874.867	-0.001525902	5	5	-0.2346966	0	0	0	0	0	0	0	0	0	0	0	0	0	54	0	
2	3181	-0.2346302	0.000577651	4875.867	-0.001525902	5	5	-0.2341966	0	0	0	0	0	0	0	0	0	0	0	0	0	54	0	
2	3182	-0.2340168	0.000578939	4876.867	-0.001525902	5	5	-0.2336966	0	0	0	0	0	0	0	0	0	0	0	0	0	54	0	
2	3183	-0.2334034	0.00058035	4877.867	-0.001525902	5	5	-0.2331966	0	0	0	0	0	0	0	0	0	0	0	0	0	54	0	
2	3184	-0.2330966	0.000581577	4878.867	-0.001525902	5	5	-0.2326966	0	0	0	0	0	0	0	0	0	0	0	0	0	54	0	
2	3185	-0.2324832	0.000582865	4879.867	-0.001525902	5	5	-0.2321966	0	0	0	0	0	0	0	0	0	0	0	0	0	54	0	
2	3186	-0.2318698	0.000584153	4880.867	-0.001525902	5	5	-0.2316966	0	0	0	0	0	0	0	0	0	0	0	0	0	54	0	
2	3187	-0.2315631	0.000585503	4881.867	-0.001525902	5	5	-0.2311966	0	0	0	0	0	0	0	0	0	0	0	0	0	54	0	
2	3188	-0.2309497	0.000586791	4882.867	-0.001525902	5	5	-0.2306966	0	0	0	0	0	0	0	0	0	0	0	0	0	54	0	
2	3189	-0.230643	0.00058814	4883.867	-0.001525902	5	5	-0.2301966	0	0	0	0	0	0	0	0	0	0	0	0	0	54	0	
2	3190	-0.2300296	0.000589674	4884.867	-0.001525902	5	5	-0.2296966	0	0	0	0	0	0	0	0	0	0	0	0	0	54	0	
2	3191	-0.2294162	0.000591023	4885.867	-0.001525902	5	5	-0.2291966	0	0	0	0	0	0	0	0	0	0	0	0	0	54	0	
2	3192	-0.2291095	0.000592311	4886.867	-0.001525902	5	5	-0.2286966	0	0	0	0	0	0	0	0	0	0	0	0	0	54	0	
2	3193	-0.228496	0.000593661	4887.867	-0.001525902	5	5	-0.2281966	0	0	0	0	0	0	0	0	0	0	0	0	0	54	0	
2	3194	-0.2281893	0.000594949	4888.867	-0.001525902	5	5	-0.2276966	0	0	0	0	0	0	0	0	0	0	0	0	0	54	0	
2	3195	-0.2275759	0.000596237	4889.867	-0.001525902	5	5	-0.2271966	0	0	0	0	0	0	0	0	0	0	0	0	0	54	0	
2	3196	-0.2269625	0.000597525	4890.867	-0.001525902	5	5	-0.2266966	0	0	0	0	0	0	0	0	0	0	0	0	0	54	0	
2	3197	-0.2266558	0.000598752	4891.867	-0.001525902	5	5	-0.2261966	0	0	0	0	0	0	0	0	0	0	0	0	0	54	0	
2	3198	-0.2260424	0.00060004	4892.867	-0.001525902	5	5	-0.2256966	0	0	0	0	0	0	0	0	0	0	0	0	0	54	0	
2	3199	-0.225429	0.000601267	4893.867	-0.001525902	5	5	-0.2251966	0	0	0	0	0	0	0	0	0	0	0	0	0	54	0	
2	3200	-0.2251223	0.000602617	4894.867	-0.001525902	5	5	-0.2246966	0	0	0	0	0	0	0	0	0	0	0	0	0	54	0	
2	3201	-0.2245089	0.000603844	4895.867	-0.001525902	5	5	-0.2241966	0	0	0	0	0	0	0	0	0	0	0	0	0	54	0	
2	3202	-0.2242022	0.00060507	4896.867	-0.001525902	5	5	-0.2236966	0	0	0	0	0	0	0	0	0	0	0	0	0	54	0	
2	3203	-0.2235887	0.00060642	4897.867	-0.001525902	5	5	-0.2231966	0	0	0	0	0	0	0	0	0	0	0	0	0	54	0	
2	3204	-0.2229753	0.000607647	4898.867	-0.001525902	5	5	-0.2226966	0	0	0	0	0	0	0	0	0	0	0	0	0	54	0	
2	3205	-0.2226686	0.000608874	4899.867	-0.001525902	5	5	-0.2221966	0	0	0	0	0	0	0	0	0	0	0	0	0	54	0	
2	3206	-0.2220552	0.000610162	4900.867	-0.001525902	5	5	-0.2216966	0	0	0	0	0	0	0	0	0	0	0	0	0	54	0	
2	3207	-0.2217485	0.000611389	4901.867	-0.001525902	5	5	-0.2211966	0	0	0	0	0	0	0	0	0	0	0	0	0	54	0	
2	3208	-0.2211351	0.000612615	4902.867	-0.001525902	5	5	-0.2206966	0	0	0	0	0	0	0	0	0	0	0	0	0	54	0	
2	3209	-0.2205217	0.000613842	4903.867	-0.001525902	5	5	-0.2201966	0	0	0	0	0	0	0	0	0	0	0	0	0	54	0	
2	3210	-0.2199083	0.000615069	4904.867	-0.001525902	5	5	-0.2196966	0	0	0	0	0	0	0	0	0	0	0	0	0	54	0	
2	3211	-0.2196016	0.000616296	4905.867	-0.001525902	5	5	-0.2191966	0	0	0	0	0	0	0	0	0	0	0	0	0	54	0	
2	3212	-0.2189882	0.000617523	4906.867	-0.001525902	5	5	-0.2186966	0	0	0	0	0	0	0	0	0	0	0	0	0	54	0	
2	3213	-0.2186814	0.000618811	4907.867	-0.001525902	5	5	-0.2181966	0	0	0	0	0	0	0	0	0	0	0	0	0	54	0	
2	3214	-0.218068	0.000620038	4908.867	-0.001525902	5	5	-0.2176966	0	0	0	0	0	0	0	0	0	0	0	0	0	54	0	
2	3215	-0.2174546	0.000621203	4909.867	-0.001525902	5	5	-0.2171966	0	0	0	0	0	0	0	0	0	0	0	0	0	54	0	
2	3216	-0.2171479	0.00062243	4910.867	-0.001525902	5	5	-0.2166966	0	0	0	0	0	0	0	0	0	0	0	0	0	54	0	
2	3217	-0.2165345	0.000623534	4911.867	-0.001525902	5	5	-0.2161966	0	0	0	0	0	0	0	0	0	0	0	0	0	54	0	
2	3218	-0.2162278	0.000624761	4912.867	-0.001525902	5	5	-0.2156966	0	0	0	0	0	0	0	0	0	0	0	0	0	54	0	
2	3219	-0.2156144	0.000625926	4913.867	-0.001525902	5	5	-0.2151966	0	0	0	0	0	0	0	0	0	0	0	0	0	54	0	
2	3220	-0.215001	0.000627092	4914.867	-0.001525902	5	5	-0.2146966	0	0	0	0	0	0	0	0	0	0	0	0	0	54	0	
2	3221	-0.2146943	0.000628319	4915.867	-0.001525902	5	5	-0.2141966	0	0	0	0	0	0	0	0	0	0	0	0	0	54	0	
2	3222	-0.2140809	0.000629546	4916.867	-0.001525902	5	5	-0.2136966	0	0	0	0	0	0	0	0	0	0	0	0	0	54	0	
2	3223	-0.2137741	0.00063065	4917.867	-0.001525902	5	5	-0.2131966	0	0	0	0	0	0	0	0	0	0	0	0	0	54	0	
2	3224	-0.2131607	0.000631815	4918.867	-0.001525902	5	5	-0.2126966	0	0	0	0	0	0	0	0	0	0	0	0	0	54	0	
2	3225	-0.2125473	0.000633042	4919.867	-0.001525902	5	5	-0.2121966	0	0	0	0	0	0	0	0	0	0	0	0	0	54	0	
2	3226	-0.2122406	0.000634207	4920.867	-0.001525902	5	5	-0.2116966	0	0	0	0	0	0	0	0	0	0	0	0	0	54	0	
2	3227	-0.2116272	0.000635312	4921.867	-0.001525902	5	5	-0.2111966	0	0	0	0	0	0	0	0	0	0	0	0	0	54	0	
2	3228	-0.2110138	0.000636477	4922.867	-0.001525902	5	5	-0.2106966	0	0	0	0	0	0	0	0	0	0	0	0	0	54	0	
2	3229	-0.2107071	0.000637643	4923.867	-0.001525902	5	5	-0.2101966	0	0	0	0	0	0	0	0	0	0	0	0	0	54	0	
2	3230	-0.2100937	0.000638747	4924.867	-0.001525902	5	5	-0.2096966	0	0	0	0	0	0	0	0	0	0	0	0	0	54	0	
2	3231	-0.209787	0.00063979	4925.867	-0.001525902	5	5	-0.2091966	0	0	0	0	0	0	0	0	0	0	0	0	0	54	0	
2	3232	-0.2091735	0.000640955	4926.867	-0.001525902	5	5	-0.2086966	0	0	0	0	0	0	0	0	0	0	0	0	0	54	0	
2	3233	-0.2085601	0.000642059	4927.867	-0.001525902	5	5	-0.2081966	0	0	0	0	0	0	0	0	0	0	0	0	0	54	0	
2	3234	-0.2082534	0.000643225	4928.867	-0.001525902	5	5	-0.2076966	0	0	0	0	0	0	0	0	0	0	0	0	0	54	0	
2	3235	-0.20764	0.000644329	4929.867	-0.001525902	5	5	-0.2071966	0	0	0	0	0	0	0	0	0	0	0	0	0	54	0	
2	3236	-0.2070266	0.000645372	4930.867	-0.001525902	5	5	-0.2066966	0	0	0	0	0	0	0	0	0	0	0	0	0	54	0	
2	3237	-0.2067199	0.000646476	4931.867	-0.001525902	5	5	-0.2061966	0	0	0	0	0	0	0	0	0	0	0	0	0	54	0	
2	3238	-0.2061065	0.00064758	4932.867	-0.001525902	5	5	-0.2056966	0	0	0	0	0	0	0	0	0	0	0	0	0	54	0	
2	3239	-0.2054931	0.000648684	4933.867	-0.001525902	5	5	-0.2051966	0	0	0	0	0	0	0	0	0	0	0	0	0	54	0	
2	3240	-0.2051864	0.000649788	4934.867	-0.001525902	5	5	-0.2046966	0	0	0	0	0	0	0	0	0	0	0	0	0	54	0	
2	3241	-0.204573	0.000650892	4935.867	-0.001525902	5	5	-0.2041966	0	0	0	0	0	0	0	0	0	0	0	0	0	54	0	
2	3242	-0.2039595	0.000651996	4936.867	-0.001525902	5	5	-0.2036966	0	0	0	0	0	0	0	0	0	0	0	0	0	54	0	
2	3243	-0.2036528	0.000653101	4937.867	-0.001525902	5	5	-0.2031966	0	0	0	0	0	0	0	0	0	0	0	0	0	54	0	
2	3244	-0.2030394	0.000654205	4938.867	-0.001525902	5	5	-0.2026966	0	0	0	0	0	0	0	0	0	0	0	0	0	54	0	
2	3245	-0.202426	0.00065537	4939.867	-0.001525902	5	5	-0.2021966	0	0	0	0	0	0	0	0	0	0	0	0	0	54	0	
2	3246	-0.2021193	0.000656413	4940.867	-0.001525902	5	5	-0.2016966	0	0	0	0	0	0	0	0	0	0	0	0	0	54	0	
2	3247	-0.2015059	0.000657579	4941.867	-0.001525902	5	5	-0.2011966	0	0	0	0	0	0	0	0	0	0	0	0	0	54	0	
2	3248	-0.2011992	0.000658683	4942.867	-0.001525902	5	5	-0.2006966	0	0	0	0	0	0	0	0	0	0	0	0	0	54	0	
2	3249	-0.2005858	0.000659725	4943.867	-0.001525902	5	5	-0.2001966	0	0	0	0	0	0	0	0	0	0	0	0	0	54	0	
2	3250	-0.1999724	0.00066083	4944.867	-0.001525902	5	5	-0.1996966	0	0	0	0	0	0	0	0	0	0	0	0	0	54	0	
2	3251	-0.1996657	0.000661872	4945.867	-0.001525902	5	5	-0.1991966	0	0	0	0	0	0	0	0	0	0	0	0	0	54	0	
2	3252	-0.1990522	0.000662915	4946.867	-0.001525902	5	5	-0.1986966	0	0	0	0	0	0	0	0	0	0	0	0	0	54	0	
2	3253	-0.1987455	0.000663897	4947.867	-0.001525902	5	5	-0.1981966	0	0	0	0	0	0	0	0	0	0	0	0	0	54	0	
2	3254	-0.1981321	0.000664878	4948.867	-0.001525902	5	5	-0.1976966	0	0	0	0	0	0	0	0	0	0	0	0	0	54	0	
2	3255	-0.1975187	0.00066586	4949.867	-0.001525902	5	5	-0.1971966	0	0	0	0	0	0	0	0	0	0	0	0	0	54	0	
2	3256	-0.197212	0.000666902	4950.867	-0.001525902	5	5	-0.1966966	0	0	0	0	0	0	0	0	0	0	0	0	0	54	0	
2	3257	-0.1965986	0.000667945	4951.867	-0.001525902	5	5	-0.1961966	0	0	0	0	0	0	0	0	0	0	0	0	0	54	0	
2	3258	-0.1959852	0.000668988	4952.867	-0.001525902	5	5	-0.1956966	0	0	0	0	0	0	0	0	0	0	0	0	0	54	0	
2	3259	-0.1956785	0.000670031	4953.867	-0.001525902	5	5	-0.1951966	0	0	0	0	0	0	0	0	0	0	0	0	0	54	0	
2	3260	-0.1950651	0.000671012	4954.867	-0.001525902	5	5	-0.1946966	0	0	0	0	0	0	0	0	0	0	0	0	0	54	0	
2	3261	-0.1947584	0.000671994	4955.867	-0.001525902	5	5	-0.1941966	0	0	0	0	0	0	0	0	0	0	0	0	0	54	0	
2	3262	-0.1941449	0.000672914	4956.867	-0.001525902	5	5	-0.1936966	0	0	0	0	0	0	0	0	0	0	0	0	0	54	0	
2	3263	-0.1935315	0.000673957	4957.867	-0.001525902	5	5	-0.1931966	0	0	0	0	0	0	0	0	0	0	0	0	0	54	0	
2	3264	-0.1929181	0.000674999	4958.867	-0.001525902	5	5	-0.1926966	0	0	0	0	0	0	0	0	0	0	0	0	0	54	0	
2	3265	-0.1926114	0.000675981	4959.867	-0.001525902	5	5	-0.1921966	0	0	0	0	0	0	0	0	0	0	0	0	0	54	0	
2	3266	-0.191998	0.000677024	4960.867	-0.001525902	5	5	-0.1916966	0	0	0	0	0	0	0	0	0	0	0	0	0	54	0	
2	3267	-0.1916913	0.000678005	4961.867	-0.001525902	5	5	-0.1911966	0	0	0	0	0	0	0	0	0	0	0	0	0	54	0	
2	3268	-0.1910779	0.000678925	4962.867	-0.001525902	5	5	-0.1906966	0	0	0	0	0	0	0	0	0	0	0	0	0	54	0	
2	3269	-0.1904645	0.000679907	4963.867	-0.001525902	5	5	-0.1901966	0	0	0	0	0	0	0	0	0	0	0	0	0	54	0	
2	3270	-0.1901578	0.000681072	4964.867	-0.001525902	5	5	-0.1896966	0	0	0	0	0	0	0	0	0	0	0	0	0	54	0	
2	3271	-0.1895443	0.000681931	4965.867	-0.001525902	5	5	-0.1891966	0	0	0	0	0	0	0	0	0	0	0	0	0	54	0	
2	3272	-0.1892376	0.000682851	4966.867	-0.001525902	5	5	-0.1886966	0	0	0	0	0	0	0	0	0	0	0	0	0	54	0	
2	3273	-0.1886242	0.000683771	4967.867	-0.001525902	5	5	-0.1881966	0	0	0	0	0	0	0	0	0	0	0	0	0	54	0	
2	3274	-0.1880108	0.000684753	4968.867	-0.001525902	5	5	-0.1876966	0	0	0	0	0	0	0	0	0	0	0	0	0	54	0	
2	3275	-0.1877041	0.000685611	4969.867	-0.001525902	5	5	-0.1871966	0	0	0	0	0	0	0	0	0	0	0	0	0	54	0	
2	3276	-0.1870907	0.000686532	4970.867	-0.001525902	5	5	-0.1866966	0	0	0	0	0	0	0	0	0	0	0	0	0	54	0	
2	3277	-0.186784	0.000687513	4971.867	-0.001525902	5	5	-0.1861966	0	0	0	0	0	0	0	0	0	0	0	0	0	54	0	
2	3278	-0.1861706	0.000688433	4972.867	-0.001525902	5	5	-0.1856966	0	0	0	0	0	0	0	0	0	0	0	0	0	54	0	
2	3279	-0.1855572	0.000689353	4973.867	-0.001525902	5	5	-0.1851966	0	0	0	0	0	0	0	0	0	0	0	0	0	54	0	
2	3280	-0.1849438	0.000690335	4974.867	-0.001525902	5	5	-0.1846966	0	0	0	0	0	0	0	0	0	0	0	0	0	54	0	
2	3281	-0.184637	0.000691132	4975.867	-0.001525902	5	5	-0.1841966	0	0	0	0	0	0	0	0	0	0	0	0	0	54	0	
2	3282	-0.1840236	0.000692052	4976.867	-0.001525902	5	5	-0.1836966	0	0	0	0	0	0	0	0	0	0	0	0	0	54	0	
2	3283	-0.1837169	0.000692972	4977.867	-0.001525902	5	5	-0.1831966	0	0	0	0	0	0	0	0	0	0	0	0	0	54	0	
2	3284	-0.1831035	0.000693893	4978.867	-0.001525902	5	5	-0.1826966	0	0	0	0	0	0	0	0	0	0	0	0	0	54	0	
2	3285	-0.1824901	0.000694813	4979.867	-0.001525902	5	5	-0.1821966	0	0	0	0	0	0	0	0	0	0	0	0	0	54	0	
2	3286	-0.1821834	0.000695733	4980.867	-0.001525902	5	5	-0.1816966	0	0	0	0	0	0	0	0	0	0	0	0	0	54	0	
2	3287	-0.18157	0.000696653	4981.867	-0.001525902	5	5	-0.1811966	0	0	0	0	0	0	0	0	0	0	0	0	0	54	0	
2	3288	-0.1809566	0.000697512	4982.867	-0.001525902	5	5	-0.1806966	0	0	0	0	0	0	0	0	0	0	0	0	0	54	0	
2	3289	-0.1806499	0.000698432	4983.867	-0.001525902	5	5	-0.1801966	0	0	0	0	0	0	0	0	0	0	0	0	0	54	0	
2	3290	-0.1800364	0.000699413	4984.867	-0.001525902	5	5	-0.1796966	0	0	0	0	0	0	0	0	0	0	0	0	0	54	0	
2	3291	-0.179423	0.000700333	4985.867	-0.001525902	5	5	-0.1791966	0	0	0	0	0	0	0	0	0	0	0	0	0	54	0	
2	3292	-0.1791163	0.000701192	4986.867	-0.001525902	5	5	-0.1786966	0	0	0	0	0	0	0	0	0	0	0	0	0	54	0	
2	3293	-0.1785029	0.000702051	4987.867	-0.001525902	5	5	-0.1781966	0	0	0	0	0	0	0	0	0	0	0	0	0	54	0	
2	3294	-0.1781962	0.000702848	4988.867	-0.001525902	5	5	-0.1776966	0	0	0	0	0	0	0	0	0	0	0	0	0	54	0	
2	3295	-0.1775828	0.000703707	4989.867	-0.001525902	5	5	-0.1771966	0	0	0	0	0	0	0	0	0	0	0	0	0	54	0	
2	3296	-0.1772761	0.000704505	4990.867	-0.001525902	5	5	-0.1766966	0	0	0	0	0	0	0	0	0	0	0	0	0	54	0	
2	3297	-0.1766627	0.000705302	4991.867	-0.001525902	5	5	-0.1761966	0	0	0	0	0	0	0	0	0	0	0	0	0	54	0	
2	3298	-0.1760493	0.000706099	4992.867	-0.001525902	5	5	-0.1756966	0	0	0	0	0	0	0	0	0	0	0	0	0	54	0	
2	3299	-0.1757426	0.000706897	4993.867	-0.001525902	5	5	-0.1751966	0	0	0	0	0	0	0	0	0	0	0	0	0	54	0	
2	3300	-0.1751291	0.000707694	4994.867	-0.001525902	5	5	-0.1746966	0	0	0	0	0	0	0	0	0	0	0	0	0	54	0	
2	3301	-0.1748224	0.000708492	4995.867	-0.001525902	5	5	-0.1741966	0	0	0	0	0	0	0	0	0	0	0	0	0	54	0	
2	3302	-0.174209	0.000709289	4996.867	-0.001525902	5	5	-0.1736966	0	0	0	0	0	0	0	0	0	0	0	0	0	54	0	
2	3303	-0.1735956	0.000710148	4997.867	-0.001525902	5	5	-0.1731966	0	0	0	0	0	0	0	0	0	0	0	0	0	54	0	
2	3304	-0.1729822	0.000711007	4998.867	-0.001525902	5	5	-0.1726966	0	0	0	0	0	0	0	0	0	0	0	0	0	54	0	
2	3305	-0.1726755	0.000711804	4999.867	-0.001525902	5	5	-0.1721966	0	0	0	0	0	0	0	0	0	0	0	0	0	54	0	
2	3306	-0.1720621	0.000712602	5000.867	-0.001525902	5	5	-0.1716966	0	0	0	0	0	0	0	0	0	0	0	0	0	54	0	
2	3307	-0.1717554	0.000713338	5001.867	-0.001525902	5	5	-0.1711966	0	0	0	0	0	0	0	0	0	0	0	0	0	54	0	
2	3308	-0.171142	0.000714135	5002.867	-0.001525902	5	5	-0.1706966	0	0	0	0	0	0	0	0	0	0	0	0	0	54	0	
2	3309	-0.1705285	0.000714871	5003.867	-0.001525902	5	5	-0.1701966	0	0	0	0	0	0	0	0	0	0	0	0	0	54	0	
2	3310	-0.1702219	0.000715546	5004.867	-0.001525902	5	5	-0.1696966	0	0	0	0	0	0	0	0	0	0	0	0	0	54	0	
2	3311	-0.1696084	0.000716282	5005.867	-0.001525902	5	5	-0.1691966	0	0	0	0	0	0	0	0	0	0	0	0	0	54	0	
2	3312	-0.168995	0.000717018	5006.867	-0.001525902	5	5	-0.1686966	0	0	0	0	0	0	0	0	0	0	0	0	0	54	0	
2	3313	-0.1686883	0.000717693	5007.867	-0.001525902	5	5	-0.1681966	0	0	0	0	0	0	0	0	0	0	0	0	0	54	0	
2	3314	-0.1680749	0.000718429	5008.867	-0.001525902	5	5	-0.1676966	0	0	0	0	0	0	0	0	0	0	0	0	0	54	0	
2	3315	-0.1674615	0.000719165	5009.867	-0.001525902	5	5	-0.1671966	0	0	0	0	0	0	0	0	0	0	0	0	0	54	0	
2	3316	-0.1671548	0.000719901	5010.867	-0.001525902	5	5	-0.1666966	0	0	0	0	0	0	0	0	0	0	0	0	0	54	0	
2	3317	-0.1665414	0.000720576	5011.867	-0.001525902	5	5	-0.1661966	0	0	0	0	0	0	0	0	0	0	0	0	0	54	0	
2	3318	-0.1662347	0.000721312	5012.867	-0.001525902	5	5	-0.1656966	0	0	0	0	0	0	0	0	0	0	0	0	0	54	0	
2	3319	-0.1656213	0.000722048	5013.867	-0.001525902	5	5	-0.1651966	0	0	0	0	0	0	0	0	0	0	0	0	0	54	0	
2	3320	-0.1653145	0.000722662	5014.867	-0.001525902	5	5	-0.1646966	0	0	0	0	0	0	0	0	0	0	0	0	0	54	0	
2	3321	-0.1647011	0.000723398	5015.867	-0.001525902	5	5	-0.1641966	0	0	0	0	0	0	0	0	0	0	0	0	0	54	0	
2	3322	-0.1640877	0.000724072	5016.867	-0.001525902	5	5	-0.1636966	0	0	0	0	0	0	0	0	0	0	0	0	0	54	0	
2	3323	-0.163781	0.00072487	5017.867	-0.001525902	5	5	-0.1631966	0	0	0	0	0	0	0	0	0	0	0	0	0	54	0	
2	3324	-0.1631676	0.000725729	5018.867	-0.001525902	5	5	-0.1626966	0	0	0	0	0	0	0	0	0	0	0	0	0	54	0	
2	3325	-0.1628609	0.000726465	5019.867	-0.001525902	5	5	-0.1621966	0	0	0	0	0	0	0	0	0	0	0	0	0	54	0	
2	3326	-0.1622475	0.000727201	5020.867	-0.001525902	5	5	-0.1616966	0	0	0	0	0	0	0	0	0	0	0	0	0	54	0	
2	3327	-0.1616341	0.000728182	5021.867	-0.001525902	5	5	-0.1611966	0	0	0	0	0	0	0	0	0	0	0	0	0	54	0	
2	3328	-0.1610207	0.000729102	5022.867	-0.001525902	5	5	-0.1606966	0	0	0	0	0	0	0	0	0	0	0	0	0	54	0	
2	3329	-0.1607139	0.0007299	5023.867	-0.001525902	5	5	-0.1601966	0	0	0	0	0	0	0	0	0	0	0	0	0	54	0	
2	3330	-0.1601005	0.000730636	5024.867	-0.001525902	5	5	-0.1596966	0	0	0	0	0	0	0	0	0	0	0	0	0	54	0	
2	3331	-0.1594871	0.000731372	5025.867	-0.001525902	5	5	-0.1591966	0	0	0	0	0	0	0	0	0	0	0	0	0	54	0	
2	3332	-0.1591804	0.000732108	5026.867	-0.001525902	5	5	-0.1586966	0	0	0	0	0	0	0	0	0	0	0	0	0	54	0	
2	3333	-0.158567	0.000732722	5027.867	-0.001525902	5	5	-0.1581966	0	0	0	0	0	0	0	0	0	0	0	0	0	54	0	
2	3334	-0.1582603	0.000733458	5028.867	-0.001525902	5	5	-0.1576966	0	0	0	0	0	0	0	0	0	0	0	0	0	54	0	
2	3335	-0.1576469	0.000734194	5029.867	-0.001525902	5	5	-0.1571966	0	0	0	0	0	0	0	0	0	0	0	0	0	54	0	
2	3336	-0.1570335	0.00073493	5030.867	-0.001525902	5	5	-0.1566966	0	0	0	0	0	0	0	0	0	0	0	0	0	54	0	
2	3337	-0.1567268	0.000735482	5031.867	-0.001525902	5	5	-0.1561966	0	0	0	0	0	0	0	0	0	0	0	0	0	54	0	
2	3338	-0.1561134	0.000736095	5032.867	-0.001525902	5	5	-0.1556966	0	0	0	0	0	0	0	0	0	0	0	0	0	54	0	
2	3339	-0.1554999	0.00073677	5033.867	-0.001525902	5	5	-0.1551966	0	0	0	0	0	0	0	0	0	0	0	0	0	54	0	
2	3340	-0.1551932	0.000737629	5034.867	-0.001525902	5	5	-0.1546966	0	0	0	0	0	0	0	0	0	0	0	0	0	54	0	
2	3341	-0.1545798	0.000738856	5035.867	-0.001525902	5	5	-0.1541966	0	0	0	0	0	0	0	0	0	0	0	0	0	54	0	
2	3342	-0.1542731	0.000739592	5036.867	-0.001525902	5	5	-0.1536966	0	0	0	0	0	0	0	0	0	0	0	0	0	54	0	
2	3343	-0.1536597	0.000740389	5037.867	-0.001525902	5	5	-0.1531966	0	0	0	0	0	0	0	0	0	0	0	0	0	54	0	
2	3344	-0.1530463	0.000741248	5038.867	-0.001525902	5	5	-0.1526966	0	0	0	0	0	0	0	0	0	0	0	0	0	54	0	
2	3345	-0.1527396	0.000742045	5039.867	-0.001525902	5	5	-0.1521966	0	0	0	0	0	0	0	0	0	0	0	0	0	54	0	
2	3346	-0.1521262	0.00074272	5040.867	-0.001525902	5	5	-0.1516966	0	0	0	0	0	0	0	0	0	0	0	0	0	54	0	
2	3347	-0.1515128	0.000743518	5041.867	-0.001525902	5	5	-0.1511966	0	0	0	0	0	0	0	0	0	0	0	0	0	54	0	
2	3348	-0.1508994	0.000744376	5042.867	-0.001525902	5	5	-0.1506966	0	0	0	0	0	0	0	0	0	0	0	0	0	54	0	
2	3349	-0.1505926	0.000745174	5043.867	-0.001525902	5	5	-0.1501966	0	0	0	0	0	0	0	0	0	0	0	0	0	54	0	
2	3350	-0.1502859	0.00074591	5044.867	-0.001525902	5	5	-0.1496966	0	0	0	0	0	0	0	0	0	0	0	0	0	54	0	
2	3351	-0.1496725	0.000746707	5045.867	-0.001525902	5	5	-0.1491966	0	0	0	0	0	0	0	0	0	0	0	0	0	54	0	
2	3352	-0.1490591	0.000747443	5046.867	-0.001525902	5	5	-0.1486966	0	0	0	0	0	0	0	0	0	0	0	0	0	54	0	
2	3353	-0.1487524	0.00074818	5047.867	-0.001525902	5	5	-0.1481966	0	0	0	0	0	0	0	0	0	0	0	0	0	54	0	
2	3354	-0.148139	0.000748916	5048.867	-0.001525902	5	5	-0.1476966	0	0	0	0	0	0	0	0	0	0	0	0	0	54	0	
2	3355	-0.1475256	0.000749652	5049.867	-0.001525902	5	5	-0.1471966	0	0	0	0	0	0	0	0	0	0	0	0	0	54	0	
2	3356	-0.1472189	0.000750326	5050.867	-0.001525902	5	5	-0.1466966	0	0	0	0	0	0	0	0	0	0	0	0	0	54	0	
2	3357	-0.1466055	0.000751001	5051.867	-0.001525902	5	5	-0.1461966	0	0	0	0	0	0	0	0	0	0	0	0	0	54	0	
2	3358	-0.145992	0.000751615	5052.867	-0.001525902	5	5	-0.1456966	0	0	0	0	0	0	0	0	0	0	0	0	0	54	0	
2	3359	-0.1456853	0.000752289	5053.867	-0.001525902	5	5	-0.1451966	0	0	0	0	0	0	0	0	0	0	0	0	0	54	0	
2	3360	-0.1450719	0.000752964	5054.867	-0.001525902	5	5	-0.1446966	0	0	0	0	0	0	0	0	0	0	0	0	0	54	0	
2	3361	-0.1447652	0.000753578	5055.867	-0.001525902	5	5	-0.1441966	0	0	0	0	0	0	0	0	0	0	0	0	0	54	0	
2	3362	-0.1441518	0.000754252	5056.867	-0.001525902	5	5	-0.1436966	0	0	0	0	0	0	0	0	0	0	0	0	0	54	0	
2	3363	-0.1435384	0.000754988	5057.867	-0.001525902	5	5	-0.1431966	0	0	0	0	0	0	0	0	0	0	0	0	0	54	0	
2	3364	-0.1432317	0.000755663	5058.867	-0.001525902	5	5	-0.1426966	0	0	0	0	0	0	0	0	0	0	0	0	0	54	0	
2	3365	-0.1426183	0.000756338	5059.867	-0.001525902	5	5	-0.1421966	0	0	0	0	0	0	0	0	0	0	0	0	0	54	0	
2	3366	-0.1420049	0.000757074	5060.867	-0.001525902	5	5	-0.1416966	0	0	0	0	0	0	0	0	0	0	0	0	0	54	0	
2	3367	-0.1416982	0.000757749	5061.867	-0.001525902	5	5	-0.1411966	0	0	0	0	0	0	0	0	0	0	0	0	0	54	0	
2	3368	-0.1410847	0.000758485	5062.867	-0.001525902	5	5	-0.1406966	0	0	0	0	0	0	0	0	0	0	0	0	0	54	0	
2	3369	-0.140778	0.000759282	5063.867	-0.001525902	5	5	-0.1401966	0	0	0	0	0	0	0	0	0	0	0	0	0	54	0	
2	3370	-0.1401646	0.000760018	5064.867	-0.001525902	5	5	-0.1396966	0	0	0	0	0	0	0	0	0	0	0	0	0	54	0	
2	3371	-0.1395512	0.000760755	5065.867	-0.001525902	5	5	-0.1391966	0	0	0	0	0	0	0	0	0	0	0	0	0	54	0	
2	3372	-0.1392445	0.000761429	5066.867	-0.001525902	5	5	-0.1386966	0	0	0	0	0	0	0	0	0	0	0	0	0	54	0	
2	3373	-0.1386311	0.000762104	5067.867	-0.001525902	5	5	-0.1381966	0	0	0	0	0	0	0	0	0	0	0	0	0	54	0	
2	3374	-0.1380177	0.00076284	5068.867	-0.001525902	5	5	-0.1376966	0	0	0	0	0	0	0	0	0	0	0	0	0	54	0	
2	3375	-0.137711	0.000763515	5069.867	-0.001525902	5	5	-0.1371966	0	0	0	0	0	0	0	0	0	0	0	0	0	54	0	
2	3376	-0.1370976	0.000764312	5070.867	-0.001525902	5	5	-0.1366966	0	0	0	0	0	0	0	0	0	0	0	0	0	54	0	
2	3377	-0.1364841	0.000765048	5071.867	-0.001525902	5	5	-0.1361966	0	0	0	0	0	0	0	0	0	0	0	0	0	54	0	
2	3378	-0.1361774	0.000765662	5072.867	-0.001525902	5	5	-0.1356966	0	0	0	0	0	0	0	0	0	0	0	0	0	54	0	
2	3379	-0.135564	0.000766398	5073.867	-0.001525902	5	5	-0.1351966	0	0	0	0	0	0	0	0	0	0	0	0	0	54	0	
2	3380	-0.1352573	0.000767195	5074.867	-0.001525902	5	5	-0.1346966	0	0	0	0	0	0	0	0	0	0	0	0	0	54	0	
2	3381	-0.1346439	0.000767993	5075.867	-0.001525902	5	5	-0.1341966	0	0	0	0	0	0	0	0	0	0	0	0	0	54	0	
2	3382	-0.1340305	0.000768729	5076.867	-0.001525902	5	5	-0.1336966	0	0	0	0	0	0	0	0	0	0	0	0	0	54	0	
2	3383	-0.1337238	0.000769404	5077.867	-0.001525902	5	5	-0.1331966	0	0	0	0	0	0	0	0	0	0	0	0	0	54	0	
2	3384	-0.1331104	0.000769956	5078.867	-0.001525902	5	5	-0.1326966	0	0	0	0	0	0	0	0	0	0	0	0	0	54	0	
2	3385	-0.132497	0.00077063	5079.867	-0.001525902	5	5	-0.1321966	0	0	0	0	0	0	0	0	0	0	0	0	0	54	0	
2	3386	-0.1321903	0.000771244	5080.867	-0.001525902	5	5	-0.1316966	0	0	0	0	0	0	0	0	0	0	0	0	0	54	0	
2	3387	-0.1315769	0.000771919	5081.867	-0.001525902	5	5	-0.1311966	0	0	0	0	0	0	0	0	0	0	0	0	0	54	0	
2	3388	-0.1312701	0.000772532	5082.867	-0.001525902	5	5	-0.1306966	0	0	0	0	0	0	0	0	0	0	0	0	0	54	0	
2	3389	-0.1306567	0.000773145	5083.867	-0.001525902	5	5	-0.1301966	0	0	0	0	0	0	0	0	0	0	0	0	0	54	0	
2	3390	-0.1300433	0.00077382	5084.867	-0.001525902	5	5	-0.1296966	0	0	0	0	0	0	0	0	0	0	0	0	0	54	0	
2	3391	-0.1297366	0.000774434	5085.867	-0.001525902	5	5	-0.1291966	0	0	0	0	0	0	0	0	0	0	0	0	0	54	0	
2	3392	-0.1291232	0.000775047	5086.867	-0.001525902	5	5	-0.1286966	0	0	0	0	0	0	0	0	0	0	0	0	0	54	0	
2	3393	-0.1285098	0.000775722	5087.867	-0.001525902	5	5	-0.1281966	0	0	0	0	0	0	0	0	0	0	0	0	0	54	0	
2	3394	-0.1282031	0.000776335	5088.867	-0.001525902	5	5	-0.1276966	0	0	0	0	0	0	0	0	0	0	0	0	0	54	0	
2	3395	-0.1275897	0.00077701	5089.867	-0.001525902	5	5	-0.1271966	0	0	0	0	0	0	0	0	0	0	0	0	0	54	0	
2	3396	-0.1269763	0.000777623	5090.867	-0.001525902	5	5	-0.1266966	0	0	0	0	0	0	0	0	0	0	0	0	0	54	0	
2	3397	-0.1266695	0.000778666	5091.867	-0.001525902	5	5	-0.1261966	0	0	0	0	0	0	0	0	0	0	0	0	0	54	0	
2	3398	-0.1260561	0.000780077	5092.867	-0.001525902	5	5	-0.1256966	0	0	0	0	0	0	0	0	0	0	0	0	0	54	0	
2	3399	-0.1257494	0.000782347	5093.867	-0.001525902	5	5	-0.1251966	0	0	0	0	0	0	0	0	0	0	0	0	0	54	0	
2	3400	-0.125136	0.000784248	5094.867	-0.001525902	5	5	-0.1246966	0	0	0	0	0	0	0	0	0	0	0	0	0	54	0	
2	3401	-0.1245226	0.0007848	5095.867	-0.001525902	5	5	-0.1241966	0	0	0	0	0	0	0	0	0	0	0	0	0	54	0	
2	3402	-0.1242159	0.000785414	5096.867	-0.001525902	5	5	-0.1236966	0	0	0	0	0	0	0	0	0	0	0	0	0	54	0	
2	3403	-0.1236025	0.000786027	5097.867	-0.001525902	5	5	-0.1231966	0	0	0	0	0	0	0	0	0	0	0	0	0	54	0	
2	3404	-0.1229891	0.000786579	5098.867	-0.001525902	5	5	-0.1226966	0	0	0	0	0	0	0	0	0	0	0	0	0	54	0	
2	3405	-0.1226824	0.000787131	5099.867	-0.001525902	5	5	-0.1221966	0	0	0	0	0	0	0	0	0	0	0	0	0	54	0	
2	3406	-0.1220689	0.000787745	5100.867	-0.001525902	5	5	-0.1216966	0	0	0	0	0	0	0	0	0	0	0	0	0	54	0	
2	3407	-0.1217622	0.000788358	5101.867	-0.001525902	5	5	-0.1211966	0	0	0	0	0	0	0	0	0	0	0	0	0	54	0	
2	3408	-0.1211488	0.000788971	5102.867	-0.001525902	5	5	-0.1206966	0	0	0	0	0	0	0	0	0	0	0	0	0	54	0	
2	3409	-0.1205354	0.000789585	5103.867	-0.001525902	5	5	-0.1201966	0	0	0	0	0	0	0	0	0	0	0	0	0	54	0	
2	3410	-0.1202287	0.000790198	5104.867	-0.001525902	5	5	-0.1196966	0	0	0	0	0	0	0	0	0	0	0	0	0	54	0	
2	3411	-0.1196153	0.000790873	5105.867	-0.001525902	5	5	-0.1191966	0	0	0	0	0	0	0	0	0	0	0	0	0	54	0	
2	3412	-0.1193086	0.000791732	5106.867	-0.001525902	5	5	-0.1186966	0	0	0	0	0	0	0	0	0	0	0	0	0	54	0	
2	3413	-0.1186952	0.000792529	5107.867	-0.001525902	5	5	-0.1181966	0	0	0	0	0	0	0	0	0	0	0	0	0	54	0	
2	3414	-0.1180818	0.000793143	5108.867	-0.001525902	5	5	-0.1176966	0	0	0	0	0	0	0	0	0	0	0	0	0	54	0	
2	3415	-0.1177751	0.00079394	5109.867	-0.001525902	5	5	-0.1171966	0	0	0	0	0	0	0	0	0	0	0	0	0	54	0	
2	3416	-0.1171616	0.000794738	5110.867	-0.001525902	5	5	-0.1166966	0	0	0	0	0	0	0	0	0	0	0	0	0	54	0	
2	3417	-0.1165482	0.000795351	5111.867	-0.001525902	5	5	-0.1161966	0	0	0	0	0	0	0	0	0	0	0	0	0	54	0	
2	3418	-0.1162415	0.000796087	5112.867	-0.001525902	5	5	-0.1156966	0	0	0	0	0	0	0	0	0	0	0	0	0	54	0	
2	3419	-0.1156281	0.000796823	5113.867	-0.001525902	5	5	-0.1151966	0	0	0	0	0	0	0	0	0	0	0	0	0	54	0	
2	3420	-0.1150147	0.000797559	5114.867	-0.001525902	5	5	-0.1146966	0	0	0	0	0	0	0	0	0	0	0	0	0	54	0	
2	3421	-0.114708	0.000798234	5115.867	-0.001525902	5	5	-0.1141966	0	0	0	0	0	0	0	0	0	0	0	0	0	54	0	
2	3422	-0.1140946	0.00079897	5116.867	-0.001525902	5	5	-0.1136966	0	0	0	0	0	0	0	0	0	0	0	0	0	54	0	
2	3423	-0.1137879	0.000799768	5117.867	-0.001525902	5	5	-0.1131966	0	0	0	0	0	0	0	0	0	0	0	0	0	54	0	
2	3424	-0.1131745	0.000800565	5118.867	-0.001525902	5	5	-0.1126966	0	0	0	0	0	0	0	0	0	0	0	0	0	54	0	
2	3425	-0.1125611	0.00080124	5119.867	-0.001525902	5	5	-0.1121966	0	0	0	0	0	0	0	0	0	0	0	0	0	54	0	
2	3426	-0.1119476	0.000801976	5120.867	-0.001525902	5	5	-0.1116966	0	0	0	0	0	0	0	0	0	0	0	0	0	54	0	
2	3427	-0.1116409	0.000802651	5121.867	-0.001525902	5	5	-0.1111966	0	0	0	0	0	0	0	0	0	0	0	0	0	54	0	
2	3428	-0.1110275	0.000803325	5122.867	-0.001525902	5	5	-0.1106966	0	0	0	0	0	0	0	0	0	0	0	0	0	54	0	
2	3429	-0.1107208	0.000804	5123.867	-0.001525902	5	5	-0.1101966	0	0	0	0	0	0	0	0	0	0	0	0	0	54	0	
2	3430	-0.1101074	0.000804675	5124.867	-0.001525902	5	5	-0.1096966	0	0	0	0	0	0	0	0	0	0	0	0	0	54	0	
2	3431	-0.1098007	0.00080535	5125.867	-0.001525902	5	5	-0.1091966	0	0	0	0	0	0	0	0	0	0	0	0	0	54	0	
2	3432	-0.1091873	0.000806024	5126.867	-0.001525902	5	5	-0.1086966	0	0	0	0	0	0	0	0	0	0	0	0	0	54	0	
2	3433	-0.1085739	0.000806699	5127.867	-0.001525902	5	5	-0.1081966	0	0	0	0	0	0	0	0	0	0	0	0	0	54	0	
2	3434	-0.1082672	0.000807374	5128.867	-0.001525902	5	5	-0.1076966	0	0	0	0	0	0	0	0	0	0	0	0	0	54	0	
2	3435	-0.1076538	0.00080811	5129.867	-0.001525902	5	5	-0.1071966	0	0	0	0	0	0	0	0	0	0	0	0	0	54	0	
2	3436	-0.1070403	0.000808785	5130.867	-0.001525902	5	5	-0.1066966	0	0	0	0	0	0	0	0	0	0	0	0	0	54	0	
2	3437	-0.1067336	0.000809705	5131.867	-0.001525902	5	5	-0.1061966	0	0	0	0	0	0	0	0	0	0	0	0	0	54	0	
2	3438	-0.1061202	0.00081038	5132.867	-0.001525902	5	5	-0.1056966	0	0	0	0	0	0	0	0	0	0	0	0	0	54	0	
2	3439	-0.1058135	0.000810809	5133.867	-0.001525902	5	5	-0.1051966	0	0	0	0	0	0	0	0	0	0	0	0	0	54	0	
2	3440	-0.1052001	0.000811361	5134.867	-0.001525902	5	5	-0.1046966	0	0	0	0	0	0	0	0	0	0	0	0	0	54	0	
2	3441	-0.1045867	0.000811974	5135.867	-0.001525902	5	5	-0.1041966	0	0	0	0	0	0	0	0	0	0	0	0	0	54	0	
2	3442	-0.10428	0.000812588	5136.867	-0.001525902	5	5	-0.1036966	0	0	0	0	0	0	0	0	0	0	0	0	0	54	0	
2	3443	-0.1036666	0.00081314	5137.867	-0.001525902	5	5	-0.1031966	0	0	0	0	0	0	0	0	0	0	0	0	0	54	0	
2	3444	-0.1030532	0.000813815	5138.867	-0.001525902	5	5	-0.1026966	0	0	0	0	0	0	0	0	0	0	0	0	0	54	0	
2	3445	-0.1024397	0.000814551	5139.867	-0.001525902	5	5	-0.1021966	0	0	0	0	0	0	0	0	0	0	0	0	0	54	0	
2	3446	-0.102133	0.000815226	5140.867	-0.001525902	5	5	-0.1016966	0	0	0	0	0	0	0	0	0	0	0	0	0	54	0	
2	3447	-0.1015196	0.000815839	5141.867	-0.001525902	5	5	-0.1011966	0	0	0	0	0	0	0	0	0	0	0	0	0	54	0	
2	3448	-0.1012129	0.000816452	5142.867	-0.001525902	5	5	-0.1006966	0	0	0	0	0	0	0	0	0	0	0	0	0	54	0	
2	3449	-0.1005995	0.000817066	5143.867	-0.001525902	5	5	-0.1001966	0	0	0	0	0	0	0	0	0	0	0	0	0	54	0	
2	3450	-0.1002928	0.000817679	5144.867	-0.001525902	5	5	-0.09969659	0	0	0	0	0	0	0	0	0	0	0	0	0	54	0	
2	3451	-0.09967939	0.000818293	5145.867	-0.001525902	5	5	-0.09919659	0	0	0	0	0	0	0	0	0	0	0	0	0	54	0	
2	3452	-0.09906597	0.000818967	5146.867	-0.001525902	5	5	-0.09869659	0	0	0	0	0	0	0	0	0	0	0	0	0	54	0	
2	3453	-0.09875926	0.000819703	5147.867	-0.001525902	5	5	-0.09819659	0	0	0	0	0	0	0	0	0	0	0	0	0	54	0	
2	3454	-0.09814586	0.000820378	5148.867	-0.001525902	5	5	-0.09769659	0	0	0	0	0	0	0	0	0	0	0	0	0	54	0	
2	3455	-0.09783915	0.000820869	5149.867	-0.001525902	5	5	-0.09719659	0	0	0	0	0	0	0	0	0	0	0	0	0	54	0	
2	3456	-0.09722573	0.000821482	5150.867	-0.001525902	5	5	-0.09669659	0	0	0	0	0	0	0	0	0	0	0	0	0	54	0	
2	3457	-0.09661232	0.000822096	5151.867	-0.001525902	5	5	-0.09619659	0	0	0	0	0	0	0	0	0	0	0	0	0	54	0	
2	3458	-0.09630562	0.000822771	5152.867	-0.001525902	5	5	-0.09569659	0	0	0	0	0	0	0	0	0	0	0	0	0	54	0	
2	3459	-0.0956922	0.000823384	5153.867	-0.001525902	5	5	-0.09519659	0	0	0	0	0	0	0	0	0	0	0	0	0	54	0	
2	3460	-0.09507879	0.000824059	5154.867	-0.001525902	5	5	-0.09469659	0	0	0	0	0	0	0	0	0	0	0	0	0	54	0	
2	3461	-0.09477209	0.000824672	5155.867	-0.001525902	5	5	-0.0941966	0	0	0	0	0	0	0	0	0	0	0	0	0	54	0	
2	3462	-0.09415867	0.000825531	5156.867	-0.001525902	5	5	-0.09369659	0	0	0	0	0	0	0	0	0	0	0	0	0	54	0	
2	3463	-0.09354526	0.000826206	5157.867	-0.001525902	5	5	-0.09319659	0	0	0	0	0	0	0	0	0	0	0	0	0	54	0	
2	3464	-0.09323855	0.000826819	5158.867	-0.001525902	5	5	-0.09269659	0	0	0	0	0	0	0	0	0	0	0	0	0	54	0	
2	3465	-0.09262514	0.000827494	5159.867	-0.001525902	5	5	-0.09219659	0	0	0	0	0	0	0	0	0	0	0	0	0	54	0	
2	3466	-0.09231843	0.000828107	5160.867	-0.001525902	5	5	-0.09169659	0	0	0	0	0	0	0	0	0	0	0	0	0	54	0	
2	3467	-0.09170502	0.000828843	5161.867	-0.001525902	5	5	-0.09119659	0	0	0	0	0	0	0	0	0	0	0	0	0	54	0	
2	3468	-0.09109161	0.000829641	5162.867	-0.001525902	5	5	-0.09069659	0	0	0	0	0	0	0	0	0	0	0	0	0	54	0	
2	3469	-0.0907849	0.000830316	5163.867	-0.001525902	5	5	-0.09019659	0	0	0	0	0	0	0	0	0	0	0	0	0	54	0	
2	3470	-0.09017149	0.000830929	5164.867	-0.001525902	5	5	-0.08969659	0	0	0	0	0	0	0	0	0	0	0	0	0	54	0	
2	3471	-0.08955808	0.000831481	5165.867	-0.001525902	5	5	-0.08919659	0	0	0	0	0	0	0	0	0	0	0	0	0	54	0	
2	3472	-0.08925137	0.000832033	5166.867	-0.001525902	5	5	-0.08869659	0	0	0	0	0	0	0	0	0	0	0	0	0	54	0	
2	3473	-0.08863796	0.000832646	5167.867	-0.001525902	5	5	-0.08819659	0	0	0	0	0	0	0	0	0	0	0	0	0	54	0	
2	3474	-0.08833125	0.000833321	5168.867	-0.001525902	5	5	-0.08769659	0	0	0	0	0	0	0	0	0	0	0	0	0	54	0	
2	3475	-0.08771784	0.000833812	5169.867	-0.001525902	5	5	-0.08719659	0	0	0	0	0	0	0	0	0	0	0	0	0	54	0	
2	3476	-0.08710442	0.000834425	5170.867	-0.001525902	5	5	-0.08669659	0	0	0	0	0	0	0	0	0	0	0	0	0	54	0	
2	3477	-0.08679772	0.000835039	5171.867	-0.001525902	5	5	-0.08619659	0	0	0	0	0	0	0	0	0	0	0	0	0	54	0	
2	3478	-0.08618431	0.00083553	5172.867	-0.001525902	5	5	-0.08569659	0	0	0	0	0	0	0	0	0	0	0	0	0	54	0	
2	3479	-0.08557089	0.000836082	5173.867	-0.001525902	5	5	-0.08519659	0	0	0	0	0	0	0	0	0	0	0	0	0	54	0	
2	3480	-0.08526419	0.000836572	5174.867	-0.001525902	5	5	-0.08469659	0	0	0	0	0	0	0	0	0	0	0	0	0	54	0	
2	3481	-0.08465078	0.000837063	5175.867	-0.001525902	5	5	-0.08419659	0	0	0	0	0	0	0	0	0	0	0	0	0	54	0	
2	3482	-0.08403736	0.000837554	5176.867	-0.001525902	5	5	-0.08369659	0	0	0	0	0	0	0	0	0	0	0	0	0	54	0	
2	3483	-0.08373065	0.000838106	5177.867	-0.001525902	5	5	-0.08319659	0	0	0	0	0	0	0	0	0	0	0	0	0	54	0	
2	3484	-0.08311725	0.000838597	5178.867	-0.001525902	5	5	-0.08269659	0	0	0	0	0	0	0	0	0	0	0	0	0	54	0	
2	3485	-0.08281054	0.000839087	5179.867	-0.001525902	5	5	-0.08219659	0	0	0	0	0	0	0	0	0	0	0	0	0	54	0	
2	3486	-0.08219712	0.000839762	5180.867	-0.001525902	5	5	-0.08169659	0	0	0	0	0	0	0	0	0	0	0	0	0	54	0	
2	3487	-0.08189042	0.000840069	5181.867	-0.001525902	5	5	-0.08119659	0	0	0	0	0	0	0	0	0	0	0	0	0	54	0	
2	3488	-0.08127701	0.000840253	5182.867	-0.001525902	5	5	-0.08069659	0	0	0	0	0	0	0	0	0	0	0	0	0	54	0	
2	3489	-0.08066359	0.000840621	5183.867	-0.001525902	5	5	-0.08019659	0	0	0	0	0	0	0	0	0	0	0	0	0	54	0	
2	3490	-0.08005018	0.00084105	5184.867	-0.001525902	5	5	-0.07969659	0	0	0	0	0	0	0	0	0	0	0	0	0	54	0	
2	3491	-0.07974347	0.000841418	5185.867	-0.001525902	5	5	-0.07919659	0	0	0	0	0	0	0	0	0	0	0	0	0	54	0	
2	3492	-0.07913006	0.000841786	5186.867	-0.001525902	5	5	-0.07869659	0	0	0	0	0	0	0	0	0	0	0	0	0	54	0	
2	3493	-0.07882336	0.000842154	5187.867	-0.001525902	5	5	-0.07819659	0	0	0	0	0	0	0	0	0	0	0	0	0	54	0	
2	3494	-0.07820994	0.0008424	5188.867	-0.001525902	5	5	-0.07769659	0	0	0	0	0	0	0	0	0	0	0	0	0	54	0	
2	3495	-0.07759653	0.000842768	5189.867	-0.001525902	5	5	-0.07719659	0	0	0	0	0	0	0	0	0	0	0	0	0	54	0	
2	3496	-0.07698312	0.000843075	5190.867	-0.001525902	5	5	-0.07669659	0	0	0	0	0	0	0	0	0	0	0	0	0	54	0	
2	3497	-0.07667641	0.000843443	5191.867	-0.001525902	5	5	-0.07619659	0	0	0	0	0	0	0	0	0	0	0	0	0	54	0	
2	3498	-0.0763697	0.000843749	5192.867	-0.001525902	5	5	-0.07569659	0	0	0	0	0	0	0	0	0	0	0	0	0	54	0	
2	3499	-0.07575629	0.000844117	5193.867	-0.001525902	5	5	-0.07519659	0	0	0	0	0	0	0	0	0	0	0	0	0	54	0	
2	3500	-0.07514288	0.000844363	5194.867	-0.001525902	5	5	-0.07469659	0	0	0	0	0	0	0	0	0	0	0	0	0	54	0	
2	3501	-0.07483617	0.000844547	5195.867	-0.001525902	5	5	-0.07419659	0	0	0	0	0	0	0	0	0	0	0	0	0	54	0	
2	3502	-0.07422276	0.000844792	5196.867	-0.001525902	5	5	-0.07369659	0	0	0	0	0	0	0	0	0	0	0	0	0	54	0	
2	3503	-0.07360934	0.000845099	5197.867	-0.001525902	5	5	-0.07319659	0	0	0	0	0	0	0	0	0	0	0	0	0	54	0	
2	3504	-0.07330264	0.000845344	5198.867	-0.001525902	5	5	-0.07269659	0	0	0	0	0	0	0	0	0	0	0	0	0	54	0	
2	3505	-0.07268923	0.000845589	5199.867	-0.001525902	5	5	-0.07219659	0	0	0	0	0	0	0	0	0	0	0	0	0	54	0	
2	3506	-0.07238252	0.000845896	5200.867	-0.001525902	5	5	-0.07169659	0	0	0	0	0	0	0	0	0	0	0	0	0	54	0	
2	3507	-0.07176911	0.000846264	5201.867	-0.001525902	5	5	-0.07119659	0	0	0	0	0	0	0	0	0	0	0	0	0	54	0	
2	3508	-0.0711557	0.000846755	5202.867	-0.001525902	5	5	-0.07069659	0	0	0	0	0	0	0	0	0	0	0	0	0	54	0	
2	3509	-0.07084899	0.000847246	5203.867	-0.001525902	5	5	-0.07019659	0	0	0	0	0	0	0	0	0	0	0	0	0	54	0	
2	3510	-0.07023558	0.000847798	5204.867	-0.001525902	5	5	-0.06969659	0	0	0	0	0	0	0	0	0	0	0	0	0	54	0	
2	3511	-0.06962217	0.000848289	5205.867	-0.001525902	5	5	-0.06919659	0	0	0	0	0	0	0	0	0	0	0	0	0	54	0	
2	3512	-0.06931546	0.000848963	5206.867	-0.001525902	5	5	-0.06869659	0	0	0	0	0	0	0	0	0	0	0	0	0	54	0	
2	3513	-0.06870204	0.000849515	5207.867	-0.001525902	5	5	-0.06819659	0	0	0	0	0	0	0	0	0	0	0	0	0	54	0	
2	3514	-0.06808864	0.000850251	5208.867	-0.001525902	5	5	-0.06769659	0	0	0	0	0	0	0	0	0	0	0	0	0	54	0	
2	3515	-0.06778193	0.000850865	5209.867	-0.001525902	5	5	-0.06719659	0	0	0	0	0	0	0	0	0	0	0	0	0	54	0	
2	3516	-0.06716851	0.00085154	5210.867	-0.001525902	5	5	-0.06669659	0	0	0	0	0	0	0	0	0	0	0	0	0	54	0	
2	3517	-0.06686181	0.000852214	5211.867	-0.001525902	5	5	-0.06619659	0	0	0	0	0	0	0	0	0	0	0	0	0	54	0	
2	3518	-0.06624839	0.000852828	5212.867	-0.001525902	5	5	-0.06569659	0	0	0	0	0	0	0	0	0	0	0	0	0	54	0	
2	3519	-0.06563498	0.000853441	5213.867	-0.001525902	5	5	-0.06519659	0	0	0	0	0	0	0	0	0	0	0	0	0	54	0	
2	3520	-0.06532828	0.000853809	5214.867	-0.001525902	5	5	-0.06469659	0	0	0	0	0	0	0	0	0	0	0	0	0	54	0	
2	3521	-0.06471486	0.000854239	5215.867	-0.001525902	5	5	-0.06419659	0	0	0	0	0	0	0	0	0	0	0	0	0	54	0	
2	3522	-0.06410145	0.000854545	5216.867	-0.001525902	5	5	-0.06369659	0	0	0	0	0	0	0	0	0	0	0	0	0	54	0	
2	3523	-0.06379475	0.000854791	5217.867	-0.001525902	5	5	-0.06319659	0	0	0	0	0	0	0	0	0	0	0	0	0	54	0	
2	3524	-0.06318133	0.000855097	5218.867	-0.001525902	5	5	-0.06269659	0	0	0	0	0	0	0	0	0	0	0	0	0	54	0	
2	3525	-0.06256792	0.000855649	5219.867	-0.001525902	5	5	-0.06219659	0	0	0	0	0	0	0	0	0	0	0	0	0	54	0	
2	3526	-0.06226121	0.000855833	5220.867	-0.001525902	5	5	-0.06169659	0	0	0	0	0	0	0	0	0	0	0	0	0	54	0	
2	3527	-0.0616478	0.000856202	5221.867	-0.001525902	5	5	-0.06119659	0	0	0	0	0	0	0	0	0	0	0	0	0	54	0	
2	3528	-0.06134109	0.00085657	5222.867	-0.001525902	5	5	-0.06069659	0	0	0	0	0	0	0	0	0	0	0	0	0	54	0	
2	3529	-0.06072768	0.000857183	5223.867	-0.001525902	5	5	-0.06019659	0	0	0	0	0	0	0	0	0	0	0	0	0	54	0	
2	3530	-0.06011427	0.000857551	5224.867	-0.001525902	5	5	-0.05969659	0	0	0	0	0	0	0	0	0	0	0	0	0	54	0	
2	3531	-0.05980756	0.000857919	5225.867	-0.001525902	5	5	-0.05919659	0	0	0	0	0	0	0	0	0	0	0	0	0	54	0	
2	3532	-0.05919415	0.000858287	5226.867	-0.001525902	5	5	-0.05869659	0	0	0	0	0	0	0	0	0	0	0	0	0	54	0	
2	3533	-0.05858074	0.000858594	5227.867	-0.001525902	5	5	-0.05819659	0	0	0	0	0	0	0	0	0	0	0	0	0	54	0	
2	3534	-0.05827403	0.000858901	5228.867	-0.001525902	5	5	-0.05769659	0	0	0	0	0	0	0	0	0	0	0	0	0	54	0	
2	3535	-0.05766062	0.000859207	5229.867	-0.001525902	5	5	-0.05719659	0	0	0	0	0	0	0	0	0	0	0	0	0	54	0	
2	3536	-0.05735391	0.000858348	5230.867	-0.001525902	5	5	-0.05669659	0	0	0	0	0	0	0	0	0	0	0	0	0	54	0	
2	3537	-0.0567405	0.000859085	5231.867	-0.001525902	5	5	-0.05619659	0	0	0	0	0	0	0	0	0	0	0	0	0	54	0	
2	3538	-0.05612709	0.000859759	5232.867	-0.001525902	5	5	-0.05569659	0	0	0	0	0	0	0	0	0	0	0	0	0	54	0	
2	3539	-0.05582038	0.000860189	5233.867	-0.001525902	5	5	-0.05519659	0	0	0	0	0	0	0	0	0	0	0	0	0	54	0	
2	3540	-0.05520697	0.000860986	5234.867	-0.001525902	5	5	-0.05469659	0	0	0	0	0	0	0	0	0	0	0	0	0	54	0	
2	3541	-0.05459356	0.000860925	5235.867	-0.001525902	5	5	-0.05419659	0	0	0	0	0	0	0	0	0	0	0	0	0	54	0	
2	3542	-0.05428685	0.000860189	5236.867	-0.001525902	5	5	-0.05369659	0	0	0	0	0	0	0	0	0	0	0	0	0	54	0	
2	3543	-0.05367344	0.000858901	5237.867	-0.001525902	5	5	-0.05319659	0	0	0	0	0	0	0	0	0	0	0	0	0	54	0	
2	3544	-0.05306002	0.000857796	5238.867	-0.001525902	5	5	-0.05269659	0	0	0	0	0	0	0	0	0	0	0	0	0	54	0	
2	3545	-0.05275331	0.000857735	5239.867	-0.001525902	5	5	-0.05219659	0	0	0	0	0	0	0	0	0	0	0	0	0	54	0	
2	3546	-0.0521399	0.000856999	5240.867	-0.001525902	5	5	-0.05169659	0	0	0	0	0	0	0	0	0	0	0	0	0	54	0	
2	3547	-0.0518332	0.00085657	5241.867	-0.001525902	5	5	-0.05119659	0	0	0	0	0	0	0	0	0	0	0	0	0	54	0	
2	3548	-0.05121978	0.00085614	5242.867	-0.001525902	5	5	-0.05069659	0	0	0	0	0	0	0	0	0	0	0	0	0	54	0	
2	3549	-0.05060637	0.000855772	5243.867	-0.001525902	5	5	-0.05019659	0	0	0	0	0	0	0	0	0	0	0	0	0	54	0	
2	3550	-0.05029967	0.00085522	5244.867	-0.001525902	5	5	-0.04969659	0	0	0	0	0	0	0	0	0	0	0	0	0	54	0	
2	3551	-0.04968625	0.000854545	5245.867	-0.001525902	5	5	-0.04919659	0	0	0	0	0	0	0	0	0	0	0	0	0	54	0	
2	3552	-0.04937955	0.000853748	5246.867	-0.001525902	5	5	-0.04869659	0	0	0	0	0	0	0	0	0	0	0	0	0	54	0	
2	3553	-0.04876613	0.000852828	5247.867	-0.001525902	5	5	-0.04819659	0	0	0	0	0	0	0	0	0	0	0	0	0	54	0	
2	3554	-0.04815272	0.000851969	5248.867	-0.001525902	5	5	-0.04769659	0	0	0	0	0	0	0	0	0	0	0	0	0	54	0	
2	3555	-0.04753931	0.000850926	5249.867	-0.001525902	5	5	-0.04719659	0	0	0	0	0	0	0	0	0	0	0	0	0	54	0	
2	3556	-0.0472326	0.000849638	5250.867	-0.001525902	5	5	-0.04669659	0	0	0	0	0	0	0	0	0	0	0	0	0	54	0	
2	3557	-0.04661919	0.000848289	5251.867	-0.001525902	5	5	-0.04619659	0	0	0	0	0	0	0	0	0	0	0	0	0	54	0	
2	3558	-0.04631248	0.000847062	5252.867	-0.001525902	5	5	-0.04569659	0	0	0	0	0	0	0	0	0	0	0	0	0	54	0	
2	3559	-0.04569907	0.000845651	5253.867	-0.001525902	5	5	-0.04519659	0	0	0	0	0	0	0	0	0	0	0	0	0	54	0	
2	3560	-0.04508566	0.000844301	5254.867	-0.001525902	5	5	-0.04469659	0	0	0	0	0	0	0	0	0	0	0	0	0	54	0	
2	3561	-0.04477895	0.000843075	5255.867	-0.001525902	5	5	-0.04419659	0	0	0	0	0	0	0	0	0	0	0	0	0	54	0	
2	3562	-0.04416554	0.000841786	5256.867	-0.001525902	5	5	-0.04369659	0	0	0	0	0	0	0	0	0	0	0	0	0	54	0	
2	3563	-0.04385883	0.000840559	5257.867	-0.001525902	5	5	-0.04319659	0	0	0	0	0	0	0	0	0	0	0	0	0	54	0	
2	3564	-0.04324542	0.000839271	5258.867	-0.001525902	5	5	-0.04269659	0	0	0	0	0	0	0	0	0	0	0	0	0	54	0	
2	3565	-0.04263201	0.000838106	5259.867	-0.001525902	5	5	-0.04219659	0	0	0	0	0	0	0	0	0	0	0	0	0	54	0	
2	3566	-0.0423253	0.000837492	5260.867	-0.001525902	5	5	-0.04169659	0	0	0	0	0	0	0	0	0	0	0	0	0	54	0	
2	3567	-0.04171189	0.00083737	5261.867	-0.001525902	5	5	-0.04119659	0	0	0	0	0	0	0	0	0	0	0	0	0	54	0	
2	3568	-0.04140518	0.000837431	5262.867	-0.001525902	5	5	-0.04069659	0	0	0	0	0	0	0	0	0	0	0	0	0	54	0	
2	3569	-0.04079177	0.000837983	5263.867	-0.001525902	5	5	-0.04019659	0	0	0	0	0	0	0	0	0	0	0	0	0	54	0	
2	3570	-0.04017835	0.00083921	5264.867	-0.001525902	5	5	-0.03969659	0	0	0	0	0	0	0	0	0	0	0	0	0	54	0	
2	3571	-0.03956494	0.000837124	5265.867	-0.001525902	5	5	-0.03919659	0	0	0	0	0	0	0	0	0	0	0	0	0	54	0	
2	3572	-0.03925824	0.00083694	5266.867	-0.001525902	5	5	-0.03869659	0	0	0	0	0	0	0	0	0	0	0	0	0	54	0	
2	3573	-0.03864482	0.000836634	5267.867	-0.001525902	5	5	-0.03819659	0	0	0	0	0	0	0	0	0	0	0	0	0	54	0	
2	3574	-0.03833812	0.000836388	5268.867	-0.001525902	5	5	-0.03769659	0	0	0	0	0	0	0	0	0	0	0	0	0	54	0	
2	3575	-0.0377247	0.00083645	5269.867	-0.001525902	5	5	-0.03719659	0	0	0	0	0	0	0	0	0	0	0	0	0	54	0	
2	3576	-0.03711129	0.000836756	5270.867	-0.001525902	5	5	-0.03669659	0	0	0	0	0	0	0	0	0	0	0	0	0	54	0	
2	3577	-0.03680459	0.000837063	5271.867	-0.001525902	5	5	-0.03619659	0	0	0	0	0	0	0	0	0	0	0	0	0	54	0	
2	3578	-0.03619117	0.00083737	5272.867	-0.001525902	5	5	-0.03569659	0	0	0	0	0	0	0	0	0	0	0	0	0	54	0	
2	3579	-0.03588447	0.000837676	5273.867	-0.001525902	5	5	-0.03519659	0	0	0	0	0	0	0	0	0	0	0	0	0	54	0	
2	3580	-0.03527106	0.000838351	5274.867	-0.001525902	5	5	-0.03469659	0	0	0	0	0	0	0	0	0	0	0	0	0	54	0	
2	3581	-0.03465764	0.000839087	5275.867	-0.001525902	5	5	-0.03419659	0	0	0	0	0	0	0	0	0	0	0	0	0	54	0	
2	3582	-0.03435094	0.000839946	5276.867	-0.001525902	5	5	-0.03369659	0	0	0	0	0	0	0	0	0	0	0	0	0	54	0	
2	3583	-0.03373752	0.000840498	5277.867	-0.001525902	5	5	-0.03319659	0	0	0	0	0	0	0	0	0	0	0	0	0	54	0	
2	3584	-0.03312411	0.000841173	5278.867	-0.001525902	5	5	-0.03269659	0	0	0	0	0	0	0	0	0	0	0	0	0	54	0	
2	3585	-0.0328174	0.000841725	5279.867	-0.001525902	5	5	-0.03219659	0	0	0	0	0	0	0	0	0	0	0	0	0	54	0	
2	3586	-0.03220399	0.000842584	5280.867	-0.001525902	5	5	-0.03169659	0	0	0	0	0	0	0	0	0	0	0	0	0	54	0	
2	3587	-0.03159058	0.000843504	5281.867	-0.001525902	5	5	-0.03119659	0	0	0	0	0	0	0	0	0	0	0	0	0	54	0	
2	3588	-0.03128387	0.000844179	5282.867	-0.001525902	5	5	-0.03069659	0	0	0	0	0	0	0	0	0	0	0	0	0	54	0	
2	3589	-0.03067046	0.000845221	5283.867	-0.001525902	5	5	-0.03019659	0	0	0	0	0	0	0	0	0	0	0	0	0	54	0	
2	3590	-0.03036375	0.000846387	5284.867	-0.001525902	5	5	-0.02969659	0	0	0	0	0	0	0	0	0	0	0	0	0	54	0	
2	3591	-0.02975034	0.000848166	5285.867	-0.001525902	5	5	-0.02919659	0	0	0	0	0	0	0	0	0	0	0	0	0	54	0	
2	3592	-0.02913693	0.000850865	5286.867	-0.001525902	5	5	-0.02869659	0	0	0	0	0	0	0	0	0	0	0	0	0	54	0	
2	3593	-0.02883022	0.000851724	5287.867	-0.001525902	5	5	-0.02819659	0	0	0	0	0	0	0	0	0	0	0	0	0	54	0	
2	3594	-0.02821681	0.000852276	5288.867	-0.001525902	5	5	-0.02769659	0	0	0	0	0	0	0	0	0	0	0	0	0	54	0	
2	3595	-0.0276034	0.000852644	5289.867	-0.001525902	5	5	-0.02719659	0	0	0	0	0	0	0	0	0	0	0	0	0	54	0	
2	3596	-0.02729669	0.000852828	5290.867	-0.001525902	5	5	-0.02669659	0	0	0	0	0	0	0	0	0	0	0	0	0	54	0	
2	3597	-0.02668328	0.000852889	5291.867	-0.001525902	5	5	-0.02619659	0	0	0	0	0	0	0	0	0	0	0	0	0	54	0	
2	3598	-0.02637657	0.000852766	5292.867	-0.001525902	5	5	-0.02569659	0	0	0	0	0	0	0	0	0	0	0	0	0	54	0	
2	3599	-0.02576316	0.000852582	5293.867	-0.001525902	5	5	-0.02519659	0	0	0	0	0	0	0	0	0	0	0	0	0	54	0	
2	3600	-0.02514975	0.000852214	5294.867	-0.001525902	5	5	-0.02469659	0	0	0	0	0	0	0	0	0	0	0	0	0	54	0	
2	3601	-0.02484304	0.000851601	5295.867	-0.001525902	5	5	-0.02419659	0	0	0	0	0	0	0	0	0	0	0	0	0	54	0	
2	3602	-0.02422963	0.000850865	5296.867	-0.001525902	5	5	-0.02369659	0	0	0	0	0	0	0	0	0	0	0	0	0	54	0	
2	3603	-0.02361621	0.000849515	5297.867	-0.001525902	5	5	-0.02319659	0	0	0	0	0	0	0	0	0	0	0	0	0	54	0	
2	3604	-0.02330951	0.000847675	5298.867	-0.001525902	5	5	-0.02269659	0	0	0	0	0	0	0	0	0	0	0	0	0	54	0	
2	3605	-0.02269609	0.00084608	5299.867	-0.001525902	5	5	-0.02219659	0	0	0	0	0	0	0	0	0	0	0	0	0	54	0	
2	3606	-0.02238939	0.000845835	5300.867	-0.001525902	5	5	-0.02169659	0	0	0	0	0	0	0	0	0	0	0	0	0	54	0	
2	3607	-0.02177598	0.000846264	5301.867	-0.001525902	5	5	-0.02119659	0	0	0	0	0	0	0	0	0	0	0	0	0	54	0	
2	3608	-0.02116256	0.000847614	5302.867	-0.001525902	5	5	-0.02069659	0	0	0	0	0	0	0	0	0	0	0	0	0	54	0	
2	3609	-0.02054915	0.000848841	5303.867	-0.001525902	5	5	-0.02019659	0	0	0	0	0	0	0	0	0	0	0	0	0	54	0	
2	3610	-0.02024244	0.000850006	5304.867	-0.001525902	5	5	-0.01969659	0	0	0	0	0	0	0	0	0	0	0	0	0	54	0	
2	3611	-0.01962903	0.000851049	5305.867	-0.001525902	5	5	-0.01919659	0	0	0	0	0	0	0	0	0	0	0	0	0	54	0	
2	3612	-0.01932232	0.000852337	5306.867	-0.001525902	5	5	-0.01869659	0	0	0	0	0	0	0	0	0	0	0	0	0	54	0	
2	3613	-0.01870891	0.000853196	5307.867	-0.001525902	5	5	-0.01819659	0	0	0	0	0	0	0	0	0	0	0	0	0	54	0	
2	3614	-0.0180955	0.000853748	5308.867	-0.001525902	5	5	-0.01769659	0	0	0	0	0	0	0	0	0	0	0	0	0	54	0	
2	3615	-0.01778879	0.000854545	5309.867	-0.001525902	5	5	-0.01719659	0	0	0	0	0	0	0	0	0	0	0	0	0	54	0	
2	3616	-0.01717538	0.000855159	5310.867	-0.001525902	5	5	-0.01669659	0	0	0	0	0	0	0	0	0	0	0	0	0	54	0	
2	3617	-0.01686867	0.000858103	5311.867	-0.001525902	5	5	-0.01619659	0	0	0	0	0	0	0	0	0	0	0	0	0	54	0	
2	3618	-0.01625526	0.00085841	5312.867	-0.001525902	5	5	-0.01569659	0	0	0	0	0	0	0	0	0	0	0	0	0	54	0	
2	3619	-0.01564185	0.000859453	5313.867	-0.001525902	5	5	-0.01519659	0	0	0	0	0	0	0	0	0	0	0	0	0	54	0	
2	3620	-0.01533514	0.000860311	5314.867	-0.001525902	5	5	-0.01469659	0	0	0	0	0	0	0	0	0	0	0	0	0	54	0	
2	3621	-0.01472173	0.000861354	5315.867	-0.001525902	5	5	-0.01419659	0	0	0	0	0	0	0	0	0	0	0	0	0	54	0	
2	3622	-0.01410832	0.000859943	5316.867	-0.001525902	5	5	-0.01369659	0	0	0	0	0	0	0	0	0	0	0	0	0	54	0	
2	3623	-0.01380161	0.000860373	5317.867	-0.001525902	5	5	-0.01319659	0	0	0	0	0	0	0	0	0	0	0	0	0	54	0	
2	3624	-0.0131882	0.000860741	5318.867	-0.001525902	5	5	-0.01269659	0	0	0	0	0	0	0	0	0	0	0	0	0	54	0	
2	3625	-0.01288149	0.000860802	5319.867	-0.001525902	5	5	-0.01219659	0	0	0	0	0	0	0	0	0	0	0	0	0	54	0	
2	3626	-0.01226808	0.000860986	5320.867	-0.001525902	5	5	-0.01169659	0	0	0	0	0	0	0	0	0	0	0	0	0	54	0	
2	3627	-0.01165467	0.000861047	5321.867	-0.001525902	5	5	-0.01119659	0	0	0	0	0	0	0	0	0	0	0	0	0	54	0	
2	3628	-0.01134796	0.000860802	5322.867	-0.001525902	5	5	-0.01069659	0	0	0	0	0	0	0	0	0	0	0	0	0	54	0	
2	3629	-0.01073455	0.000860618	5323.867	-0.001525902	5	5	-0.01019659	0	0	0	0	0	0	0	0	0	0	0	0	0	54	0	
2	3630	-0.01012114	0.000860557	5324.867	-0.001525902	5	5	-0.009696588	0	0	0	0	0	0	0	0	0	0	0	0	0	54	0	
2	3631	-0.009814428	0.000860189	5325.867	-0.001525902	5	5	-0.009196588	0	0	0	0	0	0	0	0	0	0	0	0	0	54	0	
2	3632	-0.009201015	0.000859453	5326.867	-0.001525902	5	5	-0.008696588	0	0	0	0	0	0	0	0	0	0	0	0	0	54	0	
2	3633	-0.008587603	0.000858839	5327.867	-0.001525902	5	5	-0.008196588	0	0	0	0	0	0	0	0	0	0	0	0	0	54	0	
2	3634	-0.008280897	0.000858717	5328.867	-0.001525902	5	5	-0.007696588	0	0	0	0	0	0	0	0	0	0	0	0	0	54	0	
2	3635	-0.007667484	0.000858471	5329.867	-0.001525902	5	5	-0.007196588	0	0	0	0	0	0	0	0	0	0	0	0	0	54	0	
2	3636	-0.007360777	0.000858348	5330.867	-0.001525902	5	5	-0.006696588	0	0	0	0	0	0	0	0	0	0	0	0	0	54	0	
2	3637	-0.006747365	0.000858839	5331.867	-0.001525902	5	5	-0.006196588	0	0	0	0	0	0	0	0	0	0	0	0	0	54	0	
2	3638	-0.006440659	0.000858164	5332.867	-0.001525902	5	5	-0.005696588	0	0	0	0	0	0	0	0	0	0	0	0	0	54	0	
2	3639	-0.005827246	0.000858226	5333.867	-0.001525902	5	5	-0.005196588	0	0	0	0	0	0	0	0	0	0	0	0	0	54	0	
2	3640	-0.005213833	0.000858471	5334.867	-0.001525902	5	5	-0.004696588	0	0	0	0	0	0	0	0	0	0	0	0	0	54	0	
2	3641	-0.004600421	0.000858717	5335.867	-0.001525902	5	5	-0.004196587	0	0	0	0	0	0	0	0	0	0	0	0	0	54	0	
2	3642	-0.004293714	0.000859207	5336.867	-0.001525902	5	5	-0.003696588	0	0	0	0	0	0	0	0	0	0	0	0	0	54	0	
2	3643	-0.003680301	0.000859514	5337.867	-0.001525902	5	5	-0.003196588	0	0	0	0	0	0	0	0	0	0	0	0	0	54	0	
2	3644	-0.003373595	0.000859637	5338.867	-0.001525902	5	5	-0.002696587	0	0	0	0	0	0	0	0	0	0	0	0	0	54	0	
2	3645	-0.002760182	0.000859943	5339.867	-0.001525902	5	5	-0.002196588	0	0	0	0	0	0	0	0	0	0	0	0	0	54	0	
2	3646	-0.00214677	0.000859882	5340.867	-0.001525902	5	5	-0.001696588	0	0	0	0	0	0	0	0	0	0	0	0	0	54	0	
2	3647	-0.001840063	0.000859269	5341.867	-0.001525902	5	5	-0.001196587	0	0	0	0	0	0	0	0	0	0	0	0	0	54	0	
2	3648	-0.001226651	0.000858226	5342.867	-0.001525902	5	5	-0.000696587	0	0	0	0	0	0	0	0	0	0	0	0	0	54	0	
2	3649	-0.000919944	0.000856754	5343.867	-0.001525902	5	5	-0.000196587	0	0	0	0	0	0	0	0	0	0	0	0	0	54	0	
2	3650	-0.000306532	0.000855281	5344.867	-0.001525902	5	5	0.000303413	0	0	0	0	0	0	0	0	0	0	0	0	0	54	0	
2	3651	0.000306881	0.000853257	5345.867	-0.001525902	5	5	0.000803413	0	0	0	0	0	0	0	0	0	0	0	0	0	54	0	
2	3652	0.000920294	0.000851172	5346.867	-0.001525902	5	5	0.001303413	0	0	0	0	0	0	0	0	0	0	0	0	0	54	0	
2	3653	0.001227	0.000849147	5347.867	-0.001525902	5	261	0.001803413	0	0	0	0	0	0	0	0	0	0	0	0	0	54	0	
2	3654	0.001533706	0.000847062	5348.867	-0.001525902	5	5	0.002303413	0	0	0	0	0	0	0	0	0	0	0	0	0	54	0	
2	3655	0.002147119	0.00084743	5349.867	-0.001525902	5	5	0.002803413	0	0	0	0	0	0	0	0	0	0	0	0	0	54	0	
2	3656	0.002453825	0.000849454	5350.867	-0.001525902	5	5	0.003303413	0	0	0	0	0	0	0	0	0	0	0	0	0	54	0	
2	3657	0.003067238	0.000851294	5351.867	-0.001525902	5	5	0.003803413	0	0	0	0	0	0	0	0	0	0	0	0	0	54	0	
2	3658	0.003373944	0.00085295	5352.867	-0.001525902	5	5	0.004303413	0	0	0	0	0	0	0	0	0	0	0	0	0	54	0	
2	3659	0.003987357	0.000854791	5353.867	-0.001525902	5	5	0.004803413	0	0	0	0	0	0	0	0	0	0	0	0	0	54	0	
2	3660	0.00460077	0.000856876	5354.867	-0.001525902	5	5	0.005303413	0	0	0	0	0	0	0	0	0	0	0	0	0	54	0	
2	3661	0.004907476	0.000858778	5355.867	-0.001525902	5	5	0.005803413	0	0	0	0	0	0	0	0	0	0	0	0	0	54	0	
2	3662	0.005520889	0.00086025	5356.867	-0.001525902	5	5	0.006303413	0	0	0	0	0	0	0	0	0	0	0	0	0	54	0	
2	3663	0.006134301	0.000861968	5357.867	-0.001525902	5	5	0.006803413	0	0	0	0	0	0	0	0	0	0	0	0	0	54	0	
2	3664	0.006441008	0.000863072	5358.867	-0.001525902	5	5	0.007303413	0	0	0	0	0	0	0	0	0	0	0	0	0	54	0	
2	3665	0.007054421	0.000864237	5359.867	-0.001525902	5	5	0.007803413	0	0	0	0	0	0	0	0	0	0	0	0	0	54	0	
2	3666	0.007667833	0.000865341	5360.867	-0.001525902	5	5	0.008303413	0	0	0	0	0	0	0	0	0	0	0	0	0	54	0	
2	3667	0.00797454	0.000865709	5361.867	-0.001525902	5	5	0.008803413	0	0	0	0	0	0	0	0	0	0	0	0	0	54	0	
2	3668	0.008587952	0.00086663	5362.867	-0.001525902	5	5	0.009303413	0	0	0	0	0	0	0	0	0	0	0	0	0	54	0	
2	3669	0.008894659	0.000866998	5363.867	-0.001525902	5	5	0.009818672	0	0	0	0	0	0	0	0	0	0	0	0	0	54	0	
2	3670	0.009508071	0.000867734	5364.867	-0.001525902	5	5	0.01030341	0	0	0	0	0	0	0	0	0	0	0	0	0	54	0	
2	3671	0.009814777	0.000868408	5365.867	-0.001525902	5	5	0.01080341	0	0	0	0	0	0	0	0	0	0	0	0	0	54	0	
</Segment1>																								
																								
<Graph1>																								
Analysis=0																								
Type=Unknown																								
ExternalDataAxis=1																								
ExternalDataName=																								
Y2AxisSmoothing=None																								
YAxisSmoothing=None																								
XAxisSmoothing=None																								
Y2AxisReferenceElectrode=SCE Saturated Calomel (sat'd KCI)																								
YAxisReferenceElectrode=SCE Saturated Calomel (sat'd KCI)																								
XAxisReferenceElectrode=SCE Saturated Calomel (sat'd KCI)																								
Y2AxisMath=																								
YAxisMath=																								
XAxisMath=																								
LockAspectRatio=False																								
Grid=True																								
Legend=False																								
GraphTitle=																								
Y2DataColor=-16744448																								
GridColor=-10039894																								
BackgroundColor=-1																								
SelectionColor=-65536																								
AnalysisColor=-4565549																								
DataSymbolSize=2																								
DataSymbolColor=-12490271																								
DataSymbolType=Circle																								
DataSymbol=False																								
DataLineColor=-12490271																								
DataLine=True																								
Y2AxisManualScaleMax=																								
Y2AxisManualScaleMin=																								
Y2AxisManualAdjustment=False																								
Y2AxisNormalizeToMass=False																								
Y2AxisNormalizeWithArea=False																								
Y2AxisNegateValues=False																								
Y2AxisScientificLabels=False																								
Y2AxisReverse=False																								
Y2AxisLog=False																								
Y2AxisName=Potential (V)																								
Y2AxisType=Potential (V)																								
Y2Axis=False																								
YAxisManualScaleMax=																								
YAxisManualScaleMin=																								
YAxisManualAdjustment=False																								
YAxisNormalizeToMass=False																								
YAxisNormalizeWithArea=False																								
YAxisNegateValues=False																								
YAxisScientificLabels=False																								
YAxisReverse=False																								
YAxisLog=False																								
YAxisName=Potential (V)																								
YAxisType=Potential (V)																								
XAxisManualScaleMax=																								
XAxisManualScaleMin=																								
XAxisManualAdjustment=False																								
XAxisNormalizeToMass=False																								
XAxisNormalizeWithArea=False																								
XAxisNegateValues=False																								
XAxisScientificLabels=False																								
XAxisReverse=False																								
XAxisLog=False																								
XAxisName=Elapsed Time (s)																								
XAxisType=Elapsed Time (s)																								
Height=359																								
Width=1310																								
LocY=25																								
LocX=-1310																								
</Graph1>																								
																								
<Graph2>																								
Analysis=0																								
Type=Unknown																								
ExternalDataAxis=1																								
ExternalDataName=																								
Y2AxisSmoothing=None																								
YAxisSmoothing=None																								
XAxisSmoothing=None																								
Y2AxisReferenceElectrode=SCE Saturated Calomel (sat'd KCI)																								
YAxisReferenceElectrode=SCE Saturated Calomel (sat'd KCI)																								
XAxisReferenceElectrode=SCE Saturated Calomel (sat'd KCI)																								
Y2AxisMath=																								
YAxisMath=																								
XAxisMath=																								
LockAspectRatio=False																								
Grid=True																								
Legend=False																								
GraphTitle=																								
Y2DataColor=-16744448																								
GridColor=-10039894																								
BackgroundColor=-1																								
SelectionColor=-65536																								
AnalysisColor=-4565549																								
DataSymbolSize=1																								
DataSymbolColor=-12490271																								
DataSymbolType=Circle																								
DataSymbol=False																								
DataLineColor=-12490271																								
DataLine=True																								
Y2AxisManualScaleMax=																								
Y2AxisManualScaleMin=																								
Y2AxisManualAdjustment=False																								
Y2AxisNormalizeToMass=False																								
Y2AxisNormalizeWithArea=False																								
Y2AxisNegateValues=False																								
Y2AxisScientificLabels=False																								
Y2AxisReverse=False																								
Y2AxisLog=False																								
Y2AxisName=Potential (V)																								
Y2AxisType=Potential (V)																								
Y2Axis=False																								
YAxisManualScaleMax=																								
YAxisManualScaleMin=																								
YAxisManualAdjustment=False																								
YAxisNormalizeToMass=False																								
YAxisNormalizeWithArea=False																								
YAxisNegateValues=False																								
YAxisScientificLabels=False																								
YAxisReverse=False																								
YAxisLog=False																								
YAxisName=Phase of Z (deg)																								
YAxisType=Phase of Z (deg)																								
XAxisManualScaleMax=																								
XAxisManualScaleMin=																								
XAxisManualAdjustment=False																								
XAxisNormalizeToMass=False																								
XAxisNormalizeWithArea=False																								
XAxisNegateValues=False																								
XAxisScientificLabels=False																								
XAxisReverse=False																								
XAxisLog=False																								
XAxisName=Frequency (Hz)																								
XAxisType=Frequency (Hz)																								
Height=359																								
Width=1310																								
LocY=25																								
LocX=-1310																								
</Graph2>																								
																								
<Graph3>																								
Analysis=0																								
Type=Unknown																								
ExternalDataAxis=1																								
ExternalDataName=																								
Y2AxisSmoothing=None																								
YAxisSmoothing=None																								
XAxisSmoothing=None																								
Y2AxisReferenceElectrode=SCE Saturated Calomel (sat'd KCI)																								
YAxisReferenceElectrode=SCE Saturated Calomel (sat'd KCI)																								
XAxisReferenceElectrode=SCE Saturated Calomel (sat'd KCI)																								
Y2AxisMath=																								
YAxisMath=																								
XAxisMath=																								
LockAspectRatio=False																								
Grid=True																								
Legend=False																								
GraphTitle=																								
Y2DataColor=-16744448																								
GridColor=-10039894																								
BackgroundColor=-1																								
SelectionColor=-65536																								
AnalysisColor=-4565549																								
DataSymbolSize=1																								
DataSymbolColor=-12490271																								
DataSymbolType=Circle																								
DataSymbol=False																								
DataLineColor=-12490271																								
DataLine=True																								
Y2AxisManualScaleMax=																								
Y2AxisManualScaleMin=																								
Y2AxisManualAdjustment=False																								
Y2AxisNormalizeToMass=False																								
Y2AxisNormalizeWithArea=False																								
Y2AxisNegateValues=False																								
Y2AxisScientificLabels=False																								
Y2AxisReverse=False																								
Y2AxisLog=False																								
Y2AxisName=Potential (V)																								
Y2AxisType=Potential (V)																								
Y2Axis=False																								
YAxisManualScaleMax=																								
YAxisManualScaleMin=																								
YAxisManualAdjustment=False																								
YAxisNormalizeToMass=False																								
YAxisNormalizeWithArea=False																								
YAxisNegateValues=False																								
YAxisScientificLabels=False																								
YAxisReverse=False																								
YAxisLog=False																								
YAxisName=|Z| (ohms)																								
YAxisType=|Z| (ohms)																								
XAxisManualScaleMax=																								
XAxisManualScaleMin=																								
XAxisManualAdjustment=False																								
XAxisNormalizeToMass=False																								
XAxisNormalizeWithArea=False																								
XAxisNegateValues=False																								
XAxisScientificLabels=False																								
XAxisReverse=False																								
XAxisLog=False																								
XAxisName=Frequency (Hz)																								
XAxisType=Frequency (Hz)																								
Height=359																								
Width=1310																								
LocY=25																								
LocX=-1310																								
</Graph3>																								
																								
<Graph4>																								
Analysis=0																								
Type=Unknown																								
ExternalDataAxis=1																								
ExternalDataName=																								
Y2AxisSmoothing=None																								
YAxisSmoothing=None																								
XAxisSmoothing=None																								
Y2AxisReferenceElectrode=SCE Saturated Calomel (sat'd KCI)																								
YAxisReferenceElectrode=SCE Saturated Calomel (sat'd KCI)																								
XAxisReferenceElectrode=SCE Saturated Calomel (sat'd KCI)																								
Y2AxisMath=																								
YAxisMath=																								
XAxisMath=																								
LockAspectRatio=True																								
Grid=True																								
Legend=False																								
GraphTitle=																								
Y2DataColor=-13447886																								
GridColor=-10039894																								
BackgroundColor=-1																								
SelectionColor=-65536																								
AnalysisColor=-32768																								
DataSymbolSize=2																								
DataSymbolColor=-16777216																								
DataSymbolType=Circle																								
DataSymbol=True																								
DataLineColor=-12490271																								
DataLine=True																								
Y2AxisManualScaleMax=																								
Y2AxisManualScaleMin=																								
Y2AxisManualAdjustment=False																								
Y2AxisNormalizeToMass=False																								
Y2AxisNormalizeWithArea=False																								
Y2AxisNegateValues=False																								
Y2AxisScientificLabels=False																								
Y2AxisReverse=False																								
Y2AxisLog=False																								
Y2AxisName=																								
Y2AxisType=Current (A)																								
Y2Axis=False																								
YAxisManualScaleMax=																								
YAxisManualScaleMin=																								
YAxisManualAdjustment=False																								
YAxisNormalizeToMass=False																								
YAxisNormalizeWithArea=False																								
YAxisNegateValues=True																								
YAxisScientificLabels=False																								
YAxisReverse=False																								
YAxisLog=False																								
YAxisName=Zim (ohms)																								
YAxisType=Zim (ohms)																								
XAxisManualScaleMax=																								
XAxisManualScaleMin=																								
XAxisManualAdjustment=False																								
XAxisNormalizeToMass=False																								
XAxisNormalizeWithArea=False																								
XAxisNegateValues=False																								
XAxisScientificLabels=False																								
XAxisReverse=False																								
XAxisLog=False																								
XAxisName=Zre (ohms)																								
XAxisType=Zre (ohms)																								
Height=359																								
Width=1310																								
LocY=25																								
LocX=-1310																								
</Graph4>																								
																								
<Graph5>																								
Analysis=0																								
Type=Unknown																								
ExternalDataAxis=1																								
ExternalDataName=																								
Y2AxisSmoothing=None																								
YAxisSmoothing=None																								
XAxisSmoothing=None																								
Y2AxisReferenceElectrode=SCE Saturated Calomel (sat'd KCI)																								
YAxisReferenceElectrode=SCE Saturated Calomel (sat'd KCI)																								
XAxisReferenceElectrode=SCE Saturated Calomel (sat'd KCI)																								
Y2AxisMath=																								
YAxisMath=																								
XAxisMath=																								
LockAspectRatio=False																								
Grid=True																								
Legend=False																								
GraphTitle=																								
Y2DataColor=-16744448																								
GridColor=-10039894																								
BackgroundColor=-1																								
SelectionColor=-65536																								
AnalysisColor=-4565549																								
DataSymbolSize=1																								
DataSymbolColor=-12490271																								
DataSymbolType=Circle																								
DataSymbol=False																								
DataLineColor=-12490271																								
DataLine=True																								
Y2AxisManualScaleMax=																								
Y2AxisManualScaleMin=																								
Y2AxisManualAdjustment=False																								
Y2AxisNormalizeToMass=False																								
Y2AxisNormalizeWithArea=False																								
Y2AxisNegateValues=False																								
Y2AxisScientificLabels=False																								
Y2AxisReverse=False																								
Y2AxisLog=False																								
Y2AxisName=Potential (V)																								
Y2AxisType=Potential (V)																								
Y2Axis=False																								
YAxisManualScaleMax=																								
YAxisManualScaleMin=																								
YAxisManualAdjustment=False																								
YAxisNormalizeToMass=False																								
YAxisNormalizeWithArea=False																								
YAxisNegateValues=False																								
YAxisScientificLabels=False																								
YAxisReverse=False																								
YAxisLog=False																								
YAxisName=Potential (V)																								
YAxisType=Potential (V)																								
XAxisManualScaleMax=																								
XAxisManualScaleMin=																								
XAxisManualAdjustment=False																								
XAxisNormalizeToMass=False																								
XAxisNormalizeWithArea=False																								
XAxisNegateValues=False																								
XAxisScientificLabels=False																								
XAxisReverse=False																								
XAxisLog=True																								
XAxisName=Current (A)																								
XAxisType=Current (A)																								
Height=359																								
Width=1310																								
LocY=25																								
LocX=1																								
</Graph5>																								
																								
<DockingLayout>																								
"<?xml version=""1.0"" encoding=""utf-16""?>"																								
<!--DockPanel configuration file. Author: Weifen Luo	 all rights reserved.-->																							
<!--!!! AUTOMATICALLY GENERATED FILE. DO NOT MODIFY !!!-->																								
"<DockPanel FormatVersion=""1.0"" DockLeftPortion=""0.25"" DockRightPortion=""0.18"" DockTopPortion=""0.25"" DockBottomPortion=""0.25"" ActiveDocumentPane=""2"" ActivePane=""2"">"																								
"  <Contents Count=""7"">"																								
"    <Content ID=""0"" PersistString=""PowerSTAT.DataView"" AutoHidePortion=""0.18"" IsHidden=""False"" IsFloat=""False"" />"																								
"    <Content ID=""1"" PersistString=""PowerSTAT.DataBrowser"" AutoHidePortion=""0.25"" IsHidden=""False"" IsFloat=""False"" />"																								
"    <Content ID=""2"" PersistString=""PowerSTAT.Graph"" AutoHidePortion=""0.25"" IsHidden=""False"" IsFloat=""False"" />"																								
"    <Content ID=""3"" PersistString=""PowerSTAT.Graph"" AutoHidePortion=""0.25"" IsHidden=""False"" IsFloat=""False"" />"																								
"    <Content ID=""4"" PersistString=""PowerSTAT.Graph"" AutoHidePortion=""0.25"" IsHidden=""False"" IsFloat=""False"" />"																								
"    <Content ID=""5"" PersistString=""PowerSTAT.Graph"" AutoHidePortion=""0.25"" IsHidden=""False"" IsFloat=""False"" />"																								
"    <Content ID=""6"" PersistString=""PowerSTAT.Graph"" AutoHidePortion=""0.25"" IsHidden=""False"" IsFloat=""False"" />"																								
  </Contents>																								
"  <Panes Count=""3"">"																								
"    <Pane ID=""0"" DockState=""DockRight"" ActiveContent=""0"">"																								
"      <Contents Count=""1"">"																								
"        <Content ID=""0"" RefID=""0"" />"																								
      </Contents>																								
    </Pane>																								
"    <Pane ID=""1"" DockState=""Document"" ActiveContent=""1"">"																								
"      <Contents Count=""1"">"																								
"        <Content ID=""0"" RefID=""1"" />"																								
      </Contents>																								
    </Pane>																								
"    <Pane ID=""2"" DockState=""Document"" ActiveContent=""6"">"																								
"      <Contents Count=""5"">"																								
"        <Content ID=""0"" RefID=""2"" />"																								
"        <Content ID=""1"" RefID=""3"" />"																								
"        <Content ID=""2"" RefID=""4"" />"																								
"        <Content ID=""3"" RefID=""5"" />"																								
"        <Content ID=""4"" RefID=""6"" />"																								
      </Contents>																								
    </Pane>																								
  </Panes>																								
  <DockWindows>																								
"    <DockWindow ID=""0"" DockState=""Document"" ZOrderIndex=""0"">"																								
"      <NestedPanes Count=""2"">"																								
"        <Pane ID=""0"" RefID=""1"" PrevPane=""-1"" Alignment=""Right"" Proportion=""0.5"" />"																								
"        <Pane ID=""1"" RefID=""2"" PrevPane=""1"" Alignment=""Top"" Proportion=""0.5"" />"																								
      </NestedPanes>																								
    </DockWindow>																								
"    <DockWindow ID=""1"" DockState=""DockLeft"" ZOrderIndex=""2"">"																								
"      <NestedPanes Count=""0"" />"																								
    </DockWindow>																								
"    <DockWindow ID=""2"" DockState=""DockRight"" ZOrderIndex=""1"">"																								
"      <NestedPanes Count=""1"">"																								
"        <Pane ID=""0"" RefID=""0"" PrevPane=""-1"" Alignment=""Bottom"" Proportion=""0.5"" />"																								
      </NestedPanes>																								
    </DockWindow>																								
"    <DockWindow ID=""3"" DockState=""DockTop"" ZOrderIndex=""3"">"																								
"      <NestedPanes Count=""0"" />"																								
    </DockWindow>																								
"    <DockWindow ID=""4"" DockState=""DockBottom"" ZOrderIndex=""4"">"																								
"      <NestedPanes Count=""0"" />"																								
    </DockWindow>																								
  </DockWindows>																								
"  <FloatWindows Count=""0"" />"																								
</DockPanel>																								
</DockingLayout>																								
