<Application>																								
Name=VersaStudio																								
Version=2.60.6.0																								
LoggedIn=Security Disabled																								
Language [VersaStudio]=English (United States) [en-US]																								
Language [Region and Language]=English (United States) [en-US]																								
Language [Windows Operating System]=Chinese (People's Republic of China) [zh-CN]																								
</Application>																								
																								
<Action0>																								
Limits2	Value=0																							
Limits2	Direction=<																							
Limits2	Limits=None																							
Limits1	Value=0																							
Limits1	Direction=<																							
Limits1	Limits=None																							
RotationRateConversionFactor=0.00025																								
Measured Open Circuit=-586.116 mV																								
E2 Cell to Use=Internal																								
Remeasure OC Per Action (External Cell)=No																								
Mass (g)=0																								
Equivalent Weight (g)=0																								
Density (g/ml)=0																								
Working Electrode Area (cm2)=1																								
RDE Speed (Volts)=0																								
Working Electrode Type=Solid Electrode																								
Reference Electrode=SCE Saturated Calomel (sat'd KCI) (0.242 Volts)																								
Segments=0																								
Name=Common																								
Comment=Enter comments about the experiment here.																								
</Action0>																								
																								
<Instrument>																								
Type=VersaSTAT																								
Model=-400																								
SN=13008645																								
Options=FRA	 EIS <Filter:Normal>																							
Firmware=2.60.6.0	2.54.2	2.54.2																						
BoosterDetails=None																								
</Instrument>																								
																								
<Experiment>																								
TimeAcquired=6:39:30 PM																								
DateAcquired=Thursday	 April 02	2026																						
SelectionEnd=0																								
SelectionStart=0																								
Height=661																								
Width=712																								
LocY=0																								
LocX=0																								
Show=True																								
</Experiment>																								
																								
<DataView>																								
ShowDCLabels=False																								
ShowACLabels=False																								
ShowDataFilter=False																								
DataReduction=1																								
ShowEvery=100																								
Decimate=False																								
AutomaticDecimation=False																								
ViewSegments=All Segments																								
Height=328																								
Width=728																								
LocY=0																								
LocX=0																								
Show=True																								
</DataView>																								
																								
<StripView>																								
Height=240																								
Width=344																								
LocY=0																								
LocX=0																								
Show=False																								
</StripView>																								
																								
<Overlays>																								
Height=438																								
Width=294																								
LocY=0																								
LocX=0																								
Show=False																								
</Overlays>																								
																								
<Action1>																								
Limits1	Value=0																							
Limits1	Direction=<																							
Limits1	Limits=None																							
Cell to Use=External																								
LCI Bandwidth Limit=Auto																								
Bandwidth Limit=Auto																								
I/E Stability=Fast																								
I Filter=Auto																								
E2 Filter=Auto																								
E Filter=Auto																								
E Resolution=Auto																								
Electrometer Mode=Auto																								
Acquisition Mode=Auto																								
VoltageRange=+/-6V																								
Current Range=2mA																								
Total Points=600																								
Drift Rate (mV/min)=0																								
Duration (s)=600																								
Time Per Point (s)=1																								
ParentNode=Common																								
Name=Corrosion Open Circuit																								
</Action1>																								
																								
<Action2>																								
ParentNode=Common																								
Name=Measure Open Circuit																								
</Action2>																								
																								
<Action3>																								
Cell to Use=External																								
Leave Cell ON=No																								
LCI Bandwidth Limit=Auto																								
Bandwidth Limit=Auto																								
Electrometer Mode=Single Ended																								
VoltageRange=+/-6V																								
Current Range=Auto																								
Scan Rate (V/s)=.005																								
Measurement Delay (s)=0																								
Data Quality=1																								
Points Per Decade=10																								
Number of Points=30																								
Point Spacing=Logarithmic																								
Final Potential (V)	Versus=vs OC																							
Final Potential (V)	Value=0																							
Potential (V)	Versus=vs OC																							
Potential (V)	Value=0																							
Step or Scan=Step																								
Amplitude (mV RMS)=10																								
End Frequency (Hz)=0.01																								
Start Frequency (Hz)=100000																								
Segments=1																								
ParentNode=Common																								
Name=Potentiostatic EIS																								
</Action3>																								
																								
<Action4>																								
Limits2	Value=0																							
Limits2	Direction=<																							
Limits2	Limits=None																							
Limits1	Value=0																							
Limits1	Direction=<																							
Limits1	Limits=None																							
Cell to Use=External																								
Leave Cell ON=No																								
iR Compensation=Disabled																								
LCI Bandwidth Limit=Auto																								
Bandwidth Limit=Auto																								
I/E Stability=Fast																								
I Filter=Auto																								
E2 Filter=Auto																								
E Filter=Auto																								
Electrometer Mode=Auto																								
Acquisition Mode=Auto																								
VoltageRange=+/-6V																								
Current Range=Auto																								
Total Points=3001																								
Scan Rate (mV/s)=0.5																								
Step Time (s)=1																								
Step Height (mV)=0.5																								
Final Potential (V)	Versus=vs OC																							
Final Potential (V)	Value=0.5																							
Initial Potential (V)	Versus=vs OC																							
Initial Potential (V)	Value=-1																							
ParentNode=Common																								
Name=Tafel																								
</Action4>																								
																								
<Segment1>																								
Type=2																								
Version=3																								
Definition=Segment #	 Point #	 E(V)	 I(A)	 Elapsed Time(s)	 ADC Sync Input(V)	 Current Range	 Status	 E Applied(V)	 Frequency(Hz)	 E Real	 E Imag	 I Real	 I Imag	 Z Real	 Z Imag	 E2 Status	 E2(V)	 E2 Real	 E2 Imag	 Z2 Real	 Z2 Imag	 ActionId	 AC Amplitude	0
0	0	-0.5864223	-2.45E-07	1	-0.001525902	5	5	0	0	0	0	0	0	0	0	0	0	0	0	0	0	12	0	
0	1	-0.586729	-2.45E-07	2	-0.001525902	5	5	0	0	0	0	0	0	0	0	0	0	0	0	0	0	12	0	
0	2	-0.5870358	-2.45E-07	3	-0.001525902	5	261	0	0	0	0	0	0	0	0	0	0	0	0	0	0	12	0	
0	3	-0.5873424	-2.45E-07	4	-0.001525902	5	5	0	0	0	0	0	0	0	0	0	0	0	0	0	0	12	0	
0	4	-0.5876492	-2.45E-07	5	-0.001525902	5	5	0	0	0	0	0	0	0	0	0	0	0	0	0	0	12	0	
0	5	-0.5879559	-2.45E-07	6	-0.001525902	5	5	0	0	0	0	0	0	0	0	0	0	0	0	0	0	12	0	
0	6	-0.5882626	-3.07E-07	7	-0.001525902	5	5	0	0	0	0	0	0	0	0	0	0	0	0	0	0	12	0	
0	7	-0.5885693	-3.07E-07	8	-0.001525902	5	5	0	0	0	0	0	0	0	0	0	0	0	0	0	0	12	0	
0	8	-0.5891827	-2.45E-07	9	-0.001525902	5	5	0	0	0	0	0	0	0	0	0	0	0	0	0	0	12	0	
0	9	-0.5894894	-2.45E-07	10	-0.001525902	5	5	0	0	0	0	0	0	0	0	0	0	0	0	0	0	12	0	
0	10	-0.5897961	-2.45E-07	11	-0.001525902	5	5	0	0	0	0	0	0	0	0	0	0	0	0	0	0	12	0	
0	11	-0.5904095	-2.45E-07	12	-0.001525902	5	5	0	0	0	0	0	0	0	0	0	0	0	0	0	0	12	0	
0	12	-0.5907162	-2.45E-07	13	-0.001525902	5	5	0	0	0	0	0	0	0	0	0	0	0	0	0	0	12	0	
0	13	-0.591023	-2.45E-07	14	-0.001525902	5	5	0	0	0	0	0	0	0	0	0	0	0	0	0	0	12	0	
0	14	-0.5913296	-2.45E-07	15	-0.001525902	5	5	0	0	0	0	0	0	0	0	0	0	0	0	0	0	12	0	
0	15	-0.5916364	-2.45E-07	16	-0.001525902	5	5	0	0	0	0	0	0	0	0	0	0	0	0	0	0	12	0	
0	16	-0.5919431	-2.45E-07	17	-0.001525902	5	5	0	0	0	0	0	0	0	0	0	0	0	0	0	0	12	0	
0	17	-0.5922498	-2.45E-07	18	-0.001525902	5	5	0	0	0	0	0	0	0	0	0	0	0	0	0	0	12	0	
0	18	-0.5925565	-2.45E-07	19	-0.001525902	5	5	0	0	0	0	0	0	0	0	0	0	0	0	0	0	12	0	
0	19	-0.5928632	-2.45E-07	20	-0.001525902	5	5	0	0	0	0	0	0	0	0	0	0	0	0	0	0	12	0	
0	20	-0.5931699	-2.45E-07	21	-0.001525902	5	5	0	0	0	0	0	0	0	0	0	0	0	0	0	0	12	0	
0	21	-0.5934766	-2.45E-07	22	-0.001525902	5	5	0	0	0	0	0	0	0	0	0	0	0	0	0	0	12	0	
0	22	-0.5937833	-2.45E-07	23	-0.001525902	5	5	0	0	0	0	0	0	0	0	0	0	0	0	0	0	12	0	
0	23	-0.59409	-2.45E-07	24	-0.001525902	5	5	0	0	0	0	0	0	0	0	0	0	0	0	0	0	12	0	
0	24	-0.5943967	-2.45E-07	25	-0.001525902	5	5	0	0	0	0	0	0	0	0	0	0	0	0	0	0	12	0	
0	25	-0.5947034	-2.45E-07	26	-0.001525902	5	5	0	0	0	0	0	0	0	0	0	0	0	0	0	0	12	0	
0	26	-0.5950101	-2.45E-07	27	-0.001525902	5	5	0	0	0	0	0	0	0	0	0	0	0	0	0	0	12	0	
0	27	-0.5953168	-2.45E-07	28	-0.001525902	5	5	0	0	0	0	0	0	0	0	0	0	0	0	0	0	12	0	
0	28	-0.5956236	-2.45E-07	29	-0.001525902	5	5	0	0	0	0	0	0	0	0	0	0	0	0	0	0	12	0	
0	29	-0.5959302	-2.45E-07	30	-0.001525902	5	5	0	0	0	0	0	0	0	0	0	0	0	0	0	0	12	0	
0	30	-0.5962369	-2.45E-07	31	-0.001525902	5	5	0	0	0	0	0	0	0	0	0	0	0	0	0	0	12	0	
0	31	-0.5965437	-2.45E-07	32	-0.001525902	5	5	0	0	0	0	0	0	0	0	0	0	0	0	0	0	12	0	
0	32	-0.5965437	-2.45E-07	33	-0.001525902	5	5	0	0	0	0	0	0	0	0	0	0	0	0	0	0	12	0	
0	33	-0.5968503	-2.45E-07	34	-0.001525902	5	5	0	0	0	0	0	0	0	0	0	0	0	0	0	0	12	0	
0	34	-0.5971571	-2.45E-07	35	-0.001525902	5	5	0	0	0	0	0	0	0	0	0	0	0	0	0	0	12	0	
0	35	-0.5974638	-2.45E-07	36	-0.001525902	5	5	0	0	0	0	0	0	0	0	0	0	0	0	0	0	12	0	
0	36	-0.5977705	-2.45E-07	37	-0.001525902	5	5	0	0	0	0	0	0	0	0	0	0	0	0	0	0	12	0	
0	37	-0.5980772	-2.45E-07	38	-0.001525902	5	5	0	0	0	0	0	0	0	0	0	0	0	0	0	0	12	0	
0	38	-0.5980772	-2.45E-07	39	-0.001525902	5	5	0	0	0	0	0	0	0	0	0	0	0	0	0	0	12	0	
0	39	-0.5983839	-2.45E-07	40	-0.001525902	5	5	0	0	0	0	0	0	0	0	0	0	0	0	0	0	12	0	
0	40	-0.5986906	-2.45E-07	41	-0.001525902	5	5	0	0	0	0	0	0	0	0	0	0	0	0	0	0	12	0	
0	41	-0.5986906	-2.45E-07	42	-0.001525902	5	5	0	0	0	0	0	0	0	0	0	0	0	0	0	0	12	0	
0	42	-0.5989973	-2.45E-07	43	-0.001525902	5	5	0	0	0	0	0	0	0	0	0	0	0	0	0	0	12	0	
0	43	-0.599304	-2.45E-07	44	-0.001525902	5	5	0	0	0	0	0	0	0	0	0	0	0	0	0	0	12	0	
0	44	-0.5996107	-2.45E-07	45	-0.001525902	5	5	0	0	0	0	0	0	0	0	0	0	0	0	0	0	12	0	
0	45	-0.5996107	-2.45E-07	46	-0.001525902	5	5	0	0	0	0	0	0	0	0	0	0	0	0	0	0	12	0	
0	46	-0.5999174	-2.45E-07	47	-0.001525902	5	5	0	0	0	0	0	0	0	0	0	0	0	0	0	0	12	0	
0	47	-0.5999174	-2.45E-07	48	-0.001525902	5	5	0	0	0	0	0	0	0	0	0	0	0	0	0	0	12	0	
0	48	-0.6002241	-2.45E-07	49	-0.001525902	5	5	0	0	0	0	0	0	0	0	0	0	0	0	0	0	12	0	
0	49	-0.6002241	-2.45E-07	50	-0.001525902	5	5	0	0	0	0	0	0	0	0	0	0	0	0	0	0	12	0	
0	50	-0.6005309	-2.45E-07	51	-0.001525902	5	5	0	0	0	0	0	0	0	0	0	0	0	0	0	0	12	0	
0	51	-0.6005309	-2.45E-07	52	-0.001525902	5	5	0	0	0	0	0	0	0	0	0	0	0	0	0	0	12	0	
0	52	-0.6008375	-2.45E-07	53	-0.001525902	5	5	0	0	0	0	0	0	0	0	0	0	0	0	0	0	12	0	
0	53	-0.6008375	-2.45E-07	54	-0.001525902	5	5	0	0	0	0	0	0	0	0	0	0	0	0	0	0	12	0	
0	54	-0.6008375	-2.45E-07	55	-0.001525902	5	5	0	0	0	0	0	0	0	0	0	0	0	0	0	0	12	0	
0	55	-0.6011443	-2.45E-07	56	-0.001525902	5	5	0	0	0	0	0	0	0	0	0	0	0	0	0	0	12	0	
0	56	-0.6011443	-2.45E-07	57	-0.001525902	5	5	0	0	0	0	0	0	0	0	0	0	0	0	0	0	12	0	
0	57	-0.601451	-2.45E-07	58	-0.001525902	5	5	0	0	0	0	0	0	0	0	0	0	0	0	0	0	12	0	
0	58	-0.601451	-2.45E-07	59	-0.001525902	5	5	0	0	0	0	0	0	0	0	0	0	0	0	0	0	12	0	
0	59	-0.6017576	-2.45E-07	60	-0.001525902	5	5	0	0	0	0	0	0	0	0	0	0	0	0	0	0	12	0	
0	60	-0.6017576	-2.45E-07	61	-0.001525902	5	5	0	0	0	0	0	0	0	0	0	0	0	0	0	0	12	0	
0	61	-0.6017576	-2.45E-07	62	-0.001525902	5	5	0	0	0	0	0	0	0	0	0	0	0	0	0	0	12	0	
0	62	-0.6020644	-2.45E-07	63	-0.001525902	5	5	0	0	0	0	0	0	0	0	0	0	0	0	0	0	12	0	
0	63	-0.6020644	-2.45E-07	64	-0.001525902	5	5	0	0	0	0	0	0	0	0	0	0	0	0	0	0	12	0	
0	64	-0.6023711	-2.45E-07	65	-0.001525902	5	261	0	0	0	0	0	0	0	0	0	0	0	0	0	0	12	0	
0	65	-0.6023711	-2.45E-07	66	-0.001525902	5	5	0	0	0	0	0	0	0	0	0	0	0	0	0	0	12	0	
0	66	-0.6023711	-2.45E-07	67	-0.001525902	5	5	0	0	0	0	0	0	0	0	0	0	0	0	0	0	12	0	
0	67	-0.6026778	-2.45E-07	68	-0.001525902	5	5	0	0	0	0	0	0	0	0	0	0	0	0	0	0	12	0	
0	68	-0.6026778	-2.45E-07	69	-0.001525902	5	5	0	0	0	0	0	0	0	0	0	0	0	0	0	0	12	0	
0	69	-0.6029845	-2.45E-07	70	-0.001525902	5	5	0	0	0	0	0	0	0	0	0	0	0	0	0	0	12	0	
0	70	-0.6029845	-2.45E-07	71	-0.001525902	5	5	0	0	0	0	0	0	0	0	0	0	0	0	0	0	12	0	
0	71	-0.6029845	-2.45E-07	72	-0.001525902	5	5	0	0	0	0	0	0	0	0	0	0	0	0	0	0	12	0	
0	72	-0.6032912	-2.45E-07	73	-0.001525902	5	5	0	0	0	0	0	0	0	0	0	0	0	0	0	0	12	0	
0	73	-0.6032912	-2.45E-07	74	-0.001525902	5	5	0	0	0	0	0	0	0	0	0	0	0	0	0	0	12	0	
0	74	-0.6035979	-2.45E-07	75	-0.001525902	5	5	0	0	0	0	0	0	0	0	0	0	0	0	0	0	12	0	
0	75	-0.6035979	-2.45E-07	76	-0.001525902	5	5	0	0	0	0	0	0	0	0	0	0	0	0	0	0	12	0	
0	76	-0.6035979	-2.45E-07	77	-0.001525902	5	5	0	0	0	0	0	0	0	0	0	0	0	0	0	0	12	0	
0	77	-0.6039046	-2.45E-07	78	-0.001525902	5	5	0	0	0	0	0	0	0	0	0	0	0	0	0	0	12	0	
0	78	-0.6039046	-2.45E-07	79	-0.001525902	5	5	0	0	0	0	0	0	0	0	0	0	0	0	0	0	12	0	
0	79	-0.6042113	-2.45E-07	80	-0.001525902	5	5	0	0	0	0	0	0	0	0	0	0	0	0	0	0	12	0	
0	80	-0.6042113	-2.45E-07	81	-0.001525902	5	5	0	0	0	0	0	0	0	0	0	0	0	0	0	0	12	0	
0	81	-0.604518	-2.45E-07	82	-0.001525902	5	261	0	0	0	0	0	0	0	0	0	0	0	0	0	0	12	0	
0	82	-0.604518	-2.45E-07	83	-0.001525902	5	5	0	0	0	0	0	0	0	0	0	0	0	0	0	0	12	0	
0	83	-0.6048247	-2.45E-07	84	-0.001525902	5	5	0	0	0	0	0	0	0	0	0	0	0	0	0	0	12	0	
0	84	-0.6048247	-2.45E-07	85	-0.001525902	5	5	0	0	0	0	0	0	0	0	0	0	0	0	0	0	12	0	
0	85	-0.6048247	-2.45E-07	86	-0.001525902	5	5	0	0	0	0	0	0	0	0	0	0	0	0	0	0	12	0	
0	86	-0.6051314	-2.45E-07	87	-0.001525902	5	5	0	0	0	0	0	0	0	0	0	0	0	0	0	0	12	0	
0	87	-0.6051314	-2.45E-07	88	-0.001525902	5	5	0	0	0	0	0	0	0	0	0	0	0	0	0	0	12	0	
0	88	-0.6054381	-2.45E-07	89	-0.001525902	5	5	0	0	0	0	0	0	0	0	0	0	0	0	0	0	12	0	
0	89	-0.6054381	-2.45E-07	90	-0.001525902	5	5	0	0	0	0	0	0	0	0	0	0	0	0	0	0	12	0	
0	90	-0.6054381	-2.45E-07	91	-0.001525902	5	5	0	0	0	0	0	0	0	0	0	0	0	0	0	0	12	0	
0	91	-0.6057448	-2.45E-07	92	-0.001525902	5	5	0	0	0	0	0	0	0	0	0	0	0	0	0	0	12	0	
0	92	-0.6057448	-2.45E-07	93	-0.001525902	5	5	0	0	0	0	0	0	0	0	0	0	0	0	0	0	12	0	
0	93	-0.6057448	-2.45E-07	94	-0.001525902	5	5	0	0	0	0	0	0	0	0	0	0	0	0	0	0	12	0	
0	94	-0.6060516	-2.45E-07	95	-0.001525902	5	5	0	0	0	0	0	0	0	0	0	0	0	0	0	0	12	0	
0	95	-0.6060516	-2.45E-07	96	-0.001525902	5	5	0	0	0	0	0	0	0	0	0	0	0	0	0	0	12	0	
0	96	-0.6063582	-2.45E-07	97	-0.001525902	5	5	0	0	0	0	0	0	0	0	0	0	0	0	0	0	12	0	
0	97	-0.6063582	-2.45E-07	98	-0.001525902	5	5	0	0	0	0	0	0	0	0	0	0	0	0	0	0	12	0	
0	98	-0.606665	-2.45E-07	99	-0.001525902	5	5	0	0	0	0	0	0	0	0	0	0	0	0	0	0	12	0	
0	99	-0.606665	-2.45E-07	100	-0.001525902	5	5	0	0	0	0	0	0	0	0	0	0	0	0	0	0	12	0	
0	100	-0.606665	-2.45E-07	101	-0.001525902	5	5	0	0	0	0	0	0	0	0	0	0	0	0	0	0	12	0	
0	101	-0.6069717	-2.45E-07	102	-0.001525902	5	5	0	0	0	0	0	0	0	0	0	0	0	0	0	0	12	0	
0	102	-0.6069717	-2.45E-07	103	-0.001525902	5	5	0	0	0	0	0	0	0	0	0	0	0	0	0	0	12	0	
0	103	-0.6069717	-2.45E-07	104	-0.001525902	5	5	0	0	0	0	0	0	0	0	0	0	0	0	0	0	12	0	
0	104	-0.6072784	-2.45E-07	105	-0.001525902	5	5	0	0	0	0	0	0	0	0	0	0	0	0	0	0	12	0	
0	105	-0.6072784	-2.45E-07	106	-0.001525902	5	5	0	0	0	0	0	0	0	0	0	0	0	0	0	0	12	0	
0	106	-0.6072784	-2.45E-07	107	-0.001525902	5	5	0	0	0	0	0	0	0	0	0	0	0	0	0	0	12	0	
0	107	-0.6075851	-2.45E-07	108	-0.001525902	5	5	0	0	0	0	0	0	0	0	0	0	0	0	0	0	12	0	
0	108	-0.6075851	-2.45E-07	109	-0.001525902	5	5	0	0	0	0	0	0	0	0	0	0	0	0	0	0	12	0	
0	109	-0.6078918	-2.45E-07	110	-0.001525902	5	5	0	0	0	0	0	0	0	0	0	0	0	0	0	0	12	0	
0	110	-0.6078918	-2.45E-07	111	-0.001525902	5	5	0	0	0	0	0	0	0	0	0	0	0	0	0	0	12	0	
0	111	-0.6078918	-2.45E-07	112	-0.001525902	5	5	0	0	0	0	0	0	0	0	0	0	0	0	0	0	12	0	
0	112	-0.6081985	-2.45E-07	113	-0.001525902	5	5	0	0	0	0	0	0	0	0	0	0	0	0	0	0	12	0	
0	113	-0.6081985	-2.45E-07	114	-0.001525902	5	5	0	0	0	0	0	0	0	0	0	0	0	0	0	0	12	0	
0	114	-0.6081985	-2.45E-07	115	-0.001525902	5	5	0	0	0	0	0	0	0	0	0	0	0	0	0	0	12	0	
0	115	-0.6081985	-2.45E-07	116	-0.001525902	5	5	0	0	0	0	0	0	0	0	0	0	0	0	0	0	12	0	
0	116	-0.6085052	-2.45E-07	117	-0.001525902	5	5	0	0	0	0	0	0	0	0	0	0	0	0	0	0	12	0	
0	117	-0.6085052	-2.45E-07	118	-0.001525902	5	5	0	0	0	0	0	0	0	0	0	0	0	0	0	0	12	0	
0	118	-0.6088119	-2.45E-07	119	-0.001525902	5	5	0	0	0	0	0	0	0	0	0	0	0	0	0	0	12	0	
0	119	-0.6088119	-2.45E-07	120	-0.001525902	5	5	0	0	0	0	0	0	0	0	0	0	0	0	0	0	12	0	
0	120	-0.6088119	-2.45E-07	121	-0.001525902	5	5	0	0	0	0	0	0	0	0	0	0	0	0	0	0	12	0	
0	121	-0.6088119	-2.45E-07	122	-0.001525902	5	5	0	0	0	0	0	0	0	0	0	0	0	0	0	0	12	0	
0	122	-0.6091186	-2.45E-07	123	-0.001525902	5	5	0	0	0	0	0	0	0	0	0	0	0	0	0	0	12	0	
0	123	-0.6091186	-2.45E-07	124	-0.001525902	5	5	0	0	0	0	0	0	0	0	0	0	0	0	0	0	12	0	
0	124	-0.6094253	-2.45E-07	125	-0.001525902	5	5	0	0	0	0	0	0	0	0	0	0	0	0	0	0	12	0	
0	125	-0.6094253	-2.45E-07	126	-0.001525902	5	5	0	0	0	0	0	0	0	0	0	0	0	0	0	0	12	0	
0	126	-0.6094253	-2.45E-07	127	-0.001525902	5	5	0	0	0	0	0	0	0	0	0	0	0	0	0	0	12	0	
0	127	-0.6094253	-2.45E-07	128	-0.001525902	5	5	0	0	0	0	0	0	0	0	0	0	0	0	0	0	12	0	
0	128	-0.609732	-2.45E-07	129	-0.001525902	5	5	0	0	0	0	0	0	0	0	0	0	0	0	0	0	12	0	
0	129	-0.609732	-2.45E-07	130	-0.001525902	5	5	0	0	0	0	0	0	0	0	0	0	0	0	0	0	12	0	
0	130	-0.609732	-2.45E-07	131	-0.001525902	5	5	0	0	0	0	0	0	0	0	0	0	0	0	0	0	12	0	
0	131	-0.6100388	-2.45E-07	132	-0.001525902	5	5	0	0	0	0	0	0	0	0	0	0	0	0	0	0	12	0	
0	132	-0.6100388	-2.45E-07	133	-0.001525902	5	5	0	0	0	0	0	0	0	0	0	0	0	0	0	0	12	0	
0	133	-0.6100388	-2.45E-07	134	-0.001525902	5	5	0	0	0	0	0	0	0	0	0	0	0	0	0	0	12	0	
0	134	-0.6100388	-2.45E-07	135	-0.001525902	5	5	0	0	0	0	0	0	0	0	0	0	0	0	0	0	12	0	
0	135	-0.6103454	-2.45E-07	136	-0.001525902	5	5	0	0	0	0	0	0	0	0	0	0	0	0	0	0	12	0	
0	136	-0.6103454	-2.45E-07	137	-0.001525902	5	5	0	0	0	0	0	0	0	0	0	0	0	0	0	0	12	0	
0	137	-0.6106521	-2.45E-07	138	-0.001525902	5	5	0	0	0	0	0	0	0	0	0	0	0	0	0	0	12	0	
0	138	-0.6106521	-2.45E-07	139	-0.001525902	5	5	0	0	0	0	0	0	0	0	0	0	0	0	0	0	12	0	
0	139	-0.6106521	-2.45E-07	140	-0.001525902	5	5	0	0	0	0	0	0	0	0	0	0	0	0	0	0	12	0	
0	140	-0.6106521	-2.45E-07	141	-0.001525902	5	5	0	0	0	0	0	0	0	0	0	0	0	0	0	0	12	0	
0	141	-0.6109589	-2.45E-07	142	-0.001525902	5	5	0	0	0	0	0	0	0	0	0	0	0	0	0	0	12	0	
0	142	-0.6109589	-2.45E-07	143	-0.001525902	5	5	0	0	0	0	0	0	0	0	0	0	0	0	0	0	12	0	
0	143	-0.6109589	-2.45E-07	144	-0.001525902	5	5	0	0	0	0	0	0	0	0	0	0	0	0	0	0	12	0	
0	144	-0.6109589	-2.45E-07	145	-0.001525902	5	5	0	0	0	0	0	0	0	0	0	0	0	0	0	0	12	0	
0	145	-0.6112655	-2.45E-07	146	-0.001525902	5	5	0	0	0	0	0	0	0	0	0	0.000306706	0	0	0	0	12	0	
0	146	-0.6112655	-2.45E-07	147	-0.001525902	5	5	0	0	0	0	0	0	0	0	0	0	0	0	0	0	12	0	
0	147	-0.6112655	-2.45E-07	148	-0.001525902	5	5	0	0	0	0	0	0	0	0	0	0	0	0	0	0	12	0	
0	148	-0.6112655	-2.45E-07	149	-0.001525902	5	5	0	0	0	0	0	0	0	0	0	0	0	0	0	0	12	0	
0	149	-0.6115723	-2.45E-07	150	-0.001525902	5	5	0	0	0	0	0	0	0	0	0	0	0	0	0	0	12	0	
0	150	-0.6115723	-2.45E-07	151	-0.001525902	5	5	0	0	0	0	0	0	0	0	0	0	0	0	0	0	12	0	
0	151	-0.6115723	-2.45E-07	152	-0.001525902	5	5	0	0	0	0	0	0	0	0	0	0	0	0	0	0	12	0	
0	152	-0.6115723	-2.45E-07	153	-0.001525902	5	5	0	0	0	0	0	0	0	0	0	0	0	0	0	0	12	0	
0	153	-0.611879	-2.45E-07	154	-0.001525902	5	5	0	0	0	0	0	0	0	0	0	0	0	0	0	0	12	0	
0	154	-0.611879	-2.45E-07	155	-0.001525902	5	5	0	0	0	0	0	0	0	0	0	0	0	0	0	0	12	0	
0	155	-0.611879	-2.45E-07	156	-0.001525902	5	5	0	0	0	0	0	0	0	0	0	0	0	0	0	0	12	0	
0	156	-0.611879	-2.45E-07	157	-0.001525902	5	5	0	0	0	0	0	0	0	0	0	0	0	0	0	0	12	0	
0	157	-0.611879	-2.45E-07	158	-0.001525902	5	5	0	0	0	0	0	0	0	0	0	0	0	0	0	0	12	0	
0	158	-0.611879	-2.45E-07	159	-0.001525902	5	5	0	0	0	0	0	0	0	0	0	0	0	0	0	0	12	0	
0	159	-0.6121857	-2.45E-07	160	-0.001525902	5	5	0	0	0	0	0	0	0	0	0	0	0	0	0	0	12	0	
0	160	-0.6121857	-2.45E-07	161	-0.001525902	5	261	0	0	0	0	0	0	0	0	0	0	0	0	0	0	12	0	
0	161	-0.6121857	-2.45E-07	162	-0.001525902	5	5	0	0	0	0	0	0	0	0	0	0	0	0	0	0	12	0	
0	162	-0.6121857	-2.45E-07	163	-0.001525902	5	5	0	0	0	0	0	0	0	0	0	0	0	0	0	0	12	0	
0	163	-0.6124924	-2.45E-07	164	-0.001525902	5	5	0	0	0	0	0	0	0	0	0	0	0	0	0	0	12	0	
0	164	-0.6124924	-2.45E-07	165	-0.001525902	5	5	0	0	0	0	0	0	0	0	0	0	0	0	0	0	12	0	
0	165	-0.6124924	-2.45E-07	166	-0.001525902	5	5	0	0	0	0	0	0	0	0	0	0	0	0	0	0	12	0	
0	166	-0.6124924	-2.45E-07	167	-0.001525902	5	5	0	0	0	0	0	0	0	0	0	0	0	0	0	0	12	0	
0	167	-0.6124924	-2.45E-07	168	-0.001525902	5	5	0	0	0	0	0	0	0	0	0	0	0	0	0	0	12	0	
0	168	-0.6124924	-2.45E-07	169	-0.001525902	5	5	0	0	0	0	0	0	0	0	0	0	0	0	0	0	12	0	
0	169	-0.6127991	-2.45E-07	170	-0.001525902	5	5	0	0	0	0	0	0	0	0	0	0	0	0	0	0	12	0	
0	170	-0.6127991	-2.45E-07	171	-0.001525902	5	5	0	0	0	0	0	0	0	0	0	0	0	0	0	0	12	0	
0	171	-0.6127991	-2.45E-07	172	-0.001525902	5	5	0	0	0	0	0	0	0	0	0	0	0	0	0	0	12	0	
0	172	-0.6131058	-2.45E-07	173	-0.001525902	5	261	0	0	0	0	0	0	0	0	0	0	0	0	0	0	12	0	
0	173	-0.6131058	-2.45E-07	174	-0.001525902	5	5	0	0	0	0	0	0	0	0	0	0	0	0	0	0	12	0	
0	174	-0.6131058	-2.45E-07	175	-0.001525902	5	5	0	0	0	0	0	0	0	0	0	0	0	0	0	0	12	0	
0	175	-0.6131058	-3.07E-07	176	-0.001525902	5	5	0	0	0	0	0	0	0	0	0	0	0	0	0	0	12	0	
0	176	-0.6134125	-2.45E-07	177	-0.001525902	5	5	0	0	0	0	0	0	0	0	0	0	0	0	0	0	12	0	
0	177	-0.6134125	-2.45E-07	178	-0.001525902	5	5	0	0	0	0	0	0	0	0	0	0	0	0	0	0	12	0	
0	178	-0.6134125	-2.45E-07	179	-0.001525902	5	5	0	0	0	0	0	0	0	0	0	0	0	0	0	0	12	0	
0	179	-0.6134125	-2.45E-07	180	-0.001525902	5	5	0	0	0	0	0	0	0	0	0	0	0	0	0	0	12	0	
0	180	-0.6137192	-2.45E-07	181	-0.001525902	5	5	0	0	0	0	0	0	0	0	0	0	0	0	0	0	12	0	
0	181	-0.6137192	-2.45E-07	182	-0.001525902	5	5	0	0	0	0	0	0	0	0	0	0	0	0	0	0	12	0	
0	182	-0.6137192	-2.45E-07	183	-0.001525902	5	5	0	0	0	0	0	0	0	0	0	0	0	0	0	0	12	0	
0	183	-0.6137192	-2.45E-07	184	-0.001525902	5	5	0	0	0	0	0	0	0	0	0	0	0	0	0	0	12	0	
0	184	-0.6137192	-2.45E-07	185	-0.001525902	5	5	0	0	0	0	0	0	0	0	0	0	0	0	0	0	12	0	
0	185	-0.6140259	-2.45E-07	186	-0.001525902	5	5	0	0	0	0	0	0	0	0	0	0	0	0	0	0	12	0	
0	186	-0.6140259	-2.45E-07	187	-0.001525902	5	5	0	0	0	0	0	0	0	0	0	0	0	0	0	0	12	0	
0	187	-0.6140259	-2.45E-07	188	-0.001525902	5	5	0	0	0	0	0	0	0	0	0	0	0	0	0	0	12	0	
0	188	-0.6143326	-2.45E-07	189	-0.001525902	5	261	0	0	0	0	0	0	0	0	0	0	0	0	0	0	12	0	
0	189	-0.6143326	-2.45E-07	190	-0.001525902	5	5	0	0	0	0	0	0	0	0	0	0	0	0	0	0	12	0	
0	190	-0.6143326	-2.45E-07	191	-0.001525902	5	5	0	0	0	0	0	0	0	0	0	0	0	0	0	0	12	0	
0	191	-0.6143326	-2.45E-07	192	-0.001525902	5	5	0	0	0	0	0	0	0	0	0	0	0	0	0	0	12	0	
0	192	-0.6146393	-2.45E-07	193	-0.001525902	5	5	0	0	0	0	0	0	0	0	0	0	0	0	0	0	12	0	
0	193	-0.6146393	-2.45E-07	194	-0.001525902	5	5	0	0	0	0	0	0	0	0	0	0	0	0	0	0	12	0	
0	194	-0.6146393	-2.45E-07	195	-0.001525902	5	5	0	0	0	0	0	0	0	0	0	0	0	0	0	0	12	0	
0	195	-0.6146393	-2.45E-07	196	-0.001525902	5	5	0	0	0	0	0	0	0	0	0	0	0	0	0	0	12	0	
0	196	-0.614946	-2.45E-07	197	-0.001525902	5	5	0	0	0	0	0	0	0	0	0	0	0	0	0	0	12	0	
0	197	-0.614946	-2.45E-07	198	-0.001525902	5	5	0	0	0	0	0	0	0	0	0	0	0	0	0	0	12	0	
0	198	-0.614946	-2.45E-07	199	-0.001525902	5	5	0	0	0	0	0	0	0	0	0	0	0	0	0	0	12	0	
0	199	-0.614946	-2.45E-07	200	-0.001525902	5	5	0	0	0	0	0	0	0	0	0	0	0	0	0	0	12	0	
0	200	-0.6152527	-2.45E-07	201	-0.001525902	5	261	0	0	0	0	0	0	0	0	0	0	0	0	0	0	12	0	
0	201	-0.6152527	-2.45E-07	202	-0.001525902	5	5	0	0	0	0	0	0	0	0	0	0	0	0	0	0	12	0	
0	202	-0.6152527	-2.45E-07	203	-0.001525902	5	5	0	0	0	0	0	0	0	0	0	0	0	0	0	0	12	0	
0	203	-0.6152527	-2.45E-07	204	-0.001525902	5	5	0	0	0	0	0	0	0	0	0	0	0	0	0	0	12	0	
0	204	-0.6155595	-2.45E-07	205	-0.001525902	5	5	0	0	0	0	0	0	0	0	0	0	0	0	0	0	12	0	
0	205	-0.6155595	-2.45E-07	206	-0.001525902	5	5	0	0	0	0	0	0	0	0	0	0	0	0	0	0	12	0	
0	206	-0.6155595	-2.45E-07	207	-0.001525902	5	5	0	0	0	0	0	0	0	0	0	0	0	0	0	0	12	0	
0	207	-0.6155595	-2.45E-07	208	-0.001525902	5	5	0	0	0	0	0	0	0	0	0	0	0	0	0	0	12	0	
0	208	-0.6158662	-2.45E-07	209	-0.001525902	5	5	0	0	0	0	0	0	0	0	0	0	0	0	0	0	12	0	
0	209	-0.6158662	-2.45E-07	210	-0.001525902	5	5	0	0	0	0	0	0	0	0	0	0	0	0	0	0	12	0	
0	210	-0.6158662	-2.45E-07	211	-0.001525902	5	5	0	0	0	0	0	0	0	0	0	0	0	0	0	0	12	0	
0	211	-0.6158662	-2.45E-07	212	-0.001525902	5	5	0	0	0	0	0	0	0	0	0	0	0	0	0	0	12	0	
0	212	-0.6158662	-2.45E-07	213	-0.001525902	5	5	0	0	0	0	0	0	0	0	0	0	0	0	0	0	12	0	
0	213	-0.6158662	-2.45E-07	214	-0.001525902	5	5	0	0	0	0	0	0	0	0	0	0	0	0	0	0	12	0	
0	214	-0.6158662	-2.45E-07	215	-0.001525902	5	5	0	0	0	0	0	0	0	0	0	0	0	0	0	0	12	0	
0	215	-0.6158662	-2.45E-07	216	-0.001525902	5	5	0	0	0	0	0	0	0	0	0	0	0	0	0	0	12	0	
0	216	-0.6161729	-2.45E-07	217	-0.001525902	5	261	0	0	0	0	0	0	0	0	0	0	0	0	0	0	12	0	
0	217	-0.6161729	-2.45E-07	218	-0.001525902	5	5	0	0	0	0	0	0	0	0	0	0	0	0	0	0	12	0	
0	218	-0.6161729	-2.45E-07	219	-0.001525902	5	5	0	0	0	0	0	0	0	0	0	0	0	0	0	0	12	0	
0	219	-0.6164796	-2.45E-07	220	-0.001525902	5	5	0	0	0	0	0	0	0	0	0	0	0	0	0	0	12	0	
0	220	-0.6164796	-2.45E-07	221	-0.001525902	5	5	0	0	0	0	0	0	0	0	0	0	0	0	0	0	12	0	
0	221	-0.6164796	-2.45E-07	222	-0.001525902	5	5	0	0	0	0	0	0	0	0	0	0	0	0	0	0	12	0	
0	222	-0.6164796	-2.45E-07	223	-0.001525902	5	5	0	0	0	0	0	0	0	0	0	0	0	0	0	0	12	0	
0	223	-0.6164796	-2.45E-07	224	-0.001525902	5	5	0	0	0	0	0	0	0	0	0	0	0	0	0	0	12	0	
0	224	-0.6164796	-2.45E-07	225	-0.001525902	5	5	0	0	0	0	0	0	0	0	0	0	0	0	0	0	12	0	
0	225	-0.6167863	-2.45E-07	226	-0.001525902	5	5	0	0	0	0	0	0	0	0	0	0	0	0	0	0	12	0	
0	226	-0.6167863	-2.45E-07	227	-0.001525902	5	5	0	0	0	0	0	0	0	0	0	0	0	0	0	0	12	0	
0	227	-0.6167863	-2.45E-07	228	-0.001525902	5	261	0	0	0	0	0	0	0	0	0	0	0	0	0	0	12	0	
0	228	-0.6167863	-2.45E-07	229	-0.001525902	5	5	0	0	0	0	0	0	0	0	0	0	0	0	0	0	12	0	
0	229	-0.6167863	-2.45E-07	230	-0.001525902	5	5	0	0	0	0	0	0	0	0	0	0	0	0	0	0	12	0	
0	230	-0.617093	-2.45E-07	231	-0.001525902	5	5	0	0	0	0	0	0	0	0	0	0	0	0	0	0	12	0	
0	231	-0.617093	-2.45E-07	232	-0.001525902	5	5	0	0	0	0	0	0	0	0	0	0	0	0	0	0	12	0	
0	232	-0.617093	-2.45E-07	233	-0.001525902	5	5	0	0	0	0	0	0	0	0	0	0	0	0	0	0	12	0	
0	233	-0.617093	-2.45E-07	234	-0.001525902	5	5	0	0	0	0	0	0	0	0	0	0	0	0	0	0	12	0	
0	234	-0.617093	-2.45E-07	235	-0.001525902	5	5	0	0	0	0	0	0	0	0	0	0	0	0	0	0	12	0	
0	235	-0.617093	-2.45E-07	236	-0.001525902	5	5	0	0	0	0	0	0	0	0	0	0	0	0	0	0	12	0	
0	236	-0.6173997	-2.45E-07	237	-0.001525902	5	5	0	0	0	0	0	0	0	0	0	0	0	0	0	0	12	0	
0	237	-0.6173997	-3.07E-07	238	-0.001525902	5	5	0	0	0	0	0	0	0	0	0	0	0	0	0	0	12	0	
0	238	-0.6173997	-2.45E-07	239	-0.001525902	5	5	0	0	0	0	0	0	0	0	0	0	0	0	0	0	12	0	
0	239	-0.6173997	-2.45E-07	240	-0.001525902	5	5	0	0	0	0	0	0	0	0	0	0	0	0	0	0	12	0	
0	240	-0.6173997	-2.45E-07	241	-0.001525902	5	5	0	0	0	0	0	0	0	0	0	0	0	0	0	0	12	0	
0	241	-0.6173997	-2.45E-07	242	-0.001525902	5	5	0	0	0	0	0	0	0	0	0	0	0	0	0	0	12	0	
0	242	-0.6177064	-2.45E-07	243	-0.001525902	5	5	0	0	0	0	0	0	0	0	0	0	0	0	0	0	12	0	
0	243	-0.6177064	-2.45E-07	244	-0.001525902	5	5	0	0	0	0	0	0	0	0	0	0	0	0	0	0	12	0	
0	244	-0.6177064	-2.45E-07	245	-0.001525902	5	5	0	0	0	0	0	0	0	0	0	0	0	0	0	0	12	0	
0	245	-0.6177064	-2.45E-07	246	-0.001525902	5	5	0	0	0	0	0	0	0	0	0	0	0	0	0	0	12	0	
0	246	-0.6177064	-2.45E-07	247	-0.001525902	5	5	0	0	0	0	0	0	0	0	0	0	0	0	0	0	12	0	
0	247	-0.6177064	-2.45E-07	248	-0.001525902	5	5	0	0	0	0	0	0	0	0	0	0	0	0	0	0	12	0	
0	248	-0.6180131	-2.45E-07	249	-0.001525902	5	5	0	0	0	0	0	0	0	0	0	0	0	0	0	0	12	0	
0	249	-0.6180131	-2.45E-07	250	-0.001525902	5	5	0	0	0	0	0	0	0	0	0	0	0	0	0	0	12	0	
0	250	-0.6180131	-2.45E-07	251	-0.001525902	5	5	0	0	0	0	0	0	0	0	0	0	0	0	0	0	12	0	
0	251	-0.6180131	-2.45E-07	252	-0.001525902	5	5	0	0	0	0	0	0	0	0	0	0	0	0	0	0	12	0	
0	252	-0.6180131	-2.45E-07	253	-0.001525902	5	5	0	0	0	0	0	0	0	0	0	0	0	0	0	0	12	0	
0	253	-0.6183198	-2.45E-07	254	-0.001525902	5	5	0	0	0	0	0	0	0	0	0	0	0	0	0	0	12	0	
0	254	-0.6183198	-2.45E-07	255	-0.001525902	5	5	0	0	0	0	0	0	0	0	0	0	0	0	0	0	12	0	
0	255	-0.6183198	-2.45E-07	256	-0.001525902	5	5	0	0	0	0	0	0	0	0	0	0	0	0	0	0	12	0	
0	256	-0.6183198	-2.45E-07	257	-0.001525902	5	5	0	0	0	0	0	0	0	0	0	0	0	0	0	0	12	0	
0	257	-0.6183198	-2.45E-07	258	-0.001525902	5	5	0	0	0	0	0	0	0	0	0	0	0	0	0	0	12	0	
0	258	-0.6183198	-2.45E-07	259	-0.001525902	5	5	0	0	0	0	0	0	0	0	0	0	0	0	0	0	12	0	
0	259	-0.6186265	-2.45E-07	260	-0.001525902	5	5	0	0	0	0	0	0	0	0	0	0	0	0	0	0	12	0	
0	260	-0.6186265	-2.45E-07	261	-0.001525902	5	5	0	0	0	0	0	0	0	0	0	0	0	0	0	0	12	0	
0	261	-0.6186265	-2.45E-07	262	-0.001525902	5	5	0	0	0	0	0	0	0	0	0	0	0	0	0	0	12	0	
0	262	-0.6186265	-2.45E-07	263	-0.001525902	5	5	0	0	0	0	0	0	0	0	0	0	0	0	0	0	12	0	
0	263	-0.6186265	-2.45E-07	264	-0.001525902	5	5	0	0	0	0	0	0	0	0	0	0	0	0	0	0	12	0	
0	264	-0.6189332	-2.45E-07	265	-0.001525902	5	5	0	0	0	0	0	0	0	0	0	0	0	0	0	0	12	0	
0	265	-0.6189332	-2.45E-07	266	-0.001525902	5	5	0	0	0	0	0	0	0	0	0	0	0	0	0	0	12	0	
0	266	-0.6189332	-2.45E-07	267	-0.001525902	5	5	0	0	0	0	0	0	0	0	0	0	0	0	0	0	12	0	
0	267	-0.6189332	-2.45E-07	268	-0.001525902	5	5	0	0	0	0	0	0	0	0	0	0	0	0	0	0	12	0	
0	268	-0.6189332	-2.45E-07	269	-0.001525902	5	5	0	0	0	0	0	0	0	0	0	0	0	0	0	0	12	0	
0	269	-0.6189332	-2.45E-07	270	-0.001525902	5	5	0	0	0	0	0	0	0	0	0	0	0	0	0	0	12	0	
0	270	-0.6192399	-2.45E-07	271	-0.001525902	5	5	0	0	0	0	0	0	0	0	0	0	0	0	0	0	12	0	
0	271	-0.6192399	-2.45E-07	272	-0.001525902	5	5	0	0	0	0	0	0	0	0	0	0	0	0	0	0	12	0	
0	272	-0.6192399	-2.45E-07	273	-0.001525902	5	5	0	0	0	0	0	0	0	0	0	0	0	0	0	0	12	0	
0	273	-0.6192399	-2.45E-07	274	-0.001525902	5	5	0	0	0	0	0	0	0	0	0	0	0	0	0	0	12	0	
0	274	-0.6192399	-2.45E-07	275	-0.001525902	5	5	0	0	0	0	0	0	0	0	0	0	0	0	0	0	12	0	
0	275	-0.6195467	-2.45E-07	276	-0.001525902	5	5	0	0	0	0	0	0	0	0	0	0	0	0	0	0	12	0	
0	276	-0.6195467	-2.45E-07	277	-0.001525902	5	5	0	0	0	0	0	0	0	0	0	0	0	0	0	0	12	0	
0	277	-0.6195467	-2.45E-07	278	-0.001525902	5	5	0	0	0	0	0	0	0	0	0	0	0	0	0	0	12	0	
0	278	-0.6195467	-2.45E-07	279	-0.001525902	5	5	0	0	0	0	0	0	0	0	0	0	0	0	0	0	12	0	
0	279	-0.6195467	-2.45E-07	280	-0.001525902	5	5	0	0	0	0	0	0	0	0	0	0	0	0	0	0	12	0	
0	280	-0.6195467	-2.45E-07	281	-0.001525902	5	5	0	0	0	0	0	0	0	0	0	0	0	0	0	0	12	0	
0	281	-0.6198533	-3.07E-07	282	-0.001525902	5	5	0	0	0	0	0	0	0	0	0	0	0	0	0	0	12	0	
0	282	-0.6198533	-2.45E-07	283	-0.001525902	5	5	0	0	0	0	0	0	0	0	0	0	0	0	0	0	12	0	
0	283	-0.6198533	-2.45E-07	284	-0.001525902	5	5	0	0	0	0	0	0	0	0	0	0	0	0	0	0	12	0	
0	284	-0.6198533	-2.45E-07	285	-0.001525902	5	261	0	0	0	0	0	0	0	0	0	0	0	0	0	0	12	0	
0	285	-0.6198533	-2.45E-07	286	-0.001525902	5	5	0	0	0	0	0	0	0	0	0	0	0	0	0	0	12	0	
0	286	-0.6198533	-2.45E-07	287	-0.001525902	5	5	0	0	0	0	0	0	0	0	0	0	0	0	0	0	12	0	
0	287	-0.62016	-2.45E-07	288	-0.001525902	5	5	0	0	0	0	0	0	0	0	0	0	0	0	0	0	12	0	
0	288	-0.62016	-2.45E-07	289	-0.001525902	5	5	0	0	0	0	0	0	0	0	0	0	0	0	0	0	12	0	
0	289	-0.62016	-2.45E-07	290	-0.001525902	5	5	0	0	0	0	0	0	0	0	0	0	0	0	0	0	12	0	
0	290	-0.62016	-2.45E-07	291	-0.001525902	5	5	0	0	0	0	0	0	0	0	0	0	0	0	0	0	12	0	
0	291	-0.62016	-2.45E-07	292	-0.001525902	5	5	0	0	0	0	0	0	0	0	0	0	0	0	0	0	12	0	
0	292	-0.62016	-2.45E-07	293	-0.001525902	5	5	0	0	0	0	0	0	0	0	0	0	0	0	0	0	12	0	
0	293	-0.62016	-2.45E-07	294	-0.001525902	5	5	0	0	0	0	0	0	0	0	0	0	0	0	0	0	12	0	
0	294	-0.6204668	-2.45E-07	295	-0.001525902	5	5	0	0	0	0	0	0	0	0	0	0	0	0	0	0	12	0	
0	295	-0.6204668	-2.45E-07	296	-0.001525902	5	5	0	0	0	0	0	0	0	0	0	0	0	0	0	0	12	0	
0	296	-0.6204668	-2.45E-07	297	-0.001525902	5	5	0	0	0	0	0	0	0	0	0	0	0	0	0	0	12	0	
0	297	-0.6204668	-2.45E-07	298	-0.001525902	5	5	0	0	0	0	0	0	0	0	0	0	0	0	0	0	12	0	
0	298	-0.6204668	-2.45E-07	299	-0.001525902	5	5	0	0	0	0	0	0	0	0	0	0	0	0	0	0	12	0	
0	299	-0.6204668	-2.45E-07	300	-0.001525902	5	5	0	0	0	0	0	0	0	0	0	0	0	0	0	0	12	0	
0	300	-0.6207734	-2.45E-07	301	-0.001525902	5	261	0	0	0	0	0	0	0	0	0	0	0	0	0	0	12	0	
0	301	-0.6207734	-2.45E-07	302	-0.001525902	5	5	0	0	0	0	0	0	0	0	0	0	0	0	0	0	12	0	
0	302	-0.6207734	-2.45E-07	303	-0.001525902	5	5	0	0	0	0	0	0	0	0	0	0	0	0	0	0	12	0	
0	303	-0.6207734	-2.45E-07	304	-0.001525902	5	5	0	0	0	0	0	0	0	0	0	0	0	0	0	0	12	0	
0	304	-0.6207734	-2.45E-07	305	-0.001525902	5	5	0	0	0	0	0	0	0	0	0	0	0	0	0	0	12	0	
0	305	-0.6210802	-2.45E-07	306	-0.001525902	5	5	0	0	0	0	0	0	0	0	0	0	0	0	0	0	12	0	
0	306	-0.6207734	-2.45E-07	307	-0.001525902	5	5	0	0	0	0	0	0	0	0	0	0	0	0	0	0	12	0	
0	307	-0.6210802	-2.45E-07	308	-0.001525902	5	5	0	0	0	0	0	0	0	0	0	0	0	0	0	0	12	0	
0	308	-0.6210802	-2.45E-07	309	-0.001525902	5	5	0	0	0	0	0	0	0	0	0	0	0	0	0	0	12	0	
0	309	-0.6210802	-2.45E-07	310	-0.001525902	5	5	0	0	0	0	0	0	0	0	0	0	0	0	0	0	12	0	
0	310	-0.6210802	-2.45E-07	311	-0.001525902	5	5	0	0	0	0	0	0	0	0	0	0	0	0	0	0	12	0	
0	311	-0.6210802	-2.45E-07	312	-0.001525902	5	5	0	0	0	0	0	0	0	0	0	0	0	0	0	0	12	0	
0	312	-0.6210802	-2.45E-07	313	-0.001525902	5	5	0	0	0	0	0	0	0	0	0	0	0	0	0	0	12	0	
0	313	-0.6210802	-2.45E-07	314	-0.001525902	5	5	0	0	0	0	0	0	0	0	0	0	0	0	0	0	12	0	
0	314	-0.6213869	-2.45E-07	315	-0.001525902	5	5	0	0	0	0	0	0	0	0	0	0	0	0	0	0	12	0	
0	315	-0.6213869	-2.45E-07	316	-0.001525902	5	5	0	0	0	0	0	0	0	0	0	0	0	0	0	0	12	0	
0	316	-0.6213869	-2.45E-07	317	-0.001525902	5	5	0	0	0	0	0	0	0	0	0	0	0	0	0	0	12	0	
0	317	-0.6213869	-2.45E-07	318	-0.001525902	5	5	0	0	0	0	0	0	0	0	0	0	0	0	0	0	12	0	
0	318	-0.6213869	-2.45E-07	319	-0.001525902	5	5	0	0	0	0	0	0	0	0	0	0	0	0	0	0	12	0	
0	319	-0.6213869	-2.45E-07	320	-0.001525902	5	5	0	0	0	0	0	0	0	0	0	0	0	0	0	0	12	0	
0	320	-0.6213869	-2.45E-07	321	-0.001525902	5	5	0	0	0	0	0	0	0	0	0	0.000306706	0	0	0	0	12	0	
0	321	-0.6216936	-2.45E-07	322	-0.001525902	5	5	0	0	0	0	0	0	0	0	0	0	0	0	0	0	12	0	
0	322	-0.6216936	-2.45E-07	323	-0.001525902	5	5	0	0	0	0	0	0	0	0	0	0	0	0	0	0	12	0	
0	323	-0.6216936	-2.45E-07	324	-0.001525902	5	5	0	0	0	0	0	0	0	0	0	0	0	0	0	0	12	0	
0	324	-0.6216936	-2.45E-07	325	-0.001525902	5	5	0	0	0	0	0	0	0	0	0	0	0	0	0	0	12	0	
0	325	-0.6216936	-2.45E-07	326	-0.001525902	5	5	0	0	0	0	0	0	0	0	0	0	0	0	0	0	12	0	
0	326	-0.6216936	-2.45E-07	327	-0.001525902	5	5	0	0	0	0	0	0	0	0	0	0	0	0	0	0	12	0	
0	327	-0.6216936	-2.45E-07	328	-0.001525902	5	5	0	0	0	0	0	0	0	0	0	0	0	0	0	0	12	0	
0	328	-0.6220003	-2.45E-07	329	-0.001525902	5	5	0	0	0	0	0	0	0	0	0	0	0	0	0	0	12	0	
0	329	-0.6220003	-2.45E-07	330	-0.001525902	5	5	0	0	0	0	0	0	0	0	0	0	0	0	0	0	12	0	
0	330	-0.6220003	-2.45E-07	331	-0.001525902	5	5	0	0	0	0	0	0	0	0	0	0	0	0	0	0	12	0	
0	331	-0.6220003	-2.45E-07	332	-0.001525902	5	5	0	0	0	0	0	0	0	0	0	0	0	0	0	0	12	0	
0	332	-0.6220003	-2.45E-07	333	-0.001525902	5	5	0	0	0	0	0	0	0	0	0	0	0	0	0	0	12	0	
0	333	-0.6220003	-2.45E-07	334	-0.001525902	5	5	0	0	0	0	0	0	0	0	0	0	0	0	0	0	12	0	
0	334	-0.6220003	-2.45E-07	335	-0.001525902	5	5	0	0	0	0	0	0	0	0	0	0	0	0	0	0	12	0	
0	335	-0.622307	-2.45E-07	336	-0.001525902	5	5	0	0	0	0	0	0	0	0	0	0	0	0	0	0	12	0	
0	336	-0.622307	-2.45E-07	337	-0.001525902	5	5	0	0	0	0	0	0	0	0	0	0	0	0	0	0	12	0	
0	337	-0.622307	-2.45E-07	338	-0.001525902	5	5	0	0	0	0	0	0	0	0	0	0	0	0	0	0	12	0	
0	338	-0.622307	-2.45E-07	339	-0.001525902	5	261	0	0	0	0	0	0	0	0	0	0	0	0	0	0	12	0	
0	339	-0.622307	-2.45E-07	340	-0.001525902	5	5	0	0	0	0	0	0	0	0	0	0	0	0	0	0	12	0	
0	340	-0.622307	-2.45E-07	341	-0.001525902	5	5	0	0	0	0	0	0	0	0	0	0	0	0	0	0	12	0	
0	341	-0.622307	-2.45E-07	342	-0.001525902	5	5	0	0	0	0	0	0	0	0	0	0	0	0	0	0	12	0	
0	342	-0.622307	-2.45E-07	343	-0.001525902	5	5	0	0	0	0	0	0	0	0	0	0	0	0	0	0	12	0	
0	343	-0.622307	-2.45E-07	344	-0.001525902	5	5	0	0	0	0	0	0	0	0	0	0	0	0	0	0	12	0	
0	344	-0.6226137	-2.45E-07	345	-0.001525902	5	5	0	0	0	0	0	0	0	0	0	0	0	0	0	0	12	0	
0	345	-0.6226137	-2.45E-07	346	-0.001525902	5	5	0	0	0	0	0	0	0	0	0	0	0	0	0	0	12	0	
0	346	-0.6226137	-2.45E-07	347	-0.001525902	5	5	0	0	0	0	0	0	0	0	0	0	0	0	0	0	12	0	
0	347	-0.6226137	-2.45E-07	348	-0.001525902	5	5	0	0	0	0	0	0	0	0	0	0	0	0	0	0	12	0	
0	348	-0.6226137	-2.45E-07	349	-0.001525902	5	5	0	0	0	0	0	0	0	0	0	0	0	0	0	0	12	0	
0	349	-0.6226137	-2.45E-07	350	-0.001525902	5	5	0	0	0	0	0	0	0	0	0	0	0	0	0	0	12	0	
0	350	-0.6226137	-2.45E-07	351	-0.001525902	5	5	0	0	0	0	0	0	0	0	0	0	0	0	0	0	12	0	
0	351	-0.6229204	-2.45E-07	352	-0.001525902	5	5	0	0	0	0	0	0	0	0	0	0	0	0	0	0	12	0	
0	352	-0.6229204	-2.45E-07	353	-0.001525902	5	5	0	0	0	0	0	0	0	0	0	0	0	0	0	0	12	0	
0	353	-0.6229204	-2.45E-07	354	-0.001525902	5	5	0	0	0	0	0	0	0	0	0	0	0	0	0	0	12	0	
0	354	-0.6229204	-2.45E-07	355	-0.001525902	5	5	0	0	0	0	0	0	0	0	0	0	0	0	0	0	12	0	
0	355	-0.6229204	-2.45E-07	356	-0.001525902	5	261	0	0	0	0	0	0	0	0	0	0	0	0	0	0	12	0	
0	356	-0.6229204	-2.45E-07	357	-0.001525902	5	5	0	0	0	0	0	0	0	0	0	0	0	0	0	0	12	0	
0	357	-0.6229204	-2.45E-07	358	-0.001525902	5	5	0	0	0	0	0	0	0	0	0	0	0	0	0	0	12	0	
0	358	-0.6232271	-2.45E-07	359	-0.001525902	5	5	0	0	0	0	0	0	0	0	0	0	0	0	0	0	12	0	
0	359	-0.6232271	-2.45E-07	360	-0.001525902	5	5	0	0	0	0	0	0	0	0	0	0	0	0	0	0	12	0	
0	360	-0.6232271	-2.45E-07	361	-0.001525902	5	5	0	0	0	0	0	0	0	0	0	0	0	0	0	0	12	0	
0	361	-0.6232271	-2.45E-07	362	-0.001525902	5	5	0	0	0	0	0	0	0	0	0	0	0	0	0	0	12	0	
0	362	-0.6232271	-2.45E-07	363	-0.001525902	5	5	0	0	0	0	0	0	0	0	0	0	0	0	0	0	12	0	
0	363	-0.6232271	-2.45E-07	364	-0.001525902	5	5	0	0	0	0	0	0	0	0	0	0	0	0	0	0	12	0	
0	364	-0.6232271	-2.45E-07	365	-0.001525902	5	5	0	0	0	0	0	0	0	0	0	0	0	0	0	0	12	0	
0	365	-0.6232271	-2.45E-07	366	-0.001525902	5	5	0	0	0	0	0	0	0	0	0	0	0	0	0	0	12	0	
0	366	-0.6235338	-2.45E-07	367	-0.001525902	5	5	0	0	0	0	0	0	0	0	0	0	0	0	0	0	12	0	
0	367	-0.6235338	-2.45E-07	368	-0.001525902	5	5	0	0	0	0	0	0	0	0	0	0	0	0	0	0	12	0	
0	368	-0.6235338	-2.45E-07	369	-0.001525902	5	5	0	0	0	0	0	0	0	0	0	0	0	0	0	0	12	0	
0	369	-0.6235338	-2.45E-07	370	-0.001525902	5	5	0	0	0	0	0	0	0	0	0	0	0	0	0	0	12	0	
0	370	-0.6235338	-2.45E-07	371	-0.001525902	5	5	0	0	0	0	0	0	0	0	0	0	0	0	0	0	12	0	
0	371	-0.6235338	-2.45E-07	372	-0.001525902	5	5	0	0	0	0	0	0	0	0	0	0	0	0	0	0	12	0	
0	372	-0.6238405	-2.45E-07	373	-0.001525902	5	5	0	0	0	0	0	0	0	0	0	0	0	0	0	0	12	0	
0	373	-0.6238405	-2.45E-07	374	-0.001525902	5	5	0	0	0	0	0	0	0	0	0	0	0	0	0	0	12	0	
0	374	-0.6238405	-2.45E-07	375	-0.001525902	5	5	0	0	0	0	0	0	0	0	0	0	0	0	0	0	12	0	
0	375	-0.6238405	-2.45E-07	376	-0.001525902	5	5	0	0	0	0	0	0	0	0	0	0	0	0	0	0	12	0	
0	376	-0.6238405	-2.45E-07	377	-0.001525902	5	5	0	0	0	0	0	0	0	0	0	0	0	0	0	0	12	0	
0	377	-0.6238405	-2.45E-07	378	-0.001525902	5	5	0	0	0	0	0	0	0	0	0	0	0	0	0	0	12	0	
0	378	-0.6238405	-2.45E-07	379	-0.001525902	5	5	0	0	0	0	0	0	0	0	0	0	0	0	0	0	12	0	
0	379	-0.6238405	-2.45E-07	380	-0.001525902	5	5	0	0	0	0	0	0	0	0	0	0	0	0	0	0	12	0	
0	380	-0.6238405	-2.45E-07	381	-0.001525902	5	5	0	0	0	0	0	0	0	0	0	0	0	0	0	0	12	0	
0	381	-0.6241472	-2.45E-07	382	-0.001525902	5	5	0	0	0	0	0	0	0	0	0	0	0	0	0	0	12	0	
0	382	-0.6241472	-2.45E-07	383	-0.001525902	5	5	0	0	0	0	0	0	0	0	0	0	0	0	0	0	12	0	
0	383	-0.6241472	-2.45E-07	384	-0.001525902	5	5	0	0	0	0	0	0	0	0	0	0	0	0	0	0	12	0	
0	384	-0.6241472	-2.45E-07	385	-0.001525902	5	5	0	0	0	0	0	0	0	0	0	0	0	0	0	0	12	0	
0	385	-0.6241472	-2.45E-07	386	-0.001525902	5	5	0	0	0	0	0	0	0	0	0	0	0	0	0	0	12	0	
0	386	-0.6241472	-2.45E-07	387	-0.001525902	5	5	0	0	0	0	0	0	0	0	0	0	0	0	0	0	12	0	
0	387	-0.6241472	-2.45E-07	388	-0.001525902	5	5	0	0	0	0	0	0	0	0	0	0	0	0	0	0	12	0	
0	388	-0.624454	-2.45E-07	389	-0.001525902	5	5	0	0	0	0	0	0	0	0	0	0	0	0	0	0	12	0	
0	389	-0.624454	-2.45E-07	390	-0.001525902	5	5	0	0	0	0	0	0	0	0	0	0	0	0	0	0	12	0	
0	390	-0.624454	-2.45E-07	391	-0.001525902	5	5	0	0	0	0	0	0	0	0	0	0	0	0	0	0	12	0	
0	391	-0.624454	-2.45E-07	392	-0.001525902	5	5	0	0	0	0	0	0	0	0	0	0	0	0	0	0	12	0	
0	392	-0.624454	-2.45E-07	393	-0.001525902	5	5	0	0	0	0	0	0	0	0	0	0	0	0	0	0	12	0	
0	393	-0.624454	-2.45E-07	394	-0.001525902	5	5	0	0	0	0	0	0	0	0	0	0	0	0	0	0	12	0	
0	394	-0.624454	-2.45E-07	395	-0.001525902	5	5	0	0	0	0	0	0	0	0	0	0	0	0	0	0	12	0	
0	395	-0.624454	-2.45E-07	396	-0.001525902	5	5	0	0	0	0	0	0	0	0	0	0	0	0	0	0	12	0	
0	396	-0.624454	-2.45E-07	397	-0.001525902	5	5	0	0	0	0	0	0	0	0	0	0	0	0	0	0	12	0	
0	397	-0.6247606	-2.45E-07	398	-0.001525902	5	5	0	0	0	0	0	0	0	0	0	0	0	0	0	0	12	0	
0	398	-0.624454	-2.45E-07	399	-0.001525902	5	5	0	0	0	0	0	0	0	0	0	0	0	0	0	0	12	0	
0	399	-0.6247606	-2.45E-07	400	-0.001525902	5	5	0	0	0	0	0	0	0	0	0	0	0	0	0	0	12	0	
0	400	-0.6247606	-2.45E-07	401	-0.001525902	5	5	0	0	0	0	0	0	0	0	0	0	0	0	0	0	12	0	
0	401	-0.6247606	-2.45E-07	402	-0.001525902	5	5	0	0	0	0	0	0	0	0	0	0	0	0	0	0	12	0	
0	402	-0.6247606	-2.45E-07	403	-0.001525902	5	5	0	0	0	0	0	0	0	0	0	0	0	0	0	0	12	0	
0	403	-0.6247606	-3.07E-07	404	-0.001525902	5	5	0	0	0	0	0	0	0	0	0	0	0	0	0	0	12	0	
0	404	-0.6250674	-2.45E-07	405	-0.001525902	5	5	0	0	0	0	0	0	0	0	0	0	0	0	0	0	12	0	
0	405	-0.6250674	-2.45E-07	406	-0.001525902	5	5	0	0	0	0	0	0	0	0	0	0	0	0	0	0	12	0	
0	406	-0.6250674	-2.45E-07	407	-0.001525902	5	5	0	0	0	0	0	0	0	0	0	0	0	0	0	0	12	0	
0	407	-0.6250674	-2.45E-07	408	-0.001525902	5	5	0	0	0	0	0	0	0	0	0	0	0	0	0	0	12	0	
0	408	-0.6250674	-2.45E-07	409	-0.001525902	5	5	0	0	0	0	0	0	0	0	0	0	0	0	0	0	12	0	
0	409	-0.6250674	-2.45E-07	410	-0.001525902	5	5	0	0	0	0	0	0	0	0	0	0	0	0	0	0	12	0	
0	410	-0.6250674	-2.45E-07	411	-0.001525902	5	5	0	0	0	0	0	0	0	0	0	0	0	0	0	0	12	0	
0	411	-0.6253741	-2.45E-07	412	-0.001525902	5	5	0	0	0	0	0	0	0	0	0	0	0	0	0	0	12	0	
0	412	-0.6253741	-3.07E-07	413	-0.001525902	5	5	0	0	0	0	0	0	0	0	0	0	0	0	0	0	12	0	
0	413	-0.6253741	-2.45E-07	414	-0.001525902	5	5	0	0	0	0	0	0	0	0	0	0	0	0	0	0	12	0	
0	414	-0.6253741	-2.45E-07	415	-0.001525902	5	5	0	0	0	0	0	0	0	0	0	0	0	0	0	0	12	0	
0	415	-0.6253741	-2.45E-07	416	-0.001525902	5	5	0	0	0	0	0	0	0	0	0	0	0	0	0	0	12	0	
0	416	-0.6253741	-2.45E-07	417	-0.001525902	5	5	0	0	0	0	0	0	0	0	0	0	0	0	0	0	12	0	
0	417	-0.6253741	-2.45E-07	418	-0.001525902	5	5	0	0	0	0	0	0	0	0	0	0	0	0	0	0	12	0	
0	418	-0.6253741	-2.45E-07	419	-0.001525902	5	5	0	0	0	0	0	0	0	0	0	0	0	0	0	0	12	0	
0	419	-0.6256807	-2.45E-07	420	-0.001525902	5	5	0	0	0	0	0	0	0	0	0	0	0	0	0	0	12	0	
0	420	-0.6256807	-2.45E-07	421	-0.001525902	5	5	0	0	0	0	0	0	0	0	0	0	0	0	0	0	12	0	
0	421	-0.6256807	-2.45E-07	422	-0.001525902	5	5	0	0	0	0	0	0	0	0	0	0	0	0	0	0	12	0	
0	422	-0.6256807	-2.45E-07	423	-0.001525902	5	5	0	0	0	0	0	0	0	0	0	0	0	0	0	0	12	0	
0	423	-0.6256807	-2.45E-07	424	-0.001525902	5	5	0	0	0	0	0	0	0	0	0	0	0	0	0	0	12	0	
0	424	-0.6256807	-2.45E-07	425	-0.001525902	5	5	0	0	0	0	0	0	0	0	0	0	0	0	0	0	12	0	
0	425	-0.6256807	-2.45E-07	426	-0.001525902	5	5	0	0	0	0	0	0	0	0	0	0	0	0	0	0	12	0	
0	426	-0.6256807	-2.45E-07	427	-0.001525902	5	5	0	0	0	0	0	0	0	0	0	0	0	0	0	0	12	0	
0	427	-0.6256807	-2.45E-07	428	-0.001525902	5	5	0	0	0	0	0	0	0	0	0	0	0	0	0	0	12	0	
0	428	-0.6256807	-2.45E-07	429	-0.001525902	5	5	0	0	0	0	0	0	0	0	0	0	0	0	0	0	12	0	
0	429	-0.6256807	-2.45E-07	430	-0.001525902	5	5	0	0	0	0	0	0	0	0	0	0	0	0	0	0	12	0	
0	430	-0.6256807	-2.45E-07	431	-0.001525902	5	5	0	0	0	0	0	0	0	0	0	0	0	0	0	0	12	0	
0	431	-0.6256807	-2.45E-07	432	-0.001525902	5	5	0	0	0	0	0	0	0	0	0	0	0	0	0	0	12	0	
0	432	-0.6256807	-2.45E-07	433	-0.001525902	5	5	0	0	0	0	0	0	0	0	0	0	0	0	0	0	12	0	
0	433	-0.6259875	-2.45E-07	434	-0.001525902	5	5	0	0	0	0	0	0	0	0	0	0	0	0	0	0	12	0	
0	434	-0.6256807	-2.45E-07	435	-0.001525902	5	5	0	0	0	0	0	0	0	0	0	0	0	0	0	0	12	0	
0	435	-0.6256807	-2.45E-07	436	-0.001525902	5	5	0	0	0	0	0	0	0	0	0	0	0	0	0	0	12	0	
0	436	-0.6256807	-2.45E-07	437	-0.001525902	5	5	0	0	0	0	0	0	0	0	0	0	0	0	0	0	12	0	
0	437	-0.6259875	-2.45E-07	438	-0.001525902	5	5	0	0	0	0	0	0	0	0	0	0	0	0	0	0	12	0	
0	438	-0.6259875	-2.45E-07	439	-0.001525902	5	5	0	0	0	0	0	0	0	0	0	0	0	0	0	0	12	0	
0	439	-0.6259875	-2.45E-07	440	-0.001525902	5	5	0	0	0	0	0	0	0	0	0	0	0	0	0	0	12	0	
0	440	-0.6259875	-2.45E-07	441	-0.001525902	5	5	0	0	0	0	0	0	0	0	0	0	0	0	0	0	12	0	
0	441	-0.6259875	-2.45E-07	442	-0.001525902	5	5	0	0	0	0	0	0	0	0	0	0	0	0	0	0	12	0	
0	442	-0.6259875	-2.45E-07	443	-0.001525902	5	5	0	0	0	0	0	0	0	0	0	0	0	0	0	0	12	0	
0	443	-0.6259875	-2.45E-07	444	-0.001525902	5	5	0	0	0	0	0	0	0	0	0	0	0	0	0	0	12	0	
0	444	-0.6262942	-2.45E-07	445	-0.001525902	5	5	0	0	0	0	0	0	0	0	0	0	0	0	0	0	12	0	
0	445	-0.6262942	-2.45E-07	446	-0.001525902	5	5	0	0	0	0	0	0	0	0	0	0	0	0	0	0	12	0	
0	446	-0.6262942	-2.45E-07	447	-0.001525902	5	5	0	0	0	0	0	0	0	0	0	0	0	0	0	0	12	0	
0	447	-0.6262942	-2.45E-07	448	-0.001525902	5	5	0	0	0	0	0	0	0	0	0	0	0	0	0	0	12	0	
0	448	-0.6262942	-2.45E-07	449	-0.001525902	5	5	0	0	0	0	0	0	0	0	0	0	0	0	0	0	12	0	
0	449	-0.6262942	-2.45E-07	450	-0.001525902	5	5	0	0	0	0	0	0	0	0	0	0	0	0	0	0	12	0	
0	450	-0.6262942	-2.45E-07	451	-0.001525902	5	5	0	0	0	0	0	0	0	0	0	0	0	0	0	0	12	0	
0	451	-0.6262942	-2.45E-07	452	-0.001525902	5	5	0	0	0	0	0	0	0	0	0	0	0	0	0	0	12	0	
0	452	-0.6266009	-2.45E-07	453	-0.001525902	5	5	0	0	0	0	0	0	0	0	0	0	0	0	0	0	12	0	
0	453	-0.6266009	-2.45E-07	454	-0.001525902	5	5	0	0	0	0	0	0	0	0	0	0	0	0	0	0	12	0	
0	454	-0.6266009	-2.45E-07	455	-0.001525902	5	5	0	0	0	0	0	0	0	0	0	0	0	0	0	0	12	0	
0	455	-0.6266009	-2.45E-07	456	-0.001525902	5	5	0	0	0	0	0	0	0	0	0	0	0	0	0	0	12	0	
0	456	-0.6266009	-2.45E-07	457	-0.001525902	5	5	0	0	0	0	0	0	0	0	0	0	0	0	0	0	12	0	
0	457	-0.6266009	-2.45E-07	458	-0.001525902	5	5	0	0	0	0	0	0	0	0	0	0	0	0	0	0	12	0	
0	458	-0.6266009	-2.45E-07	459	-0.001525902	5	5	0	0	0	0	0	0	0	0	0	0	0	0	0	0	12	0	
0	459	-0.6266009	-2.45E-07	460	-0.001525902	5	5	0	0	0	0	0	0	0	0	0	0	0	0	0	0	12	0	
0	460	-0.6266009	-2.45E-07	461	-0.001525902	5	5	0	0	0	0	0	0	0	0	0	0	0	0	0	0	12	0	
0	461	-0.6269076	-2.45E-07	462	-0.001525902	5	5	0	0	0	0	0	0	0	0	0	0	0	0	0	0	12	0	
0	462	-0.6269076	-2.45E-07	463	-0.001525902	5	5	0	0	0	0	0	0	0	0	0	0	0	0	0	0	12	0	
0	463	-0.6269076	-2.45E-07	464	-0.001525902	5	5	0	0	0	0	0	0	0	0	0	0	0	0	0	0	12	0	
0	464	-0.6269076	-2.45E-07	465	-0.001525902	5	5	0	0	0	0	0	0	0	0	0	0	0	0	0	0	12	0	
0	465	-0.6269076	-2.45E-07	466	-0.001525902	5	5	0	0	0	0	0	0	0	0	0	0	0	0	0	0	12	0	
0	466	-0.6269076	-2.45E-07	467	-0.001525902	5	5	0	0	0	0	0	0	0	0	0	0	0	0	0	0	12	0	
0	467	-0.6269076	-2.45E-07	468	-0.001525902	5	5	0	0	0	0	0	0	0	0	0	0	0	0	0	0	12	0	
0	468	-0.6272143	-2.45E-07	469	-0.001525902	5	5	0	0	0	0	0	0	0	0	0	0	0	0	0	0	12	0	
0	469	-0.6272143	-2.45E-07	470	-0.001525902	5	5	0	0	0	0	0	0	0	0	0	0	0	0	0	0	12	0	
0	470	-0.6272143	-2.45E-07	471	-0.001525902	5	5	0	0	0	0	0	0	0	0	0	0	0	0	0	0	12	0	
0	471	-0.6272143	-2.45E-07	472	-0.001525902	5	261	0	0	0	0	0	0	0	0	0	0	0	0	0	0	12	0	
0	472	-0.6272143	-2.45E-07	473	-0.001525902	5	5	0	0	0	0	0	0	0	0	0	0	0	0	0	0	12	0	
0	473	-0.6272143	-2.45E-07	474	-0.001525902	5	5	0	0	0	0	0	0	0	0	0	0	0	0	0	0	12	0	
0	474	-0.6272143	-2.45E-07	475	-0.001525902	5	5	0	0	0	0	0	0	0	0	0	0	0	0	0	0	12	0	
0	475	-0.627521	-2.45E-07	476	-0.001525902	5	5	0	0	0	0	0	0	0	0	0	0	0	0	0	0	12	0	
0	476	-0.627521	-3.07E-07	477	-0.001525902	5	5	0	0	0	0	0	0	0	0	0	0	0	0	0	0	12	0	
0	477	-0.627521	-2.45E-07	478	-0.001525902	5	5	0	0	0	0	0	0	0	0	0	0	0	0	0	0	12	0	
0	478	-0.627521	-2.45E-07	479	-0.001525902	5	5	0	0	0	0	0	0	0	0	0	0	0	0	0	0	12	0	
0	479	-0.627521	-2.45E-07	480	-0.001525902	5	5	0	0	0	0	0	0	0	0	0	0	0	0	0	0	12	0	
0	480	-0.627521	-2.45E-07	481	-0.001525902	5	5	0	0	0	0	0	0	0	0	0	0	0	0	0	0	12	0	
0	481	-0.627521	-2.45E-07	482	-0.001525902	5	5	0	0	0	0	0	0	0	0	0	0	0	0	0	0	12	0	
0	482	-0.6278277	-2.45E-07	483	-0.001525902	5	5	0	0	0	0	0	0	0	0	0	0	0	0	0	0	12	0	
0	483	-0.6278277	-2.45E-07	484	-0.001525902	5	5	0	0	0	0	0	0	0	0	0	0	0	0	0	0	12	0	
0	484	-0.6278277	-2.45E-07	485	-0.001525902	5	5	0	0	0	0	0	0	0	0	0	0	0	0	0	0	12	0	
0	485	-0.627521	-2.45E-07	486	-0.001525902	5	5	0	0	0	0	0	0	0	0	0	0	0	0	0	0	12	0	
0	486	-0.627521	-2.45E-07	487	-0.001525902	5	5	0	0	0	0	0	0	0	0	0	0	0	0	0	0	12	0	
0	487	-0.627521	-2.45E-07	488	-0.001525902	5	5	0	0	0	0	0	0	0	0	0	0	0	0	0	0	12	0	
0	488	-0.6272143	-2.45E-07	489	-0.001525902	5	5	0	0	0	0	0	0	0	0	0	0	0	0	0	0	12	0	
0	489	-0.627521	-2.45E-07	490	-0.001525902	5	5	0	0	0	0	0	0	0	0	0	0	0	0	0	0	12	0	
0	490	-0.627521	-2.45E-07	491	-0.001525902	5	5	0	0	0	0	0	0	0	0	0	0	0	0	0	0	12	0	
0	491	-0.6272143	-2.45E-07	492	-0.001525902	5	5	0	0	0	0	0	0	0	0	0	0	0	0	0	0	12	0	
0	492	-0.627521	-2.45E-07	493	-0.001525902	5	5	0	0	0	0	0	0	0	0	0	0	0	0	0	0	12	0	
0	493	-0.6272143	-2.45E-07	494	-0.001525902	5	5	0	0	0	0	0	0	0	0	0	0	0	0	0	0	12	0	
0	494	-0.6272143	-2.45E-07	495	-0.001525902	5	5	0	0	0	0	0	0	0	0	0	0	0	0	0	0	12	0	
0	495	-0.6272143	-2.45E-07	496	-0.001525902	5	5	0	0	0	0	0	0	0	0	0	0	0	0	0	0	12	0	
0	496	-0.6272143	-2.45E-07	497	-0.001525902	5	5	0	0	0	0	0	0	0	0	0	0	0	0	0	0	12	0	
0	497	-0.6272143	-2.45E-07	498	-0.001525902	5	5	0	0	0	0	0	0	0	0	0	0	0	0	0	0	12	0	
0	498	-0.6272143	-2.45E-07	499	-0.001525902	5	5	0	0	0	0	0	0	0	0	0	0	0	0	0	0	12	0	
0	499	-0.6272143	-2.45E-07	500	-0.001525902	5	5	0	0	0	0	0	0	0	0	0	0	0	0	0	0	12	0	
0	500	-0.6272143	-2.45E-07	501	-0.001525902	5	5	0	0	0	0	0	0	0	0	0	0	0	0	0	0	12	0	
0	501	-0.6272143	-2.45E-07	502	-0.001525902	5	5	0	0	0	0	0	0	0	0	0	0	0	0	0	0	12	0	
0	502	-0.6272143	-2.45E-07	503	-0.001525902	5	5	0	0	0	0	0	0	0	0	0	0	0	0	0	0	12	0	
0	503	-0.6272143	-2.45E-07	504	-0.001525902	5	5	0	0	0	0	0	0	0	0	0	0	0	0	0	0	12	0	
0	504	-0.6272143	-2.45E-07	505	-0.001525902	5	5	0	0	0	0	0	0	0	0	0	0	0	0	0	0	12	0	
0	505	-0.6272143	-2.45E-07	506	-0.001525902	5	5	0	0	0	0	0	0	0	0	0	0	0	0	0	0	12	0	
0	506	-0.6272143	-3.07E-07	507	-0.001525902	5	5	0	0	0	0	0	0	0	0	0	0	0	0	0	0	12	0	
0	507	-0.6272143	-2.45E-07	508	-0.001525902	5	5	0	0	0	0	0	0	0	0	0	0	0	0	0	0	12	0	
0	508	-0.6272143	-2.45E-07	509	-0.001525902	5	5	0	0	0	0	0	0	0	0	0	0	0	0	0	0	12	0	
0	509	-0.6272143	-2.45E-07	510	-0.001525902	5	5	0	0	0	0	0	0	0	0	0	0	0	0	0	0	12	0	
0	510	-0.6272143	-2.45E-07	511	-0.001525902	5	5	0	0	0	0	0	0	0	0	0	0	0	0	0	0	12	0	
0	511	-0.6272143	-2.45E-07	512	-0.001525902	5	5	0	0	0	0	0	0	0	0	0	0	0	0	0	0	12	0	
0	512	-0.627521	-2.45E-07	513	-0.001525902	5	5	0	0	0	0	0	0	0	0	0	0	0	0	0	0	12	0	
0	513	-0.627521	-2.45E-07	514	-0.001525902	5	261	0	0	0	0	0	0	0	0	0	0	0	0	0	0	12	0	
0	514	-0.627521	-2.45E-07	515	-0.001525902	5	5	0	0	0	0	0	0	0	0	0	0	0	0	0	0	12	0	
0	515	-0.627521	-2.45E-07	516	-0.001525902	5	5	0	0	0	0	0	0	0	0	0	0	0	0	0	0	12	0	
0	516	-0.627521	-2.45E-07	517	-0.001525902	5	5	0	0	0	0	0	0	0	0	0	0	0	0	0	0	12	0	
0	517	-0.627521	-2.45E-07	518	-0.001525902	5	5	0	0	0	0	0	0	0	0	0	0	0	0	0	0	12	0	
0	518	-0.627521	-2.45E-07	519	-0.001525902	5	5	0	0	0	0	0	0	0	0	0	0	0	0	0	0	12	0	
0	519	-0.627521	-2.45E-07	520	-0.001525902	5	5	0	0	0	0	0	0	0	0	0	0	0	0	0	0	12	0	
0	520	-0.627521	-2.45E-07	521	-0.001525902	5	5	0	0	0	0	0	0	0	0	0	0	0	0	0	0	12	0	
0	521	-0.627521	-2.45E-07	522	-0.001525902	5	5	0	0	0	0	0	0	0	0	0	0	0	0	0	0	12	0	
0	522	-0.627521	-3.07E-07	523	-0.001525902	5	5	0	0	0	0	0	0	0	0	0	0	0	0	0	0	12	0	
0	523	-0.627521	-2.45E-07	524	-0.001525902	5	5	0	0	0	0	0	0	0	0	0	0	0	0	0	0	12	0	
0	524	-0.6278277	-2.45E-07	525	-0.001525902	5	5	0	0	0	0	0	0	0	0	0	0	0	0	0	0	12	0	
0	525	-0.6278277	-2.45E-07	526	-0.001525902	5	5	0	0	0	0	0	0	0	0	0	0	0	0	0	0	12	0	
0	526	-0.6278277	-2.45E-07	527	-0.001525902	5	5	0	0	0	0	0	0	0	0	0	0	0	0	0	0	12	0	
0	527	-0.6278277	-2.45E-07	528	-0.001525902	5	5	0	0	0	0	0	0	0	0	0	0	0	0	0	0	12	0	
0	528	-0.6278277	-2.45E-07	529	-0.001525902	5	5	0	0	0	0	0	0	0	0	0	0	0	0	0	0	12	0	
0	529	-0.6278277	-2.45E-07	530	-0.001525902	5	5	0	0	0	0	0	0	0	0	0	0	0	0	0	0	12	0	
0	530	-0.6278277	-2.45E-07	531	-0.001525902	5	5	0	0	0	0	0	0	0	0	0	0	0	0	0	0	12	0	
0	531	-0.6278277	-2.45E-07	532	-0.001525902	5	5	0	0	0	0	0	0	0	0	0	0	0	0	0	0	12	0	
0	532	-0.6278277	-3.07E-07	533	-0.001525902	5	5	0	0	0	0	0	0	0	0	0	0	0	0	0	0	12	0	
0	533	-0.6278277	-2.45E-07	534	-0.001525902	5	5	0	0	0	0	0	0	0	0	0	0	0	0	0	0	12	0	
0	534	-0.6278277	-2.45E-07	535	-0.001525902	5	5	0	0	0	0	0	0	0	0	0	0	0	0	0	0	12	0	
0	535	-0.6278277	-2.45E-07	536	-0.001525902	5	5	0	0	0	0	0	0	0	0	0	0	0	0	0	0	12	0	
0	536	-0.6278277	-2.45E-07	537	-0.001525902	5	5	0	0	0	0	0	0	0	0	0	0	0	0	0	0	12	0	
0	537	-0.6278277	-2.45E-07	538	-0.001525902	5	5	0	0	0	0	0	0	0	0	0	0	0	0	0	0	12	0	
0	538	-0.6278277	-2.45E-07	539	-0.001525902	5	5	0	0	0	0	0	0	0	0	0	0	0	0	0	0	12	0	
0	539	-0.6281344	-2.45E-07	540	-0.001525902	5	5	0	0	0	0	0	0	0	0	0	0	0	0	0	0	12	0	
0	540	-0.6281344	-2.45E-07	541	-0.001525902	5	5	0	0	0	0	0	0	0	0	0	0	0	0	0	0	12	0	
0	541	-0.6278277	-2.45E-07	542	-0.001525902	5	5	0	0	0	0	0	0	0	0	0	0	0	0	0	0	12	0	
0	542	-0.6281344	-2.45E-07	543	-0.001525902	5	5	0	0	0	0	0	0	0	0	0	0	0	0	0	0	12	0	
0	543	-0.6281344	-2.45E-07	544	-0.001525902	5	5	0	0	0	0	0	0	0	0	0	0	0	0	0	0	12	0	
0	544	-0.6281344	-2.45E-07	545	-0.001525902	5	5	0	0	0	0	0	0	0	0	0	0	0	0	0	0	12	0	
0	545	-0.6281344	-2.45E-07	546	-0.001525902	5	5	0	0	0	0	0	0	0	0	0	0	0	0	0	0	12	0	
0	546	-0.6281344	-2.45E-07	547	-0.001525902	5	5	0	0	0	0	0	0	0	0	0	0	0	0	0	0	12	0	
0	547	-0.6281344	-2.45E-07	548	-0.001525902	5	5	0	0	0	0	0	0	0	0	0	0	0	0	0	0	12	0	
0	548	-0.6281344	-2.45E-07	549	-0.001525902	5	5	0	0	0	0	0	0	0	0	0	0	0	0	0	0	12	0	
0	549	-0.6281344	-2.45E-07	550	-0.001525902	5	5	0	0	0	0	0	0	0	0	0	0	0	0	0	0	12	0	
0	550	-0.6281344	-2.45E-07	551	-0.001525902	5	5	0	0	0	0	0	0	0	0	0	0	0	0	0	0	12	0	
0	551	-0.6284411	-2.45E-07	552	-0.001525902	5	5	0	0	0	0	0	0	0	0	0	0	0	0	0	0	12	0	
0	552	-0.6284411	-2.45E-07	553	-0.001525902	5	5	0	0	0	0	0	0	0	0	0	0	0	0	0	0	12	0	
0	553	-0.6284411	-2.45E-07	554	-0.001525902	5	5	0	0	0	0	0	0	0	0	0	0	0	0	0	0	12	0	
0	554	-0.6284411	-2.45E-07	555	-0.001525902	5	5	0	0	0	0	0	0	0	0	0	0	0	0	0	0	12	0	
0	555	-0.6284411	-2.45E-07	556	-0.001525902	5	5	0	0	0	0	0	0	0	0	0	0	0	0	0	0	12	0	
0	556	-0.6284411	-2.45E-07	557	-0.001525902	5	5	0	0	0	0	0	0	0	0	0	0	0	0	0	0	12	0	
0	557	-0.6284411	-2.45E-07	558	-0.001525902	5	5	0	0	0	0	0	0	0	0	0	0	0	0	0	0	12	0	
0	558	-0.6287478	-2.45E-07	559	-0.001525902	5	5	0	0	0	0	0	0	0	0	0	0	0	0	0	0	12	0	
0	559	-0.6284411	-2.45E-07	560	-0.001525902	5	261	0	0	0	0	0	0	0	0	0	0	0	0	0	0	12	0	
0	560	-0.6284411	-2.45E-07	561	-0.001525902	5	5	0	0	0	0	0	0	0	0	0	0	0	0	0	0	12	0	
0	561	-0.6287478	-2.45E-07	562	-0.001525902	5	5	0	0	0	0	0	0	0	0	0	0	0	0	0	0	12	0	
0	562	-0.6287478	-2.45E-07	563	-0.001525902	5	5	0	0	0	0	0	0	0	0	0	0	0	0	0	0	12	0	
0	563	-0.6287478	-2.45E-07	564	-0.001525902	5	5	0	0	0	0	0	0	0	0	0	0	0	0	0	0	12	0	
0	564	-0.6287478	-2.45E-07	565	-0.001525902	5	5	0	0	0	0	0	0	0	0	0	0	0	0	0	0	12	0	
0	565	-0.6287478	-2.45E-07	566	-0.001525902	5	5	0	0	0	0	0	0	0	0	0	0	0	0	0	0	12	0	
0	566	-0.6290545	-2.45E-07	567	-0.001525902	5	5	0	0	0	0	0	0	0	0	0	0	0	0	0	0	12	0	
0	567	-0.6290545	-2.45E-07	568	-0.001525902	5	5	0	0	0	0	0	0	0	0	0	0	0	0	0	0	12	0	
0	568	-0.6290545	-2.45E-07	569	-0.001525902	5	5	0	0	0	0	0	0	0	0	0	0	0	0	0	0	12	0	
0	569	-0.6290545	-2.45E-07	570	-0.001525902	5	5	0	0	0	0	0	0	0	0	0	0	0	0	0	0	12	0	
0	570	-0.6290545	-2.45E-07	571	-0.001525902	5	5	0	0	0	0	0	0	0	0	0	0	0	0	0	0	12	0	
0	571	-0.6290545	-2.45E-07	572	-0.001525902	5	5	0	0	0	0	0	0	0	0	0	0	0	0	0	0	12	0	
0	572	-0.6290545	-2.45E-07	573	-0.001525902	5	261	0	0	0	0	0	0	0	0	0	0	0	0	0	0	12	0	
0	573	-0.6290545	-3.07E-07	574	-0.001525902	5	5	0	0	0	0	0	0	0	0	0	0	0	0	0	0	12	0	
0	574	-0.6293612	-2.45E-07	575	-0.001525902	5	5	0	0	0	0	0	0	0	0	0	0	0	0	0	0	12	0	
0	575	-0.6290545	-2.45E-07	576	-0.001525902	5	5	0	0	0	0	0	0	0	0	0	0	0	0	0	0	12	0	
0	576	-0.6293612	-2.45E-07	577	-0.001525902	5	5	0	0	0	0	0	0	0	0	0	0	0	0	0	0	12	0	
0	577	-0.6293612	-2.45E-07	578	-0.001525902	5	5	0	0	0	0	0	0	0	0	0	0	0	0	0	0	12	0	
0	578	-0.6293612	-2.45E-07	579	-0.001525902	5	5	0	0	0	0	0	0	0	0	0	0	0	0	0	0	12	0	
0	579	-0.6293612	-2.45E-07	580	-0.001525902	5	5	0	0	0	0	0	0	0	0	0	0	0	0	0	0	12	0	
0	580	-0.6293612	-2.45E-07	581	-0.001525902	5	5	0	0	0	0	0	0	0	0	0	0	0	0	0	0	12	0	
0	581	-0.6293612	-2.45E-07	582	-0.001525902	5	5	0	0	0	0	0	0	0	0	0	0	0	0	0	0	12	0	
0	582	-0.6293612	-2.45E-07	583	-0.001525902	5	5	0	0	0	0	0	0	0	0	0	0	0	0	0	0	12	0	
0	583	-0.6296679	-2.45E-07	584	-0.001525902	5	5	0	0	0	0	0	0	0	0	0	0	0	0	0	0	12	0	
0	584	-0.6296679	-2.45E-07	585	-0.001525902	5	5	0	0	0	0	0	0	0	0	0	0	0	0	0	0	12	0	
0	585	-0.6296679	-2.45E-07	586	-0.001525902	5	5	0	0	0	0	0	0	0	0	0	0	0	0	0	0	12	0	
0	586	-0.6296679	-2.45E-07	587	-0.001525902	5	5	0	0	0	0	0	0	0	0	0	0	0	0	0	0	12	0	
0	587	-0.6296679	-2.45E-07	588	-0.001525902	5	5	0	0	0	0	0	0	0	0	0	0	0	0	0	0	12	0	
0	588	-0.6296679	-2.45E-07	589	-0.001525902	5	5	0	0	0	0	0	0	0	0	0	0	0	0	0	0	12	0	
0	589	-0.6296679	-2.45E-07	590	-0.001525902	5	5	0	0	0	0	0	0	0	0	0	0	0	0	0	0	12	0	
0	590	-0.6296679	-2.45E-07	591	-0.001525902	5	5	0	0	0	0	0	0	0	0	0	0	0	0	0	0	12	0	
0	591	-0.6296679	-2.45E-07	592	-0.001525902	5	5	0	0	0	0	0	0	0	0	0	0	0	0	0	0	12	0	
0	592	-0.6296679	-2.45E-07	593	-0.001525902	5	5	0	0	0	0	0	0	0	0	0	0	0	0	0	0	12	0	
0	593	-0.6296679	-2.45E-07	594	-0.001525902	5	5	0	0	0	0	0	0	0	0	0	0	0	0	0	0	12	0	
0	594	-0.6296679	-2.45E-07	595	-0.001525902	5	5	0	0	0	0	0	0	0	0	0	0	0	0	0	0	12	0	
0	595	-0.6299747	-2.45E-07	596	-0.001525902	5	5	0	0	0	0	0	0	0	0	0	0	0	0	0	0	12	0	
0	596	-0.6299747	-2.45E-07	597	-0.001525902	5	5	0	0	0	0	0	0	0	0	0	0	0	0	0	0	12	0	
0	597	-0.6299747	-2.45E-07	598	-0.001525902	5	5	0	0	0	0	0	0	0	0	0	0	0	0	0	0	12	0	
0	598	-0.6299747	-2.45E-07	599	-0.001525902	5	5	0	0	0	0	0	0	0	0	0	0	0	0	0	0	12	0	
0	599	-0.6299747	-2.45E-07	600	-0.001525902	5	5	0	0	0	0	0	0	0	0	0	0	0	0	0	0	12	0	
																								
1	600	-0.6299749	8.94E-07	601.938	-0.001831083	5	101	0	100000	0.005990708	0.006725582	0.000154747	0.000106477	46.56963	11.41854	0	0	0	0	0	0	21	0.01	
1	601	-0.6299749	8.94E-07	602.283	-0.001831083	5	101	0	79432.82	0.006792899	-0.007793708	0.000109948	-0.000189529	46.32384	8.967885	0	0	0	0	0	0	21	0.01	
1	602	-0.6299749	8.94E-07	602.713	-0.001831083	5	101	0	63095.73	-0.005472524	0.009189555	-8.71E-05	0.000213293	45.90667	6.911961	0	0	0	0	0	0	21	0.01	
1	603	-0.6299749	8.94E-07	603.112	-0.001525902	5	101	0	50118.72	0.009592614	-0.004952718	0.00019455	-0.000131165	45.69819	5.352283	0	0	0	0	0	0	21	0.01	
1	604	-0.6299749	8.94E-07	603.569	-0.001831083	5	101	0	39810.72	-0.01045558	0.001834397	-0.000222668	6.05E-05	45.81233	4.20926	0	0	0	0	0	0	21	0.01	
1	605	-0.6299749	8.94E-07	603.948	-0.001831083	5	101	0	31622.78	-0.003884014	0.009840933	-6.98E-05	0.000221015	45.53487	3.194279	0	0	0	0	0	0	21	0.01	
1	606	-0.6299749	8.94E-07	604.252	-0.001525902	5	101	0	25118.87	-0.01076283	0.001755261	-0.000233252	5.05E-05	45.63203	2.357602	0	0	0	0	0	0	21	0.01	
1	607	-0.6299749	8.94E-07	604.602	-0.001831083	5	101	0	19952.62	-0.000320961	-0.01059498	-1.66E-05	-0.000232025	45.52969	1.868096	0	0	0	0	0	0	21	0.01	
1	608	-0.6299749	8.94E-07	604.884	-0.002136263	5	101	0	15848.93	0.01051951	-0.002115522	0.000229378	-5.34E-05	45.53968	1.379883	0	0	0	0	0	0	21	0.01	
1	609	-0.6299749	8.94E-07	605.161	-0.001831083	5	101	0	12589.25	-0.007480185	0.007805599	-0.000161856	0.000173504	45.55887	0.6120592	0	0	0	0	0	0	21	0.01	
1	610	-0.6299749	8.94E-07	605.428	-0.001831083	5	101	0	10000	0.004704066	-0.009798818	0.000101072	-0.000215873	45.59842	0.4416781	0	0	0	0	0	0	21	0.01	
1	611	-0.6299749	8.94E-07	605.692	-0.001831083	5	101	0	7943.282	-0.006084249	0.009042448	-0.000132225	0.000198425	45.70751	0.2045841	0	0	0	0	0	0	21	0.01	
1	612	-0.6299749	8.94E-07	605.978	-0.001831083	5	101	0	6309.573	0.005267434	0.009618001	0.000112286	0.00020961	46.11381	-0.4268844	0	0	0	0	0	0	21	0.01	
1	613	-0.6299749	8.94E-07	606.247	-0.001525902	5	101	0	5011.873	-0.006905179	0.00847975	-0.000152293	0.000182835	45.95415	-0.5104376	0	0	0	0	0	0	21	0.01	
1	614	-0.6299749	8.94E-07	606.573	-0.001831083	5	101	0	3981.072	-0.01051163	-0.000578081	-0.00022621	-1.76E-05	46.3872	-1.04552	0	0	0	0	0	0	21	0.01	
1	615	-0.6299749	8.94E-07	606.857	-0.001831083	5	101	0	3162.278	0.0100876	0.002841525	0.000215935	6.82E-05	46.25996	-1.444508	0	0	0	0	0	0	21	0.01	
1	616	-0.6299749	8.94E-07	607.129	-0.001525902	5	101	0	2511.886	-0.008488784	-0.006125963	-0.00017668	-0.000140618	46.30818	-2.183563	0	0	0	0	0	0	21	0.01	
1	617	-0.6299749	8.94E-07	607.391	-0.001831083	5	101	0	1995.262	-0.00259829	-0.01014062	-4.51E-05	-0.000220377	46.48417	-2.298322	0	0	0	0	0	0	21	0.01	
1	618	-0.6299749	8.94E-07	607.668	-0.001525902	5	101	0	1584.893	-0.01010439	0.002775164	-0.000219148	4.58E-05	46.71522	-2.910198	0	0	0	0	0	0	21	0.01	
1	619	-0.6299749	8.94E-07	607.954	-0.001525902	5	101	0	1258.925	0.003033082	-0.01002472	8.05E-05	-0.000207397	46.94001	-3.596146	0	0	0	0	0	0	21	0.01	
1	620	-0.6299749	8.94E-07	608.24	-0.001525902	5	101	0	1000	0.000466771	-0.00996774	2.88E-05	-0.000208312	47.25653	-4.292584	0	0	0	0	0	0	21	0.01	
1	621	-0.6299749	8.94E-07	608.547	-0.001525902	5	101	0	794.3282	-0.008199601	-0.005662816	-0.000157649	-0.000136009	47.58423	-5.132133	0	0	0	0	0	0	21	0.01	
1	622	-0.6299749	8.94E-07	608.827	-0.001831083	5	101	0	630.9573	-0.007585012	-0.006472368	-0.00013806	-0.000152469	48.07726	-6.214207	0	0	0	0	0	0	21	0.01	
1	623	-0.6299749	8.94E-07	609.155	-0.001525902	5	101	0	501.1872	0.009709004	0.002340894	0.000188006	7.66E-05	48.63683	-7.372759	0	0	0	0	0	0	21	0.01	
1	624	-0.6299749	8.94E-07	609.454	-0.001831083	5	101	0	398.1072	0.007367872	0.006731443	0.000121792	0.000158091	49.25233	-8.661657	0	0	0	0	0	0	21	0.01	
1	625	-0.6299749	8.94E-07	609.729	-0.001525902	5	101	0	316.2278	0.001561714	0.009864787	-8.92E-06	0.000195262	50.05092	-10.28454	0	0	0	0	0	0	21	0.01	
1	626	-0.6299749	8.94E-07	610.105	-0.001525902	5	101	0	251.1886	0.001473294	0.009879045	-1.73E-05	0.000190137	50.8292	-12.38096	0	0	0	0	0	0	21	0.01	
1	627	-0.6299749	8.94E-07	610.404	-0.001525902	5	101	0	199.5262	0.009200643	0.003832237	0.000145578	0.00011476	51.77672	-14.49169	0	0	0	0	0	0	21	0.01	
1	628	-0.6299749	8.94E-07	610.71	-0.001525902	5	101	0	158.4893	-0.003659522	-0.00927169	-1.16E-05	-0.00017836	53.08992	-17.07581	0	0	0	0	0	0	21	0.01	
1	629	-0.6299749	8.94E-07	611.1	-0.001525902	5	101	0	125.8925	-0.009761513	0.002094729	-0.00017008	-2.46E-05	54.46831	-20.20309	0	0	0	0	0	0	21	0.01	
1	630	-0.6299749	8.94E-07	611.45	-0.001831083	5	101	0	100	-0.001977705	-0.009780812	3.36E-05	-0.000159872	56.09249	-24.17375	0	0	0	0	0	0	21	0.01	
1	631	-0.6299749	8.94E-07	611.879	-0.001831083	5	101	0	79.43282	-0.009436184	0.003186012	-0.000152812	-2.04E-05	57.94602	-28.56586	0	0	0	0	0	0	21	0.01	
1	632	-0.6299749	8.94E-07	612.235	-0.001525902	5	165	0	63.09573	0.000934713	-0.009960925	8.15E-05	-0.000119525	60.51228	-33.45982	0	0	0	0	0	0	21	0.01	
1	633	-0.6299749	8.94E-07	612.619	-0.001831083	5	165	0	50.11872	0.009379393	-0.003252857	0.000129457	2.94E-05	63.48648	-39.52657	0	0	0	0	0	0	21	0.01	
1	634	-0.6299749	8.94E-07	613.042	-0.001831083	5	165	0	39.81072	-0.002828541	-0.009588474	4.00E-05	-0.000115097	66.68719	-47.77518	0	0	0	0	0	0	21	0.01	
1	635	-0.6299749	8.94E-07	613.396	-0.001525902	5	165	0	31.62278	-0.000775766	-0.009946502	6.13E-05	-9.21E-05	70.99146	-55.65745	0	0	0	0	0	0	21	0.01	
1	636	-0.6299749	8.94E-07	613.777	-0.001831083	5	165	0	25.11886	-0.000624071	0.009970346	-6.91E-05	7.04E-05	76.60746	-66.32194	0	0	0	0	0	0	21	0.01	
1	637	-0.6299749	8.94E-07	614.195	-0.001831083	5	165	0	19.95262	-0.009434602	-0.003227731	-4.01E-05	-7.67E-05	83.61613	-79.29559	0	0	0	0	0	0	21	0.01	
1	638	-0.6299749	8.94E-07	614.663	-0.001525902	5	165	0	15.84893	0.008751996	0.004856711	2.10E-05	7.38E-05	92.09579	-92.35803	0	0	0	0	0	0	21	0.01	
1	639	-0.6299749	8.94E-07	615.192	-0.001831083	5	165	0	12.58925	0.006426245	-0.007675923	6.68E-05	-4.06E-06	102.8059	-108.6733	0	0	0	0	0	0	21	0.01	
1	640	-0.6299749	8.94E-07	615.791	-0.001831083	5	165	0	10	0.007629649	0.006439835	2.41E-06	5.81E-05	116.098	-126.5024	0	0	0	0	0	0	21	0.01	
1	641	-0.6299749	8.94E-07	616.482	-0.001831083	5	165	0	7.943282	0.006032966	-0.00795939	5.01E-05	-4.45E-06	133.3596	-146.9096	0	0	0	0	0	0	21	0.01	
1	642	-0.6299749	8.94E-07	617.291	-0.001831083	5	165	0	6.309574	0.00113254	0.009923008	-2.86E-05	3.29E-05	154.6307	-168.9387	0	0	0	0	0	0	21	0.01	
1	643	-0.6299749	8.94E-07	618.249	-0.001831083	5	165	0	5.011872	-0.005420223	0.008387065	-3.72E-05	6.84E-06	180.8844	-192.0737	0	0	0	0	0	0	21	0.01	
1	644	-0.6299749	8.94E-07	619.392	-0.001831083	5	165	0	3.981072	0.002558318	0.009655211	-1.67E-05	2.84E-05	213.4558	-215.4719	0	0	0	0	0	0	21	0.01	
1	645	-0.6299749	8.94E-07	620.776	-0.001831083	5	229	0	3.162278	0.00869236	-0.004921187	2.79E-05	6.85E-06	253.152	-238.6519	0	0	0	0	0	0	21	0.01	
1	646	-0.6299749	8.94E-07	622.45	-0.001831083	5	229	0	2.511886	-0.009834618	0.001754543	-2.19E-05	-1.30E-05	296.6929	-256.1516	0	0	0	0	0	0	21	0.01	
1	647	-0.6299749	8.94E-07	624.493	-0.001831083	5	229	0	1.995262	0.00849466	-0.005256573	2.26E-05	2.44E-06	346.307	-269.7017	0	0	0	0	0	0	21	0.01	
1	648	-0.6299749	8.94E-07	627.006	-0.001831083	5	229	0	1.584893	-0.000751184	0.009961374	-1.29E-05	1.60E-05	399.4472	-276.7842	0	0	0	0	0	0	21	0.01	
1	649	-0.6299749	8.94E-07	632.16	-0.001831083	6	102	0	1.258925	-0.003403493	-0.009391353	3.65E-06	-1.84E-05	455.5697	-275.2308	0	0	0	0	0	0	21	0.01	
1	650	-0.6299749	8.94E-07	636.069	-0.001831083	6	102	0	1	0.009987687	5.49E-05	1.54E-05	8.22E-06	506.6624	-267.0388	0	0	0	0	0	0	21	0.01	
1	651	-0.6299749	8.94E-07	640.902	-0.001831083	6	358	0	0.7943282	0.000236555	0.00998437	-6.38E-06	1.51E-05	555.687	-250.8638	0	0	0	0	0	0	21	0.01	
1	652	-0.6299749	8.94E-07	646.897	-0.001525902	6	102	0	0.6309574	-0.00933447	0.00355125	-1.56E-05	-4.40E-08	599.056	-229.847	0	0	0	0	0	0	21	0.01	
1	653	-0.6299749	8.94E-07	654.356	-0.001831083	6	102	0	0.5011872	-0.008115718	-0.005824985	-8.91E-06	-1.20E-05	634.8124	-204.4349	0	0	0	0	0	0	21	0.01	
1	654	-0.6299749	8.94E-07	663.659	-0.001831083	6	102	0	0.3981072	-0.0015695	-0.009865812	1.48E-06	-1.44E-05	665.395	-176.9166	0	0	0	0	0	0	21	0.01	
1	655	-0.6299749	8.94E-07	675.294	-0.001831083	6	102	0	0.3162278	0.004613185	-0.008864759	9.11E-06	-1.09E-05	686.7654	-150.395	0	0	0	0	0	0	21	0.01	
1	656	-0.6299749	8.94E-07	689.836	-0.001525902	6	166	0	0.2511886	0.008330241	-0.005511302	1.25E-05	-5.42E-06	719.3272	-128.3777	0	0	0	0	0	0	21	0.01	
1	657	-0.6299749	8.94E-07	708.06	-0.001831083	6	166	0	0.1995262	0.009822255	-0.001804803	1.35E-05	-5.08E-07	733.2749	-106.334	0	0	0	0	0	0	21	0.01	
1	658	-0.6299749	8.94E-07	730.916	-0.001525902	6	166	0	0.1584893	0.009886479	0.001421633	1.28E-05	3.41E-06	747.3027	-87.75901	0	0	0	0	0	0	21	0.01	
1	659	-0.6299749	8.94E-07	759.603	-0.001831083	6	166	0	0.1258925	0.009176549	0.003952204	1.15E-05	6.30E-06	758.3223	-71.81508	0	0	0	0	0	0	21	0.01	
1	660	-0.6299749	8.94E-07	796.026	-0.001831083	6	166	0	0.1	0.006790329	0.007320636	8.02E-06	1.02E-05	768.9839	-61.0472	0	0	0	0	0	0	21	0.01	
1	661	-0.6299749	8.94E-07	841.688	-0.001831083	6	166	0	0.07943282	0.003938504	0.009178224	4.26E-06	1.23E-05	765.9572	-54.75016	0	0	0	0	0	0	21	0.01	
1	662	-0.6299749	8.94E-07	898.981	-0.001525902	6	166	0	0.06309573	0.001281437	0.009904159	8.97E-07	1.26E-05	789.5759	-45.51054	0	0	0	0	0	0	21	0.01	
1	663	-0.6299749	8.94E-07	970.915	-0.001525902	6	102	0	0.05011872	-0.000940626	0.009943093	-2.09E-06	1.42E-05	695.158	-36.00405	0	0	0	0	0	0	21	0.01	
1	664	-0.6299749	8.94E-07	1061.279	-0.001831083	6	102	0	0.03981072	-0.002709895	0.009613995	-4.59E-06	1.38E-05	684.4657	-31.28591	0	0	0	0	0	0	21	0.01	
1	665	-0.6299749	8.94E-07	1174.845	-0.001831083	6	102	0	0.03162277	-0.004087179	0.009115056	-6.71E-06	1.33E-05	671.4345	-31.74233	0	0	0	0	0	0	21	0.01	
1	666	-0.6299749	8.94E-07	1317.623	-0.002136263	6	102	0	0.02511887	-0.00515236	0.008554415	-8.50E-06	1.27E-05	653.5685	-31.56661	0	0	0	0	0	0	21	0.01	
1	667	-0.6299749	8.94E-07	1497.179	-0.001525902	6	102	0	0.01995262	-0.00597761	0.008004015	-9.75E-06	1.18E-05	651.4045	-31.55331	0	0	0	0	0	0	21	0.01	
1	668	-0.6299749	8.94E-07	1723.039	-0.001831083	6	102	0	0.01584893	-0.006618617	0.007483748	-9.62E-06	9.68E-06	730.844	-42.29016	0	0	0	0	0	0	21	0.01	
1	669	-0.6299749	8.94E-07	2007.186	-0.001831083	6	102	0	0.01258925	-0.007120356	0.007002372	-8.03E-06	7.15E-06	927.7523	-46.21124	0	0	0	0	0	0	21	0.01	
1	670	-0.6299749	8.94E-07	2365.216	-0.001831083	6	102	0	0.01	-0.007633804	0.006437439	-5.70E-06	4.42E-06	1383.885	-56.88189	0	0	0	0	0	0	21	0.01	
																								
2	671	-1.113037	-0.000200991	2366.216	-0.001525902	6	518	-1.629975	0	0	0	0	0	0	0	0	0	0	0	0	0	54	0	
2	672	-1.626157	-0.002009908	2367.216	-0.001525902	5	517	-1.629475	0	0	0	0	0	0	0	0	0	0	0	0	0	54	0	
2	673	-1.62585	-0.005626222	2368.216	-0.001525902	4	4	-1.628975	0	0	0	0	0	0	0	0	0	0	0	0	0	54	0	
2	674	-1.625237	-0.005490044	2369.216	-0.001525902	4	4	-1.628475	0	0	0	0	0	0	0	0	0	0	0	0	0	54	0	
2	675	-1.62493	-0.005402326	2370.216	-0.001525902	4	4	-1.627975	0	0	0	0	0	0	0	0	0	0	0	0	0	54	0	
2	676	-1.624317	-0.005331784	2371.216	-0.001525902	4	4	-1.627475	0	0	0	0	0	0	0	0	0	0	0	0	0	54	0	
2	677	-1.623703	-0.005272896	2372.216	-0.001525902	4	4	-1.626975	0	0	0	0	0	0	0	0	0	0	0	0	0	54	0	
2	678	-1.623397	-0.005221983	2373.216	-0.001525902	4	4	-1.626475	0	0	0	0	0	0	0	0	0	0	0	0	0	54	0	
2	679	-1.622783	-0.005178431	2374.216	-0.001525902	4	4	-1.625975	0	0	0	0	0	0	0	0	0	0	0	0	0	54	0	
2	680	-1.622476	-0.005133652	2375.216	-0.001525902	4	4	-1.625475	0	0	0	0	0	0	0	0	0	0	0	0	0	54	0	
2	681	-1.621863	-0.005096233	2376.216	-0.001525902	4	4	-1.624975	0	0	0	0	0	0	0	0	0	0	0	0	0	54	0	
2	682	-1.62125	-0.005064949	2377.216	-0.001525902	4	4	-1.624475	0	0	0	0	0	0	0	0	0	0	0	0	0	54	0	
2	683	-1.620943	-0.005032438	2378.216	-0.001525902	4	4	-1.623975	0	0	0	0	0	0	0	0	0	0	0	0	0	54	0	
2	684	-1.620329	-0.005002381	2379.216	-0.001525902	4	4	-1.623475	0	0	0	0	0	0	0	0	0	0	0	0	0	54	0	
2	685	-1.619716	-0.004974164	2380.216	-0.001525902	4	4	-1.622975	0	0	0	0	0	0	0	0	0	0	0	0	0	54	0	
2	686	-1.619409	-0.004953922	2381.216	-0.001525902	4	4	-1.622475	0	0	0	0	0	0	0	0	0	0	0	0	0	54	0	
2	687	-1.618796	-0.004930612	2382.216	-0.001525902	4	4	-1.621975	0	0	0	0	0	0	0	0	0	0	0	0	0	54	0	
2	688	-1.618489	-0.004913436	2383.216	-0.001525902	4	4	-1.621475	0	0	0	0	0	0	0	0	0	0	0	0	0	54	0	
2	689	-1.617876	-0.00489074	2384.216	-0.001525902	4	4	-1.620975	0	0	0	0	0	0	0	0	0	0	0	0	0	54	0	
2	690	-1.617569	-0.004868044	2385.216	-0.001525902	4	4	-1.620475	0	0	0	0	0	0	0	0	0	0	0	0	0	54	0	
2	691	-1.616956	-0.004853322	2386.216	-0.001525902	4	4	-1.619975	0	0	0	0	0	0	0	0	0	0	0	0	0	54	0	
2	692	-1.616342	-0.004898101	2387.216	-0.001525902	4	4	-1.619475	0	0	0	0	0	0	0	0	0	0	0	0	0	54	0	
2	693	-1.616036	-0.004877245	2388.216	-0.001525902	4	4	-1.618975	0	0	0	0	0	0	0	0	0	0	0	0	0	54	0	
2	694	-1.615422	-0.004858229	2389.216	-0.001525902	4	4	-1.618475	0	0	0	0	0	0	0	0	0	0	0	0	0	54	0	
2	695	-1.615115	-0.004837373	2390.216	-0.001525902	4	4	-1.617975	0	0	0	0	0	0	0	0	0	0	0	0	0	54	0	
2	696	-1.614502	-0.004822038	2391.216	-0.001525902	4	4	-1.617475	0	0	0	0	0	0	0	0	0	0	0	0	0	54	0	
2	697	-1.613889	-0.004801795	2392.216	-0.001525902	4	4	-1.616975	0	0	0	0	0	0	0	0	0	0	0	0	0	54	0	
2	698	-1.613582	-0.004818971	2393.216	-0.001525902	4	4	-1.616475	0	0	0	0	0	0	0	0	0	0	0	0	0	54	0	
2	699	-1.612968	-0.004795661	2394.216	-0.001525902	4	4	-1.615975	0	0	0	0	0	0	0	0	0	0	0	0	0	54	0	
2	700	-1.612355	-0.004796888	2395.216	-0.001525902	4	4	-1.615475	0	0	0	0	0	0	0	0	0	0	0	0	0	54	0	
2	701	-1.612048	-0.004774192	2396.216	-0.001525902	4	4	-1.616928	0	0	0	0	0	0	0	0	0	0	0	0	0	54	0	
2	702	-1.611435	-0.004750882	2397.216	-0.001525902	4	4	-1.614475	0	0	0	0	0	0	0	0	0	0	0	0	0	54	0	
2	703	-1.610821	-0.00473432	2398.216	-0.001525902	4	4	-1.613975	0	0	0	0	0	0	0	0	0	0	0	0	0	54	0	
2	704	-1.610515	-0.00473248	2399.216	-0.001525902	4	4	-1.613475	0	0	0	0	0	0	0	0	0	0	0	0	0	54	0	
2	705	-1.609901	-0.004710397	2400.216	-0.001525902	4	4	-1.612975	0	0	0	0	0	0	0	0	0	0	0	0	0	54	0	
2	706	-1.609288	-0.004686474	2401.216	-0.001525902	4	4	-1.612475	0	0	0	0	0	0	0	0	0	0	0	0	0	54	0	
2	707	-1.608981	-0.004663778	2402.216	-0.001525902	4	4	-1.611975	0	0	0	0	0	0	0	0	0	0	0	0	0	54	0	
2	708	-1.608368	-0.004648442	2403.216	-0.001525902	4	4	-1.611475	0	0	0	0	0	0	0	0	0	0	0	0	0	54	0	
2	709	-1.608061	-0.004644148	2404.216	-0.001525902	4	4	-1.610975	0	0	0	0	0	0	0	0	0	0	0	0	0	54	0	
2	710	-1.607448	-0.004677272	2405.216	-0.001525902	4	4	-1.610475	0	0	0	0	0	0	0	0	0	0	0	0	0	54	0	
2	711	-1.607141	-0.004663778	2406.216	-0.001525902	4	4	-1.609975	0	0	0	0	0	0	0	0	0	0	0	0	0	54	0	
2	712	-1.606528	-0.004647215	2407.216	-0.001525902	4	4	-1.609475	0	0	0	0	0	0	0	0	0	0	0	0	0	54	0	
2	713	-1.605914	-0.004626359	2408.216	-0.001525902	4	4	-1.608975	0	0	0	0	0	0	0	0	0	0	0	0	0	54	0	
2	714	-1.605301	-0.004609797	2409.216	-0.001525902	4	4	-1.608475	0	0	0	0	0	0	0	0	0	0	0	0	0	54	0	
2	715	-1.604994	-0.004599369	2410.216	-0.001525902	4	4	-1.607975	0	0	0	0	0	0	0	0	0	0	0	0	0	54	0	
2	716	-1.604687	-0.004605503	2411.216	-0.001525902	4	4	-1.607475	0	0	0	0	0	0	0	0	0	0	0	0	0	54	0	
2	717	-1.604074	-0.00460305	2412.216	-0.001525902	4	4	-1.606975	0	0	0	0	0	0	0	0	0	0	0	0	0	54	0	
2	718	-1.603461	-0.004580967	2413.216	-0.001525902	4	4	-1.606475	0	0	0	0	0	0	0	0	0	0	0	0	0	54	0	
2	719	-1.602847	-0.004551523	2414.216	-0.001525902	4	4	-1.605975	0	0	0	0	0	0	0	0	0	0	0	0	0	54	0	
2	720	-1.60254	-0.004528213	2415.216	-0.001525902	4	4	-1.605475	0	0	0	0	0	0	0	0	0	0	0	0	0	54	0	
2	721	-1.601927	-0.004517172	2416.216	-0.001525902	4	4	-1.604975	0	0	0	0	0	0	0	0	0	0	0	0	0	54	0	
2	722	-1.60162	-0.004519626	2417.216	-0.001525902	4	4	-1.604475	0	0	0	0	0	0	0	0	0	0	0	0	0	54	0	
2	723	-1.601007	-0.004490795	2418.216	-0.001525902	4	4	-1.603975	0	0	0	0	0	0	0	0	0	0	0	0	0	54	0	
2	724	-1.600394	-0.004478527	2419.216	-0.001525902	4	4	-1.603475	0	0	0	0	0	0	0	0	0	0	0	0	0	54	0	
2	725	-1.600087	-0.004460124	2420.216	-0.001525902	4	4	-1.602975	0	0	0	0	0	0	0	0	0	0	0	0	0	54	0	
2	726	-1.599473	-0.00450245	2421.216	-0.001525902	4	4	-1.602475	0	0	0	0	0	0	0	0	0	0	0	0	0	54	0	
2	727	-1.599167	-0.004484661	2422.216	-0.001525902	4	4	-1.601975	0	0	0	0	0	0	0	0	0	0	0	0	0	54	0	
2	728	-1.598553	-0.004462578	2423.216	-0.001525902	4	4	-1.601475	0	0	0	0	0	0	0	0	0	0	0	0	0	54	0	
2	729	-1.59794	-0.004442949	2424.216	-0.001525902	4	4	-1.600975	0	0	0	0	0	0	0	0	0	0	0	0	0	54	0	
2	730	-1.597633	-0.004424546	2425.216	-0.001525902	4	4	-1.600475	0	0	0	0	0	0	0	0	0	0	0	0	0	54	0	
2	731	-1.59702	-0.004405531	2426.216	-0.001525902	4	4	-1.599975	0	0	0	0	0	0	0	0	0	0	0	0	0	54	0	
2	732	-1.596713	-0.004386515	2427.216	-0.001525902	4	4	-1.599475	0	0	0	0	0	0	0	0	0	0	0	0	0	54	0	
2	733	-1.5961	-0.004365659	2428.216	-0.001525902	4	4	-1.598975	0	0	0	0	0	0	0	0	0	0	0	0	0	54	0	
2	734	-1.595486	-0.004356458	2429.216	-0.001525902	4	4	-1.598475	0	0	0	0	0	0	0	0	0	0	0	0	0	54	0	
2	735	-1.59518	-0.004385288	2430.216	-0.001525902	4	4	-1.597975	0	0	0	0	0	0	0	0	0	0	0	0	0	54	0	
2	736	-1.594566	-0.00437854	2431.216	-0.001525902	4	4	-1.597475	0	0	0	0	0	0	0	0	0	0	0	0	0	54	0	
2	737	-1.593953	-0.004355231	2432.216	-0.001525902	4	4	-1.596975	0	0	0	0	0	0	0	0	0	0	0	0	0	54	0	
2	738	-1.593646	-0.004330694	2433.216	-0.001525902	4	4	-1.596475	0	0	0	0	0	0	0	0	0	0	0	0	0	54	0	
2	739	-1.593033	-0.004308612	2434.216	-0.001525902	4	4	-1.595975	0	0	0	0	0	0	0	0	0	0	0	0	0	54	0	
2	740	-1.592726	-0.004333762	2435.216	-0.001525902	4	4	-1.595475	0	0	0	0	0	0	0	0	0	0	0	0	0	54	0	
2	741	-1.592112	-0.004327627	2436.216	-0.001525902	4	4	-1.594975	0	0	0	0	0	0	0	0	0	0	0	0	0	54	0	
2	742	-1.591499	-0.004322106	2437.216	-0.001525902	4	4	-1.594475	0	0	0	0	0	0	0	0	0	0	0	0	0	54	0	
2	743	-1.591192	-0.004298184	2438.216	-0.001525902	4	4	-1.593975	0	0	0	0	0	0	0	0	0	0	0	0	0	54	0	
2	744	-1.590579	-0.004309225	2439.216	-0.001525902	4	4	-1.593475	0	0	0	0	0	0	0	0	0	0	0	0	0	54	0	
2	745	-1.590272	-0.004285915	2440.216	-0.001525902	4	4	-1.592975	0	0	0	0	0	0	0	0	0	0	0	0	0	54	0	
2	746	-1.589659	-0.00427426	2441.216	-0.001525902	4	4	-1.592475	0	0	0	0	0	0	0	0	0	0	0	0	0	54	0	
2	747	-1.589045	-0.004256472	2442.216	-0.001525902	4	4	-1.591975	0	0	0	0	0	0	0	0	0	0	0	0	0	54	0	
2	748	-1.588739	-0.004236842	2443.216	-0.001525902	4	4	-1.591475	0	0	0	0	0	0	0	0	0	0	0	0	0	54	0	
2	749	-1.588125	-0.004234388	2444.216	-0.001525902	4	4	-1.590975	0	0	0	0	0	0	0	0	0	0	0	0	0	54	0	
2	750	-1.587512	-0.004225801	2445.216	-0.001525902	4	4	-1.590475	0	0	0	0	0	0	0	0	0	0	0	0	0	54	0	
2	751	-1.587205	-0.004206785	2446.216	-0.001525902	4	4	-1.589975	0	0	0	0	0	0	0	0	0	0	0	0	0	54	0	
2	752	-1.586592	-0.004186542	2447.216	-0.001525902	4	4	-1.589475	0	0	0	0	0	0	0	0	0	0	0	0	0	54	0	
2	753	-1.586285	-0.00416998	2448.216	-0.001525902	4	4	-1.588975	0	0	0	0	0	0	0	0	0	0	0	0	0	54	0	
2	754	-1.585672	-0.004155872	2449.216	-0.001525902	4	4	-1.588475	0	0	0	0	0	0	0	0	0	0	0	0	0	54	0	
2	755	-1.585058	-0.004143604	2450.216	-0.001525902	4	4	-1.587975	0	0	0	0	0	0	0	0	0	0	0	0	0	54	0	
2	756	-1.584751	-0.004185316	2451.216	-0.001525902	4	4	-1.587475	0	0	0	0	0	0	0	0	0	0	0	0	0	54	0	
2	757	-1.584138	-0.004169367	2452.216	-0.001525902	4	4	-1.586975	0	0	0	0	0	0	0	0	0	0	0	0	0	54	0	
2	758	-1.583525	-0.004152191	2453.216	-0.001525902	4	4	-1.586475	0	0	0	0	0	0	0	0	0	0	0	0	0	54	0	
2	759	-1.583218	-0.004131335	2454.216	-0.001525902	4	4	-1.585975	0	0	0	0	0	0	0	0	0	0	0	0	0	54	0	
2	760	-1.582605	-0.004111706	2455.216	-0.001525902	4	4	-1.585475	0	0	0	0	0	0	0	0	0	0	0	0	0	54	0	
2	761	-1.582298	-0.004100051	2456.216	-0.001525902	4	4	-1.584975	0	0	0	0	0	0	0	0	0	0	0	0	0	54	0	
2	762	-1.581684	-0.004096371	2457.216	-0.001525902	4	4	-1.584475	0	0	0	0	0	0	0	0	0	0	0	0	0	54	0	
2	763	-1.581071	-0.004093917	2458.216	-0.001525902	4	4	-1.583975	0	0	0	0	0	0	0	0	0	0	0	0	0	54	0	
2	764	-1.580764	-0.004072448	2459.216	-0.001525902	4	4	-1.583475	0	0	0	0	0	0	0	0	0	0	0	0	0	54	0	
2	765	-1.580151	-0.004076128	2460.216	-0.001525902	4	4	-1.582975	0	0	0	0	0	0	0	0	0	0	0	0	0	54	0	
2	766	-1.579538	-0.004056499	2461.216	-0.001525902	4	4	-1.582475	0	0	0	0	0	0	0	0	0	0	0	0	0	54	0	
2	767	-1.579231	-0.004037483	2462.216	-0.001525902	4	4	-1.581975	0	0	0	0	0	0	0	0	0	0	0	0	0	54	0	
2	768	-1.578617	-0.0040154	2463.216	-0.001525902	4	4	-1.581475	0	0	0	0	0	0	0	0	0	0	0	0	0	54	0	
2	769	-1.578311	-0.004022148	2464.216	-0.001525902	4	4	-1.580975	0	0	0	0	0	0	0	0	0	0	0	0	0	54	0	
2	770	-1.577697	-0.004006199	2465.216	-0.001525902	4	4	-1.580475	0	0	0	0	0	0	0	0	0	0	0	0	0	54	0	
2	771	-1.577084	-0.003989024	2466.216	-0.001525902	4	4	-1.579975	0	0	0	0	0	0	0	0	0	0	0	0	0	54	0	
2	772	-1.576777	-0.003968781	2467.216	-0.001525902	4	4	-1.579475	0	0	0	0	0	0	0	0	0	0	0	0	0	54	0	
2	773	-1.576164	-0.003955899	2468.216	-0.001525902	4	4	-1.578975	0	0	0	0	0	0	0	0	0	0	0	0	0	54	0	
2	774	-1.575857	-0.003936884	2469.216	-0.001525902	4	4	-1.578475	0	0	0	0	0	0	0	0	0	0	0	0	0	54	0	
2	775	-1.575244	-0.003930136	2470.216	-0.001525902	4	4	-1.577975	0	0	0	0	0	0	0	0	0	0	0	0	0	54	0	
2	776	-1.57463	-0.003940564	2471.216	-0.001525902	4	4	-1.577475	0	0	0	0	0	0	0	0	0	0	0	0	0	54	0	
2	777	-1.574323	-0.003924002	2472.216	-0.001525902	4	4	-1.576975	0	0	0	0	0	0	0	0	0	0	0	0	0	54	0	
2	778	-1.57371	-0.003906826	2473.216	-0.001525902	4	4	-1.576475	0	0	0	0	0	0	0	0	0	0	0	0	0	54	0	
2	779	-1.573097	-0.003890877	2474.216	-0.001525902	4	4	-1.575975	0	0	0	0	0	0	0	0	0	0	0	0	0	54	0	
2	780	-1.57279	-0.003897625	2475.216	-0.001525902	4	4	-1.575475	0	0	0	0	0	0	0	0	0	0	0	0	0	54	0	
2	781	-1.572177	-0.003881063	2476.216	-0.001525902	4	4	-1.574975	0	0	0	0	0	0	0	0	0	0	0	0	0	54	0	
2	782	-1.57187	-0.00385898	2477.216	-0.001525902	4	4	-1.574475	0	0	0	0	0	0	0	0	0	0	0	0	0	54	0	
2	783	-1.571256	-0.003842418	2478.216	-0.001525902	4	4	-1.573975	0	0	0	0	0	0	0	0	0	0	0	0	0	54	0	
2	784	-1.570643	-0.003826469	2479.216	-0.001525902	4	4	-1.573475	0	0	0	0	0	0	0	0	0	0	0	0	0	54	0	
2	785	-1.570336	-0.003836897	2480.216	-0.001525902	4	4	-1.572975	0	0	0	0	0	0	0	0	0	0	0	0	0	54	0	
2	786	-1.569723	-0.003822175	2481.216	-0.001525902	4	4	-1.572475	0	0	0	0	0	0	0	0	0	0	0	0	0	54	0	
2	787	-1.569109	-0.003800092	2482.216	-0.001525902	4	4	-1.571975	0	0	0	0	0	0	0	0	0	0	0	0	0	54	0	
2	788	-1.568496	-0.003785984	2483.216	-0.001525902	4	4	-1.571475	0	0	0	0	0	0	0	0	0	0	0	0	0	54	0	
2	789	-1.568189	-0.003773716	2484.216	-0.001525902	4	4	-1.570975	0	0	0	0	0	0	0	0	0	0	0	0	0	54	0	
2	790	-1.567576	-0.003759607	2485.216	-0.001525902	4	4	-1.570475	0	0	0	0	0	0	0	0	0	0	0	0	0	54	0	
2	791	-1.567269	-0.003777396	2486.216	-0.001525902	4	4	-1.569975	0	0	0	0	0	0	0	0	0	0	0	0	0	54	0	
2	792	-1.566656	-0.003762674	2487.216	-0.001525902	4	4	-1.569475	0	0	0	0	0	0	0	0	0	0	0	0	0	54	0	
2	793	-1.566349	-0.003743658	2488.216	-0.001525902	4	4	-1.568975	0	0	0	0	0	0	0	0	0	0	0	0	0	54	0	
2	794	-1.565736	-0.003726483	2489.216	-0.001525902	4	4	-1.568475	0	0	0	0	0	0	0	0	0	0	0	0	0	54	0	
2	795	-1.565122	-0.003711147	2490.216	-0.001525902	4	4	-1.567975	0	0	0	0	0	0	0	0	0	0	0	0	0	54	0	
2	796	-1.564816	-0.003722189	2491.216	-0.001525902	4	4	-1.567475	0	0	0	0	0	0	0	0	0	0	0	0	0	54	0	
2	797	-1.564202	-0.003707467	2492.216	-0.001525902	4	4	-1.566975	0	0	0	0	0	0	0	0	0	0	0	0	0	54	0	
2	798	-1.563895	-0.003693359	2493.216	-0.001525902	4	4	-1.566475	0	0	0	0	0	0	0	0	0	0	0	0	0	54	0	
2	799	-1.563282	-0.003676796	2494.216	-0.001525902	4	4	-1.565975	0	0	0	0	0	0	0	0	0	0	0	0	0	54	0	
2	800	-1.562669	-0.003659621	2495.216	-0.001525902	4	4	-1.565475	0	0	0	0	0	0	0	0	0	0	0	0	0	54	0	
2	801	-1.562362	-0.003643059	2496.216	-0.001525902	4	4	-1.564975	0	0	0	0	0	0	0	0	0	0	0	0	0	54	0	
2	802	-1.561749	-0.003657781	2497.216	-0.001525902	4	4	-1.564475	0	0	0	0	0	0	0	0	0	0	0	0	0	54	0	
2	803	-1.561135	-0.003643672	2498.216	-0.001525902	4	4	-1.563975	0	0	0	0	0	0	0	0	0	0	0	0	0	54	0	
2	804	-1.560828	-0.00363079	2499.216	-0.001525902	4	4	-1.563475	0	0	0	0	0	0	0	0	0	0	0	0	0	54	0	
2	805	-1.560215	-0.003614228	2500.216	-0.001525902	4	4	-1.562975	0	0	0	0	0	0	0	0	0	0	0	0	0	54	0	
2	806	-1.559908	-0.00360196	2501.216	-0.001525902	4	4	-1.562475	0	0	0	0	0	0	0	0	0	0	0	0	0	54	0	
2	807	-1.559295	-0.003601347	2502.216	-0.001525902	4	4	-1.561975	0	0	0	0	0	0	0	0	0	0	0	0	0	54	0	
2	808	-1.558681	-0.00360012	2503.216	-0.001525902	4	4	-1.561475	0	0	0	0	0	0	0	0	0	0	0	0	0	54	0	
2	809	-1.558375	-0.003584784	2504.216	-0.001525902	4	4	-1.560975	0	0	0	0	0	0	0	0	0	0	0	0	0	54	0	
2	810	-1.557761	-0.003584784	2505.216	-0.001525902	4	4	-1.560475	0	0	0	0	0	0	0	0	0	0	0	0	0	54	0	
2	811	-1.557455	-0.003566382	2506.216	-0.001525902	4	4	-1.559975	0	0	0	0	0	0	0	0	0	0	0	0	0	54	0	
2	812	-1.556841	-0.003551047	2507.216	-0.001525902	4	4	-1.559475	0	0	0	0	0	0	0	0	0	0	0	0	0	54	0	
2	813	-1.556228	-0.003537552	2508.216	-0.001525902	4	4	-1.558975	0	0	0	0	0	0	0	0	0	0	0	0	0	54	0	
2	814	-1.555921	-0.003530191	2509.216	-0.001525902	4	4	-1.558475	0	0	0	0	0	0	0	0	0	0	0	0	0	54	0	
2	815	-1.555308	-0.003514855	2510.216	-0.001525902	4	4	-1.557975	0	0	0	0	0	0	0	0	0	0	0	0	0	54	0	
2	816	-1.554694	-0.003505654	2511.216	-0.001525902	4	4	-1.557475	0	0	0	0	0	0	0	0	0	0	0	0	0	54	0	
2	817	-1.554388	-0.003497066	2512.216	-0.001525902	4	4	-1.556975	0	0	0	0	0	0	0	0	0	0	0	0	0	54	0	
2	818	-1.553774	-0.003510562	2513.216	-0.001525902	4	4	-1.556475	0	0	0	0	0	0	0	0	0	0	0	0	0	54	0	
2	819	-1.553467	-0.00349584	2514.216	-0.001525902	4	4	-1.555975	0	0	0	0	0	0	0	0	0	0	0	0	0	54	0	
2	820	-1.552854	-0.003484185	2515.216	-0.001525902	4	4	-1.555475	0	0	0	0	0	0	0	0	0	0	0	0	0	54	0	
2	821	-1.552241	-0.003468236	2516.216	-0.001525902	4	4	-1.554975	0	0	0	0	0	0	0	0	0	0	0	0	0	54	0	
2	822	-1.551934	-0.003450447	2517.216	-0.001525902	4	4	-1.554475	0	0	0	0	0	0	0	0	0	0	0	0	0	54	0	
2	823	-1.551321	-0.003461489	2518.216	-0.001525902	4	4	-1.553975	0	0	0	0	0	0	0	0	0	0	0	0	0	54	0	
2	824	-1.550707	-0.00344922	2519.216	-0.001525902	4	4	-1.553475	0	0	0	0	0	0	0	0	0	0	0	0	0	54	0	
2	825	-1.5504	-0.003430204	2520.216	-0.001525902	4	4	-1.552975	0	0	0	0	0	0	0	0	0	0	0	0	0	54	0	
2	826	-1.549787	-0.003412416	2521.216	-0.001525902	4	4	-1.554428	0	0	0	0	0	0	0	0	0	0	0	0	0	54	0	
2	827	-1.54948	-0.003394627	2522.216	-0.001525902	4	4	-1.551975	0	0	0	0	0	0	0	0	0	0	0	0	0	54	0	
2	828	-1.548867	-0.003387266	2523.216	-0.001525902	4	4	-1.551475	0	0	0	0	0	0	0	0	0	0	0	0	0	54	0	
2	829	-1.54856	-0.003376838	2524.216	-0.001525902	4	4	-1.550975	0	0	0	0	0	0	0	0	0	0	0	0	0	54	0	
2	830	-1.547947	-0.003362729	2525.216	-0.001525902	4	4	-1.550475	0	0	0	0	0	0	0	0	0	0	0	0	0	54	0	
2	831	-1.547333	-0.003348621	2526.216	-0.001525902	4	4	-1.549975	0	0	0	0	0	0	0	0	0	0	0	0	0	54	0	
2	832	-1.547027	-0.003335126	2527.216	-0.001525902	4	4	-1.549475	0	0	0	0	0	0	0	0	0	0	0	0	0	54	0	
2	833	-1.546413	-0.003334512	2528.216	-0.001525902	4	4	-1.548975	0	0	0	0	0	0	0	0	0	0	0	0	0	54	0	
2	834	-1.5458	-0.003362116	2529.216	-0.001525902	4	4	-1.548475	0	0	0	0	0	0	0	0	0	0	0	0	0	54	0	
2	835	-1.545493	-0.003350461	2530.216	-0.001525902	4	4	-1.547975	0	0	0	0	0	0	0	0	0	0	0	0	0	54	0	
2	836	-1.54488	-0.003337579	2531.216	-0.001525902	4	4	-1.547475	0	0	0	0	0	0	0	0	0	0	0	0	0	54	0	
2	837	-1.544266	-0.00332163	2532.216	-0.001525902	4	4	-1.546975	0	0	0	0	0	0	0	0	0	0	0	0	0	54	0	
2	838	-1.543959	-0.003311202	2533.216	-0.001525902	4	4	-1.546475	0	0	0	0	0	0	0	0	0	0	0	0	0	54	0	
2	839	-1.543346	-0.003324084	2534.216	-0.001525902	4	4	-1.545975	0	0	0	0	0	0	0	0	0	0	0	0	0	54	0	
2	840	-1.542733	-0.003310589	2535.216	-0.001525902	4	4	-1.545475	0	0	0	0	0	0	0	0	0	0	0	0	0	54	0	
2	841	-1.542426	-0.0032928	2536.216	-0.001525902	4	4	-1.544975	0	0	0	0	0	0	0	0	0	0	0	0	0	54	0	
2	842	-1.541813	-0.003277465	2537.216	-0.001525902	4	4	-1.544475	0	0	0	0	0	0	0	0	0	0	0	0	0	54	0	
2	843	-1.541199	-0.00326397	2538.216	-0.001525902	4	4	-1.543975	0	0	0	0	0	0	0	0	0	0	0	0	0	54	0	
2	844	-1.540892	-0.003268264	2539.216	-0.001525902	4	4	-1.543475	0	0	0	0	0	0	0	0	0	0	0	0	0	54	0	
2	845	-1.540279	-0.003257836	2540.216	-0.001525902	4	4	-1.542975	0	0	0	0	0	0	0	0	0	0	0	0	0	54	0	
2	846	-1.539666	-0.003246181	2541.216	-0.001525902	4	4	-1.542475	0	0	0	0	0	0	0	0	0	0	0	0	0	54	0	
2	847	-1.539359	-0.003232686	2542.216	-0.001525902	4	4	-1.541975	0	0	0	0	0	0	0	0	0	0	0	0	0	54	0	
2	848	-1.539052	-0.003219191	2543.216	-0.001525902	4	4	-1.541475	0	0	0	0	0	0	0	0	0	0	0	0	0	54	0	
2	849	-1.538439	-0.003205082	2544.216	-0.001525902	4	4	-1.540975	0	0	0	0	0	0	0	0	0	0	0	0	0	54	0	
2	850	-1.537825	-0.003191587	2545.216	-0.001525902	4	4	-1.540475	0	0	0	0	0	0	0	0	0	0	0	0	0	54	0	
2	851	-1.537519	-0.003187906	2546.216	-0.001525902	4	4	-1.539975	0	0	0	0	0	0	0	0	0	0	0	0	0	54	0	
2	852	-1.536905	-0.003179319	2547.216	-0.001525902	4	4	-1.539475	0	0	0	0	0	0	0	0	0	0	0	0	0	54	0	
2	853	-1.536292	-0.003162143	2548.216	-0.001525902	4	4	-1.538975	0	0	0	0	0	0	0	0	0	0	0	0	0	54	0	
2	854	-1.535985	-0.003149261	2549.216	-0.001525902	4	4	-1.538475	0	0	0	0	0	0	0	0	0	0	0	0	0	54	0	
2	855	-1.535372	-0.003143127	2550.216	-0.001525902	4	4	-1.537975	0	0	0	0	0	0	0	0	0	0	0	0	0	54	0	
2	856	-1.535065	-0.00313638	2551.216	-0.001525902	4	4	-1.537475	0	0	0	0	0	0	0	0	0	0	0	0	0	54	0	
2	857	-1.534452	-0.003154169	2552.216	-0.001525902	4	4	-1.536975	0	0	0	0	0	0	0	0	0	0	0	0	0	54	0	
2	858	-1.533838	-0.003148648	2553.216	-0.001525902	4	4	-1.536475	0	0	0	0	0	0	0	0	0	0	0	0	0	54	0	
2	859	-1.533532	-0.00313822	2554.216	-0.001525902	4	4	-1.535975	0	0	0	0	0	0	0	0	0	0	0	0	0	54	0	
2	860	-1.532918	-0.003125952	2555.216	-0.001525902	4	4	-1.535475	0	0	0	0	0	0	0	0	0	0	0	0	0	54	0	
2	861	-1.532305	-0.003125338	2556.216	-0.001525902	4	4	-1.534975	0	0	0	0	0	0	0	0	0	0	0	0	0	54	0	
2	862	-1.531998	-0.003112457	2557.216	-0.001525902	4	4	-1.534475	0	0	0	0	0	0	0	0	0	0	0	0	0	54	0	
2	863	-1.531385	-0.003098962	2558.216	-0.001525902	4	4	-1.533975	0	0	0	0	0	0	0	0	0	0	0	0	0	54	0	
2	864	-1.530771	-0.003084853	2559.216	-0.001525902	4	4	-1.533475	0	0	0	0	0	0	0	0	0	0	0	0	0	54	0	
2	865	-1.530158	-0.003083013	2560.216	-0.001525902	4	4	-1.532975	0	0	0	0	0	0	0	0	0	0	0	0	0	54	0	
2	866	-1.529851	-0.003070131	2561.216	-0.001525902	4	4	-1.532475	0	0	0	0	0	0	0	0	0	0	0	0	0	54	0	
2	867	-1.529238	-0.003060317	2562.216	-0.001525902	4	4	-1.531975	0	0	0	0	0	0	0	0	0	0	0	0	0	54	0	
2	868	-1.528931	-0.003056023	2563.216	-0.001525902	4	4	-1.531475	0	0	0	0	0	0	0	0	0	0	0	0	0	54	0	
2	869	-1.528318	-0.003048048	2564.216	-0.001525902	4	4	-1.530975	0	0	0	0	0	0	0	0	0	0	0	0	0	54	0	
2	870	-1.528011	-0.00303578	2565.216	-0.001525902	4	4	-1.530475	0	0	0	0	0	0	0	0	0	0	0	0	0	54	0	
2	871	-1.527397	-0.003022898	2566.216	-0.001525902	4	4	-1.529975	0	0	0	0	0	0	0	0	0	0	0	0	0	54	0	
2	872	-1.526784	-0.00301247	2567.216	-0.001525902	4	4	-1.529475	0	0	0	0	0	0	0	0	0	0	0	0	0	54	0	
2	873	-1.526477	-0.003000816	2568.216	-0.001525902	4	4	-1.528975	0	0	0	0	0	0	0	0	0	0	0	0	0	54	0	
2	874	-1.525864	-0.002991001	2569.216	-0.001525902	4	4	-1.528475	0	0	0	0	0	0	0	0	0	0	0	0	0	54	0	
2	875	-1.525557	-0.002980573	2570.216	-0.001525902	4	4	-1.527975	0	0	0	0	0	0	0	0	0	0	0	0	0	54	0	
2	876	-1.524944	-0.0029818	2571.216	-0.001525902	4	4	-1.527475	0	0	0	0	0	0	0	0	0	0	0	0	0	54	0	
2	877	-1.52433	-0.002975666	2572.216	-0.001525902	4	4	-1.526975	0	0	0	0	0	0	0	0	0	0	0	0	0	54	0	
2	878	-1.524024	-0.002960944	2573.216	-0.001525902	4	4	-1.526475	0	0	0	0	0	0	0	0	0	0	0	0	0	54	0	
2	879	-1.52341	-0.002951129	2574.216	-0.001525902	4	4	-1.525975	0	0	0	0	0	0	0	0	0	0	0	0	0	54	0	
2	880	-1.522797	-0.002938861	2575.216	-0.001525902	4	4	-1.525475	0	0	0	0	0	0	0	0	0	0	0	0	0	54	0	
2	881	-1.52249	-0.002927819	2576.216	-0.001525902	4	4	-1.524975	0	0	0	0	0	0	0	0	0	0	0	0	0	54	0	
2	882	-1.521877	-0.002918618	2577.216	-0.001525902	4	4	-1.524475	0	0	0	0	0	0	0	0	0	0	0	0	0	54	0	
2	883	-1.52157	-0.002912484	2578.216	-0.001525902	4	4	-1.523975	0	0	0	0	0	0	0	0	0	0	0	0	0	54	0	
2	884	-1.520957	-0.002903896	2579.216	-0.001525902	4	4	-1.523475	0	0	0	0	0	0	0	0	0	0	0	0	0	54	0	
2	885	-1.520343	-0.002907577	2580.216	-0.001525902	4	4	-1.522975	0	0	0	0	0	0	0	0	0	0	0	0	0	54	0	
2	886	-1.520036	-0.002900829	2581.216	-0.001525902	4	4	-1.522475	0	0	0	0	0	0	0	0	0	0	0	0	0	54	0	
2	887	-1.519423	-0.002885494	2582.216	-0.001525902	4	4	-1.521975	0	0	0	0	0	0	0	0	0	0	0	0	0	54	0	
2	888	-1.51881	-0.00288304	2583.216	-0.001525902	4	4	-1.521475	0	0	0	0	0	0	0	0	0	0	0	0	0	54	0	
2	889	-1.518503	-0.002868932	2584.216	-0.001525902	4	4	-1.520975	0	0	0	0	0	0	0	0	0	0	0	0	0	54	0	
2	890	-1.517889	-0.002855437	2585.216	-0.001525902	4	4	-1.520475	0	0	0	0	0	0	0	0	0	0	0	0	0	54	0	
2	891	-1.517583	-0.002842555	2586.216	-0.001525902	4	4	-1.519975	0	0	0	0	0	0	0	0	0	0	0	0	0	54	0	
2	892	-1.516969	-0.002835194	2587.216	-0.001525902	4	4	-1.519475	0	0	0	0	0	0	0	0	0	0	0	0	0	54	0	
2	893	-1.516356	-0.002822926	2588.216	-0.001525902	4	4	-1.518975	0	0	0	0	0	0	0	0	0	0	0	0	0	54	0	
2	894	-1.516049	-0.002814952	2589.216	-0.001525902	4	4	-1.518475	0	0	0	0	0	0	0	0	0	0	0	0	0	54	0	
2	895	-1.515436	-0.002803297	2590.216	-0.001525902	4	4	-1.517975	0	0	0	0	0	0	0	0	0	0	0	0	0	54	0	
2	896	-1.514822	-0.002798389	2591.216	-0.001525902	4	4	-1.517475	0	0	0	0	0	0	0	0	0	0	0	0	0	54	0	
2	897	-1.514516	-0.002803297	2592.216	-0.001525902	4	4	-1.516975	0	0	0	0	0	0	0	0	0	0	0	0	0	54	0	
2	898	-1.513902	-0.002795936	2593.216	-0.001525902	4	4	-1.516475	0	0	0	0	0	0	0	0	0	0	0	0	0	54	0	
2	899	-1.513289	-0.002785508	2594.216	-0.001525902	4	4	-1.515975	0	0	0	0	0	0	0	0	0	0	0	0	0	54	0	
2	900	-1.512982	-0.002773853	2595.216	-0.001525902	4	4	-1.515475	0	0	0	0	0	0	0	0	0	0	0	0	0	54	0	
2	901	-1.512369	-0.002764038	2596.216	-0.001525902	4	4	-1.514975	0	0	0	0	0	0	0	0	0	0	0	0	0	54	0	
2	902	-1.512062	-0.00275361	2597.216	-0.001525902	4	4	-1.514475	0	0	0	0	0	0	0	0	0	0	0	0	0	54	0	
2	903	-1.511449	-0.002741955	2598.216	-0.001525902	4	4	-1.513975	0	0	0	0	0	0	0	0	0	0	0	0	0	54	0	
2	904	-1.511142	-0.002729074	2599.216	-0.001525902	4	4	-1.513475	0	0	0	0	0	0	0	0	0	0	0	0	0	54	0	
2	905	-1.510529	-0.00272294	2600.216	-0.001525902	4	4	-1.512975	0	0	0	0	0	0	0	0	0	0	0	0	0	54	0	
2	906	-1.509915	-0.002729687	2601.216	-0.001525902	4	4	-1.512475	0	0	0	0	0	0	0	0	0	0	0	0	0	54	0	
2	907	-1.509608	-0.002716806	2602.216	-0.001525902	4	4	-1.511975	0	0	0	0	0	0	0	0	0	0	0	0	0	54	0	
2	908	-1.508995	-0.002705764	2603.216	-0.001525902	4	4	-1.511475	0	0	0	0	0	0	0	0	0	0	0	0	0	54	0	
2	909	-1.508382	-0.002698403	2604.216	-0.001525902	4	4	-1.510975	0	0	0	0	0	0	0	0	0	0	0	0	0	54	0	
2	910	-1.508075	-0.002684295	2605.216	-0.001525902	4	4	-1.510475	0	0	0	0	0	0	0	0	0	0	0	0	0	54	0	
2	911	-1.507461	-0.002671413	2606.216	-0.001525902	4	4	-1.509975	0	0	0	0	0	0	0	0	0	0	0	0	0	54	0	
2	912	-1.506848	-0.002658531	2607.216	-0.001525902	4	4	-1.509475	0	0	0	0	0	0	0	0	0	0	0	0	0	54	0	
2	913	-1.506541	-0.00264933	2608.216	-0.001525902	4	4	-1.508975	0	0	0	0	0	0	0	0	0	0	0	0	0	54	0	
2	914	-1.505928	-0.002635222	2609.216	-0.001525902	4	4	-1.508475	0	0	0	0	0	0	0	0	0	0	0	0	0	54	0	
2	915	-1.505621	-0.002648103	2610.216	-0.001525902	4	4	-1.507975	0	0	0	0	0	0	0	0	0	0	0	0	0	54	0	
2	916	-1.505008	-0.002635835	2611.216	-0.001525902	4	4	-1.507475	0	0	0	0	0	0	0	0	0	0	0	0	0	54	0	
2	917	-1.504394	-0.002628474	2612.216	-0.001525902	4	4	-1.506975	0	0	0	0	0	0	0	0	0	0	0	0	0	54	0	
2	918	-1.504088	-0.002619886	2613.216	-0.001525902	4	4	-1.506475	0	0	0	0	0	0	0	0	0	0	0	0	0	54	0	
2	919	-1.503474	-0.002611912	2614.216	-0.001525902	4	4	-1.505975	0	0	0	0	0	0	0	0	0	0	0	0	0	54	0	
2	920	-1.502861	-0.002606391	2615.216	-0.001525902	4	4	-1.505475	0	0	0	0	0	0	0	0	0	0	0	0	0	54	0	
2	921	-1.502554	-0.002603938	2616.216	-0.001525902	4	4	-1.504975	0	0	0	0	0	0	0	0	0	0	0	0	0	54	0	
2	922	-1.501941	-0.002594123	2617.216	-0.001525902	4	4	-1.504475	0	0	0	0	0	0	0	0	0	0	0	0	0	54	0	
2	923	-1.501634	-0.002583082	2618.216	-0.001525902	4	4	-1.503975	0	0	0	0	0	0	0	0	0	0	0	0	0	54	0	
2	924	-1.501021	-0.002574494	2619.216	-0.001525902	4	4	-1.503475	0	0	0	0	0	0	0	0	0	0	0	0	0	54	0	
2	925	-1.500714	-0.002559772	2620.216	-0.001525902	4	4	-1.502975	0	0	0	0	0	0	0	0	0	0	0	0	0	54	0	
2	926	-1.5001	-0.002548117	2621.216	-0.001525902	4	4	-1.502475	0	0	0	0	0	0	0	0	0	0	0	0	0	54	0	
2	927	-1.499794	-0.002537076	2622.216	-0.001525902	4	4	-1.501975	0	0	0	0	0	0	0	0	0	0	0	0	0	54	0	
2	928	-1.49918	-0.002532168	2623.216	-0.001525902	4	4	-1.501475	0	0	0	0	0	0	0	0	0	0	0	0	0	54	0	
2	929	-1.498567	-0.002529101	2624.216	-0.001525902	4	4	-1.500975	0	0	0	0	0	0	0	0	0	0	0	0	0	54	0	
2	930	-1.497954	-0.002534622	2625.216	-0.001525902	4	4	-1.500475	0	0	0	0	0	0	0	0	0	0	0	0	0	54	0	
2	931	-1.497647	-0.002530328	2626.216	-0.001525902	4	4	-1.499975	0	0	0	0	0	0	0	0	0	0	0	0	0	54	0	
2	932	-1.497033	-0.002518673	2627.216	-0.001525902	4	4	-1.499475	0	0	0	0	0	0	0	0	0	0	0	0	0	54	0	
2	933	-1.49642	-0.002509472	2628.216	-0.001525902	4	4	-1.498975	0	0	0	0	0	0	0	0	0	0	0	0	0	54	0	
2	934	-1.496113	-0.002498431	2629.216	-0.001525902	4	4	-1.498475	0	0	0	0	0	0	0	0	0	0	0	0	0	54	0	
2	935	-1.4955	-0.002488616	2630.216	-0.001525902	4	4	-1.497975	0	0	0	0	0	0	0	0	0	0	0	0	0	54	0	
2	936	-1.495193	-0.002481255	2631.216	-0.001525902	4	4	-1.497475	0	0	0	0	0	0	0	0	0	0	0	0	0	54	0	
2	937	-1.49458	-0.002473894	2632.216	-0.001525902	4	4	-1.496975	0	0	0	0	0	0	0	0	0	0	0	0	0	54	0	
2	938	-1.493966	-0.002463466	2633.216	-0.001525902	4	4	-1.496475	0	0	0	0	0	0	0	0	0	0	0	0	0	54	0	
2	939	-1.49366	-0.002454265	2634.216	-0.001525902	4	4	-1.495975	0	0	0	0	0	0	0	0	0	0	0	0	0	54	0	
2	940	-1.493046	-0.002447517	2635.216	-0.001525902	4	4	-1.495475	0	0	0	0	0	0	0	0	0	0	0	0	0	54	0	
2	941	-1.49274	-0.002438316	2636.216	-0.001525902	4	4	-1.494975	0	0	0	0	0	0	0	0	0	0	0	0	0	54	0	
2	942	-1.492126	-0.002429728	2637.216	-0.001525902	4	4	-1.494475	0	0	0	0	0	0	0	0	0	0	0	0	0	54	0	
2	943	-1.49182	-0.002419914	2638.216	-0.001525902	4	4	-1.493975	0	0	0	0	0	0	0	0	0	0	0	0	0	54	0	
2	944	-1.491206	-0.002412553	2639.216	-0.001525902	4	4	-1.493475	0	0	0	0	0	0	0	0	0	0	0	0	0	54	0	
2	945	-1.490593	-0.002427275	2640.216	-0.001525902	4	4	-1.492975	0	0	0	0	0	0	0	0	0	0	0	0	0	54	0	
2	946	-1.490286	-0.002419914	2641.216	-0.001525902	4	4	-1.492475	0	0	0	0	0	0	0	0	0	0	0	0	0	54	0	
2	947	-1.489673	-0.002411939	2642.216	-0.001525902	4	4	-1.491975	0	0	0	0	0	0	0	0	0	0	0	0	0	54	0	
2	948	-1.489059	-0.002401511	2643.216	-0.001525902	4	4	-1.491475	0	0	0	0	0	0	0	0	0	0	0	0	0	54	0	
2	949	-1.488752	-0.00239047	2644.216	-0.001525902	4	4	-1.490975	0	0	0	0	0	0	0	0	0	0	0	0	0	54	0	
2	950	-1.488139	-0.002381269	2645.216	-0.001525902	4	4	-1.490475	0	0	0	0	0	0	0	0	0	0	0	0	0	54	0	
2	951	-1.487832	-0.002373294	2646.216	-0.001525902	4	4	-1.491928	0	0	0	0	0	0	0	0	0	0	0	0	0	54	0	
2	952	-1.487219	-0.002366547	2647.216	-0.001525902	4	4	-1.489475	0	0	0	0	0	0	0	0	0	0	0	0	0	54	0	
2	953	-1.486605	-0.002361026	2648.216	-0.001525902	4	4	-1.488975	0	0	0	0	0	0	0	0	0	0	0	0	0	54	0	
2	954	-1.486299	-0.00236164	2649.216	-0.001525902	4	4	-1.488475	0	0	0	0	0	0	0	0	0	0	0	0	0	54	0	
2	955	-1.485992	-0.002353052	2650.216	-0.001525902	4	4	-1.487975	0	0	0	0	0	0	0	0	0	0	0	0	0	54	0	
2	956	-1.485379	-0.00234201	2651.216	-0.001525902	4	4	-1.487475	0	0	0	0	0	0	0	0	0	0	0	0	0	54	0	
2	957	-1.484765	-0.002335876	2652.216	-0.001525902	4	4	-1.486975	0	0	0	0	0	0	0	0	0	0	0	0	0	54	0	
2	958	-1.484152	-0.002326062	2653.216	-0.001525902	4	4	-1.486475	0	0	0	0	0	0	0	0	0	0	0	0	0	54	0	
2	959	-1.483845	-0.00231686	2654.216	-0.001525902	4	4	-1.485975	0	0	0	0	0	0	0	0	0	0	0	0	0	54	0	
2	960	-1.483232	-0.002306432	2655.216	-0.001525902	4	4	-1.485475	0	0	0	0	0	0	0	0	0	0	0	0	0	54	0	
2	961	-1.482618	-0.002299072	2656.216	-0.001525902	4	4	-1.484975	0	0	0	0	0	0	0	0	0	0	0	0	0	54	0	
2	962	-1.482312	-0.002299072	2657.216	-0.001525902	4	4	-1.484475	0	0	0	0	0	0	0	0	0	0	0	0	0	54	0	
2	963	-1.481698	-0.002290484	2658.216	-0.001525902	4	4	-1.483975	0	0	0	0	0	0	0	0	0	0	0	0	0	54	0	
2	964	-1.481391	-0.002281283	2659.216	-0.001525902	4	4	-1.483475	0	0	0	0	0	0	0	0	0	0	0	0	0	54	0	
2	965	-1.480778	-0.002274535	2660.216	-0.001525902	4	4	-1.482975	0	0	0	0	0	0	0	0	0	0	0	0	0	54	0	
2	966	-1.480165	-0.00226472	2661.216	-0.001525902	4	4	-1.482475	0	0	0	0	0	0	0	0	0	0	0	0	0	54	0	
2	967	-1.479858	-0.002254906	2662.216	-0.001525902	4	4	-1.481975	0	0	0	0	0	0	0	0	0	0	0	0	0	54	0	
2	968	-1.479244	-0.002249385	2663.216	-0.001525902	4	4	-1.481475	0	0	0	0	0	0	0	0	0	0	0	0	0	54	0	
2	969	-1.478631	-0.002238957	2664.216	-0.001525902	4	4	-1.480975	0	0	0	0	0	0	0	0	0	0	0	0	0	54	0	
2	970	-1.478324	-0.002230369	2665.216	-0.001525902	4	4	-1.480475	0	0	0	0	0	0	0	0	0	0	0	0	0	54	0	
2	971	-1.477711	-0.002226075	2666.216	-0.001525902	4	4	-1.479975	0	0	0	0	0	0	0	0	0	0	0	0	0	54	0	
2	972	-1.477404	-0.002218101	2667.216	-0.001525902	4	4	-1.479475	0	0	0	0	0	0	0	0	0	0	0	0	0	54	0	
2	973	-1.476791	-0.002210127	2668.216	-0.001525902	4	4	-1.478975	0	0	0	0	0	0	0	0	0	0	0	0	0	54	0	
2	974	-1.476177	-0.002203993	2669.216	-0.001525902	4	4	-1.478475	0	0	0	0	0	0	0	0	0	0	0	0	0	54	0	
2	975	-1.475871	-0.002195405	2670.216	-0.001525902	4	4	-1.477975	0	0	0	0	0	0	0	0	0	0	0	0	0	54	0	
2	976	-1.475257	-0.002192338	2671.216	-0.001525902	4	4	-1.477475	0	0	0	0	0	0	0	0	0	0	0	0	0	54	0	
2	977	-1.474644	-0.002199699	2672.216	-0.001525902	4	4	-1.476975	0	0	0	0	0	0	0	0	0	0	0	0	0	54	0	
2	978	-1.474337	-0.002195405	2673.216	-0.001525902	4	4	-1.476475	0	0	0	0	0	0	0	0	0	0	0	0	0	54	0	
2	979	-1.473724	-0.002188044	2674.216	-0.001525902	4	4	-1.475975	0	0	0	0	0	0	0	0	0	0	0	0	0	54	0	
2	980	-1.473417	-0.002180069	2675.216	-0.001525902	4	4	-1.475475	0	0	0	0	0	0	0	0	0	0	0	0	0	54	0	
2	981	-1.472804	-0.002171482	2676.216	-0.001525902	4	4	-1.474975	0	0	0	0	0	0	0	0	0	0	0	0	0	54	0	
2	982	-1.47219	-0.002168415	2677.216	-0.001525902	4	4	-1.474475	0	0	0	0	0	0	0	0	0	0	0	0	0	54	0	
2	983	-1.471884	-0.002161054	2678.216	-0.001525902	4	4	-1.473975	0	0	0	0	0	0	0	0	0	0	0	0	0	54	0	
2	984	-1.47127	-0.002153693	2679.216	-0.001525902	4	4	-1.473475	0	0	0	0	0	0	0	0	0	0	0	0	0	54	0	
2	985	-1.470963	-0.002147559	2680.216	-0.001525902	4	4	-1.472975	0	0	0	0	0	0	0	0	0	0	0	0	0	54	0	
2	986	-1.47035	-0.002137131	2681.216	-0.001525902	4	4	-1.472475	0	0	0	0	0	0	0	0	0	0	0	0	0	54	0	
2	987	-1.469737	-0.002130383	2682.216	-0.001525902	4	4	-1.471975	0	0	0	0	0	0	0	0	0	0	0	0	0	54	0	
2	988	-1.46943	-0.002121182	2683.216	-0.001525902	4	4	-1.471475	0	0	0	0	0	0	0	0	0	0	0	0	0	54	0	
2	989	-1.468817	-0.002111367	2684.216	-0.001525902	4	4	-1.470975	0	0	0	0	0	0	0	0	0	0	0	0	0	54	0	
2	990	-1.468203	-0.002105847	2685.216	-0.001525902	4	4	-1.470475	0	0	0	0	0	0	0	0	0	0	0	0	0	54	0	
2	991	-1.467896	-0.002097872	2686.216	-0.001525902	4	4	-1.469975	0	0	0	0	0	0	0	0	0	0	0	0	0	54	0	
2	992	-1.467283	-0.002089898	2687.216	-0.001525902	4	4	-1.469475	0	0	0	0	0	0	0	0	0	0	0	0	0	54	0	
2	993	-1.466976	-0.00208315	2688.216	-0.001525902	4	4	-1.468975	0	0	0	0	0	0	0	0	0	0	0	0	0	54	0	
2	994	-1.466363	-0.002075176	2689.216	-0.001525902	4	4	-1.468475	0	0	0	0	0	0	0	0	0	0	0	0	0	54	0	
2	995	-1.465749	-0.002074562	2690.216	-0.001525902	4	4	-1.467975	0	0	0	0	0	0	0	0	0	0	0	0	0	54	0	
2	996	-1.465443	-0.002080083	2691.216	-0.001525902	4	4	-1.467475	0	0	0	0	0	0	0	0	0	0	0	0	0	54	0	
2	997	-1.464829	-0.002072722	2692.216	-0.001525902	4	4	-1.466975	0	0	0	0	0	0	0	0	0	0	0	0	0	54	0	
2	998	-1.464216	-0.002064748	2693.216	-0.001525902	4	4	-1.466475	0	0	0	0	0	0	0	0	0	0	0	0	0	54	0	
2	999	-1.463909	-0.002058	2694.216	-0.001525902	4	4	-1.465975	0	0	0	0	0	0	0	0	0	0	0	0	0	54	0	
2	1000	-1.463296	-0.002050639	2695.216	-0.001525902	4	4	-1.465475	0	0	0	0	0	0	0	0	0	0	0	0	0	54	0	
2	1001	-1.462989	-0.002042665	2696.216	-0.001525902	4	4	-1.464975	0	0	0	0	0	0	0	0	0	0	0	0	0	54	0	
2	1002	-1.462376	-0.002035304	2697.216	-0.001525902	4	4	-1.464475	0	0	0	0	0	0	0	0	0	0	0	0	0	54	0	
2	1003	-1.461762	-0.002028557	2698.216	-0.001525902	4	4	-1.463975	0	0	0	0	0	0	0	0	0	0	0	0	0	54	0	
2	1004	-1.461456	-0.002021196	2699.216	-0.001525902	4	4	-1.463475	0	0	0	0	0	0	0	0	0	0	0	0	0	54	0	
2	1005	-1.460842	-0.002012608	2700.216	-0.001525902	4	4	-1.462975	0	0	0	0	0	0	0	0	0	0	0	0	0	54	0	
2	1006	-1.460535	-0.002004633	2701.216	-0.001525902	4	4	-1.462475	0	0	0	0	0	0	0	0	0	0	0	0	0	54	0	
2	1007	-1.459922	-0.001997272	2702.216	-0.001525902	4	4	-1.461975	0	0	0	0	0	0	0	0	0	0	0	0	0	54	0	
2	1008	-1.459309	-0.001990525	2703.216	-0.001525902	4	4	-1.461475	0	0	0	0	0	0	0	0	0	0	0	0	0	54	0	
2	1009	-1.459002	-0.001981937	2704.216	-0.001525902	4	4	-1.460975	0	0	0	0	0	0	0	0	0	0	0	0	0	54	0	
2	1010	-1.458388	-0.001989298	2705.216	-0.001525902	4	4	-1.460475	0	0	0	0	0	0	0	0	0	0	0	0	0	54	0	
2	1011	-1.457775	-0.001982551	2706.216	-0.001525902	4	4	-1.459975	0	0	0	0	0	0	0	0	0	0	0	0	0	54	0	
2	1012	-1.457468	-0.001972736	2707.216	-0.001525902	4	4	-1.459475	0	0	0	0	0	0	0	0	0	0	0	0	0	54	0	
2	1013	-1.456855	-0.001963535	2708.216	-0.001525902	4	4	-1.458975	0	0	0	0	0	0	0	0	0	0	0	0	0	54	0	
2	1014	-1.456241	-0.001957401	2709.216	-0.001525902	4	4	-1.458475	0	0	0	0	0	0	0	0	0	0	0	0	0	54	0	
2	1015	-1.455935	-0.001948813	2710.216	-0.001525902	4	4	-1.457975	0	0	0	0	0	0	0	0	0	0	0	0	0	54	0	
2	1016	-1.455321	-0.001940225	2711.216	-0.001525902	4	4	-1.457475	0	0	0	0	0	0	0	0	0	0	0	0	0	54	0	
2	1017	-1.455015	-0.001934704	2712.216	-0.001525902	4	4	-1.456975	0	0	0	0	0	0	0	0	0	0	0	0	0	54	0	
2	1018	-1.454401	-0.00192673	2713.216	-0.001525902	4	4	-1.456475	0	0	0	0	0	0	0	0	0	0	0	0	0	54	0	
2	1019	-1.453788	-0.001919369	2714.216	-0.001525902	4	4	-1.455975	0	0	0	0	0	0	0	0	0	0	0	0	0	54	0	
2	1020	-1.453481	-0.001913235	2715.216	-0.001525902	4	4	-1.455475	0	0	0	0	0	0	0	0	0	0	0	0	0	54	0	
2	1021	-1.452868	-0.001905261	2716.216	-0.001525902	4	4	-1.454975	0	0	0	0	0	0	0	0	0	0	0	0	0	54	0	
2	1022	-1.452254	-0.001898513	2717.216	-0.001525902	4	4	-1.454475	0	0	0	0	0	0	0	0	0	0	0	0	0	54	0	
2	1023	-1.451948	-0.001892379	2718.216	-0.001525902	4	4	-1.453975	0	0	0	0	0	0	0	0	0	0	0	0	0	54	0	
2	1024	-1.451334	-0.001885631	2719.216	-0.001525902	4	4	-1.453475	0	0	0	0	0	0	0	0	0	0	0	0	0	54	0	
2	1025	-1.451028	-0.001880724	2720.216	-0.001525902	4	4	-1.452975	0	0	0	0	0	0	0	0	0	0	0	0	0	54	0	
2	1026	-1.450414	-0.001873363	2721.216	-0.001525902	4	4	-1.452475	0	0	0	0	0	0	0	0	0	0	0	0	0	54	0	
2	1027	-1.449801	-0.001866616	2722.216	-0.001525902	4	4	-1.451975	0	0	0	0	0	0	0	0	0	0	0	0	0	54	0	
2	1028	-1.449494	-0.00187275	2723.216	-0.001525902	4	4	-1.451475	0	0	0	0	0	0	0	0	0	0	0	0	0	54	0	
2	1029	-1.448881	-0.001866002	2724.216	-0.001525902	4	4	-1.450975	0	0	0	0	0	0	0	0	0	0	0	0	0	54	0	
2	1030	-1.448267	-0.001859868	2725.216	-0.001525902	4	4	-1.450475	0	0	0	0	0	0	0	0	0	0	0	0	0	54	0	
2	1031	-1.44796	-0.001851894	2726.216	-0.001525902	4	4	-1.449975	0	0	0	0	0	0	0	0	0	0	0	0	0	54	0	
2	1032	-1.447347	-0.00184576	2727.216	-0.001525902	4	4	-1.449475	0	0	0	0	0	0	0	0	0	0	0	0	0	54	0	
2	1033	-1.446734	-0.001839012	2728.216	-0.001525902	4	4	-1.448975	0	0	0	0	0	0	0	0	0	0	0	0	0	54	0	
2	1034	-1.446427	-0.001831038	2729.216	-0.001525902	4	4	-1.448475	0	0	0	0	0	0	0	0	0	0	0	0	0	54	0	
2	1035	-1.445814	-0.001823677	2730.216	-0.001525902	4	4	-1.447975	0	0	0	0	0	0	0	0	0	0	0	0	0	54	0	
2	1036	-1.445507	-0.001821223	2731.216	-0.001525902	4	4	-1.447475	0	0	0	0	0	0	0	0	0	0	0	0	0	54	0	
2	1037	-1.444893	-0.001815702	2732.216	-0.001525902	4	4	-1.446975	0	0	0	0	0	0	0	0	0	0	0	0	0	54	0	
2	1038	-1.444587	-0.001808955	2733.216	-0.001525902	4	4	-1.446475	0	0	0	0	0	0	0	0	0	0	0	0	0	54	0	
2	1039	-1.443973	-0.001802821	2734.216	-0.001525902	4	4	-1.445975	0	0	0	0	0	0	0	0	0	0	0	0	0	54	0	
2	1040	-1.44336	-0.001794846	2735.216	-0.001525902	4	4	-1.445475	0	0	0	0	0	0	0	0	0	0	0	0	0	54	0	
2	1041	-1.442746	-0.001788712	2736.216	-0.001525902	4	4	-1.444975	0	0	0	0	0	0	0	0	0	0	0	0	0	54	0	
2	1042	-1.44244	-0.001781351	2737.216	-0.001525902	4	4	-1.444475	0	0	0	0	0	0	0	0	0	0	0	0	0	54	0	
2	1043	-1.441826	-0.001777057	2738.216	-0.001525902	4	4	-1.443975	0	0	0	0	0	0	0	0	0	0	0	0	0	54	0	
2	1044	-1.44152	-0.001769083	2739.216	-0.001525902	4	4	-1.443475	0	0	0	0	0	0	0	0	0	0	0	0	0	54	0	
2	1045	-1.440906	-0.001763562	2740.216	-0.001525902	4	4	-1.442975	0	0	0	0	0	0	0	0	0	0	0	0	0	54	0	
2	1046	-1.440293	-0.001756815	2741.216	-0.001525902	4	4	-1.442475	0	0	0	0	0	0	0	0	0	0	0	0	0	54	0	
2	1047	-1.439986	-0.001749454	2742.216	-0.001525902	4	4	-1.441975	0	0	0	0	0	0	0	0	0	0	0	0	0	54	0	
2	1048	-1.439373	-0.001744546	2743.216	-0.001525902	4	4	-1.441475	0	0	0	0	0	0	0	0	0	0	0	0	0	54	0	
2	1049	-1.439066	-0.001738412	2744.216	-0.001525902	4	4	-1.440975	0	0	0	0	0	0	0	0	0	0	0	0	0	54	0	
2	1050	-1.438453	-0.001731665	2745.216	-0.001525902	4	4	-1.440475	0	0	0	0	0	0	0	0	0	0	0	0	0	54	0	
2	1051	-1.437839	-0.001725531	2746.216	-0.001525902	4	4	-1.439975	0	0	0	0	0	0	0	0	0	0	0	0	0	54	0	
2	1052	-1.437532	-0.001718783	2747.216	-0.001525902	4	4	-1.439475	0	0	0	0	0	0	0	0	0	0	0	0	0	54	0	
2	1053	-1.436919	-0.001731665	2748.216	-0.001525902	4	4	-1.438975	0	0	0	0	0	0	0	0	0	0	0	0	0	54	0	
2	1054	-1.436306	-0.001726144	2749.216	-0.001525902	4	4	-1.438475	0	0	0	0	0	0	0	0	0	0	0	0	0	54	0	
2	1055	-1.435999	-0.001716943	2750.216	-0.001525902	4	4	-1.437975	0	0	0	0	0	0	0	0	0	0	0	0	0	54	0	
2	1056	-1.435385	-0.001708969	2751.216	-0.001525902	4	4	-1.437475	0	0	0	0	0	0	0	0	0	0	0	0	0	54	0	
2	1057	-1.434772	-0.001701608	2752.216	-0.001525902	4	4	-1.436975	0	0	0	0	0	0	0	0	0	0	0	0	0	54	0	
2	1058	-1.434465	-0.001694247	2753.216	-0.001525902	4	4	-1.436475	0	0	0	0	0	0	0	0	0	0	0	0	0	54	0	
2	1059	-1.433852	-0.001687499	2754.216	-0.001525902	4	4	-1.435975	0	0	0	0	0	0	0	0	0	0	0	0	0	54	0	
2	1060	-1.433239	-0.001680752	2755.216	-0.001525902	4	4	-1.435475	0	0	0	0	0	0	0	0	0	0	0	0	0	54	0	
2	1061	-1.432932	-0.001673391	2756.216	-0.001525902	4	4	-1.434975	0	0	0	0	0	0	0	0	0	0	0	0	0	54	0	
2	1062	-1.432318	-0.001667256	2757.216	-0.001525902	4	4	-1.434475	0	0	0	0	0	0	0	0	0	0	0	0	0	54	0	
2	1063	-1.432012	-0.001659896	2758.216	-0.001525902	4	4	-1.433975	0	0	0	0	0	0	0	0	0	0	0	0	0	54	0	
2	1064	-1.431398	-0.001661122	2759.216	-0.001525902	4	4	-1.433475	0	0	0	0	0	0	0	0	0	0	0	0	0	54	0	
2	1065	-1.431092	-0.001656215	2760.216	-0.001525902	4	4	-1.432975	0	0	0	0	0	0	0	0	0	0	0	0	0	54	0	
2	1066	-1.430478	-0.001649468	2761.216	-0.001525902	4	4	-1.432475	0	0	0	0	0	0	0	0	0	0	0	0	0	54	0	
2	1067	-1.429865	-0.00164272	2762.216	-0.001525902	4	4	-1.431975	0	0	0	0	0	0	0	0	0	0	0	0	0	54	0	
2	1068	-1.429558	-0.001637199	2763.216	-0.001525902	4	4	-1.431475	0	0	0	0	0	0	0	0	0	0	0	0	0	54	0	
2	1069	-1.428945	-0.001630452	2764.216	-0.001525902	4	4	-1.430975	0	0	0	0	0	0	0	0	0	0	0	0	0	54	0	
2	1070	-1.428331	-0.001624318	2765.216	-0.001525902	4	4	-1.430475	0	0	0	0	0	0	0	0	0	0	0	0	0	54	0	
2	1071	-1.428025	-0.00161757	2766.216	-0.001525902	4	4	-1.429975	0	0	0	0	0	0	0	0	0	0	0	0	0	54	0	
2	1072	-1.427411	-0.001609596	2767.216	-0.001525902	4	4	-1.429475	0	0	0	0	0	0	0	0	0	0	0	0	0	54	0	
2	1073	-1.427104	-0.001603462	2768.216	-0.001525902	4	4	-1.428975	0	0	0	0	0	0	0	0	0	0	0	0	0	54	0	
2	1074	-1.426491	-0.001596101	2769.216	-0.001525902	4	4	-1.428475	0	0	0	0	0	0	0	0	0	0	0	0	0	54	0	
2	1075	-1.425878	-0.001597941	2770.216	-0.001525902	4	4	-1.427975	0	0	0	0	0	0	0	0	0	0	0	0	0	54	0	
2	1076	-1.425571	-0.001597327	2771.216	-0.001525902	4	4	-1.429428	0	0	0	0	0	0	0	0	0	0	0	0	0	54	0	
2	1077	-1.424958	-0.001591193	2772.216	-0.001525902	4	4	-1.426975	0	0	0	0	0	0	0	0	0	0	0	0	0	54	0	
2	1078	-1.424344	-0.001584446	2773.216	-0.001525902	4	4	-1.426475	0	0	0	0	0	0	0	0	0	0	0	0	0	54	0	
2	1079	-1.424037	-0.001577698	2774.216	-0.001525902	4	4	-1.425975	0	0	0	0	0	0	0	0	0	0	0	0	0	54	0	
2	1080	-1.423424	-0.001572791	2775.216	-0.001525902	4	4	-1.425475	0	0	0	0	0	0	0	0	0	0	0	0	0	54	0	
2	1081	-1.423117	-0.00156727	2776.216	-0.001525902	4	4	-1.424975	0	0	0	0	0	0	0	0	0	0	0	0	0	54	0	
2	1082	-1.422504	-0.001562363	2777.216	-0.001525902	4	4	-1.424475	0	0	0	0	0	0	0	0	0	0	0	0	0	54	0	
2	1083	-1.42189	-0.001558069	2778.216	-0.001525902	4	4	-1.423975	0	0	0	0	0	0	0	0	0	0	0	0	0	54	0	
2	1084	-1.421277	-0.001551935	2779.216	-0.001525902	4	4	-1.423475	0	0	0	0	0	0	0	0	0	0	0	0	0	54	0	
2	1085	-1.42097	-0.001546414	2780.216	-0.001525902	4	4	-1.422975	0	0	0	0	0	0	0	0	0	0	0	0	0	54	0	
2	1086	-1.420357	-0.00154028	2781.216	-0.001525902	4	4	-1.422475	0	0	0	0	0	0	0	0	0	0	0	0	0	54	0	
2	1087	-1.42005	-0.001534146	2782.216	-0.001525902	4	4	-1.421975	0	0	0	0	0	0	0	0	0	0	0	0	0	54	0	
2	1088	-1.419437	-0.001529852	2783.216	-0.001525902	4	4	-1.421475	0	0	0	0	0	0	0	0	0	0	0	0	0	54	0	
2	1089	-1.41913	-0.001525558	2784.216	-0.001525902	4	4	-1.420975	0	0	0	0	0	0	0	0	0	0	0	0	0	54	0	
2	1090	-1.418517	-0.001526785	2785.216	-0.001525902	4	4	-1.420475	0	0	0	0	0	0	0	0	0	0	0	0	0	54	0	
2	1091	-1.417903	-0.001526785	2786.216	-0.001525902	4	4	-1.419975	0	0	0	0	0	0	0	0	0	0	0	0	0	54	0	
2	1092	-1.417597	-0.001521878	2787.216	-0.001525902	4	4	-1.419475	0	0	0	0	0	0	0	0	0	0	0	0	0	54	0	
2	1093	-1.416983	-0.00151697	2788.216	-0.001525902	4	4	-1.418975	0	0	0	0	0	0	0	0	0	0	0	0	0	54	0	
2	1094	-1.41637	-0.00151329	2789.216	-0.001525902	4	4	-1.418475	0	0	0	0	0	0	0	0	0	0	0	0	0	54	0	
2	1095	-1.416063	-0.001507769	2790.216	-0.001525902	4	4	-1.417975	0	0	0	0	0	0	0	0	0	0	0	0	0	54	0	
2	1096	-1.41545	-0.001501635	2791.216	-0.001525902	4	4	-1.417475	0	0	0	0	0	0	0	0	0	0	0	0	0	54	0	
2	1097	-1.415143	-0.001495501	2792.216	-0.001525902	4	4	-1.416975	0	0	0	0	0	0	0	0	0	0	0	0	0	54	0	
2	1098	-1.414529	-0.001490594	2793.216	-0.001525902	4	4	-1.416475	0	0	0	0	0	0	0	0	0	0	0	0	0	54	0	
2	1099	-1.413916	-0.001485073	2794.216	-0.001525902	4	4	-1.415975	0	0	0	0	0	0	0	0	0	0	0	0	0	54	0	
2	1100	-1.413609	-0.001478325	2795.216	-0.001525902	4	4	-1.415475	0	0	0	0	0	0	0	0	0	0	0	0	0	54	0	
2	1101	-1.412996	-0.001470964	2796.216	-0.001525902	4	4	-1.414975	0	0	0	0	0	0	0	0	0	0	0	0	0	54	0	
2	1102	-1.412382	-0.00146483	2797.216	-0.001525902	4	4	-1.414475	0	0	0	0	0	0	0	0	0	0	0	0	0	54	0	
2	1103	-1.412076	-0.001459923	2798.216	-0.001525902	4	4	-1.413975	0	0	0	0	0	0	0	0	0	0	0	0	0	54	0	
2	1104	-1.411462	-0.001453175	2799.216	-0.001525902	4	4	-1.413475	0	0	0	0	0	0	0	0	0	0	0	0	0	54	0	
2	1105	-1.410849	-0.001446428	2800.216	-0.001525902	4	4	-1.412975	0	0	0	0	0	0	0	0	0	0	0	0	0	54	0	
2	1106	-1.410542	-0.001440294	2801.216	-0.001525902	4	4	-1.412475	0	0	0	0	0	0	0	0	0	0	0	0	0	54	0	
2	1107	-1.409929	-0.00143416	2802.216	-0.001525902	4	4	-1.411975	0	0	0	0	0	0	0	0	0	0	0	0	0	54	0	
2	1108	-1.409315	-0.001429252	2803.216	-0.001525902	4	4	-1.411475	0	0	0	0	0	0	0	0	0	0	0	0	0	54	0	
2	1109	-1.409009	-0.001423732	2804.216	-0.001525902	4	4	-1.410975	0	0	0	0	0	0	0	0	0	0	0	0	0	54	0	
2	1110	-1.408395	-0.001418824	2805.216	-0.001525902	4	4	-1.410475	0	0	0	0	0	0	0	0	0	0	0	0	0	54	0	
2	1111	-1.407782	-0.001413304	2806.216	-0.001525902	4	4	-1.409975	0	0	0	0	0	0	0	0	0	0	0	0	0	54	0	
2	1112	-1.407475	-0.00140901	2807.216	-0.001525902	4	4	-1.409475	0	0	0	0	0	0	0	0	0	0	0	0	0	54	0	
2	1113	-1.406862	-0.001402876	2808.216	-0.001525902	4	4	-1.408975	0	0	0	0	0	0	0	0	0	0	0	0	0	54	0	
2	1114	-1.406555	-0.001394962	2809.216	-0.001525902	5	5	-1.408475	0	0	0	0	0	0	0	0	0	0	0	0	0	54	0	
2	1115	-1.405942	-0.001390361	2810.216	-0.001525902	5	5	-1.407975	0	0	0	0	0	0	0	0	0	0	0	0	0	54	0	
2	1116	-1.405328	-0.001384718	2811.216	-0.001525902	5	5	-1.407475	0	0	0	0	0	0	0	0	0	0	0	0	0	54	0	
2	1117	-1.405022	-0.001378829	2812.216	-0.001525902	5	5	-1.406975	0	0	0	0	0	0	0	0	0	0	0	0	0	54	0	
2	1118	-1.404408	-0.001373615	2813.216	-0.001525902	5	5	-1.406475	0	0	0	0	0	0	0	0	0	0	0	0	0	54	0	
2	1119	-1.404101	-0.001368217	2814.216	-0.001525902	5	5	-1.405975	0	0	0	0	0	0	0	0	0	0	0	0	0	54	0	
2	1120	-1.403488	-0.001362696	2815.216	-0.001525902	5	5	-1.405475	0	0	0	0	0	0	0	0	0	0	0	0	0	54	0	
2	1121	-1.402875	-0.001369566	2816.216	-0.001525902	5	5	-1.404975	0	0	0	0	0	0	0	0	0	0	0	0	0	54	0	
2	1122	-1.402261	-0.001364352	2817.216	-0.001525902	5	5	-1.404475	0	0	0	0	0	0	0	0	0	0	0	0	0	54	0	
2	1123	-1.401955	-0.001358954	2818.216	-0.001525902	5	5	-1.403975	0	0	0	0	0	0	0	0	0	0	0	0	0	54	0	
2	1124	-1.401341	-0.001353372	2819.216	-0.001525902	5	5	-1.403475	0	0	0	0	0	0	0	0	0	0	0	0	0	54	0	
2	1125	-1.401034	-0.001349201	2820.216	-0.001525902	5	5	-1.402975	0	0	0	0	0	0	0	0	0	0	0	0	0	54	0	
2	1126	-1.400421	-0.00134411	2821.216	-0.001525902	5	5	-1.402475	0	0	0	0	0	0	0	0	0	0	0	0	0	54	0	
2	1127	-1.400114	-0.00133816	2822.216	-0.001525902	5	5	-1.401975	0	0	0	0	0	0	0	0	0	0	0	0	0	54	0	
2	1128	-1.399501	-0.001334173	2823.216	-0.001525902	5	5	-1.401475	0	0	0	0	0	0	0	0	0	0	0	0	0	54	0	
2	1129	-1.398887	-0.001327977	2824.216	-0.001525902	5	5	-1.400975	0	0	0	0	0	0	0	0	0	0	0	0	0	54	0	
2	1130	-1.398581	-0.001323622	2825.216	-0.001525902	5	5	-1.400475	0	0	0	0	0	0	0	0	0	0	0	0	0	54	0	
2	1131	-1.397967	-0.001318469	2826.216	-0.001525902	5	5	-1.399975	0	0	0	0	0	0	0	0	0	0	0	0	0	54	0	
2	1132	-1.397354	-0.001314053	2827.216	-0.001525902	5	5	-1.399475	0	0	0	0	0	0	0	0	0	0	0	0	0	54	0	
2	1133	-1.397047	-0.001308961	2828.216	-0.001525902	5	5	-1.398975	0	0	0	0	0	0	0	0	0	0	0	0	0	54	0	
2	1134	-1.396434	-0.001303809	2829.216	-0.001525902	5	5	-1.398475	0	0	0	0	0	0	0	0	0	0	0	0	0	54	0	
2	1135	-1.396127	-0.001299269	2830.216	-0.001525902	5	5	-1.397975	0	0	0	0	0	0	0	0	0	0	0	0	0	54	0	
2	1136	-1.395514	-0.001294485	2831.216	-0.001525902	5	5	-1.397475	0	0	0	0	0	0	0	0	0	0	0	0	0	54	0	
2	1137	-1.3949	-0.001289884	2832.216	-0.001525902	5	5	-1.396975	0	0	0	0	0	0	0	0	0	0	0	0	0	54	0	
2	1138	-1.394594	-0.001293135	2833.216	-0.001525902	5	5	-1.396475	0	0	0	0	0	0	0	0	0.000306706	0	0	0	0	54	0	
2	1139	-1.39398	-0.001288351	2834.216	-0.001525902	5	5	-1.395975	0	0	0	0	0	0	0	0	0	0	0	0	0	54	0	
2	1140	-1.393673	-0.001283505	2835.216	-0.001525902	5	5	-1.395475	0	0	0	0	0	0	0	0	0	0	0	0	0	54	0	
2	1141	-1.39306	-0.001278536	2836.216	-0.001525902	5	5	-1.394975	0	0	0	0	0	0	0	0	0	0	0	0	0	54	0	
2	1142	-1.392447	-0.001272279	2837.216	-0.001525902	5	5	-1.394475	0	0	0	0	0	0	0	0	0	0	0	0	0	54	0	
2	1143	-1.391833	-0.001267372	2838.216	-0.001525902	5	5	-1.393975	0	0	0	0	0	0	0	0	0	0	0	0	0	54	0	
2	1144	-1.391526	-0.00126179	2839.216	-0.001525902	5	5	-1.393475	0	0	0	0	0	0	0	0	0	0	0	0	0	54	0	
2	1145	-1.390913	-0.001257128	2840.216	-0.001525902	5	5	-1.392975	0	0	0	0	0	0	0	0	0	0	0	0	0	54	0	
2	1146	-1.390606	-0.001253631	2841.216	-0.001525902	5	5	-1.392475	0	0	0	0	0	0	0	0	0	0	0	0	0	54	0	
2	1147	-1.389993	-0.001248172	2842.216	-0.001525902	5	5	-1.391975	0	0	0	0	0	0	0	0	0	0	0	0	0	54	0	
2	1148	-1.38938	-0.001243326	2843.216	-0.001525902	5	5	-1.391475	0	0	0	0	0	0	0	0	0	0	0	0	0	54	0	
2	1149	-1.389073	-0.00123891	2844.216	-0.001525902	5	5	-1.390975	0	0	0	0	0	0	0	0	0	0	0	0	0	54	0	
2	1150	-1.388459	-0.001233634	2845.216	-0.001525902	5	5	-1.390475	0	0	0	0	0	0	0	0	0	0	0	0	0	54	0	
2	1151	-1.387846	-0.001229708	2846.216	-0.001525902	5	5	-1.389975	0	0	0	0	0	0	0	0	0	0	0	0	0	54	0	
2	1152	-1.387539	-0.00122431	2847.216	-0.001525902	5	5	-1.389475	0	0	0	0	0	0	0	0	0	0	0	0	0	54	0	
2	1153	-1.387233	-0.001219526	2848.216	-0.001525902	5	5	-1.388975	0	0	0	0	0	0	0	0	0	0	0	0	0	54	0	
2	1154	-1.386619	-0.001214189	2849.216	-0.001525902	5	5	-1.388475	0	0	0	0	0	0	0	0	0	0	0	0	0	54	0	
2	1155	-1.386006	-0.001210202	2850.216	-0.001525902	5	5	-1.387975	0	0	0	0	0	0	0	0	0	0	0	0	0	54	0	
2	1156	-1.385392	-0.001205847	2851.216	-0.001525902	5	5	-1.387475	0	0	0	0	0	0	0	0	0	0	0	0	0	54	0	
2	1157	-1.385086	-0.001201798	2852.216	-0.001525902	5	5	-1.386975	0	0	0	0	0	0	0	0	0	0	0	0	0	54	0	
2	1158	-1.384472	-0.001196707	2853.216	-0.001525902	5	5	-1.386475	0	0	0	0	0	0	0	0	0	0	0	0	0	54	0	
2	1159	-1.384166	-0.001192045	2854.216	-0.001525902	5	5	-1.385975	0	0	0	0	0	0	0	0	0	0	0	0	0	54	0	
2	1160	-1.383552	-0.001188794	2855.216	-0.001525902	5	5	-1.385475	0	0	0	0	0	0	0	0	0	0	0	0	0	54	0	
2	1161	-1.383245	-0.001183518	2856.216	-0.001525902	5	5	-1.384975	0	0	0	0	0	0	0	0	0	0	0	0	0	54	0	
2	1162	-1.382632	-0.001178979	2857.216	-0.001525902	5	5	-1.384475	0	0	0	0	0	0	0	0	0	0	0	0	0	54	0	
2	1163	-1.382019	-0.001174256	2858.216	-0.001525902	5	5	-1.383975	0	0	0	0	0	0	0	0	0	0	0	0	0	54	0	
2	1164	-1.381712	-0.001169287	2859.216	-0.001525902	5	5	-1.383475	0	0	0	0	0	0	0	0	0	0	0	0	0	54	0	
2	1165	-1.381099	-0.001164441	2860.216	-0.001525902	5	5	-1.382975	0	0	0	0	0	0	0	0	0	0	0	0	0	54	0	
2	1166	-1.380485	-0.001159411	2861.216	-0.001525902	5	5	-1.382475	0	0	0	0	0	0	0	0	0	0	0	0	0	54	0	
2	1167	-1.380178	-0.001155424	2862.216	-0.001525902	5	5	-1.381975	0	0	0	0	0	0	0	0	0	0	0	0	0	54	0	
2	1168	-1.379565	-0.001151437	2863.216	-0.001525902	5	5	-1.381475	0	0	0	0	0	0	0	0	0	0	0	0	0	54	0	
2	1169	-1.378952	-0.00114653	2864.216	-0.001525902	5	5	-1.380975	0	0	0	0	0	0	0	0	0	0	0	0	0	54	0	
2	1170	-1.378645	-0.001141929	2865.216	-0.001525902	5	5	-1.380475	0	0	0	0	0	0	0	0	0	0	0	0	0	54	0	
2	1171	-1.378031	-0.001137451	2866.216	-0.001525902	5	5	-1.379975	0	0	0	0	0	0	0	0	0	0	0	0	0	54	0	
2	1172	-1.377418	-0.001133709	2867.216	-0.001525902	5	5	-1.379475	0	0	0	0	0	0	0	0	0	0	0	0	0	54	0	
2	1173	-1.377111	-0.001129599	2868.216	-0.001525902	5	5	-1.378975	0	0	0	0	0	0	0	0	0	0	0	0	0	54	0	
2	1174	-1.376498	-0.001125183	2869.216	-0.001525902	5	5	-1.378475	0	0	0	0	0	0	0	0	0	0	0	0	0	54	0	
2	1175	-1.376191	-0.001121073	2870.216	-0.001525902	5	5	-1.377975	0	0	0	0	0	0	0	0	0	0	0	0	0	54	0	
2	1176	-1.375578	-0.001116963	2871.216	-0.001525902	5	5	-1.377475	0	0	0	0	0	0	0	0	0	0	0	0	0	54	0	
2	1177	-1.374964	-0.001111994	2872.216	-0.001525902	5	5	-1.376975	0	0	0	0	0	0	0	0	0	0	0	0	0	54	0	
2	1178	-1.374658	-0.001114816	2873.216	-0.001525902	5	5	-1.376475	0	0	0	0	0	0	0	0	0	0	0	0	0	54	0	
2	1179	-1.374044	-0.001113773	2874.216	-0.001525902	5	5	-1.375975	0	0	0	0	0	0	0	0	0	0	0	0	0	54	0	
2	1180	-1.373738	-0.001110829	2875.216	-0.001525902	5	5	-1.375475	0	0	0	0	0	0	0	0	0	0	0	0	0	54	0	
2	1181	-1.373124	-0.00110678	2876.216	-0.001525902	5	5	-1.374975	0	0	0	0	0	0	0	0	0	0	0	0	0	54	0	
2	1182	-1.372511	-0.001102609	2877.216	-0.001525902	5	5	-1.374475	0	0	0	0	0	0	0	0	0	0	0	0	0	54	0	
2	1183	-1.372204	-0.001098438	2878.216	-0.001525902	5	5	-1.373975	0	0	0	0	0	0	0	0	0	0	0	0	0	54	0	
2	1184	-1.371591	-0.00109531	2879.216	-0.001525902	5	5	-1.373475	0	0	0	0	0	0	0	0	0	0	0	0	0	54	0	
2	1185	-1.370977	-0.001091568	2880.216	-0.001525902	5	5	-1.372975	0	0	0	0	0	0	0	0	0	0	0	0	0	54	0	
2	1186	-1.37067	-0.001087581	2881.216	-0.001525902	5	5	-1.372475	0	0	0	0	0	0	0	0	0	0	0	0	0	54	0	
2	1187	-1.370057	-0.001084268	2882.216	-0.001525902	5	5	-1.371975	0	0	0	0	0	0	0	0	0	0	0	0	0	54	0	
2	1188	-1.36975	-0.001079852	2883.216	-0.001525902	5	5	-1.371475	0	0	0	0	0	0	0	0	0	0	0	0	0	54	0	
2	1189	-1.369137	-0.001075742	2884.216	-0.001525902	5	5	-1.370975	0	0	0	0	0	0	0	0	0	0	0	0	0	54	0	
2	1190	-1.368523	-0.001072981	2885.216	-0.001525902	5	5	-1.370475	0	0	0	0	0	0	0	0	0	0	0	0	0	54	0	
2	1191	-1.36791	-0.001069424	2886.216	-0.001525902	5	5	-1.369975	0	0	0	0	0	0	0	0	0	0	0	0	0	54	0	
2	1192	-1.367603	-0.001065436	2887.216	-0.001525902	5	5	-1.369475	0	0	0	0	0	0	0	0	0	0	0	0	0	54	0	
2	1193	-1.36699	-0.001061449	2888.216	-0.001525902	5	5	-1.368975	0	0	0	0	0	0	0	0	0	0	0	0	0	54	0	
2	1194	-1.366683	-0.001057769	2889.216	-0.001525902	5	5	-1.368475	0	0	0	0	0	0	0	0	0	0	0	0	0	54	0	
2	1195	-1.36607	-0.001054763	2890.216	-0.001525902	5	5	-1.367975	0	0	0	0	0	0	0	0	0	0	0	0	0	54	0	
2	1196	-1.365456	-0.001051573	2891.216	-0.001525902	5	5	-1.367475	0	0	0	0	0	0	0	0	0	0	0	0	0	54	0	
2	1197	-1.36515	-0.001047525	2892.216	-0.001525902	5	5	-1.366975	0	0	0	0	0	0	0	0	0	0	0	0	0	54	0	
2	1198	-1.364536	-0.001043906	2893.216	-0.001525902	5	5	-1.366475	0	0	0	0	0	0	0	0	0	0	0	0	0	54	0	
2	1199	-1.36423	-0.00103955	2894.216	-0.001525902	5	5	-1.365975	0	0	0	0	0	0	0	0	0	0	0	0	0	54	0	
2	1200	-1.363616	-0.001035502	2895.216	-0.001525902	5	5	-1.365475	0	0	0	0	0	0	0	0	0	0	0	0	0	54	0	
2	1201	-1.363003	-0.00103084	2896.216	-0.001525902	5	5	-1.366928	0	0	0	0	0	0	0	0	0	0	0	0	0	54	0	
2	1202	-1.362389	-0.001026117	2897.216	-0.001525902	5	5	-1.364475	0	0	0	0	0	0	0	0	0	0	0	0	0	54	0	
2	1203	-1.362083	-0.001021884	2898.216	-0.001525902	5	5	-1.363975	0	0	0	0	0	0	0	0	0	0	0	0	0	54	0	
2	1204	-1.361469	-0.001018081	2899.216	-0.001525902	5	5	-1.363475	0	0	0	0	0	0	0	0	0	0	0	0	0	54	0	
2	1205	-1.361163	-0.001013358	2900.216	-0.001525902	5	5	-1.362975	0	0	0	0	0	0	0	0	0	0	0	0	0	54	0	
2	1206	-1.360549	-0.001009248	2901.216	-0.001525902	5	5	-1.362475	0	0	0	0	0	0	0	0	0	0	0	0	0	54	0	
2	1207	-1.359936	-0.001005322	2902.216	-0.001525902	5	5	-1.361975	0	0	0	0	0	0	0	0	0	0	0	0	0	54	0	
2	1208	-1.359629	-0.001001519	2903.216	-0.001525902	5	5	-1.361475	0	0	0	0	0	0	0	0	0	0	0	0	0	54	0	
2	1209	-1.359016	-0.000998697	2904.216	-0.001525902	5	5	-1.360975	0	0	0	0	0	0	0	0	0	0	0	0	0	54	0	
2	1210	-1.358709	-0.001001826	2905.216	-0.001525902	5	5	-1.360475	0	0	0	0	0	0	0	0	0	0	0	0	0	54	0	
2	1211	-1.358096	-0.000997593	2906.216	-0.001525902	5	5	-1.359975	0	0	0	0	0	0	0	0	0	0	0	0	0	54	0	
2	1212	-1.357482	-0.000993729	2907.216	-0.001525902	5	5	-1.359475	0	0	0	0	0	0	0	0	0	0	0	0	0	54	0	
2	1213	-1.357175	-0.000989373	2908.216	-0.001525902	5	5	-1.358975	0	0	0	0	0	0	0	0	0	0	0	0	0	54	0	
2	1214	-1.356562	-0.000985754	2909.216	-0.001525902	5	5	-1.358475	0	0	0	0	0	0	0	0	0	0	0	0	0	54	0	
2	1215	-1.355949	-0.000982135	2910.216	-0.001525902	5	5	-1.357975	0	0	0	0	0	0	0	0	0	0	0	0	0	54	0	
2	1216	-1.355642	-0.000978577	2911.216	-0.001525902	5	5	-1.357475	0	0	0	0	0	0	0	0	0	0	0	0	0	54	0	
2	1217	-1.355028	-0.000974467	2912.216	-0.001525902	5	5	-1.356975	0	0	0	0	0	0	0	0	0	0	0	0	0	54	0	
2	1218	-1.354722	-0.000970357	2913.216	-0.001525902	5	5	-1.356475	0	0	0	0	0	0	0	0	0	0	0	0	0	54	0	
2	1219	-1.354108	-0.000966922	2914.216	-0.001525902	5	5	-1.355975	0	0	0	0	0	0	0	0	0	0	0	0	0	54	0	
2	1220	-1.353495	-0.000962874	2915.216	-0.001525902	5	5	-1.355475	0	0	0	0	0	0	0	0	0	0	0	0	0	54	0	
2	1221	-1.353188	-0.000959193	2916.216	-0.001525902	5	5	-1.354975	0	0	0	0	0	0	0	0	0	0	0	0	0	54	0	
2	1222	-1.352575	-0.000956372	2917.216	-0.001525902	5	5	-1.354475	0	0	0	0	0	0	0	0	0	0	0	0	0	54	0	
2	1223	-1.351961	-0.000953182	2918.216	-0.001525902	5	5	-1.353975	0	0	0	0	0	0	0	0	0	0	0	0	0	54	0	
2	1224	-1.351655	-0.000950851	2919.216	-0.001525902	5	5	-1.353475	0	0	0	0	0	0	0	0	0	0	0	0	0	54	0	
2	1225	-1.351041	-0.000947416	2920.216	-0.001525902	5	5	-1.352975	0	0	0	0	0	0	0	0	0	0	0	0	0	54	0	
2	1226	-1.350735	-0.000944042	2921.216	-0.001525902	5	5	-1.352475	0	0	0	0	0	0	0	0	0	0	0	0	0	54	0	
2	1227	-1.350121	-0.000940423	2922.216	-0.001525902	5	5	-1.351975	0	0	0	0	0	0	0	0	0	0	0	0	0	54	0	
2	1228	-1.349508	-0.000936681	2923.216	-0.001525902	5	5	-1.351475	0	0	0	0	0	0	0	0	0	0	0	0	0	54	0	
2	1229	-1.348894	-0.000932694	2924.216	-0.001525902	5	5	-1.350975	0	0	0	0	0	0	0	0	0	0	0	0	0	54	0	
2	1230	-1.348588	-0.000929995	2925.216	-0.001525902	5	5	-1.350475	0	0	0	0	0	0	0	0	0	0	0	0	0	54	0	
2	1231	-1.347974	-0.000926805	2926.216	-0.001525902	5	5	-1.349975	0	0	0	0	0	0	0	0	0	0	0	0	0	54	0	
2	1232	-1.347667	-0.000923922	2927.216	-0.001525902	5	5	-1.349475	0	0	0	0	0	0	0	0	0	0	0	0	0	54	0	
2	1233	-1.347054	-0.000920364	2928.216	-0.001525902	5	5	-1.348975	0	0	0	0	0	0	0	0	0	0	0	0	0	54	0	
2	1234	-1.346747	-0.000916193	2929.216	-0.001525902	5	5	-1.348475	0	0	0	0	0	0	0	0	0	0	0	0	0	54	0	
2	1235	-1.346134	-0.000913433	2930.216	-0.001525902	5	5	-1.347975	0	0	0	0	0	0	0	0	0	0	0	0	0	54	0	
2	1236	-1.34552	-0.00091012	2931.216	-0.001525902	5	5	-1.347475	0	0	0	0	0	0	0	0	0	0	0	0	0	54	0	
2	1237	-1.345214	-0.000906501	2932.216	-0.001525902	5	5	-1.346975	0	0	0	0	0	0	0	0	0	0	0	0	0	54	0	
2	1238	-1.3446	-0.000902943	2933.216	-0.001525902	5	5	-1.346475	0	0	0	0	0	0	0	0	0	0	0	0	0	54	0	
2	1239	-1.343987	-0.000899324	2934.216	-0.001525902	5	5	-1.345975	0	0	0	0	0	0	0	0	0	0	0	0	0	54	0	
2	1240	-1.34368	-0.000896441	2935.216	-0.001525902	5	5	-1.345475	0	0	0	0	0	0	0	0	0	0	0	0	0	54	0	
2	1241	-1.343067	-0.000892699	2936.216	-0.001525902	5	5	-1.344975	0	0	0	0	0	0	0	0	0	0	0	0	0	54	0	
2	1242	-1.342453	-0.000888651	2937.216	-0.001525902	5	5	-1.344475	0	0	0	0	0	0	0	0	0	0	0	0	0	54	0	
2	1243	-1.342147	-0.000885093	2938.216	-0.001525902	5	5	-1.343975	0	0	0	0	0	0	0	0	0	0	0	0	0	54	0	
2	1244	-1.341533	-0.00088129	2939.216	-0.001525902	5	5	-1.343475	0	0	0	0	0	0	0	0	0	0	0	0	0	54	0	
2	1245	-1.341227	-0.000877855	2940.216	-0.001525902	5	5	-1.342975	0	0	0	0	0	0	0	0	0	0	0	0	0	54	0	
2	1246	-1.340613	-0.000874297	2941.216	-0.001525902	5	5	-1.342475	0	0	0	0	0	0	0	0	0	0	0	0	0	54	0	
2	1247	-1.34	-0.000871659	2942.216	-0.001525902	5	5	-1.341975	0	0	0	0	0	0	0	0	0	0	0	0	0	54	0	
2	1248	-1.339693	-0.00086847	2943.216	-0.001525902	5	5	-1.341475	0	0	0	0	0	0	0	0	0	0	0	0	0	54	0	
2	1249	-1.33908	-0.000865709	2944.216	-0.001525902	5	5	-1.340975	0	0	0	0	0	0	0	0	0	0	0	0	0	54	0	
2	1250	-1.338773	-0.00086209	2945.216	-0.001525902	5	5	-1.340475	0	0	0	0	0	0	0	0	0	0	0	0	0	54	0	
2	1251	-1.33816	-0.000859146	2946.216	-0.001525902	5	5	-1.339975	0	0	0	0	0	0	0	0	0	0	0	0	0	54	0	
2	1252	-1.337546	-0.000855711	2947.216	-0.001525902	5	5	-1.339475	0	0	0	0	0	0	0	0	0	0	0	0	0	54	0	
2	1253	-1.336933	-0.000852889	2948.216	-0.001525902	5	5	-1.338975	0	0	0	0	0	0	0	0	0	0	0	0	0	54	0	
2	1254	-1.336626	-0.000850497	2949.216	-0.001525902	5	5	-1.338475	0	0	0	0	0	0	0	0	0	0	0	0	0	54	0	
2	1255	-1.336319	-0.000847184	2950.216	-0.001525902	5	5	-1.337975	0	0	0	0	0	0	0	0	0	0	0	0	0	54	0	
2	1256	-1.335706	-0.000843626	2951.216	-0.001525902	5	5	-1.337475	0	0	0	0	0	0	0	0	0	0	0	0	0	54	0	
2	1257	-1.335093	-0.000840927	2952.216	-0.001525902	5	5	-1.336975	0	0	0	0	0	0	0	0	0	0	0	0	0	54	0	
2	1258	-1.334786	-0.00083786	2953.216	-0.001525902	5	5	-1.336475	0	0	0	0	0	0	0	0	0	0	0	0	0	54	0	
2	1259	-1.334172	-0.000835284	2954.216	-0.001525902	5	5	-1.335975	0	0	0	0	0	0	0	0	0	0	0	0	0	54	0	
2	1260	-1.333559	-0.000832156	2955.216	-0.001525902	5	5	-1.335475	0	0	0	0	0	0	0	0	0	0	0	0	0	54	0	
2	1261	-1.333252	-0.000829089	2956.216	-0.001525902	5	5	-1.334975	0	0	0	0	0	0	0	0	0	0	0	0	0	54	0	
2	1262	-1.332639	-0.000826083	2957.216	-0.001525902	5	5	-1.334475	0	0	0	0	0	0	0	0	0	0	0	0	0	54	0	
2	1263	-1.332025	-0.000823691	2958.216	-0.001525902	5	5	-1.333975	0	0	0	0	0	0	0	0	0	0	0	0	0	54	0	
2	1264	-1.331719	-0.000819887	2959.216	-0.001525902	5	5	-1.333475	0	0	0	0	0	0	0	0	0	0	0	0	0	54	0	
2	1265	-1.331105	-0.000816698	2960.216	-0.001525902	5	5	-1.332975	0	0	0	0	0	0	0	0	0	0	0	0	0	54	0	
2	1266	-1.330492	-0.000813753	2961.216	-0.001525902	5	5	-1.332475	0	0	0	0	0	0	0	0	0	0	0	0	0	54	0	
2	1267	-1.330185	-0.000810502	2962.216	-0.001525902	5	5	-1.331975	0	0	0	0	0	0	0	0	0	0	0	0	0	54	0	
2	1268	-1.329572	-0.000815471	2963.216	-0.001525902	5	5	-1.331475	0	0	0	0	0	0	0	0	0	0	0	0	0	54	0	
2	1269	-1.328958	-0.000813263	2964.216	-0.001525902	5	5	-1.330975	0	0	0	0	0	0	0	0	0	0	0	0	0	54	0	
2	1270	-1.328652	-0.00081038	2965.216	-0.001525902	5	5	-1.330475	0	0	0	0	0	0	0	0	0	0	0	0	0	54	0	
2	1271	-1.328038	-0.000807619	2966.216	-0.001525902	5	5	-1.329975	0	0	0	0	0	0	0	0	0	0	0	0	0	54	0	
2	1272	-1.327732	-0.000804675	2967.216	-0.001525902	5	5	-1.329475	0	0	0	0	0	0	0	0	0	0	0	0	0	54	0	
2	1273	-1.327118	-0.000801485	2968.216	-0.001525902	5	5	-1.328975	0	0	0	0	0	0	0	0	0	0	0	0	0	54	0	
2	1274	-1.326505	-0.00079897	2969.216	-0.001525902	5	5	-1.328475	0	0	0	0	0	0	0	0	0	0	0	0	0	54	0	
2	1275	-1.326198	-0.000796332	2970.216	-0.001525902	5	5	-1.327975	0	0	0	0	0	0	0	0	0	0	0	0	0	54	0	
2	1276	-1.325585	-0.000793817	2971.216	-0.001525902	5	5	-1.327475	0	0	0	0	0	0	0	0	0	0	0	0	0	54	0	
2	1277	-1.325278	-0.000791486	2972.216	-0.001525902	5	5	-1.326975	0	0	0	0	0	0	0	0	0	0	0	0	0	54	0	
2	1278	-1.324664	-0.000788726	2973.216	-0.001525902	5	5	-1.326475	0	0	0	0	0	0	0	0	0	0	0	0	0	54	0	
2	1279	-1.324051	-0.000787008	2974.216	-0.001525902	5	5	-1.325975	0	0	0	0	0	0	0	0	0	0	0	0	0	54	0	
2	1280	-1.323744	-0.00078388	2975.216	-0.001525902	5	5	-1.325475	0	0	0	0	0	0	0	0	0	0	0	0	0	54	0	
2	1281	-1.323131	-0.000780752	2976.216	-0.001525902	5	5	-1.324975	0	0	0	0	0	0	0	0	0	0	0	0	0	54	0	
2	1282	-1.322824	-0.000778175	2977.216	-0.001525902	5	5	-1.324475	0	0	0	0	0	0	0	0	0	0	0	0	0	54	0	
2	1283	-1.322211	-0.000774924	2978.216	-0.001525902	5	5	-1.323975	0	0	0	0	0	0	0	0	0	0	0	0	0	54	0	
2	1284	-1.321597	-0.000772164	2979.216	-0.001525902	5	5	-1.323475	0	0	0	0	0	0	0	0	0	0	0	0	0	54	0	
2	1285	-1.321291	-0.000769035	2980.216	-0.001525902	5	5	-1.322975	0	0	0	0	0	0	0	0	0	0	0	0	0	54	0	
2	1286	-1.320677	-0.000766275	2981.216	-0.001525902	5	5	-1.322475	0	0	0	0	0	0	0	0	0	0	0	0	0	54	0	
2	1287	-1.320371	-0.000763208	2982.216	-0.001525902	5	5	-1.321975	0	0	0	0	0	0	0	0	0	0	0	0	0	54	0	
2	1288	-1.319757	-0.000760141	2983.216	-0.001525902	5	5	-1.321475	0	0	0	0	0	0	0	0	0	0	0	0	0	54	0	
2	1289	-1.319144	-0.000757442	2984.216	-0.001525902	5	5	-1.320975	0	0	0	0	0	0	0	0	0	0	0	0	0	54	0	
2	1290	-1.318837	-0.000754314	2985.216	-0.001525902	5	5	-1.320475	0	0	0	0	0	0	0	0	0	0	0	0	0	54	0	
2	1291	-1.318224	-0.000751737	2986.216	-0.001525902	5	5	-1.319975	0	0	0	0	0	0	0	0	0	0	0	0	0	54	0	
2	1292	-1.31761	-0.000749774	2987.216	-0.001525902	5	5	-1.319475	0	0	0	0	0	0	0	0	0	0	0	0	0	54	0	
2	1293	-1.317304	-0.000747627	2988.216	-0.001525902	5	5	-1.318975	0	0	0	0	0	0	0	0	0	0	0	0	0	54	0	
2	1294	-1.31669	-0.00074456	2989.216	-0.001525902	5	5	-1.318475	0	0	0	0	0	0	0	0	0	0	0	0	0	54	0	
2	1295	-1.316077	-0.000741677	2990.216	-0.001525902	5	5	-1.317975	0	0	0	0	0	0	0	0	0	0	0	0	0	54	0	
2	1296	-1.31577	-0.00073904	2991.216	-0.001525902	5	5	-1.317475	0	0	0	0	0	0	0	0	0	0	0	0	0	54	0	
2	1297	-1.315157	-0.000739837	2992.216	-0.001525902	5	5	-1.316975	0	0	0	0	0	0	0	0	0	0	0	0	0	54	0	
2	1298	-1.314543	-0.000736954	2993.216	-0.001525902	5	5	-1.316475	0	0	0	0	0	0	0	0	0	0	0	0	0	54	0	
2	1299	-1.314237	-0.000734071	2994.216	-0.001525902	5	5	-1.315975	0	0	0	0	0	0	0	0	0	0	0	0	0	54	0	
2	1300	-1.313623	-0.000731433	2995.216	-0.001525902	5	5	-1.315475	0	0	0	0	0	0	0	0	0	0	0	0	0	54	0	
2	1301	-1.31301	-0.000728734	2996.216	-0.001525902	5	5	-1.314975	0	0	0	0	0	0	0	0	0	0	0	0	0	54	0	
2	1302	-1.312703	-0.000726526	2997.216	-0.001525902	5	5	-1.314475	0	0	0	0	0	0	0	0	0	0	0	0	0	54	0	
2	1303	-1.31209	-0.000724011	2998.216	-0.001525902	5	5	-1.313975	0	0	0	0	0	0	0	0	0	0	0	0	0	54	0	
2	1304	-1.311783	-0.000721312	2999.216	-0.001525902	5	5	-1.313475	0	0	0	0	0	0	0	0	0	0	0	0	0	54	0	
2	1305	-1.311169	-0.000718736	3000.216	-0.001525902	5	5	-1.312975	0	0	0	0	0	0	0	0	0	0	0	0	0	54	0	
2	1306	-1.310863	-0.000716834	3001.216	-0.001525902	5	5	-1.312475	0	0	0	0	0	0	0	0	0	0	0	0	0	54	0	
2	1307	-1.310249	-0.000714319	3002.216	-0.001525902	5	5	-1.311975	0	0	0	0	0	0	0	0	0	0	0	0	0	54	0	
2	1308	-1.309636	-0.000712172	3003.216	-0.001525902	5	5	-1.311475	0	0	0	0	0	0	0	0	0	0	0	0	0	54	0	
2	1309	-1.309329	-0.000709228	3004.216	-0.001525902	5	5	-1.310975	0	0	0	0	0	0	0	0	0	0	0	0	0	54	0	
2	1310	-1.308716	-0.000706774	3005.216	-0.001525902	5	5	-1.310475	0	0	0	0	0	0	0	0	0	0	0	0	0	54	0	
2	1311	-1.308102	-0.000704873	3006.216	-0.001525902	5	5	-1.309975	0	0	0	0	0	0	0	0	0	0	0	0	0	54	0	
2	1312	-1.307796	-0.000702357	3007.216	-0.001525902	5	5	-1.309475	0	0	0	0	0	0	0	0	0	0	0	0	0	54	0	
2	1313	-1.307182	-0.000699597	3008.216	-0.001525902	5	5	-1.308975	0	0	0	0	0	0	0	0	0	0	0	0	0	54	0	
2	1314	-1.306569	-0.000696591	3009.216	-0.001525902	5	5	-1.308475	0	0	0	0	0	0	0	0	0	0	0	0	0	54	0	
2	1315	-1.306262	-0.000693708	3010.216	-0.001525902	5	5	-1.307975	0	0	0	0	0	0	0	0	0	0	0	0	0	54	0	
2	1316	-1.305649	-0.000691132	3011.216	-0.001525902	5	5	-1.307475	0	0	0	0	0	0	0	0	0	0	0	0	0	54	0	
2	1317	-1.305035	-0.000688494	3012.216	-0.001525902	5	5	-1.306975	0	0	0	0	0	0	0	0	0	0	0	0	0	54	0	
2	1318	-1.304729	-0.000686286	3013.216	-0.001525902	5	5	-1.306475	0	0	0	0	0	0	0	0	0	0	0	0	0	54	0	
2	1319	-1.304115	-0.000683342	3014.216	-0.001525902	5	5	-1.305975	0	0	0	0	0	0	0	0	0	0	0	0	0	54	0	
2	1320	-1.303808	-0.000682115	3015.216	-0.001525902	5	5	-1.305475	0	0	0	0	0	0	0	0	0	0	0	0	0	54	0	
2	1321	-1.303195	-0.000679477	3016.216	-0.001525902	5	5	-1.304975	0	0	0	0	0	0	0	0	0	0	0	0	0	54	0	
2	1322	-1.302582	-0.000677453	3017.216	-0.001525902	5	5	-1.304475	0	0	0	0	0	0	0	0	0	0	0	0	0	54	0	
2	1323	-1.302275	-0.000675735	3018.216	-0.001525902	5	5	-1.303975	0	0	0	0	0	0	0	0	0	0	0	0	0	54	0	
2	1324	-1.301661	-0.000672668	3019.216	-0.001525902	5	5	-1.303475	0	0	0	0	0	0	0	0	0	0	0	0	0	54	0	
2	1325	-1.301355	-0.000670767	3020.216	-0.001525902	5	5	-1.302975	0	0	0	0	0	0	0	0	0	0	0	0	0	54	0	
2	1326	-1.300741	-0.000668436	3021.216	-0.001525902	5	5	-1.304428	0	0	0	0	0	0	0	0	0	0	0	0	0	54	0	
2	1327	-1.300128	-0.00066635	3022.216	-0.001525902	5	5	-1.301975	0	0	0	0	0	0	0	0	0	0	0	0	0	54	0	
2	1328	-1.299821	-0.00066359	3023.216	-0.001525902	5	5	-1.301475	0	0	0	0	0	0	0	0	0	0	0	0	0	54	0	
2	1329	-1.299208	-0.000660707	3024.216	-0.001525902	5	5	-1.300975	0	0	0	0	0	0	0	0	0	0	0	0	0	54	0	
2	1330	-1.298594	-0.000658376	3025.216	-0.001525902	5	5	-1.300475	0	0	0	0	0	0	0	0	0	0	0	0	0	54	0	
2	1331	-1.298288	-0.000655984	3026.216	-0.001525902	5	5	-1.299975	0	0	0	0	0	0	0	0	0	0	0	0	0	54	0	
2	1332	-1.297674	-0.000654389	3027.216	-0.001525902	5	5	-1.299475	0	0	0	0	0	0	0	0	0	0	0	0	0	54	0	
2	1333	-1.297368	-0.000652426	3028.216	-0.001525902	5	5	-1.298975	0	0	0	0	0	0	0	0	0	0	0	0	0	54	0	
2	1334	-1.296754	-0.000650217	3029.216	-0.001525902	5	5	-1.298475	0	0	0	0	0	0	0	0	0	0	0	0	0	54	0	
2	1335	-1.296141	-0.000648009	3030.216	-0.001525902	5	5	-1.297975	0	0	0	0	0	0	0	0	0	0	0	0	0	54	0	
2	1336	-1.295834	-0.000648316	3031.216	-0.001525902	5	5	-1.297475	0	0	0	0	0	0	0	0	0	0	0	0	0	54	0	
2	1337	-1.295221	-0.00064623	3032.216	-0.001525902	5	5	-1.296975	0	0	0	0	0	0	0	0	0	0	0	0	0	54	0	
2	1338	-1.294607	-0.000644697	3033.216	-0.001525902	5	5	-1.296475	0	0	0	0	0	0	0	0	0	0	0	0	0	54	0	
2	1339	-1.294301	-0.000642672	3034.216	-0.001525902	5	5	-1.295975	0	0	0	0	0	0	0	0	0	0	0	0	0	54	0	
2	1340	-1.293687	-0.000640464	3035.216	-0.001525902	5	5	-1.295475	0	0	0	0	0	0	0	0	0	0	0	0	0	54	0	
2	1341	-1.293074	-0.000638256	3036.216	-0.001525902	5	5	-1.294975	0	0	0	0	0	0	0	0	0	0	0	0	0	54	0	
2	1342	-1.292767	-0.000636048	3037.216	-0.001525902	5	5	-1.294475	0	0	0	0	0	0	0	0	0	0	0	0	0	54	0	
2	1343	-1.292154	-0.000633901	3038.216	-0.001525902	5	5	-1.293975	0	0	0	0	0	0	0	0	0	0	0	0	0	54	0	
2	1344	-1.291847	-0.000631508	3039.216	-0.001525902	5	5	-1.293475	0	0	0	0	0	0	0	0	0	0	0	0	0	54	0	
2	1345	-1.291234	-0.000628871	3040.216	-0.001525902	5	5	-1.292975	0	0	0	0	0	0	0	0	0	0	0	0	0	54	0	
2	1346	-1.29062	-0.000626724	3041.216	-0.001525902	5	5	-1.292475	0	0	0	0	0	0	0	0	0	0	0	0	0	54	0	
2	1347	-1.290313	-0.000624577	3042.216	-0.001525902	5	5	-1.291975	0	0	0	0	0	0	0	0	0	0	0	0	0	54	0	
2	1348	-1.2897	-0.000622614	3043.216	-0.001525902	5	5	-1.291475	0	0	0	0	0	0	0	0	0	0	0	0	0	54	0	
2	1349	-1.289087	-0.000620896	3044.216	-0.001525902	5	5	-1.290975	0	0	0	0	0	0	0	0	0	0	0	0	0	54	0	
2	1350	-1.28878	-0.000619117	3045.216	-0.001525902	5	5	-1.290475	0	0	0	0	0	0	0	0	0	0	0	0	0	54	0	
2	1351	-1.288166	-0.000616725	3046.216	-0.001525902	5	5	-1.289975	0	0	0	0	0	0	0	0	0	0	0	0	0	54	0	
2	1352	-1.28786	-0.000614578	3047.216	-0.001525902	5	5	-1.289475	0	0	0	0	0	0	0	0	0	0	0	0	0	54	0	
2	1353	-1.287246	-0.000611941	3048.216	-0.001525902	5	5	-1.288975	0	0	0	0	0	0	0	0	0	0	0	0	0	54	0	
2	1354	-1.286633	-0.000609548	3049.216	-0.001525902	5	5	-1.288475	0	0	0	0	0	0	0	0	0	0	0	0	0	54	0	
2	1355	-1.286326	-0.000608137	3050.216	-0.001525902	5	5	-1.287975	0	0	0	0	0	0	0	0	0	0	0	0	0	54	0	
2	1356	-1.285713	-0.000606236	3051.216	-0.001525902	5	5	-1.287475	0	0	0	0	0	0	0	0	0	0	0	0	0	54	0	
2	1357	-1.285099	-0.000604211	3052.216	-0.001525902	5	5	-1.286975	0	0	0	0	0	0	0	0	0	0	0	0	0	54	0	
2	1358	-1.284793	-0.000601635	3053.216	-0.001525902	5	5	-1.286475	0	0	0	0	0	0	0	0	0	0	0	0	0	54	0	
2	1359	-1.284179	-0.000599304	3054.216	-0.001525902	5	5	-1.285975	0	0	0	0	0	0	0	0	0	0	0	0	0	54	0	
2	1360	-1.283873	-0.000596605	3055.216	-0.001525902	5	5	-1.285475	0	0	0	0	0	0	0	0	0	0	0	0	0	54	0	
2	1361	-1.283259	-0.000594336	3056.216	-0.001525902	5	5	-1.284975	0	0	0	0	0	0	0	0	0	0	0	0	0	54	0	
2	1362	-1.282646	-0.000592127	3057.216	-0.001525902	5	5	-1.284475	0	0	0	0	0	0	0	0	0	0	0	0	0	54	0	
2	1363	-1.282339	-0.000590042	3058.216	-0.001525902	5	5	-1.283975	0	0	0	0	0	0	0	0	0	0	0	0	0	54	0	
2	1364	-1.281726	-0.00059041	3059.216	-0.001525902	5	5	-1.283475	0	0	0	0	0	0	0	0	0	0	0	0	0	54	0	
2	1365	-1.281112	-0.000589919	3060.216	-0.001525902	5	5	-1.282975	0	0	0	0	0	0	0	0	0	0	0	0	0	54	0	
2	1366	-1.280805	-0.000588017	3061.216	-0.001525902	5	5	-1.282475	0	0	0	0	0	0	0	0	0	0	0	0	0	54	0	
2	1367	-1.280192	-0.00058587	3062.216	-0.001525902	5	5	-1.281975	0	0	0	0	0	0	0	0	0	0	0	0	0	54	0	
2	1368	-1.279885	-0.000583662	3063.216	-0.001525902	5	5	-1.281475	0	0	0	0	0	0	0	0	0	0	0	0	0	54	0	
2	1369	-1.279272	-0.00058127	3064.216	-0.001525902	5	5	-1.280975	0	0	0	0	0	0	0	0	0	0	0	0	0	54	0	
2	1370	-1.278659	-0.000579491	3065.216	-0.001525902	5	5	-1.280475	0	0	0	0	0	0	0	0	0	0	0	0	0	54	0	
2	1371	-1.278352	-0.000577221	3066.216	-0.001525902	5	5	-1.279975	0	0	0	0	0	0	0	0	0	0	0	0	0	54	0	
2	1372	-1.277738	-0.000575626	3067.216	-0.001525902	5	5	-1.279475	0	0	0	0	0	0	0	0	0	0	0	0	0	54	0	
2	1373	-1.277125	-0.00057397	3068.216	-0.001525902	5	5	-1.278975	0	0	0	0	0	0	0	0	0	0	0	0	0	54	0	
2	1374	-1.276818	-0.000572621	3069.216	-0.001525902	5	5	-1.278475	0	0	0	0	0	0	0	0	0	0	0	0	0	54	0	
2	1375	-1.276205	-0.000570658	3070.216	-0.001525902	5	5	-1.277975	0	0	0	0	0	0	0	0	0	0	0	0	0	54	0	
2	1376	-1.275898	-0.00056845	3071.216	-0.001525902	5	5	-1.277475	0	0	0	0	0	0	0	0	0	0	0	0	0	54	0	
2	1377	-1.275285	-0.000566119	3072.216	-0.001525902	5	5	-1.276975	0	0	0	0	0	0	0	0	0	0	0	0	0	54	0	
2	1378	-1.274671	-0.000564769	3073.216	-0.001525902	5	5	-1.276475	0	0	0	0	0	0	0	0	0	0	0	0	0	54	0	
2	1379	-1.274365	-0.000562254	3074.216	-0.001525902	5	5	-1.275975	0	0	0	0	0	0	0	0	0	0	0	0	0	54	0	
2	1380	-1.273751	-0.00056023	3075.216	-0.001525902	5	5	-1.275475	0	0	0	0	0	0	0	0	0	0	0	0	0	54	0	
2	1381	-1.273138	-0.000558696	3076.216	-0.001525902	5	5	-1.274975	0	0	0	0	0	0	0	0	0	0	0	0	0	54	0	
2	1382	-1.272831	-0.000557101	3077.216	-0.001525902	5	5	-1.274475	0	0	0	0	0	0	0	0	0	0	0	0	0	54	0	
2	1383	-1.272218	-0.000555445	3078.216	-0.001525902	5	5	-1.273975	0	0	0	0	0	0	0	0	0	0	0	0	0	54	0	
2	1384	-1.271911	-0.000553605	3079.216	-0.001525902	5	5	-1.273475	0	0	0	0	0	0	0	0	0	0	0	0	0	54	0	
2	1385	-1.271298	-0.000551519	3080.216	-0.001525902	5	5	-1.272975	0	0	0	0	0	0	0	0	0	0	0	0	0	54	0	
2	1386	-1.270684	-0.000549556	3081.216	-0.001525902	5	5	-1.272475	0	0	0	0	0	0	0	0	0	0	0	0	0	54	0	
2	1387	-1.270378	-0.000547287	3082.216	-0.001525902	5	5	-1.271975	0	0	0	0	0	0	0	0	0	0	0	0	0	54	0	
2	1388	-1.269764	-0.00054514	3083.216	-0.001525902	5	5	-1.271475	0	0	0	0	0	0	0	0	0	0	0	0	0	54	0	
2	1389	-1.269457	-0.000543545	3084.216	-0.001525902	5	5	-1.270975	0	0	0	0	0	0	0	0	0	0	0	0	0	54	0	
2	1390	-1.268844	-0.00054238	3085.216	-0.001525902	5	5	-1.270475	0	0	0	0	0	0	0	0	0	0	0	0	0	54	0	
2	1391	-1.268231	-0.000540417	3086.216	-0.001525902	5	5	-1.269975	0	0	0	0	0	0	0	0	0	0	0	0	0	54	0	
2	1392	-1.267617	-0.000538515	3087.216	-0.001525902	5	5	-1.269475	0	0	0	0	0	0	0	0	0	0	0	0	0	54	0	
2	1393	-1.26731	-0.000536429	3088.216	-0.001525902	5	5	-1.268975	0	0	0	0	0	0	0	0	0	0	0	0	0	54	0	
2	1394	-1.266697	-0.000534282	3089.216	-0.001525902	5	5	-1.268475	0	0	0	0	0	0	0	0	0	0	0	0	0	54	0	
2	1395	-1.26639	-0.000532074	3090.216	-0.001525902	5	5	-1.267975	0	0	0	0	0	0	0	0	0	0	0	0	0	54	0	
2	1396	-1.265777	-0.000529927	3091.216	-0.001525902	5	5	-1.267475	0	0	0	0	0	0	0	0	0	0	0	0	0	54	0	
2	1397	-1.265163	-0.000528148	3092.216	-0.001525902	5	5	-1.266975	0	0	0	0	0	0	0	0	0	0	0	0	0	54	0	
2	1398	-1.264857	-0.000526921	3093.216	-0.001525902	5	5	-1.266475	0	0	0	0	0	0	0	0	0	0	0	0	0	54	0	
2	1399	-1.264243	-0.000526001	3094.216	-0.001525902	5	5	-1.265975	0	0	0	0	0	0	0	0	0	0	0	0	0	54	0	
2	1400	-1.26363	-0.000524284	3095.216	-0.001525902	5	5	-1.265475	0	0	0	0	0	0	0	0	0	0	0	0	0	54	0	
2	1401	-1.263323	-0.000522137	3096.216	-0.001525902	5	5	-1.264975	0	0	0	0	0	0	0	0	0	0	0	0	0	54	0	
2	1402	-1.26271	-0.000520358	3097.216	-0.001525902	5	5	-1.264475	0	0	0	0	0	0	0	0	0	0	0	0	0	54	0	
2	1403	-1.262096	-0.000518272	3098.216	-0.001525902	5	5	-1.263975	0	0	0	0	0	0	0	0	0	0	0	0	0	54	0	
2	1404	-1.26179	-0.000516309	3099.216	-0.001525902	5	5	-1.263475	0	0	0	0	0	0	0	0	0	0	0	0	0	54	0	
2	1405	-1.261176	-0.000515144	3100.216	-0.001525902	5	5	-1.262975	0	0	0	0	0	0	0	0	0	0	0	0	0	54	0	
2	1406	-1.26087	-0.00051361	3101.216	-0.001525902	5	5	-1.262475	0	0	0	0	0	0	0	0	0	0	0	0	0	54	0	
2	1407	-1.260256	-0.000512138	3102.216	-0.001525902	5	5	-1.261975	0	0	0	0	0	0	0	0	0	0	0	0	0	54	0	
2	1408	-1.259949	-0.000511095	3103.216	-0.001525902	5	5	-1.261475	0	0	0	0	0	0	0	0	0	0	0	0	0	54	0	
2	1409	-1.259336	-0.000510359	3104.216	-0.001525902	5	5	-1.260975	0	0	0	0	0	0	0	0	0	0	0	0	0	54	0	
2	1410	-1.258723	-0.00050858	3105.216	-0.001525902	5	5	-1.260475	0	0	0	0	0	0	0	0	0	0	0	0	0	54	0	
2	1411	-1.258416	-0.000507047	3106.216	-0.001525902	5	5	-1.259975	0	0	0	0	0	0	0	0	0	0	0	0	0	54	0	
2	1412	-1.257802	-0.000505881	3107.216	-0.001525902	5	5	-1.259475	0	0	0	0	0	0	0	0	0	0	0	0	0	54	0	
2	1413	-1.257189	-0.000505881	3108.216	-0.001525902	5	5	-1.258975	0	0	0	0	0	0	0	0	0	0	0	0	0	54	0	
2	1414	-1.256576	-0.000503796	3109.216	-0.001525902	5	5	-1.258475	0	0	0	0	0	0	0	0	0	0	0	0	0	54	0	
2	1415	-1.256269	-0.00050214	3110.216	-0.001525902	5	5	-1.257975	0	0	0	0	0	0	0	0	0	0	0	0	0	54	0	
2	1416	-1.255656	-0.000501035	3111.216	-0.001525902	5	5	-1.257475	0	0	0	0	0	0	0	0	0	0	0	0	0	54	0	
2	1417	-1.255349	-0.000499563	3112.216	-0.001525902	5	5	-1.256975	0	0	0	0	0	0	0	0	0	0	0	0	0	54	0	
2	1418	-1.254735	-0.000498091	3113.216	-0.001525902	5	5	-1.256475	0	0	0	0	0	0	0	0	0	0	0	0	0	54	0	
2	1419	-1.254429	-0.000496312	3114.216	-0.001525902	5	5	-1.255975	0	0	0	0	0	0	0	0	0	0	0	0	0	54	0	
2	1420	-1.253815	-0.000494779	3115.216	-0.001525902	5	5	-1.255475	0	0	0	0	0	0	0	0	0	0	0	0	0	54	0	
2	1421	-1.253202	-0.000493368	3116.216	-0.001525902	5	5	-1.254975	0	0	0	0	0	0	0	0	0	0	0	0	0	54	0	
2	1422	-1.252895	-0.000491528	3117.216	-0.001525902	5	5	-1.254475	0	0	0	0	0	0	0	0	0	0	0	0	0	54	0	
2	1423	-1.252282	-0.00048981	3118.216	-0.001525902	5	5	-1.253975	0	0	0	0	0	0	0	0	0	0	0	0	0	54	0	
2	1424	-1.251668	-0.000488031	3119.216	-0.001525902	5	5	-1.253475	0	0	0	0	0	0	0	0	0	0	0	0	0	54	0	
2	1425	-1.251362	-0.000486191	3120.216	-0.001525902	5	5	-1.252975	0	0	0	0	0	0	0	0	0	0	0	0	0	54	0	
2	1426	-1.250748	-0.00048386	3121.216	-0.001525902	5	5	-1.252475	0	0	0	0	0	0	0	0	0	0	0	0	0	54	0	
2	1427	-1.250135	-0.000482204	3122.216	-0.001525902	5	5	-1.251975	0	0	0	0	0	0	0	0	0	0	0	0	0	54	0	
2	1428	-1.249828	-0.000481468	3123.216	-0.001525902	5	5	-1.251475	0	0	0	0	0	0	0	0	0	0	0	0	0	54	0	
2	1429	-1.249215	-0.000480241	3124.216	-0.001525902	5	5	-1.250975	0	0	0	0	0	0	0	0	0	0	0	0	0	54	0	
2	1430	-1.248908	-0.000478217	3125.216	-0.001525902	5	5	-1.250475	0	0	0	0	0	0	0	0	0	0	0	0	0	54	0	
2	1431	-1.248295	-0.000476315	3126.216	-0.001525902	5	5	-1.249975	0	0	0	0	0	0	0	0	0	0	0	0	0	54	0	
2	1432	-1.247681	-0.00047472	3127.216	-0.001525902	5	5	-1.249475	0	0	0	0	0	0	0	0	0	0	0	0	0	54	0	
2	1433	-1.247068	-0.000473125	3128.216	-0.001525902	5	5	-1.248975	0	0	0	0	0	0	0	0	0	0	0	0	0	54	0	
2	1434	-1.246761	-0.000471653	3129.216	-0.001525902	5	5	-1.248475	0	0	0	0	0	0	0	0	0	0	0	0	0	54	0	
2	1435	-1.246148	-0.000470058	3130.216	-0.001525902	5	5	-1.247975	0	0	0	0	0	0	0	0	0	0	0	0	0	54	0	
2	1436	-1.245841	-0.000468341	3131.216	-0.001525902	5	5	-1.247475	0	0	0	0	0	0	0	0	0	0	0	0	0	54	0	
2	1437	-1.245228	-0.000467298	3132.216	-0.001525902	5	5	-1.246975	0	0	0	0	0	0	0	0	0	0	0	0	0	54	0	
2	1438	-1.244614	-0.000465703	3133.216	-0.001525902	5	5	-1.246475	0	0	0	0	0	0	0	0	0	0	0	0	0	54	0	
2	1439	-1.244307	-0.000464169	3134.216	-0.001525902	5	5	-1.245975	0	0	0	0	0	0	0	0	0	0	0	0	0	54	0	
2	1440	-1.243694	-0.0004619	3135.216	-0.001525902	5	5	-1.245475	0	0	0	0	0	0	0	0	0	0	0	0	0	54	0	
2	1441	-1.243387	-0.000460059	3136.216	-0.001525902	5	5	-1.244975	0	0	0	0	0	0	0	0	0	0	0	0	0	54	0	
2	1442	-1.242774	-0.000458894	3137.216	-0.001525902	5	5	-1.244475	0	0	0	0	0	0	0	0	0	0	0	0	0	54	0	
2	1443	-1.242161	-0.00045736	3138.216	-0.001525902	5	5	-1.243975	0	0	0	0	0	0	0	0	0	0	0	0	0	54	0	
2	1444	-1.241854	-0.000455704	3139.216	-0.001525902	5	5	-1.243475	0	0	0	0	0	0	0	0	0	0	0	0	0	54	0	
2	1445	-1.24124	-0.000454109	3140.216	-0.001525902	5	5	-1.242975	0	0	0	0	0	0	0	0	0	0	0	0	0	54	0	
2	1446	-1.240627	-0.000452637	3141.216	-0.001525902	5	5	-1.242475	0	0	0	0	0	0	0	0	0	0	0	0	0	54	0	
2	1447	-1.24032	-0.000450858	3142.216	-0.001525902	5	5	-1.241975	0	0	0	0	0	0	0	0	0	0	0	0	0	54	0	
2	1448	-1.239707	-0.000449509	3143.216	-0.001525902	5	5	-1.241475	0	0	0	0	0	0	0	0	0	0	0	0	0	54	0	
2	1449	-1.2394	-0.000449018	3144.216	-0.001525902	5	5	-1.240975	0	0	0	0	0	0	0	0	0	0	0	0	0	54	0	
2	1450	-1.238787	-0.000447546	3145.216	-0.001525902	5	5	-1.240475	0	0	0	0	0	0	0	0	0	0	0	0	0	54	0	
2	1451	-1.238173	-0.000445828	3146.216	-0.001525902	5	5	-1.241928	0	0	0	0	0	0	0	0	0	0	0	0	0	54	0	
2	1452	-1.237867	-0.000444049	3147.216	-0.001525902	5	5	-1.239475	0	0	0	0	0	0	0	0	0	0	0	0	0	54	0	
2	1453	-1.237253	-0.000442516	3148.216	-0.001525902	5	5	-1.238975	0	0	0	0	0	0	0	0	0	0	0	0	0	54	0	
2	1454	-1.23664	-0.000440921	3149.216	-0.001525902	5	5	-1.238475	0	0	0	0	0	0	0	0	0	0	0	0	0	54	0	
2	1455	-1.236333	-0.000439203	3150.216	-0.001525902	5	5	-1.237975	0	0	0	0	0	0	0	0	0	0	0	0	0	54	0	
2	1456	-1.23572	-0.000437731	3151.216	-0.001525902	5	5	-1.237475	0	0	0	0	0	0	0	0	0	0	0	0	0	54	0	
2	1457	-1.235106	-0.000436259	3152.216	-0.001525902	5	5	-1.236975	0	0	0	0	0	0	0	0	0	0	0	0	0	54	0	
2	1458	-1.2348	-0.000435032	3153.216	-0.001525902	5	5	-1.236475	0	0	0	0	0	0	0	0	0	0	0	0	0	54	0	
2	1459	-1.234186	-0.00043356	3154.216	-0.001525902	5	5	-1.235975	0	0	0	0	0	0	0	0	0	0	0	0	0	54	0	
2	1460	-1.233879	-0.000432333	3155.216	-0.001525902	5	5	-1.235475	0	0	0	0	0	0	0	0	0	0	0	0	0	54	0	
2	1461	-1.233266	-0.000431413	3156.216	-0.001525902	5	5	-1.234975	0	0	0	0	0	0	0	0	0	0	0	0	0	54	0	
2	1462	-1.232959	-0.00043037	3157.216	-0.001525902	5	5	-1.234475	0	0	0	0	0	0	0	0	0	0	0	0	0	54	0	
2	1463	-1.232346	-0.000429021	3158.216	-0.001525902	5	5	-1.233975	0	0	0	0	0	0	0	0	0	0	0	0	0	54	0	
2	1464	-1.231732	-0.000427487	3159.216	-0.001525902	5	5	-1.233475	0	0	0	0	0	0	0	0	0	0	0	0	0	54	0	
2	1465	-1.231426	-0.000425831	3160.216	-0.001525902	5	5	-1.232975	0	0	0	0	0	0	0	0	0	0	0	0	0	54	0	
2	1466	-1.230812	-0.000424543	3161.216	-0.001525902	5	5	-1.232475	0	0	0	0	0	0	0	0	0	0	0	0	0	54	0	
2	1467	-1.230199	-0.000423316	3162.216	-0.001525902	5	5	-1.231975	0	0	0	0	0	0	0	0	0	0	0	0	0	54	0	
2	1468	-1.229892	-0.000421844	3163.216	-0.001525902	5	5	-1.231475	0	0	0	0	0	0	0	0	0	0	0	0	0	54	0	
2	1469	-1.229279	-0.000420433	3164.216	-0.001525902	5	5	-1.230975	0	0	0	0	0	0	0	0	0	0	0	0	0	54	0	
2	1470	-1.228665	-0.00042031	3165.216	-0.001525902	5	5	-1.230475	0	0	0	0	0	0	0	0	0	0	0	0	0	54	0	
2	1471	-1.228359	-0.000419329	3166.216	-0.001525902	5	5	-1.229975	0	0	0	0	0	0	0	0	0	0	0	0	0	54	0	
2	1472	-1.227745	-0.000418163	3167.216	-0.001525902	5	5	-1.229475	0	0	0	0	0	0	0	0	0	0	0	0	0	54	0	
2	1473	-1.227439	-0.00041663	3168.216	-0.001525902	5	5	-1.228975	0	0	0	0	0	0	0	0	0	0	0	0	0	54	0	
2	1474	-1.226825	-0.000415096	3169.216	-0.001525902	5	5	-1.228475	0	0	0	0	0	0	0	0	0	0	0	0	0	54	0	
2	1475	-1.226212	-0.000414606	3170.216	-0.001525902	5	5	-1.227975	0	0	0	0	0	0	0	0	0	0	0	0	0	54	0	
2	1476	-1.225905	-0.000413195	3171.216	-0.001525902	5	5	-1.227475	0	0	0	0	0	0	0	0	0	0	0	0	0	54	0	
2	1477	-1.225292	-0.000411539	3172.216	-0.001525902	5	5	-1.226975	0	0	0	0	0	0	0	0	0	0	0	0	0	54	0	
2	1478	-1.224678	-0.000410189	3173.216	-0.001525902	5	5	-1.226475	0	0	0	0	0	0	0	0	0	0	0	0	0	54	0	
2	1479	-1.224372	-0.000408287	3174.216	-0.001525902	5	5	-1.225975	0	0	0	0	0	0	0	0	0	0	0	0	0	54	0	
2	1480	-1.223758	-0.000406509	3175.216	-0.001525902	5	5	-1.225475	0	0	0	0	0	0	0	0	0	0	0	0	0	54	0	
2	1481	-1.223451	-0.000405098	3176.216	-0.001525902	5	5	-1.224975	0	0	0	0	0	0	0	0	0	0	0	0	0	54	0	
2	1482	-1.222838	-0.000403687	3177.216	-0.001525902	5	5	-1.224475	0	0	0	0	0	0	0	0	0	0	0	0	0	54	0	
2	1483	-1.222225	-0.000402337	3178.216	-0.001525902	5	5	-1.223975	0	0	0	0	0	0	0	0	0	0	0	0	0	54	0	
2	1484	-1.221918	-0.000401356	3179.216	-0.001525902	5	5	-1.223475	0	0	0	0	0	0	0	0	0	0	0	0	0	54	0	
2	1485	-1.221304	-0.000401417	3180.216	-0.001525902	5	5	-1.222975	0	0	0	0	0	0	0	0	0	0	0	0	0	54	0	
2	1486	-1.220691	-0.00040019	3181.216	-0.001525902	5	5	-1.222475	0	0	0	0	0	0	0	0	0	0	0	0	0	54	0	
2	1487	-1.220384	-0.000398657	3182.216	-0.001525902	5	5	-1.221975	0	0	0	0	0	0	0	0	0	0	0	0	0	54	0	
2	1488	-1.219771	-0.000397491	3183.216	-0.001525902	5	5	-1.221475	0	0	0	0	0	0	0	0	0	0	0	0	0	54	0	
2	1489	-1.219464	-0.000396019	3184.216	-0.001525902	5	5	-1.220975	0	0	0	0	0	0	0	0	0	0	0	0	0	54	0	
2	1490	-1.218851	-0.000394854	3185.216	-0.001525902	5	5	-1.220475	0	0	0	0	0	0	0	0	0	0	0	0	0	54	0	
2	1491	-1.218237	-0.000393259	3186.216	-0.001525902	5	5	-1.219975	0	0	0	0	0	0	0	0	0	0	0	0	0	54	0	
2	1492	-1.217624	-0.000392216	3187.216	-0.001525902	5	5	-1.219475	0	0	0	0	0	0	0	0	0	0	0	0	0	54	0	
2	1493	-1.217317	-0.000390867	3188.216	-0.001525902	5	5	-1.218975	0	0	0	0	0	0	0	0	0	0	0	0	0	54	0	
2	1494	-1.216704	-0.000389946	3189.216	-0.001525902	5	5	-1.218475	0	0	0	0	0	0	0	0	0	0	0	0	0	54	0	
2	1495	-1.216397	-0.00038872	3190.216	-0.001525902	5	5	-1.217975	0	0	0	0	0	0	0	0	0	0	0	0	0	54	0	
2	1496	-1.215784	-0.000387063	3191.216	-0.001525902	5	5	-1.217475	0	0	0	0	0	0	0	0	0	0	0	0	0	54	0	
2	1497	-1.21517	-0.000385775	3192.216	-0.001525902	5	5	-1.216975	0	0	0	0	0	0	0	0	0	0	0	0	0	54	0	
2	1498	-1.214864	-0.000384671	3193.216	-0.001525902	5	5	-1.216475	0	0	0	0	0	0	0	0	0	0	0	0	0	54	0	
2	1499	-1.21425	-0.000383444	3194.216	-0.001525902	5	5	-1.215975	0	0	0	0	0	0	0	0	0	0	0	0	0	54	0	
2	1500	-1.213637	-0.000382033	3195.216	-0.001525902	5	5	-1.215475	0	0	0	0	0	0	0	0	0	0	0	0	0	54	0	
2	1501	-1.21333	-0.000380745	3196.216	-0.001525902	5	5	-1.214975	0	0	0	0	0	0	0	0	0	0	0	0	0	54	0	
2	1502	-1.212717	-0.00037958	3197.216	-0.001525902	5	5	-1.214475	0	0	0	0	0	0	0	0	0	0	0	0	0	54	0	
2	1503	-1.212103	-0.000378537	3198.216	-0.001525902	5	5	-1.213975	0	0	0	0	0	0	0	0	0	0	0	0	0	54	0	
2	1504	-1.211797	-0.000377433	3199.216	-0.001525902	5	5	-1.213475	0	0	0	0	0	0	0	0	0	0	0	0	0	54	0	
2	1505	-1.211183	-0.000376206	3200.216	-0.001525902	5	5	-1.212975	0	0	0	0	0	0	0	0	0	0	0	0	0	54	0	
2	1506	-1.210876	-0.000375041	3201.216	-0.001525902	5	5	-1.212475	0	0	0	0	0	0	0	0	0	0	0	0	0	54	0	
2	1507	-1.210263	-0.000373936	3202.216	-0.001525902	5	5	-1.211975	0	0	0	0	0	0	0	0	0	0	0	0	0	54	0	
2	1508	-1.209956	-0.000372403	3203.216	-0.001525902	5	5	-1.211475	0	0	0	0	0	0	0	0	0	0	0	0	0	54	0	
2	1509	-1.209343	-0.000371115	3204.216	-0.001525902	5	5	-1.210975	0	0	0	0	0	0	0	0	0	0	0	0	0	54	0	
2	1510	-1.20873	-0.00036952	3205.216	-0.001525902	5	5	-1.210475	0	0	0	0	0	0	0	0	0	0	0	0	0	54	0	
2	1511	-1.208423	-0.000367986	3206.216	-0.001525902	5	5	-1.209975	0	0	0	0	0	0	0	0	0	0	0	0	0	54	0	
2	1512	-1.207809	-0.000366637	3207.216	-0.001525902	5	5	-1.209475	0	0	0	0	0	0	0	0	0	0	0	0	0	54	0	
2	1513	-1.207196	-0.000365778	3208.216	-0.001525902	5	5	-1.208975	0	0	0	0	0	0	0	0	0	0	0	0	0	54	0	
2	1514	-1.206889	-0.000364428	3209.216	-0.001525902	5	5	-1.208475	0	0	0	0	0	0	0	0	0	0	0	0	0	54	0	
2	1515	-1.206276	-0.000363079	3210.216	-0.001525902	5	5	-1.207975	0	0	0	0	0	0	0	0	0	0	0	0	0	54	0	
2	1516	-1.205662	-0.000362711	3211.216	-0.001525902	5	5	-1.207475	0	0	0	0	0	0	0	0	0	0	0	0	0	54	0	
2	1517	-1.205356	-0.000362159	3212.216	-0.001525902	5	5	-1.206975	0	0	0	0	0	0	0	0	0	0	0	0	0	54	0	
2	1518	-1.204742	-0.000360748	3213.216	-0.001525902	5	5	-1.206475	0	0	0	0	0	0	0	0	0	0	0	0	0	54	0	
2	1519	-1.204436	-0.000359889	3214.216	-0.001525902	5	5	-1.205975	0	0	0	0	0	0	0	0	0	0	0	0	0	54	0	
2	1520	-1.203822	-0.000359521	3215.216	-0.001525902	5	5	-1.205475	0	0	0	0	0	0	0	0	0	0	0	0	0	54	0	
2	1521	-1.203209	-0.000358478	3216.216	-0.001525902	5	5	-1.204975	0	0	0	0	0	0	0	0	0	0	0	0	0	54	0	
2	1522	-1.202902	-0.000357129	3217.216	-0.001525902	5	5	-1.204475	0	0	0	0	0	0	0	0	0	0	0	0	0	54	0	
2	1523	-1.202289	-0.000356147	3218.216	-0.001525902	5	5	-1.203975	0	0	0	0	0	0	0	0	0	0	0	0	0	54	0	
2	1524	-1.201675	-0.000354982	3219.216	-0.001525902	5	5	-1.203475	0	0	0	0	0	0	0	0	0	0	0	0	0	54	0	
2	1525	-1.201369	-0.000353755	3220.216	-0.001525902	5	5	-1.202975	0	0	0	0	0	0	0	0	0	0	0	0	0	54	0	
2	1526	-1.200755	-0.000352774	3221.216	-0.001525902	5	5	-1.202475	0	0	0	0	0	0	0	0	0	0	0	0	0	54	0	
2	1527	-1.200448	-0.000351792	3222.216	-0.001525902	5	5	-1.201975	0	0	0	0	0	0	0	0	0	0	0	0	0	54	0	
2	1528	-1.199835	-0.000350749	3223.216	-0.001525902	5	5	-1.201475	0	0	0	0	0	0	0	0	0	0	0	0	0	54	0	
2	1529	-1.199222	-0.000349829	3224.216	-0.001525902	5	5	-1.200975	0	0	0	0	0	0	0	0	0	0	0	0	0	54	0	
2	1530	-1.198915	-0.000349523	3225.216	-0.001525902	5	5	-1.200475	0	0	0	0	0	0	0	0	0	0	0	0	0	54	0	
2	1531	-1.198302	-0.000348357	3226.216	-0.001525902	5	5	-1.199975	0	0	0	0	0	0	0	0	0	0	0	0	0	54	0	
2	1532	-1.197688	-0.000347008	3227.216	-0.001525902	5	5	-1.199475	0	0	0	0	0	0	0	0	0	0	0	0	0	54	0	
2	1533	-1.197381	-0.000346026	3228.216	-0.001525902	5	5	-1.198975	0	0	0	0	0	0	0	0	0	0	0	0	0	54	0	
2	1534	-1.196768	-0.000344799	3229.216	-0.001525902	5	5	-1.198475	0	0	0	0	0	0	0	0	0	0	0	0	0	54	0	
2	1535	-1.196461	-0.000343634	3230.216	-0.001525902	5	5	-1.197975	0	0	0	0	0	0	0	0	0	0	0	0	0	54	0	
2	1536	-1.195848	-0.000342468	3231.216	-0.001525902	5	5	-1.197475	0	0	0	0	0	0	0	0	0	0	0	0	0	54	0	
2	1537	-1.195234	-0.000341241	3232.216	-0.001525902	5	5	-1.196975	0	0	0	0	0	0	0	0	0	0	0	0	0	54	0	
2	1538	-1.194928	-0.000340076	3233.216	-0.001525902	5	5	-1.196475	0	0	0	0	0	0	0	0	0	0	0	0	0	54	0	
2	1539	-1.194314	-0.000338972	3234.216	-0.001525902	5	5	-1.195975	0	0	0	0	0	0	0	0	0	0	0	0	0	54	0	
2	1540	-1.193701	-0.000337806	3235.216	-0.001525902	5	5	-1.195475	0	0	0	0	0	0	0	0	0	0	0	0	0	54	0	
2	1541	-1.193394	-0.00033658	3236.216	-0.001525902	5	5	-1.194975	0	0	0	0	0	0	0	0	0	0	0	0	0	54	0	
2	1542	-1.192781	-0.00033615	3237.216	-0.001525902	5	5	-1.194475	0	0	0	0	0	0	0	0	0	0	0	0	0	54	0	
2	1543	-1.192474	-0.000334862	3238.216	-0.001525902	5	5	-1.193975	0	0	0	0	0	0	0	0	0	0	0	0	0	54	0	
2	1544	-1.191861	-0.000333635	3239.216	-0.001525902	5	5	-1.193475	0	0	0	0	0	0	0	0	0	0	0	0	0	54	0	
2	1545	-1.191247	-0.000332531	3240.216	-0.001525902	5	5	-1.192975	0	0	0	0	0	0	0	0	0	0	0	0	0	54	0	
2	1546	-1.190634	-0.000331856	3241.216	-0.001525902	5	5	-1.192475	0	0	0	0	0	0	0	0	0	0	0	0	0	54	0	
2	1547	-1.190327	-0.000330875	3242.216	-0.001525902	5	5	-1.191975	0	0	0	0	0	0	0	0	0	0	0	0	0	54	0	
2	1548	-1.189714	-0.000329587	3243.216	-0.001525902	5	5	-1.191475	0	0	0	0	0	0	0	0	0	0	0	0	0	54	0	
2	1549	-1.189407	-0.000328421	3244.216	-0.001525902	5	5	-1.190975	0	0	0	0	0	0	0	0	0	0	0	0	0	54	0	
2	1550	-1.188794	-0.000326949	3245.216	-0.001525902	5	5	-1.190475	0	0	0	0	0	0	0	0	0	0	0	0	0	54	0	
2	1551	-1.188487	-0.000325906	3246.216	-0.001525902	5	5	-1.189975	0	0	0	0	0	0	0	0	0	0	0	0	0	54	0	
2	1552	-1.187873	-0.000325109	3247.216	-0.001525902	5	5	-1.189475	0	0	0	0	0	0	0	0	0	0	0	0	0	54	0	
2	1553	-1.18726	-0.000324373	3248.216	-0.001525902	5	5	-1.188975	0	0	0	0	0	0	0	0	0	0	0	0	0	54	0	
2	1554	-1.186953	-0.000323452	3249.216	-0.001525902	5	5	-1.188475	0	0	0	0	0	0	0	0	0	0	0	0	0	54	0	
2	1555	-1.18634	-0.000322164	3250.216	-0.001525902	5	5	-1.187975	0	0	0	0	0	0	0	0	0	0	0	0	0	54	0	
2	1556	-1.185727	-0.000321244	3251.216	-0.001525902	5	5	-1.187475	0	0	0	0	0	0	0	0	0	0	0	0	0	54	0	
2	1557	-1.185113	-0.000320508	3252.216	-0.001525902	5	5	-1.186975	0	0	0	0	0	0	0	0	0	0	0	0	0	54	0	
2	1558	-1.184806	-0.000319527	3253.216	-0.001525902	5	5	-1.186475	0	0	0	0	0	0	0	0	0	0	0	0	0	54	0	
2	1559	-1.184193	-0.000318607	3254.216	-0.001525902	5	5	-1.185975	0	0	0	0	0	0	0	0	0	0	0	0	0	54	0	
2	1560	-1.183886	-0.000317441	3255.216	-0.001525902	5	5	-1.185475	0	0	0	0	0	0	0	0	0	0	0	0	0	54	0	
2	1561	-1.183273	-0.000316276	3256.216	-0.001525902	5	5	-1.184975	0	0	0	0	0	0	0	0	0	0	0	0	0	54	0	
2	1562	-1.182966	-0.000315294	3257.216	-0.001525902	5	5	-1.184475	0	0	0	0	0	0	0	0	0	0	0	0	0	54	0	
2	1563	-1.182353	-0.000314558	3258.216	-0.001525902	5	5	-1.183975	0	0	0	0	0	0	0	0	0	0	0	0	0	54	0	
2	1564	-1.181739	-0.000313515	3259.216	-0.001525902	5	5	-1.183475	0	0	0	0	0	0	0	0	0	0	0	0	0	54	0	
2	1565	-1.181433	-0.000312288	3260.216	-0.001525902	5	5	-1.182975	0	0	0	0	0	0	0	0	0	0	0	0	0	54	0	
2	1566	-1.180819	-0.000311491	3261.216	-0.001525902	5	5	-1.182475	0	0	0	0	0	0	0	0	0	0	0	0	0	54	0	
2	1567	-1.180513	-0.000310387	3262.216	-0.001525902	5	5	-1.181975	0	0	0	0	0	0	0	0	0	0	0	0	0	54	0	
2	1568	-1.179899	-0.000309712	3263.216	-0.001525902	5	5	-1.181475	0	0	0	0	0	0	0	0	0	0	0	0	0	54	0	
2	1569	-1.179286	-0.000308485	3264.216	-0.001525902	5	5	-1.180975	0	0	0	0	0	0	0	0	0	0	0	0	0	54	0	
2	1570	-1.178979	-0.000307565	3265.216	-0.001525902	5	5	-1.180475	0	0	0	0	0	0	0	0	0	0	0	0	0	54	0	
2	1571	-1.178366	-0.000306277	3266.216	-0.001525902	5	5	-1.179975	0	0	0	0	0	0	0	0	0	0	0	0	0	54	0	
2	1572	-1.178059	-0.00030505	3267.216	-0.001525902	5	5	-1.179475	0	0	0	0	0	0	0	0	0	0	0	0	0	54	0	
2	1573	-1.177445	-0.000303823	3268.216	-0.001525902	5	5	-1.178975	0	0	0	0	0	0	0	0	0	0	0	0	0	54	0	
2	1574	-1.176832	-0.000302842	3269.216	-0.001525902	5	5	-1.178475	0	0	0	0	0	0	0	0	0	0	0	0	0	54	0	
2	1575	-1.176525	-0.000301738	3270.216	-0.001525902	5	5	-1.177975	0	0	0	0	0	0	0	0	0	0	0	0	0	54	0	
2	1576	-1.175912	-0.000301247	3271.216	-0.001525902	5	5	-1.179428	0	0	0	0	0	0	0	0	0	0	0	0	0	54	0	
2	1577	-1.175605	-0.000300265	3272.216	-0.001525902	5	5	-1.176975	0	0	0	0	0	0	0	0	0	0	0	0	0	54	0	
2	1578	-1.174992	-0.000299161	3273.216	-0.001525902	5	5	-1.176475	0	0	0	0	0	0	0	0	0	0	0	0	0	54	0	
2	1579	-1.174378	-0.000298119	3274.216	-0.001525902	5	5	-1.175975	0	0	0	0	0	0	0	0	0	0	0	0	0	54	0	
2	1580	-1.174072	-0.000297014	3275.216	-0.001525902	5	5	-1.175475	0	0	0	0	0	0	0	0	0	0	0	0	0	54	0	
2	1581	-1.173458	-0.000296033	3276.216	-0.001525902	5	5	-1.174975	0	0	0	0	0	0	0	0	0	0	0	0	0	54	0	
2	1582	-1.172845	-0.000295051	3277.216	-0.001525902	5	5	-1.174475	0	0	0	0	0	0	0	0	0	0	0	0	0	54	0	
2	1583	-1.172538	-0.000294622	3278.216	-0.001525902	5	5	-1.173975	0	0	0	0	0	0	0	0	0	0	0	0	0	54	0	
2	1584	-1.171925	-0.000293579	3279.216	-0.001525902	5	5	-1.173475	0	0	0	0	0	0	0	0	0	0	0	0	0	54	0	
2	1585	-1.171618	-0.000292352	3280.216	-0.001525902	5	5	-1.172975	0	0	0	0	0	0	0	0	0	0	0	0	0	54	0	
2	1586	-1.171005	-0.000291616	3281.216	-0.001525902	5	5	-1.172475	0	0	0	0	0	0	0	0	0	0	0	0	0	54	0	
2	1587	-1.170391	-0.000290942	3282.216	-0.001525902	5	5	-1.171975	0	0	0	0	0	0	0	0	0	0	0	0	0	54	0	
2	1588	-1.169778	-0.000289837	3283.216	-0.001525902	5	5	-1.171475	0	0	0	0	0	0	0	0	0	0	0	0	0	54	0	
2	1589	-1.169471	-0.000288856	3284.216	-0.001525902	5	5	-1.170975	0	0	0	0	0	0	0	0	0	0	0	0	0	54	0	
2	1590	-1.168858	-0.000287813	3285.216	-0.001525902	5	5	-1.170475	0	0	0	0	0	0	0	0	0	0	0	0	0	54	0	
2	1591	-1.168551	-0.000286954	3286.216	-0.001525902	5	5	-1.169975	0	0	0	0	0	0	0	0	0	0	0	0	0	54	0	
2	1592	-1.167938	-0.000285789	3287.216	-0.001525902	5	5	-1.169475	0	0	0	0	0	0	0	0	0	0	0	0	0	54	0	
2	1593	-1.167631	-0.000284869	3288.216	-0.001525902	5	5	-1.168975	0	0	0	0	0	0	0	0	0	0	0	0	0	54	0	
2	1594	-1.167017	-0.000283519	3289.216	-0.001525902	5	5	-1.168475	0	0	0	0	0	0	0	0	0	0	0	0	0	54	0	
2	1595	-1.166404	-0.000282783	3290.216	-0.001525902	5	5	-1.167975	0	0	0	0	0	0	0	0	0	0	0	0	0	54	0	
2	1596	-1.166097	-0.00028174	3291.216	-0.001525902	5	5	-1.167475	0	0	0	0	0	0	0	0	0	0	0	0	0	54	0	
2	1597	-1.165484	-0.000281004	3292.216	-0.001525902	5	5	-1.166975	0	0	0	0	0	0	0	0	0	0	0	0	0	54	0	
2	1598	-1.164871	-0.0002799	3293.216	-0.001525902	5	5	-1.166475	0	0	0	0	0	0	0	0	0	0	0	0	0	54	0	
2	1599	-1.164564	-0.000279655	3294.216	-0.001525902	5	5	-1.165975	0	0	0	0	0	0	0	0	0	0	0	0	0	54	0	
2	1600	-1.16395	-0.000278612	3295.216	-0.001525902	5	5	-1.165475	0	0	0	0	0	0	0	0	0	0	0	0	0	54	0	
2	1601	-1.163644	-0.000277692	3296.216	-0.001525902	5	5	-1.164975	0	0	0	0	0	0	0	0	0	0	0	0	0	54	0	
2	1602	-1.16303	-0.000276588	3297.216	-0.001525902	5	5	-1.164475	0	0	0	0	0	0	0	0	0	0	0	0	0	54	0	
2	1603	-1.162417	-0.000275361	3298.216	-0.001525902	5	5	-1.163975	0	0	0	0	0	0	0	0	0	0	0	0	0	54	0	
2	1604	-1.16211	-0.000274686	3299.216	-0.001525902	5	5	-1.163475	0	0	0	0	0	0	0	0	0	0	0	0	0	54	0	
2	1605	-1.161497	-0.000274011	3300.216	-0.001525902	5	5	-1.162975	0	0	0	0	0	0	0	0	0	0	0	0	0	54	0	
2	1606	-1.160883	-0.000273091	3301.216	-0.001525902	5	5	-1.162475	0	0	0	0	0	0	0	0	0	0	0	0	0	54	0	
2	1607	-1.160577	-0.000272171	3302.216	-0.001525902	5	5	-1.161975	0	0	0	0	0	0	0	0	0	0	0	0	0	54	0	
2	1608	-1.159963	-0.000271742	3303.216	-0.001525902	5	5	-1.161475	0	0	0	0	0	0	0	0	0	0	0	0	0	54	0	
2	1609	-1.15935	-0.000270699	3304.216	-0.001525902	5	5	-1.160975	0	0	0	0	0	0	0	0	0	0	0	0	0	54	0	
2	1610	-1.159043	-0.000269718	3305.216	-0.001525902	5	5	-1.160475	0	0	0	0	0	0	0	0	0	0	0	0	0	54	0	
2	1611	-1.15843	-0.00026892	3306.216	-0.001525902	5	5	-1.159975	0	0	0	0	0	0	0	0	0	0	0	0	0	54	0	
2	1612	-1.158123	-0.000268	3307.216	-0.001525902	5	5	-1.159475	0	0	0	0	0	0	0	0	0	0	0	0	0	54	0	
2	1613	-1.15751	-0.00026708	3308.216	-0.001525902	5	5	-1.158975	0	0	0	0	0	0	0	0	0	0	0	0	0	54	0	
2	1614	-1.156896	-0.00026616	3309.216	-0.001525902	5	5	-1.158475	0	0	0	0	0	0	0	0	0	0	0	0	0	54	0	
2	1615	-1.156589	-0.00026524	3310.216	-0.001525902	5	5	-1.157975	0	0	0	0	0	0	0	0	0	0	0	0	0	54	0	
2	1616	-1.155976	-0.00026432	3311.216	-0.001525902	5	5	-1.157475	0	0	0	0	0	0	0	0	0	0	0	0	0	54	0	
2	1617	-1.155669	-0.000263399	3312.216	-0.001525902	5	5	-1.156975	0	0	0	0	0	0	0	0	0	0	0	0	0	54	0	
2	1618	-1.155056	-0.000262909	3313.216	-0.001525902	5	5	-1.156475	0	0	0	0	0	0	0	0	0	0	0	0	0	54	0	
2	1619	-1.154443	-0.000261989	3314.216	-0.001525902	5	5	-1.155975	0	0	0	0	0	0	0	0	0	0	0	0	0	54	0	
2	1620	-1.154136	-0.000261375	3315.216	-0.001525902	5	5	-1.155475	0	0	0	0	0	0	0	0	0	0	0	0	0	54	0	
2	1621	-1.153522	-0.000260578	3316.216	-0.001525902	5	5	-1.154975	0	0	0	0	0	0	0	0	0	0	0	0	0	54	0	
2	1622	-1.152909	-0.000259535	3317.216	-0.001525902	5	5	-1.154475	0	0	0	0	0	0	0	0	0	0	0	0	0	54	0	
2	1623	-1.152602	-0.000259106	3318.216	-0.001525902	5	5	-1.153975	0	0	0	0	0	0	0	0	0	0	0	0	0	54	0	
2	1624	-1.151989	-0.000258124	3319.216	-0.001525902	5	5	-1.153475	0	0	0	0	0	0	0	0	0	0	0	0	0	54	0	
2	1625	-1.151375	-0.000257204	3320.216	-0.001525902	5	5	-1.152975	0	0	0	0	0	0	0	0	0	0	0	0	0	54	0	
2	1626	-1.151069	-0.000256345	3321.216	-0.001525902	5	5	-1.152475	0	0	0	0	0	0	0	0	0	0	0	0	0	54	0	
2	1627	-1.150455	-0.00025567	3322.216	-0.001525902	5	5	-1.151975	0	0	0	0	0	0	0	0	0	0	0	0	0	54	0	
2	1628	-1.150149	-0.000254444	3323.216	-0.001525902	5	5	-1.151475	0	0	0	0	0	0	0	0	0	0	0	0	0	54	0	
2	1629	-1.149535	-0.000253646	3324.216	-0.001525902	5	5	-1.150975	0	0	0	0	0	0	0	0	0	0	0	0	0	54	0	
2	1630	-1.148922	-0.00025291	3325.216	-0.001525902	5	5	-1.150475	0	0	0	0	0	0	0	0	0	0	0	0	0	54	0	
2	1631	-1.148615	-0.000252235	3326.216	-0.001525902	5	5	-1.149975	0	0	0	0	0	0	0	0	0	0	0	0	0	54	0	
2	1632	-1.148002	-0.000251315	3327.216	-0.001525902	5	5	-1.149475	0	0	0	0	0	0	0	0	0	0	0	0	0	54	0	
2	1633	-1.147695	-0.000250579	3328.216	-0.001525902	5	5	-1.148975	0	0	0	0	0	0	0	0	0	0	0	0	0	54	0	
2	1634	-1.147081	-0.000249659	3329.216	-0.001525902	5	5	-1.148475	0	0	0	0	0	0	0	0	0	0	0	0	0	54	0	
2	1635	-1.146468	-0.000248862	3330.216	-0.001525902	5	5	-1.147975	0	0	0	0	0	0	0	0	0	0	0	0	0	54	0	
2	1636	-1.146161	-0.000248064	3331.216	-0.001525902	5	5	-1.147475	0	0	0	0	0	0	0	0	0	0	0	0	0	54	0	
2	1637	-1.145548	-0.000247205	3332.216	-0.001525902	5	5	-1.146975	0	0	0	0	0	0	0	0	0	0	0	0	0	54	0	
2	1638	-1.145241	-0.000246224	3333.216	-0.001525902	5	5	-1.146475	0	0	0	0	0	0	0	0	0	0	0	0	0	54	0	
2	1639	-1.144628	-0.000245181	3334.216	-0.001525902	5	5	-1.145975	0	0	0	0	0	0	0	0	0	0	0	0	0	54	0	
2	1640	-1.144014	-0.000244322	3335.216	-0.001525902	5	5	-1.145475	0	0	0	0	0	0	0	0	0	0	0	0	0	54	0	
2	1641	-1.143401	-0.000243341	3336.216	-0.001525902	5	5	-1.144975	0	0	0	0	0	0	0	0	0	0	0	0	0	54	0	
2	1642	-1.143094	-0.000242543	3337.216	-0.001525902	5	5	-1.144475	0	0	0	0	0	0	0	0	0	0	0	0	0	54	0	
2	1643	-1.142481	-0.000241807	3338.216	-0.001525902	5	5	-1.143975	0	0	0	0	0	0	0	0	0	0	0	0	0	54	0	
2	1644	-1.142174	-0.000241317	3339.216	-0.001525902	5	5	-1.143475	0	0	0	0	0	0	0	0	0	0	0	0	0	54	0	
2	1645	-1.141561	-0.000240396	3340.216	-0.001525902	5	5	-1.142975	0	0	0	0	0	0	0	0	0	0	0	0	0	54	0	
2	1646	-1.140947	-0.000239538	3341.216	-0.001525902	5	5	-1.142475	0	0	0	0	0	0	0	0	0	0	0	0	0	54	0	
2	1647	-1.140641	-0.000238618	3342.216	-0.001525902	5	5	-1.141975	0	0	0	0	0	0	0	0	0	0	0	0	0	54	0	
2	1648	-1.140027	-0.000237697	3343.216	-0.001525902	5	5	-1.141475	0	0	0	0	0	0	0	0	0	0	0	0	0	54	0	
2	1649	-1.139721	-0.000237023	3344.216	-0.001525902	5	5	-1.140975	0	0	0	0	0	0	0	0	0	0	0	0	0	54	0	
2	1650	-1.139107	-0.000236409	3345.216	-0.001525902	5	5	-1.140475	0	0	0	0	0	0	0	0	0	0	0	0	0	54	0	
2	1651	-1.138494	-0.000235489	3346.216	-0.001525902	5	5	-1.139975	0	0	0	0	0	0	0	0	0	0	0	0	0	54	0	
2	1652	-1.138187	-0.000234692	3347.216	-0.001525902	5	5	-1.139475	0	0	0	0	0	0	0	0	0	0	0	0	0	54	0	
2	1653	-1.137574	-0.000233833	3348.216	-0.001525902	5	5	-1.138975	0	0	0	0	0	0	0	0	0	0	0	0	0	54	0	
2	1654	-1.13696	-0.000232974	3349.216	-0.001525902	5	5	-1.138475	0	0	0	0	0	0	0	0	0	0	0	0	0	54	0	
2	1655	-1.136654	-0.000232115	3350.216	-0.001525902	5	5	-1.137975	0	0	0	0	0	0	0	0	0	0	0	0	0	54	0	
2	1656	-1.13604	-0.000231195	3351.216	-0.001525902	5	5	-1.137475	0	0	0	0	0	0	0	0	0	0	0	0	0	54	0	
2	1657	-1.135427	-0.000230275	3352.216	-0.001525902	5	5	-1.136975	0	0	0	0	0	0	0	0	0	0	0	0	0	54	0	
2	1658	-1.13512	-0.000229478	3353.216	-0.001525902	5	5	-1.136475	0	0	0	0	0	0	0	0	0	0	0	0	0	54	0	
2	1659	-1.134507	-0.000229048	3354.216	-0.001525902	5	5	-1.135975	0	0	0	0	0	0	0	0	0	0	0	0	0	54	0	
2	1660	-1.133893	-0.000228435	3355.216	-0.001525902	5	5	-1.135475	0	0	0	0	0	0	0	0	0	0	0	0	0	54	0	
2	1661	-1.133586	-0.000227821	3356.216	-0.001525902	5	5	-1.134975	0	0	0	0	0	0	0	0	0	0	0	0	0	54	0	
2	1662	-1.132973	-0.000227331	3357.216	-0.001525902	5	5	-1.134475	0	0	0	0	0	0	0	0	0	0	0	0	0	54	0	
2	1663	-1.132666	-0.000226349	3358.216	-0.001525902	5	5	-1.133975	0	0	0	0	0	0	0	0	0	0	0	0	0	54	0	
2	1664	-1.132053	-0.000225429	3359.216	-0.001525902	5	5	-1.133475	0	0	0	0	0	0	0	0	0	0	0	0	0	54	0	
2	1665	-1.13144	-0.000224509	3360.216	-0.001525902	5	5	-1.132975	0	0	0	0	0	0	0	0	0	0	0	0	0	54	0	
2	1666	-1.131133	-0.000223712	3361.216	-0.001525902	5	5	-1.132475	0	0	0	0	0	0	0	0	0	0	0	0	0	54	0	
2	1667	-1.130519	-0.000222853	3362.216	-0.001525902	5	5	-1.131975	0	0	0	0	0	0	0	0	0	0	0	0	0	54	0	
2	1668	-1.129906	-0.000222239	3363.216	-0.001525902	5	5	-1.131475	0	0	0	0	0	0	0	0	0	0	0	0	0	54	0	
2	1669	-1.129599	-0.000221442	3364.216	-0.001525902	5	5	-1.130975	0	0	0	0	0	0	0	0	0	0	0	0	0	54	0	
2	1670	-1.128986	-0.000220767	3365.216	-0.001525902	5	5	-1.130475	0	0	0	0	0	0	0	0	0	0	0	0	0	54	0	
2	1671	-1.128679	-0.00021997	3366.216	-0.001525902	5	5	-1.129975	0	0	0	0	0	0	0	0	0	0	0	0	0	54	0	
2	1672	-1.128066	-0.000219234	3367.216	-0.001525902	5	5	-1.129475	0	0	0	0	0	0	0	0	0	0	0	0	0	54	0	
2	1673	-1.127452	-0.00021905	3368.216	-0.001525902	5	5	-1.128975	0	0	0	0	0	0	0	0	0	0	0	0	0	54	0	
2	1674	-1.127146	-0.000218191	3369.216	-0.001525902	5	5	-1.128475	0	0	0	0	0	0	0	0	0	0	0	0	0	54	0	
2	1675	-1.126532	-0.000217332	3370.216	-0.001525902	5	5	-1.127975	0	0	0	0	0	0	0	0	0	0	0	0	0	54	0	
2	1676	-1.125919	-0.000216535	3371.216	-0.001525902	5	5	-1.127475	0	0	0	0	0	0	0	0	0	0	0	0	0	54	0	
2	1677	-1.125612	-0.000215615	3372.216	-0.001525902	5	5	-1.126975	0	0	0	0	0	0	0	0	0	0	0	0	0	54	0	
2	1678	-1.124999	-0.000214878	3373.216	-0.001525902	5	5	-1.126475	0	0	0	0	0	0	0	0	0	0	0	0	0	54	0	
2	1679	-1.124385	-0.000213958	3374.216	-0.001525902	5	5	-1.125975	0	0	0	0	0	0	0	0	0	0	0	0	0	54	0	
2	1680	-1.124079	-0.000213284	3375.216	-0.001525902	5	5	-1.125475	0	0	0	0	0	0	0	0	0	0	0	0	0	54	0	
2	1681	-1.123772	-0.000212486	3376.216	-0.001525902	5	5	-1.124975	0	0	0	0	0	0	0	0	0	0	0	0	0	54	0	
2	1682	-1.123158	-0.000211689	3377.216	-0.001525902	5	5	-1.124475	0	0	0	0	0	0	0	0	0	0	0	0	0	54	0	
2	1683	-1.122545	-0.000210953	3378.216	-0.001525902	5	5	-1.123975	0	0	0	0	0	0	0	0	0	0	0	0	0	54	0	
2	1684	-1.121932	-0.000210094	3379.216	-0.001525902	5	5	-1.123475	0	0	0	0	0	0	0	0	0	0	0	0	0	54	0	
2	1685	-1.121625	-0.000209296	3380.216	-0.001525902	5	5	-1.122975	0	0	0	0	0	0	0	0	0	0	0	0	0	54	0	
2	1686	-1.121011	-0.000209051	3381.216	-0.001525902	5	5	-1.122475	0	0	0	0	0	0	0	0	0	0	0	0	0	54	0	
2	1687	-1.120705	-0.000208192	3382.216	-0.001525902	5	5	-1.121975	0	0	0	0	0	0	0	0	0	0	0	0	0	54	0	
2	1688	-1.120091	-0.000207456	3383.216	-0.001525902	5	5	-1.121475	0	0	0	0	0	0	0	0	0	0	0	0	0	54	0	
2	1689	-1.119478	-0.000206597	3384.216	-0.001525902	5	5	-1.120975	0	0	0	0	0	0	0	0	0	0	0	0	0	54	0	
2	1690	-1.118865	-0.0002058	3385.216	-0.001525902	5	5	-1.120475	0	0	0	0	0	0	0	0	0	0	0	0	0	54	0	
2	1691	-1.118558	-0.000205125	3386.216	-0.001525902	5	5	-1.119975	0	0	0	0	0	0	0	0	0	0	0	0	0	54	0	
2	1692	-1.118251	-0.000204389	3387.216	-0.001525902	5	5	-1.119475	0	0	0	0	0	0	0	0	0	0	0	0	0	54	0	
2	1693	-1.117638	-0.00020396	3388.216	-0.001525902	5	5	-1.118975	0	0	0	0	0	0	0	0	0	0	0	0	0	54	0	
2	1694	-1.117024	-0.00020353	3389.216	-0.001525902	5	5	-1.118475	0	0	0	0	0	0	0	0	0	0	0	0	0	54	0	
2	1695	-1.116718	-0.000202549	3390.216	-0.001525902	5	5	-1.117975	0	0	0	0	0	0	0	0	0	0	0	0	0	54	0	
2	1696	-1.116104	-0.000201813	3391.216	-0.001525902	5	5	-1.117475	0	0	0	0	0	0	0	0	0	0	0	0	0	54	0	
2	1697	-1.115491	-0.000201138	3392.216	-0.001525902	5	5	-1.116975	0	0	0	0	0	0	0	0	0	0	0	0	0	54	0	
2	1698	-1.115184	-0.000200402	3393.216	-0.001525902	5	5	-1.116475	0	0	0	0	0	0	0	0	0	0	0	0	0	54	0	
2	1699	-1.114571	-0.000199911	3394.216	-0.001525902	5	5	-1.115975	0	0	0	0	0	0	0	0	0	0	0	0	0	54	0	
2	1700	-1.113957	-0.000199359	3395.216	-0.001525902	5	5	-1.115475	0	0	0	0	0	0	0	0	0	0	0	0	0	54	0	
2	1701	-1.113651	-0.000199052	3396.216	-0.001525902	5	5	-1.116928	0	0	0	0	0	0	0	0	0	0	0	0	0	54	0	
2	1702	-1.113037	-0.000198316	3397.216	-0.001525902	5	5	-1.114475	0	0	0	0	0	0	0	0	0	0	0	0	0	54	0	
2	1703	-1.11273	-0.00019758	3398.216	-0.001525902	5	5	-1.113975	0	0	0	0	0	0	0	0	0	0	0	0	0	54	0	
2	1704	-1.112117	-0.000196783	3399.216	-0.001525902	5	5	-1.113475	0	0	0	0	0	0	0	0	0	0	0	0	0	54	0	
2	1705	-1.111504	-0.000196169	3400.216	-0.001525902	5	5	-1.112975	0	0	0	0	0	0	0	0	0	0	0	0	0	54	0	
2	1706	-1.111197	-0.000195311	3401.216	-0.001525902	5	5	-1.112475	0	0	0	0	0	0	0	0	0	0	0	0	0	54	0	
2	1707	-1.110583	-0.000195004	3402.216	-0.001525902	5	5	-1.111975	0	0	0	0	0	0	0	0	0	0	0	0	0	54	0	
2	1708	-1.110277	-0.000194268	3403.216	-0.001525902	5	5	-1.111475	0	0	0	0	0	0	0	0	0	0	0	0	0	54	0	
2	1709	-1.109663	-0.000193593	3404.216	-0.001525902	5	5	-1.110975	0	0	0	0	0	0	0	0	0	0	0	0	0	54	0	
2	1710	-1.10905	-0.000192734	3405.216	-0.001525902	5	5	-1.110475	0	0	0	0	0	0	0	0	0	0	0	0	0	54	0	
2	1711	-1.108437	-0.000191937	3406.216	-0.001525902	5	5	-1.109975	0	0	0	0	0	0	0	0	0	0	0	0	0	54	0	
2	1712	-1.10813	-0.000191139	3407.216	-0.001525902	5	5	-1.109475	0	0	0	0	0	0	0	0	0	0	0	0	0	54	0	
2	1713	-1.107516	-0.000190526	3408.216	-0.001525902	5	5	-1.108975	0	0	0	0	0	0	0	0	0	0	0	0	0	54	0	
2	1714	-1.10721	-0.00018979	3409.216	-0.001525902	5	5	-1.108475	0	0	0	0	0	0	0	0	0	0	0	0	0	54	0	
2	1715	-1.106596	-0.000189054	3410.216	-0.001525902	5	5	-1.107975	0	0	0	0	0	0	0	0	0	0	0	0	0	54	0	
2	1716	-1.105983	-0.000188563	3411.216	-0.001525902	5	5	-1.107475	0	0	0	0	0	0	0	0	0	0	0	0	0	54	0	
2	1717	-1.105676	-0.00018795	3412.216	-0.001525902	5	5	-1.106975	0	0	0	0	0	0	0	0	0	0	0	0	0	54	0	
2	1718	-1.105063	-0.000187214	3413.216	-0.001525902	5	5	-1.106475	0	0	0	0	0	0	0	0	0	0	0	0	0	54	0	
2	1719	-1.104756	-0.000186661	3414.216	-0.001525902	5	5	-1.105975	0	0	0	0	0	0	0	0	0	0	0	0	0	54	0	
2	1720	-1.104143	-0.000185925	3415.216	-0.001525902	5	5	-1.105475	0	0	0	0	0	0	0	0	0	0	0	0	0	54	0	
2	1721	-1.103529	-0.000185189	3416.216	-0.001525902	5	5	-1.104975	0	0	0	0	0	0	0	0	0	0	0	0	0	54	0	
2	1722	-1.103222	-0.000184576	3417.216	-0.001525902	5	5	-1.104475	0	0	0	0	0	0	0	0	0	0	0	0	0	54	0	
2	1723	-1.102609	-0.000183901	3418.216	-0.001525902	5	5	-1.103975	0	0	0	0	0	0	0	0	0	0	0	0	0	54	0	
2	1724	-1.101996	-0.000183226	3419.216	-0.001525902	5	5	-1.103475	0	0	0	0	0	0	0	0	0	0	0	0	0	54	0	
2	1725	-1.101689	-0.000182613	3420.216	-0.001525902	5	5	-1.102975	0	0	0	0	0	0	0	0	0	0	0	0	0	54	0	
2	1726	-1.101076	-0.000182061	3421.216	-0.001525902	5	5	-1.102475	0	0	0	0	0	0	0	0	0	0	0	0	0	54	0	
2	1727	-1.100462	-0.00018157	3422.216	-0.001525902	5	5	-1.101975	0	0	0	0	0	0	0	0	0	0	0	0	0	54	0	
2	1728	-1.100155	-0.000180834	3423.216	-0.001525902	5	5	-1.101475	0	0	0	0	0	0	0	0	0	0	0	0	0	54	0	
2	1729	-1.099542	-0.000180221	3424.216	-0.001525902	5	5	-1.100975	0	0	0	0	0	0	0	0	0	0	0	0	0	54	0	
2	1730	-1.098929	-0.000179546	3425.216	-0.001525902	5	5	-1.100475	0	0	0	0	0	0	0	0	0	0	0	0	0	54	0	
2	1731	-1.098622	-0.000178932	3426.216	-0.001525902	5	5	-1.099975	0	0	0	0	0	0	0	0	0	0	0	0	0	54	0	
2	1732	-1.098009	-0.00017838	3427.216	-0.001525902	5	5	-1.099475	0	0	0	0	0	0	0	0	0	0	0	0	0	54	0	
2	1733	-1.097702	-0.000177767	3428.216	-0.001525902	5	5	-1.098975	0	0	0	0	0	0	0	0	0	0	0	0	0	54	0	
2	1734	-1.097088	-0.000177154	3429.216	-0.001525902	5	5	-1.098475	0	0	0	0	0	0	0	0	0	0	0	0	0	54	0	
2	1735	-1.096782	-0.00017654	3430.216	-0.001525902	5	5	-1.097975	0	0	0	0	0	0	0	0	0	0	0	0	0	54	0	
2	1736	-1.096168	-0.000175865	3431.216	-0.001525902	5	5	-1.097475	0	0	0	0	0	0	0	0	0	0	0	0	0	54	0	
2	1737	-1.095555	-0.000175988	3432.216	-0.001525902	5	5	-1.096975	0	0	0	0	0	0	0	0	0	0	0	0	0	54	0	
2	1738	-1.094941	-0.000175927	3433.216	-0.001525902	5	5	-1.096475	0	0	0	0	0	0	0	0	0	0	0	0	0	54	0	
2	1739	-1.094635	-0.000175191	3434.216	-0.001525902	5	5	-1.095975	0	0	0	0	0	0	0	0	0	0	0	0	0	54	0	
2	1740	-1.094021	-0.000174455	3435.216	-0.001525902	5	5	-1.095475	0	0	0	0	0	0	0	0	0	0	0	0	0	54	0	
2	1741	-1.093715	-0.00017378	3436.216	-0.001525902	5	5	-1.094975	0	0	0	0	0	0	0	0	0	0	0	0	0	54	0	
2	1742	-1.093101	-0.000173289	3437.216	-0.001525902	5	5	-1.094475	0	0	0	0	0	0	0	0	0	0	0	0	0	54	0	
2	1743	-1.092488	-0.000172676	3438.216	-0.001525902	5	5	-1.093975	0	0	0	0	0	0	0	0	0	0	0	0	0	54	0	
2	1744	-1.092181	-0.000172124	3439.216	-0.001525902	5	5	-1.093475	0	0	0	0	0	0	0	0	0	0	0	0	0	54	0	
2	1745	-1.091568	-0.000171572	3440.216	-0.001525902	5	5	-1.092975	0	0	0	0	0	0	0	0	0	0	0	0	0	54	0	
2	1746	-1.091261	-0.000170958	3441.216	-0.001525902	5	5	-1.092475	0	0	0	0	0	0	0	0	0	0	0	0	0	54	0	
2	1747	-1.090648	-0.000170406	3442.216	-0.001525902	5	5	-1.091975	0	0	0	0	0	0	0	0	0	0	0	0	0	54	0	
2	1748	-1.090034	-0.000169854	3443.216	-0.001525902	5	5	-1.091475	0	0	0	0	0	0	0	0	0	0	0	0	0	54	0	
2	1749	-1.089727	-0.000169179	3444.216	-0.001525902	5	5	-1.090975	0	0	0	0	0	0	0	0	0	0	0	0	0	54	0	
2	1750	-1.089114	-0.000168566	3445.216	-0.001525902	5	5	-1.090475	0	0	0	0	0	0	0	0	0	0	0	0	0	54	0	
2	1751	-1.088501	-0.000167952	3446.216	-0.001525902	5	5	-1.089975	0	0	0	0	0	0	0	0	0	0	0	0	0	54	0	
2	1752	-1.088194	-0.0001674	3447.216	-0.001525902	5	5	-1.089475	0	0	0	0	0	0	0	0	0	0	0	0	0	54	0	
2	1753	-1.087581	-0.00016691	3448.216	-0.001525902	5	5	-1.088975	0	0	0	0	0	0	0	0	0	0	0	0	0	54	0	
2	1754	-1.086967	-0.000166358	3449.216	-0.001525902	5	5	-1.088475	0	0	0	0	0	0	0	0	0	0	0	0	0	54	0	
2	1755	-1.08666	-0.000165805	3450.216	-0.001525902	5	5	-1.087975	0	0	0	0	0	0	0	0	0	0	0	0	0	54	0	
2	1756	-1.086047	-0.000165192	3451.216	-0.001525902	5	5	-1.087475	0	0	0	0	0	0	0	0	0	0	0	0	0	54	0	
2	1757	-1.085434	-0.000164517	3452.216	-0.001525902	5	5	-1.086975	0	0	0	0	0	0	0	0	0	0	0	0	0	54	0	
2	1758	-1.085127	-0.000163904	3453.216	-0.001525902	5	5	-1.086475	0	0	0	0	0	0	0	0	0	0	0	0	0	54	0	
2	1759	-1.084513	-0.000163352	3454.216	-0.001525902	5	5	-1.085975	0	0	0	0	0	0	0	0	0	0	0	0	0	54	0	
2	1760	-1.0839	-0.000162738	3455.216	-0.001525902	5	5	-1.085475	0	0	0	0	0	0	0	0	0	0	0	0	0	54	0	
2	1761	-1.083593	-0.000162309	3456.216	-0.001525902	5	5	-1.084975	0	0	0	0	0	0	0	0	0	0	0	0	0	54	0	
2	1762	-1.08298	-0.000161757	3457.216	-0.001525902	5	5	-1.084475	0	0	0	0	0	0	0	0	0	0	0	0	0	54	0	
2	1763	-1.082673	-0.000161144	3458.216	-0.001525902	5	5	-1.083975	0	0	0	0	0	0	0	0	0	0	0	0	0	54	0	
2	1764	-1.08206	-0.000160591	3459.216	-0.001525902	5	5	-1.083475	0	0	0	0	0	0	0	0	0	0	0	0	0	54	0	
2	1765	-1.081446	-0.000160346	3460.216	-0.001525902	5	5	-1.082975	0	0	0	0	0	0	0	0	0	0	0	0	0	54	0	
2	1766	-1.08114	-0.000159733	3461.216	-0.001525902	5	5	-1.082475	0	0	0	0	0	0	0	0	0	0	0	0	0	54	0	
2	1767	-1.080526	-0.000159181	3462.216	-0.001525902	5	5	-1.081975	0	0	0	0	0	0	0	0	0	0	0	0	0	54	0	
2	1768	-1.08022	-0.000158567	3463.216	-0.001525902	5	5	-1.081475	0	0	0	0	0	0	0	0	0	0	0	0	0	54	0	
2	1769	-1.079606	-0.000158138	3464.216	-0.001525902	5	5	-1.080975	0	0	0	0	0	0	0	0	0	0	0	0	0	54	0	
2	1770	-1.078993	-0.000157708	3465.216	-0.001525902	5	5	-1.080475	0	0	0	0	0	0	0	0	0	0	0	0	0	54	0	
2	1771	-1.078686	-0.000157156	3466.216	-0.001525902	5	5	-1.079975	0	0	0	0	0	0	0	0	0	0	0	0	0	54	0	
2	1772	-1.078073	-0.000156727	3467.216	-0.001525902	5	5	-1.079475	0	0	0	0	0	0	0	0	0	0	0	0	0	54	0	
2	1773	-1.077459	-0.000156236	3468.216	-0.001525902	5	5	-1.078975	0	0	0	0	0	0	0	0	0	0	0	0	0	54	0	
2	1774	-1.077152	-0.000155868	3469.216	-0.001525902	5	5	-1.078475	0	0	0	0	0	0	0	0	0	0	0	0	0	54	0	
2	1775	-1.076539	-0.000155316	3470.216	-0.001525902	5	5	-1.077975	0	0	0	0	0	0	0	0	0	0	0	0	0	54	0	
2	1776	-1.076232	-0.000154703	3471.216	-0.001525902	5	5	-1.077475	0	0	0	0	0	0	0	0	0	0	0	0	0	54	0	
2	1777	-1.075619	-0.000154212	3472.216	-0.001525902	5	5	-1.076975	0	0	0	0	0	0	0	0	0	0	0	0	0	54	0	
2	1778	-1.075006	-0.00015366	3473.216	-0.001525902	5	5	-1.076475	0	0	0	0	0	0	0	0	0	0	0	0	0	54	0	
2	1779	-1.074699	-0.000153169	3474.216	-0.001525902	5	5	-1.075975	0	0	0	0	0	0	0	0	0	0	0	0	0	54	0	
2	1780	-1.074085	-0.000152678	3475.216	-0.001525902	5	5	-1.075475	0	0	0	0	0	0	0	0	0	0	0	0	0	54	0	
2	1781	-1.073779	-0.000152126	3476.216	-0.001525902	5	5	-1.074975	0	0	0	0	0	0	0	0	0	0	0	0	0	54	0	
2	1782	-1.073165	-0.000151574	3477.216	-0.001525902	5	5	-1.074475	0	0	0	0	0	0	0	0	0	0	0	0	0	54	0	
2	1783	-1.072552	-0.000151022	3478.216	-0.001525902	5	5	-1.073975	0	0	0	0	0	0	0	0	0	0	0	0	0	54	0	
2	1784	-1.072245	-0.000150531	3479.216	-0.001525902	5	5	-1.073475	0	0	0	0	0	0	0	0	0	0	0	0	0	54	0	
2	1785	-1.071632	-0.000150041	3480.216	-0.001525902	5	5	-1.072975	0	0	0	0	0	0	0	0	0	0	0	0	0	54	0	
2	1786	-1.071018	-0.000149489	3481.216	-0.001525902	5	5	-1.072475	0	0	0	0	0	0	0	0	0	0	0	0	0	54	0	
2	1787	-1.070712	-0.000148998	3482.216	-0.001525902	5	5	-1.071975	0	0	0	0	0	0	0	0	0	0	0	0	0	54	0	
2	1788	-1.070098	-0.000148507	3483.216	-0.001525902	5	5	-1.071475	0	0	0	0	0	0	0	0	0	0	0	0	0	54	0	
2	1789	-1.069485	-0.000148016	3484.216	-0.001525902	5	5	-1.070975	0	0	0	0	0	0	0	0	0	0	0	0	0	54	0	
2	1790	-1.069178	-0.000147526	3485.216	-0.001525902	5	5	-1.070475	0	0	0	0	0	0	0	0	0	0	0	0	0	54	0	
2	1791	-1.068565	-0.000147464	3486.216	-0.001525902	5	5	-1.069975	0	0	0	0	0	0	0	0	0	0	0	0	0	54	0	
2	1792	-1.067951	-0.000147035	3487.216	-0.001525902	5	5	-1.069475	0	0	0	0	0	0	0	0	0	0	0	0	0	54	0	
2	1793	-1.067645	-0.000146606	3488.216	-0.001525902	5	5	-1.068975	0	0	0	0	0	0	0	0	0	0	0	0	0	54	0	
2	1794	-1.067031	-0.000146115	3489.216	-0.001525902	5	5	-1.068475	0	0	0	0	0	0	0	0	0	0	0	0	0	54	0	
2	1795	-1.066724	-0.000145624	3490.216	-0.001525902	5	5	-1.067975	0	0	0	0	0	0	0	0	0	0	0	0	0	54	0	
2	1796	-1.066111	-0.000145195	3491.216	-0.001525902	5	5	-1.067475	0	0	0	0	0	0	0	0	0	0	0	0	0	54	0	
2	1797	-1.065498	-0.000144949	3492.216	-0.001525902	5	5	-1.066975	0	0	0	0	0	0	0	0	0	0	0	0	0	54	0	
2	1798	-1.065191	-0.000144459	3493.216	-0.001525902	5	5	-1.066475	0	0	0	0	0	0	0	0	0	0	0	0	0	54	0	
2	1799	-1.064578	-0.000144029	3494.216	-0.001525902	5	5	-1.065975	0	0	0	0	0	0	0	0	0	0	0	0	0	54	0	
2	1800	-1.064271	-0.000143723	3495.216	-0.001525902	5	5	-1.065475	0	0	0	0	0	0	0	0	0	0	0	0	0	54	0	
2	1801	-1.063657	-0.000143293	3496.216	-0.001525902	5	5	-1.064975	0	0	0	0	0	0	0	0	0	0	0	0	0	54	0	
2	1802	-1.063044	-0.000142741	3497.216	-0.001525902	5	5	-1.064475	0	0	0	0	0	0	0	0	0	0	0	0	0	54	0	
2	1803	-1.062431	-0.000142373	3498.216	-0.001525902	5	5	-1.063975	0	0	0	0	0	0	0	0	0	0	0	0	0	54	0	
2	1804	-1.062124	-0.000141882	3499.216	-0.001525902	5	5	-1.063475	0	0	0	0	0	0	0	0	0	0	0	0	0	54	0	
2	1805	-1.06151	-0.000141392	3500.216	-0.001525902	5	5	-1.062975	0	0	0	0	0	0	0	0	0	0	0	0	0	54	0	
2	1806	-1.061204	-0.000141024	3501.216	-0.001525902	5	5	-1.062475	0	0	0	0	0	0	0	0	0	0	0	0	0	54	0	
2	1807	-1.06059	-0.000140533	3502.216	-0.001525902	5	5	-1.061975	0	0	0	0	0	0	0	0	0	0	0	0	0	54	0	
2	1808	-1.059977	-0.000140165	3503.216	-0.001525902	5	5	-1.061475	0	0	0	0	0	0	0	0	0	0	0	0	0	54	0	
2	1809	-1.05967	-0.000139625	3504.216	-0.001525902	6	6	-1.060975	0	0	0	0	0	0	0	0	0	0	0	0	0	54	0	
2	1810	-1.059057	-0.000139312	3505.216	-0.001525902	6	6	-1.060475	0	0	0	0	0	0	0	0	0	0	0	0	0	54	0	
2	1811	-1.058443	-0.000138871	3506.216	-0.001525902	6	6	-1.059975	0	0	0	0	0	0	0	0	0	0	0	0	0	54	0	
2	1812	-1.058137	-0.00013846	3507.216	-0.001525902	6	6	-1.059475	0	0	0	0	0	0	0	0	0	0	0	0	0	54	0	
2	1813	-1.057523	-0.000138085	3508.216	-0.001525902	6	6	-1.058975	0	0	0	0	0	0	0	0	0	0	0	0	0	54	0	
2	1814	-1.05691	-0.00013803	3509.216	-0.001525902	6	6	-1.058475	0	0	0	0	0	0	0	0	0	0	0	0	0	54	0	
2	1815	-1.056603	-0.000137613	3510.216	-0.001525902	6	6	-1.057975	0	0	0	0	0	0	0	0	0	0	0	0	0	54	0	
2	1816	-1.05599	-0.000137233	3511.216	-0.001525902	6	6	-1.057475	0	0	0	0	0	0	0	0	0	0	0	0	0	54	0	
2	1817	-1.055683	-0.000136828	3512.216	-0.001525902	6	6	-1.056975	0	0	0	0	0	0	0	0	0	0	0	0	0	54	0	
2	1818	-1.05507	-0.000136497	3513.216	-0.001525902	6	6	-1.056475	0	0	0	0	0	0	0	0	0	0	0	0	0	54	0	
2	1819	-1.054456	-0.000136429	3514.216	-0.001525902	6	6	-1.055975	0	0	0	0	0	0	0	0	0	0	0	0	0	54	0	
2	1820	-1.05415	-0.000135987	3515.216	-0.001525902	6	6	-1.055475	0	0	0	0	0	0	0	0	0	0	0	0	0	54	0	
2	1821	-1.053536	-0.000135705	3516.216	-0.001525902	6	6	-1.054975	0	0	0	0	0	0	0	0	0	0	0	0	0	54	0	
2	1822	-1.053229	-0.00013538	3517.216	-0.001525902	6	6	-1.054475	0	0	0	0	0	0	0	0	0	0	0	0	0	54	0	
2	1823	-1.052616	-0.000135086	3518.216	-0.001525902	6	6	-1.053975	0	0	0	0	0	0	0	0	0	0	0	0	0	54	0	
2	1824	-1.052003	-0.000134693	3519.216	-0.001525902	6	6	-1.053475	0	0	0	0	0	0	0	0	0	0	0	0	0	54	0	
2	1825	-1.051696	-0.000134282	3520.216	-0.001525902	6	6	-1.052975	0	0	0	0	0	0	0	0	0	0	0	0	0	54	0	
2	1826	-1.051082	-0.000133877	3521.216	-0.001525902	6	6	-1.054428	0	0	0	0	0	0	0	0	0	0	0	0	0	54	0	
2	1827	-1.050776	-0.000133491	3522.216	-0.001525902	6	6	-1.051975	0	0	0	0	0	0	0	0	0	0	0	0	0	54	0	
2	1828	-1.050162	-0.000133172	3523.216	-0.001525902	6	6	-1.051475	0	0	0	0	0	0	0	0	0	0	0	0	0	54	0	
2	1829	-1.049549	-0.000132841	3524.216	-0.001525902	6	6	-1.050975	0	0	0	0	0	0	0	0	0	0	0	0	0	54	0	
2	1830	-1.049242	-0.000132503	3525.216	-0.001525902	6	6	-1.050475	0	0	0	0	0	0	0	0	0	0	0	0	0	54	0	
2	1831	-1.048629	-0.000132215	3526.216	-0.001525902	6	6	-1.049975	0	0	0	0	0	0	0	0	0	0	0	0	0	54	0	
2	1832	-1.048015	-0.000131902	3527.216	-0.001525902	6	6	-1.049475	0	0	0	0	0	0	0	0	0	0	0	0	0	54	0	
2	1833	-1.047709	-0.00013173	3528.216	-0.001525902	6	6	-1.048975	0	0	0	0	0	0	0	0	0	0	0	0	0	54	0	
2	1834	-1.047095	-0.000131485	3529.216	-0.001525902	6	6	-1.048475	0	0	0	0	0	0	0	0	0	0	0	0	0	54	0	
2	1835	-1.046482	-0.000131301	3530.216	-0.001525902	6	6	-1.047975	0	0	0	0	0	0	0	0	0	0	0	0	0	54	0	
2	1836	-1.046175	-0.000131043	3531.216	-0.001525902	6	6	-1.047475	0	0	0	0	0	0	0	0	0	0	0	0	0	54	0	
2	1837	-1.045562	-0.000130761	3532.216	-0.001525902	6	6	-1.046975	0	0	0	0	0	0	0	0	0	0	0	0	0	54	0	
2	1838	-1.044948	-0.000130473	3533.216	-0.001525902	6	6	-1.046475	0	0	0	0	0	0	0	0	0	0	0	0	0	54	0	
2	1839	-1.044642	-0.000130154	3534.216	-0.001525902	6	6	-1.045975	0	0	0	0	0	0	0	0	0	0	0	0	0	54	0	
2	1840	-1.044028	-0.000129804	3535.216	-0.001525902	6	6	-1.045475	0	0	0	0	0	0	0	0	0	0	0	0	0	54	0	
2	1841	-1.043415	-0.000129491	3536.216	-0.001525902	6	6	-1.044975	0	0	0	0	0	0	0	0	0	0	0	0	0	54	0	
2	1842	-1.043108	-0.000129191	3537.216	-0.001525902	6	6	-1.044475	0	0	0	0	0	0	0	0	0	0	0	0	0	54	0	
2	1843	-1.042495	-0.000128823	3538.216	-0.001525902	6	6	-1.043975	0	0	0	0	0	0	0	0	0	0	0	0	0	54	0	
2	1844	-1.042188	-0.000128479	3539.216	-0.001525902	6	6	-1.043475	0	0	0	0	0	0	0	0	0	0	0	0	0	54	0	
2	1845	-1.041575	-0.000128173	3540.216	-0.001525902	6	6	-1.042975	0	0	0	0	0	0	0	0	0	0	0	0	0	54	0	
2	1846	-1.040961	-0.000127878	3541.216	-0.001525902	6	6	-1.042475	0	0	0	0	0	0	0	0	0	0	0	0	0	54	0	
2	1847	-1.040654	-0.000127559	3542.216	-0.001525902	6	6	-1.041975	0	0	0	0	0	0	0	0	0	0	0	0	0	54	0	
2	1848	-1.040041	-0.000127234	3543.216	-0.001525902	6	6	-1.041475	0	0	0	0	0	0	0	0	0	0	0	0	0	54	0	
2	1849	-1.039734	-0.000127038	3544.216	-0.001525902	6	6	-1.040975	0	0	0	0	0	0	0	0	0	0	0	0	0	54	0	
2	1850	-1.039121	-0.0001267	3545.216	-0.001525902	6	6	-1.040475	0	0	0	0	0	0	0	0	0	0	0	0	0	54	0	
2	1851	-1.038507	-0.000126443	3546.216	-0.001525902	6	6	-1.039975	0	0	0	0	0	0	0	0	0	0	0	0	0	54	0	
2	1852	-1.038201	-0.000126148	3547.216	-0.001525902	6	6	-1.039475	0	0	0	0	0	0	0	0	0	0	0	0	0	54	0	
2	1853	-1.037587	-0.000125866	3548.216	-0.001525902	6	6	-1.038975	0	0	0	0	0	0	0	0	0	0	0	0	0	54	0	
2	1854	-1.037281	-0.000125817	3549.216	-0.001525902	6	6	-1.038475	0	0	0	0	0	0	0	0	0	0	0	0	0	54	0	
2	1855	-1.036667	-0.00012548	3550.216	-0.001525902	6	6	-1.037975	0	0	0	0	0	0	0	0	0	0	0	0	0	54	0	
2	1856	-1.036054	-0.000125155	3551.216	-0.001525902	6	6	-1.037475	0	0	0	0	0	0	0	0	0	0	0	0	0	54	0	
2	1857	-1.03544	-0.000124977	3552.216	-0.001525902	6	6	-1.036975	0	0	0	0	0	0	0	0	0	0	0	0	0	54	0	
2	1858	-1.035134	-0.000124725	3553.216	-0.001525902	6	6	-1.036475	0	0	0	0	0	0	0	0	0	0	0	0	0	54	0	
2	1859	-1.03452	-0.000124449	3554.216	-0.001525902	6	6	-1.035975	0	0	0	0	0	0	0	0	0	0	0	0	0	54	0	
2	1860	-1.034214	-0.000124136	3555.216	-0.001525902	6	6	-1.035475	0	0	0	0	0	0	0	0	0	0	0	0	0	54	0	
2	1861	-1.0336	-0.00012383	3556.216	-0.001525902	6	6	-1.034975	0	0	0	0	0	0	0	0	0	0	0	0	0	54	0	
2	1862	-1.032987	-0.000123547	3557.216	-0.001525902	6	6	-1.034475	0	0	0	0	0	0	0	0	0	0	0	0	0	54	0	
2	1863	-1.03268	-0.000123253	3558.216	-0.001525902	6	6	-1.033975	0	0	0	0	0	0	0	0	0	0	0	0	0	54	0	
2	1864	-1.032067	-0.000122959	3559.216	-0.001525902	6	6	-1.033475	0	0	0	0	0	0	0	0	0	0	0	0	0	54	0	
2	1865	-1.03176	-0.00012267	3560.216	-0.001525902	6	6	-1.032975	0	0	0	0	0	0	0	0	0	0	0	0	0	54	0	
2	1866	-1.031147	-0.000122394	3561.216	-0.001525902	6	6	-1.032475	0	0	0	0	0	0	0	0	0	0	0	0	0	54	0	
2	1867	-1.030533	-0.00012221	3562.216	-0.001525902	6	6	-1.031975	0	0	0	0	0	0	0	0	0	0	0	0	0	54	0	
2	1868	-1.030226	-0.000121934	3563.216	-0.001525902	6	6	-1.031475	0	0	0	0	0	0	0	0	0	0	0	0	0	54	0	
2	1869	-1.029613	-0.000121652	3564.216	-0.001525902	6	6	-1.030975	0	0	0	0	0	0	0	0	0	0	0	0	0	54	0	
2	1870	-1.029306	-0.000121394	3565.216	-0.001525902	6	6	-1.030475	0	0	0	0	0	0	0	0	0	0	0	0	0	54	0	
2	1871	-1.028693	-0.000121131	3566.216	-0.001525902	6	6	-1.029975	0	0	0	0	0	0	0	0	0	0	0	0	0	54	0	
2	1872	-1.02808	-0.000120818	3567.216	-0.001525902	6	6	-1.029475	0	0	0	0	0	0	0	0	0	0	0	0	0	54	0	
2	1873	-1.027773	-0.000120554	3568.216	-0.001525902	6	6	-1.028975	0	0	0	0	0	0	0	0	0	0	0	0	0	54	0	
2	1874	-1.027159	-0.000120284	3569.216	-0.001525902	6	6	-1.028475	0	0	0	0	0	0	0	0	0	0	0	0	0	54	0	
2	1875	-1.026546	-0.000120069	3570.216	-0.001525902	6	6	-1.027975	0	0	0	0	0	0	0	0	0	0	0	0	0	54	0	
2	1876	-1.026239	-0.000119769	3571.216	-0.001525902	6	6	-1.027475	0	0	0	0	0	0	0	0	0	0	0	0	0	54	0	
2	1877	-1.025626	-0.000119554	3572.216	-0.001525902	6	6	-1.026975	0	0	0	0	0	0	0	0	0	0	0	0	0	54	0	
2	1878	-1.025012	-0.00011926	3573.216	-0.001525902	6	6	-1.026475	0	0	0	0	0	0	0	0	0	0	0	0	0	54	0	
2	1879	-1.024706	-0.000118928	3574.216	-0.001525902	6	6	-1.025975	0	0	0	0	0	0	0	0	0	0	0	0	0	54	0	
2	1880	-1.024092	-0.000118628	3575.216	-0.001525902	6	6	-1.025475	0	0	0	0	0	0	0	0	0	0	0	0	0	54	0	
2	1881	-1.023786	-0.000118389	3576.216	-0.001525902	6	6	-1.024975	0	0	0	0	0	0	0	0	0	0	0	0	0	54	0	
2	1882	-1.023172	-0.000118113	3577.216	-0.001525902	6	6	-1.024475	0	0	0	0	0	0	0	0	0	0	0	0	0	54	0	
2	1883	-1.022559	-0.000117818	3578.216	-0.001525902	6	6	-1.023975	0	0	0	0	0	0	0	0	0	0	0	0	0	54	0	
2	1884	-1.022252	-0.000117585	3579.216	-0.001525902	6	6	-1.023475	0	0	0	0	0	0	0	0	0	0	0	0	0	54	0	
2	1885	-1.021639	-0.000117278	3580.216	-0.001525902	6	6	-1.022975	0	0	0	0	0	0	0	0	0	0	0	0	0	54	0	
2	1886	-1.021332	-0.000117027	3581.216	-0.001525902	6	6	-1.022475	0	0	0	0	0	0	0	0	0	0	0	0	0	54	0	
2	1887	-1.020719	-0.000116751	3582.216	-0.001525902	6	6	-1.021975	0	0	0	0	0	0	0	0	0	0	0	0	0	54	0	
2	1888	-1.020412	-0.000116573	3583.216	-0.001525902	6	6	-1.021475	0	0	0	0	0	0	0	0	0	0	0	0	0	54	0	
2	1889	-1.019798	-0.000116321	3584.216	-0.001525902	6	6	-1.020975	0	0	0	0	0	0	0	0	0	0	0	0	0	54	0	
2	1890	-1.019185	-0.000116064	3585.216	-0.001525902	6	6	-1.020475	0	0	0	0	0	0	0	0	0	0	0	0	0	54	0	
2	1891	-1.018878	-0.000116015	3586.216	-0.001525902	6	6	-1.019975	0	0	0	0	0	0	0	0	0	0	0	0	0	54	0	
2	1892	-1.018265	-0.000115751	3587.216	-0.001525902	6	6	-1.019475	0	0	0	0	0	0	0	0	0	0	0	0	0	54	0	
2	1893	-1.017958	-0.000115512	3588.216	-0.001525902	6	6	-1.018975	0	0	0	0	0	0	0	0	0	0	0	0	0	54	0	
2	1894	-1.017345	-0.000115291	3589.216	-0.001525902	6	6	-1.018475	0	0	0	0	0	0	0	0	0	0	0	0	0	54	0	
2	1895	-1.016731	-0.000115009	3590.216	-0.001525902	6	6	-1.017975	0	0	0	0	0	0	0	0	0	0	0	0	0	54	0	
2	1896	-1.016425	-0.000114782	3591.216	-0.001525902	6	6	-1.017475	0	0	0	0	0	0	0	0	0	0	0	0	0	54	0	
2	1897	-1.015811	-0.000114714	3592.216	-0.001525902	6	6	-1.016975	0	0	0	0	0	0	0	0	0	0	0	0	0	54	0	
2	1898	-1.015198	-0.000114665	3593.216	-0.001525902	6	6	-1.016475	0	0	0	0	0	0	0	0	0	0	0	0	0	54	0	
2	1899	-1.014891	-0.00011442	3594.216	-0.001525902	6	6	-1.015975	0	0	0	0	0	0	0	0	0	0	0	0	0	54	0	
2	1900	-1.014278	-0.000114119	3595.216	-0.001525902	6	6	-1.015475	0	0	0	0	0	0	0	0	0	0	0	0	0	54	0	
2	1901	-1.013971	-0.000113868	3596.216	-0.001525902	6	6	-1.014975	0	0	0	0	0	0	0	0	0	0	0	0	0	54	0	
2	1902	-1.013358	-0.000113561	3597.216	-0.001525902	6	6	-1.014475	0	0	0	0	0	0	0	0	0	0	0	0	0	54	0	
2	1903	-1.012744	-0.000113304	3598.216	-0.001525902	6	6	-1.013975	0	0	0	0	0	0	0	0	0	0	0	0	0	54	0	
2	1904	-1.012437	-0.000113027	3599.216	-0.001525902	6	6	-1.013475	0	0	0	0	0	0	0	0	0	0	0	0	0	54	0	
2	1905	-1.011824	-0.000112739	3600.216	-0.001525902	6	6	-1.012975	0	0	0	0	0	0	0	0	0	0	0	0	0	54	0	
2	1906	-1.011517	-0.000112475	3601.216	-0.001525902	6	6	-1.012475	0	0	0	0	0	0	0	0	0	0	0	0	0	54	0	
2	1907	-1.010904	-0.00011231	3602.216	-0.001525902	6	6	-1.011975	0	0	0	0	0	0	0	0	0	0	0	0	0	54	0	
2	1908	-1.010291	-0.000112052	3603.216	-0.001525902	6	6	-1.011475	0	0	0	0	0	0	0	0	0	0	0	0	0	54	0	
2	1909	-1.009984	-0.000111721	3604.216	-0.001525902	6	6	-1.010975	0	0	0	0	0	0	0	0	0	0	0	0	0	54	0	
2	1910	-1.00937	-0.000111623	3605.216	-0.001525902	6	6	-1.010475	0	0	0	0	0	0	0	0	0	0	0	0	0	54	0	
2	1911	-1.008757	-0.000111365	3606.216	-0.001525902	6	6	-1.009975	0	0	0	0	0	0	0	0	0	0	0	0	0	54	0	
2	1912	-1.00845	-0.00011142	3607.216	-0.001525902	6	6	-1.009475	0	0	0	0	0	0	0	0	0	0	0	0	0	54	0	
2	1913	-1.007837	-0.000111218	3608.216	-0.001525902	6	6	-1.008975	0	0	0	0	0	0	0	0	0	0	0	0	0	54	0	
2	1914	-1.007223	-0.00011096	3609.216	-0.001525902	6	6	-1.008475	0	0	0	0	0	0	0	0	0	0	0	0	0	54	0	
2	1915	-1.006917	-0.000110703	3610.216	-0.001525902	6	6	-1.007975	0	0	0	0	0	0	0	0	0	0	0	0	0	54	0	
2	1916	-1.006303	-0.000110457	3611.216	-0.001525902	6	6	-1.007475	0	0	0	0	0	0	0	0	0	0	0	0	0	54	0	
2	1917	-1.005997	-0.0001102	3612.216	-0.001525902	6	6	-1.006975	0	0	0	0	0	0	0	0	0	0	0	0	0	54	0	
2	1918	-1.005383	-0.000110132	3613.216	-0.001525902	6	6	-1.006475	0	0	0	0	0	0	0	0	0	0	0	0	0	54	0	
2	1919	-1.00477	-0.000109985	3614.216	-0.001525902	6	6	-1.005975	0	0	0	0	0	0	0	0	0	0	0	0	0	54	0	
2	1920	-1.004463	-0.000109776	3615.216	-0.001525902	6	6	-1.005475	0	0	0	0	0	0	0	0	0	0	0	0	0	54	0	
2	1921	-1.00385	-0.000109568	3616.216	-0.001525902	6	6	-1.004975	0	0	0	0	0	0	0	0	0	0	0	0	0	54	0	
2	1922	-1.003236	-0.000109378	3617.216	-0.001525902	6	6	-1.004475	0	0	0	0	0	0	0	0	0	0	0	0	0	54	0	
2	1923	-1.00293	-0.000109464	3618.216	-0.001525902	6	6	-1.003975	0	0	0	0	0	0	0	0	0	0	0	0	0	54	0	
2	1924	-1.002316	-0.0001092	3619.216	-0.001525902	6	6	-1.003475	0	0	0	0	0	0	0	0	0	0	0	0	0	54	0	
2	1925	-1.002009	-0.000108961	3620.216	-0.001525902	6	6	-1.002975	0	0	0	0	0	0	0	0	0	0	0	0	0	54	0	
2	1926	-1.001396	-0.000109003	3621.216	-0.001525902	6	6	-1.002475	0	0	0	0	0	0	0	0	0	0	0	0	0	54	0	
2	1927	-1.000783	-0.000108697	3622.216	-0.001525902	6	6	-1.001975	0	0	0	0	0	0	0	0	0	0	0	0	0	54	0	
2	1928	-1.000476	-0.000108464	3623.216	-0.001525902	6	6	-1.001475	0	0	0	0	0	0	0	0	0	0	0	0	0	54	0	
2	1929	-0.9998625	-0.000108212	3624.216	-0.001525902	6	6	-1.000975	0	0	0	0	0	0	0	0	0	0	0	0	0	54	0	
2	1930	-0.9992491	-0.000108028	3625.216	-0.001525902	6	6	-1.000475	0	0	0	0	0	0	0	0	0	0	0	0	0	54	0	
2	1931	-0.9989424	-0.000107801	3626.216	-0.001525902	6	6	-0.9999748	0	0	0	0	0	0	0	0	0	0	0	0	0	54	0	
2	1932	-0.998329	-0.000107556	3627.216	-0.001525902	6	6	-0.9994748	0	0	0	0	0	0	0	0	0	0	0	0	0	54	0	
2	1933	-0.9977155	-0.000107353	3628.216	-0.001525902	6	6	-0.9989748	0	0	0	0	0	0	0	0	0	0	0	0	0	54	0	
2	1934	-0.9974089	-0.000107194	3629.216	-0.001525902	6	6	-0.9984748	0	0	0	0	0	0	0	0	0	0	0	0	0	54	0	
2	1935	-0.9967954	-0.000106967	3630.216	-0.001525902	6	6	-0.9979748	0	0	0	0	0	0	0	0	0	0	0	0	0	54	0	
2	1936	-0.9964887	-0.00010674	3631.216	-0.001525902	6	6	-0.9974748	0	0	0	0	0	0	0	0	0	0	0	0	0	54	0	
2	1937	-0.9958753	-0.000106556	3632.216	-0.001525902	6	6	-0.9969748	0	0	0	0	0	0	0	0	0	0	0	0	0	54	0	
2	1938	-0.9952619	-0.000106347	3633.216	-0.001525902	6	6	-0.9964748	0	0	0	0	0	0	0	0	0	0	0	0	0	54	0	
2	1939	-0.9949552	-0.00010617	3634.216	-0.001525902	6	6	-0.9959748	0	0	0	0	0	0	0	0	0	0	0	0	0	54	0	
2	1940	-0.9943418	-0.000106028	3635.216	-0.001525902	6	6	-0.9954748	0	0	0	0	0	0	0	0	0	0	0	0	0	54	0	
2	1941	-0.9940351	-0.00010582	3636.216	-0.001525902	6	6	-0.9949748	0	0	0	0	0	0	0	0	0	0	0	0	0	54	0	
2	1942	-0.9934217	-0.000105605	3637.216	-0.001525902	6	6	-0.9944748	0	0	0	0	0	0	0	0	0	0	0	0	0	54	0	
2	1943	-0.9928082	-0.000105366	3638.216	-0.001525902	6	6	-0.9939748	0	0	0	0	0	0	0	0	0	0	0	0	0	54	0	
2	1944	-0.9925016	-0.000105139	3639.216	-0.001525902	6	6	-0.9934748	0	0	0	0	0	0	0	0	0	0	0	0	0	54	0	
2	1945	-0.9918881	-0.000104912	3640.216	-0.001525902	6	6	-0.9929748	0	0	0	0	0	0	0	0	0	0	0	0	0	54	0	
2	1946	-0.9912747	-0.00010471	3641.216	-0.001525902	6	6	-0.9924748	0	0	0	0	0	0	0	0	0	0	0	0	0	54	0	
2	1947	-0.990968	-0.000104495	3642.216	-0.001525902	6	6	-0.9919748	0	0	0	0	0	0	0	0	0	0	0	0	0	54	0	
2	1948	-0.9903546	-0.000104329	3643.216	-0.001525902	6	6	-0.9914748	0	0	0	0	0	0	0	0	0	0	0	0	0	54	0	
2	1949	-0.9897412	-0.000104096	3644.216	-0.001525902	6	6	-0.9909748	0	0	0	0	0	0	0	0	0	0	0	0	0	54	0	
2	1950	-0.9894345	-0.000103869	3645.216	-0.001525902	6	6	-0.9904748	0	0	0	0	0	0	0	0	0	0	0	0	0	54	0	
2	1951	-0.9888211	-0.00010371	3646.216	-0.001525902	6	6	-0.9899748	0	0	0	0	0	0	0	0	0	0	0	0	0	54	0	
2	1952	-0.9885144	-0.000103507	3647.216	-0.001525902	6	6	-0.9894748	0	0	0	0	0	0	0	0	0	0	0	0	0	54	0	
2	1953	-0.987901	-0.000103293	3648.216	-0.001525902	6	6	-0.9889748	0	0	0	0	0	0	0	0	0	0	0	0	0	54	0	
2	1954	-0.9875942	-0.000103188	3649.216	-0.001525902	6	6	-0.9884748	0	0	0	0	0	0	0	0	0	0	0	0	0	54	0	
2	1955	-0.9869809	-0.000103004	3650.216	-0.001525902	6	6	-0.9879748	0	0	0	0	0	0	0	0	0	0	0	0	0	54	0	
2	1956	-0.9863674	-0.000102796	3651.216	-0.001525902	6	6	-0.9874748	0	0	0	0	0	0	0	0	0	0	0	0	0	54	0	
2	1957	-0.985754	-0.000102636	3652.216	-0.001525902	6	6	-0.9869748	0	0	0	0	0	0	0	0	0	0	0	0	0	54	0	
2	1958	-0.9854473	-0.000102428	3653.216	-0.001525902	6	6	-0.9864748	0	0	0	0	0	0	0	0	0	0	0	0	0	54	0	
2	1959	-0.9848339	-0.000102244	3654.216	-0.001525902	6	6	-0.9859748	0	0	0	0	0	0	0	0	0	0	0	0	0	54	0	
2	1960	-0.9842204	-0.000102054	3655.216	-0.001525902	6	6	-0.9854748	0	0	0	0	0	0	0	0	0	0	0	0	0	54	0	
2	1961	-0.9839138	-0.000101845	3656.216	-0.001525902	6	6	-0.9849748	0	0	0	0	0	0	0	0	0	0	0	0	0	54	0	
2	1962	-0.9833003	-0.000101649	3657.216	-0.001525902	6	6	-0.9844748	0	0	0	0	0	0	0	0	0	0	0	0	0	54	0	
2	1963	-0.9829937	-0.000101477	3658.216	-0.001525902	6	6	-0.9839748	0	0	0	0	0	0	0	0	0	0	0	0	0	54	0	
2	1964	-0.9823802	-0.000101305	3659.216	-0.001525902	6	6	-0.9834748	0	0	0	0	0	0	0	0	0	0	0	0	0	54	0	
2	1965	-0.9820735	-0.000101109	3660.216	-0.001525902	6	6	-0.9829748	0	0	0	0	0	0	0	0	0	0	0	0	0	54	0	
2	1966	-0.9814601	-0.000100937	3661.216	-0.001525902	6	6	-0.9824748	0	0	0	0	0	0	0	0	0	0	0	0	0	54	0	
2	1967	-0.9808467	-0.000100741	3662.216	-0.001525902	6	6	-0.9819748	0	0	0	0	0	0	0	0	0	0	0	0	0	54	0	
2	1968	-0.98054	-0.000100606	3663.216	-0.001525902	6	6	-0.9814748	0	0	0	0	0	0	0	0	0	0	0	0	0	54	0	
2	1969	-0.9799266	-0.000100465	3664.216	-0.001525902	6	6	-0.9809748	0	0	0	0	0	0	0	0	0	0	0	0	0	54	0	
2	1970	-0.9793132	-0.00010025	3665.216	-0.001525902	6	6	-0.9804748	0	0	0	0	0	0	0	0	0	0	0	0	0	54	0	
2	1971	-0.9786997	-0.000100035	3666.216	-0.001525902	6	6	-0.9799748	0	0	0	0	0	0	0	0	0	0	0	0	0	54	0	
2	1972	-0.9783931	-9.99E-05	3667.216	-0.001525902	6	6	-0.9794748	0	0	0	0	0	0	0	0	0	0	0	0	0	54	0	
2	1973	-0.9777796	-9.97E-05	3668.216	-0.001525902	6	6	-0.9789748	0	0	0	0	0	0	0	0	0	0	0	0	0	54	0	
2	1974	-0.977473	-9.95E-05	3669.216	-0.001525902	6	6	-0.9784748	0	0	0	0	0	0	0	0	0	0	0	0	0	54	0	
2	1975	-0.9768595	-9.93E-05	3670.216	-0.001525902	6	6	-0.9779748	0	0	0	0	0	0	0	0	0	0	0	0	0	54	0	
2	1976	-0.9762461	-9.91E-05	3671.216	-0.001525902	6	6	-0.9774748	0	0	0	0	0	0	0	0	0	0	0	0	0	54	0	
2	1977	-0.9759394	-9.89E-05	3672.216	-0.001525902	6	6	-0.9769748	0	0	0	0	0	0	0	0	0	0	0	0	0	54	0	
2	1978	-0.975326	-9.88E-05	3673.216	-0.001525902	6	6	-0.9764748	0	0	0	0	0	0	0	0	0	0	0	0	0	54	0	
2	1979	-0.9750193	-9.86E-05	3674.216	-0.001525902	6	6	-0.9759748	0	0	0	0	0	0	0	0	0	0	0	0	0	54	0	
2	1980	-0.9744059	-9.84E-05	3675.216	-0.001525902	6	6	-0.9754748	0	0	0	0	0	0	0	0	0	0	0	0	0	54	0	
2	1981	-0.9737924	-9.83E-05	3676.216	-0.001525902	6	6	-0.9749748	0	0	0	0	0	0	0	0	0	0	0	0	0	54	0	
2	1982	-0.9734858	-9.81E-05	3677.216	-0.001525902	6	6	-0.9744748	0	0	0	0	0	0	0	0	0	0	0	0	0	54	0	
2	1983	-0.9728723	-9.80E-05	3678.216	-0.001525902	6	6	-0.9739748	0	0	0	0	0	0	0	0	0	0	0	0	0	54	0	
2	1984	-0.9722589	-9.78E-05	3679.216	-0.001525902	6	6	-0.9734748	0	0	0	0	0	0	0	0	0	0	0	0	0	54	0	
2	1985	-0.9719522	-9.77E-05	3680.216	-0.001525902	6	6	-0.9729748	0	0	0	0	0	0	0	0	0	0	0	0	0	54	0	
2	1986	-0.9713388	-9.75E-05	3681.216	-0.001525902	6	6	-0.9724748	0	0	0	0	0	0	0	0	0	0	0	0	0	54	0	
2	1987	-0.9710321	-9.73E-05	3682.216	-0.001525902	6	6	-0.9719748	0	0	0	0	0	0	0	0	0	0	0	0	0	54	0	
2	1988	-0.9704187	-9.71E-05	3683.216	-0.001525902	6	6	-0.9714748	0	0	0	0	0	0	0	0	0	0	0	0	0	54	0	
2	1989	-0.9698053	-9.69E-05	3684.216	-0.001525902	6	6	-0.9709748	0	0	0	0	0	0	0	0	0	0	0	0	0	54	0	
2	1990	-0.9694986	-9.68E-05	3685.216	-0.001525902	6	6	-0.9704748	0	0	0	0	0	0	0	0	0	0	0	0	0	54	0	
2	1991	-0.9688852	-9.66E-05	3686.216	-0.001525902	6	6	-0.9699748	0	0	0	0	0	0	0	0	0	0	0	0	0	54	0	
2	1992	-0.9682717	-9.64E-05	3687.216	-0.001525902	6	6	-0.9694748	0	0	0	0	0	0	0	0	0	0	0	0	0	54	0	
2	1993	-0.967965	-9.63E-05	3688.216	-0.001525902	6	6	-0.9689748	0	0	0	0	0	0	0	0	0	0	0	0	0	54	0	
2	1994	-0.9673516	-9.62E-05	3689.216	-0.001525902	6	6	-0.9684748	0	0	0	0	0	0	0	0	0	0	0	0	0	54	0	
2	1995	-0.9667382	-9.60E-05	3690.216	-0.001525902	6	6	-0.9679748	0	0	0	0	0	0	0	0	0	0	0	0	0	54	0	
2	1996	-0.9664315	-9.58E-05	3691.216	-0.001525902	6	6	-0.9674748	0	0	0	0	0	0	0	0	0	0	0	0	0	54	0	
2	1997	-0.9658181	-9.57E-05	3692.216	-0.001525902	6	6	-0.9669748	0	0	0	0	0	0	0	0	0	0	0	0	0	54	0	
2	1998	-0.9655114	-9.55E-05	3693.216	-0.001525902	6	6	-0.9664748	0	0	0	0	0	0	0	0	0	0	0	0	0	54	0	
2	1999	-0.964898	-9.53E-05	3694.216	-0.001525902	6	6	-0.9659748	0	0	0	0	0	0	0	0	0	0	0	0	0	54	0	
2	2000	-0.9642845	-9.52E-05	3695.216	-0.001525902	6	6	-0.9654748	0	0	0	0	0	0	0	0	0	0	0	0	0	54	0	
2	2001	-0.9639779	-9.50E-05	3696.216	-0.001525902	6	6	-0.9649748	0	0	0	0	0	0	0	0	0	0	0	0	0	54	0	
2	2002	-0.9633644	-9.49E-05	3697.216	-0.001525902	6	6	-0.9644748	0	0	0	0	0	0	0	0	0	0	0	0	0	54	0	
2	2003	-0.9630578	-9.47E-05	3698.216	-0.001525902	6	6	-0.9639748	0	0	0	0	0	0	0	0	0	0	0	0	0	54	0	
2	2004	-0.9624443	-9.46E-05	3699.216	-0.001525902	6	6	-0.9634748	0	0	0	0	0	0	0	0	0	0	0	0	0	54	0	
2	2005	-0.9618309	-9.44E-05	3700.216	-0.001525902	6	6	-0.9629748	0	0	0	0	0	0	0	0	0	0	0	0	0	54	0	
2	2006	-0.9615242	-9.43E-05	3701.216	-0.001525902	6	6	-0.9624748	0	0	0	0	0	0	0	0	0	0	0	0	0	54	0	
2	2007	-0.9609108	-9.41E-05	3702.216	-0.001525902	6	6	-0.9619748	0	0	0	0	0	0	0	0	0	0	0	0	0	54	0	
2	2008	-0.9602974	-9.40E-05	3703.216	-0.001525902	6	6	-0.9614748	0	0	0	0	0	0	0	0	0	0	0	0	0	54	0	
2	2009	-0.9599907	-9.38E-05	3704.216	-0.001525902	6	6	-0.9609748	0	0	0	0	0	0	0	0	0	0	0	0	0	54	0	
2	2010	-0.9593772	-9.37E-05	3705.216	-0.001525902	6	6	-0.9604748	0	0	0	0	0	0	0	0	0	0	0	0	0	54	0	
2	2011	-0.9590706	-9.35E-05	3706.216	-0.001525902	6	6	-0.9599748	0	0	0	0	0	0	0	0	0	0	0	0	0	54	0	
2	2012	-0.9584571	-9.33E-05	3707.216	-0.001525902	6	6	-0.9594748	0	0	0	0	0	0	0	0	0	0	0	0	0	54	0	
2	2013	-0.9578437	-9.32E-05	3708.216	-0.001525902	6	6	-0.9589748	0	0	0	0	0	0	0	0	0	0	0	0	0	54	0	
2	2014	-0.957537	-9.30E-05	3709.216	-0.001525902	6	6	-0.9584748	0	0	0	0	0	0	0	0	0	0	0	0	0	54	0	
2	2015	-0.9569236	-9.29E-05	3710.216	-0.001525902	6	6	-0.9579748	0	0	0	0	0	0	0	0	0	0	0	0	0	54	0	
2	2016	-0.9563102	-9.27E-05	3711.216	-0.001525902	6	6	-0.9574748	0	0	0	0	0	0	0	0	0	0	0	0	0	54	0	
2	2017	-0.9560035	-9.26E-05	3712.216	-0.001525902	6	6	-0.9569748	0	0	0	0	0	0	0	0	0	0	0	0	0	54	0	
2	2018	-0.9553901	-9.24E-05	3713.216	-0.001525902	6	6	-0.9564748	0	0	0	0	0	0	0	0	0	0	0	0	0	54	0	
2	2019	-0.9547766	-9.23E-05	3714.216	-0.001525902	6	6	-0.9559748	0	0	0	0	0	0	0	0	0	0	0	0	0	54	0	
2	2020	-0.95447	-9.21E-05	3715.216	-0.001525902	6	6	-0.9564514	0	0	0	0	0	0	0	0	0	0	0	0	0	54	0	
2	2021	-0.9538565	-9.20E-05	3716.216	-0.001525902	6	6	-0.9549748	0	0	0	0	0	0	0	0	0	0	0	0	0	54	0	
2	2022	-0.9535499	-9.18E-05	3717.216	-0.001525902	6	6	-0.9544748	0	0	0	0	0	0	0	0	0	0	0	0	0	54	0	
2	2023	-0.9529364	-9.17E-05	3718.216	-0.001525902	6	6	-0.9539748	0	0	0	0	0	0	0	0	0	0	0	0	0	54	0	
2	2024	-0.952323	-9.15E-05	3719.216	-0.001525902	6	6	-0.9534748	0	0	0	0	0	0	0	0	0	0	0	0	0	54	0	
2	2025	-0.9520163	-9.13E-05	3720.216	-0.001525902	6	6	-0.9529748	0	0	0	0	0	0	0	0	0	0	0	0	0	54	0	
2	2026	-0.9514029	-9.12E-05	3721.216	-0.001525902	6	6	-0.9524748	0	0	0	0	0	0	0	0	0	0	0	0	0	54	0	
2	2027	-0.9507895	-9.10E-05	3722.216	-0.001525902	6	6	-0.9519748	0	0	0	0	0	0	0	0	0	0	0	0	0	54	0	
2	2028	-0.9504828	-9.10E-05	3723.216	-0.001525902	6	6	-0.9514748	0	0	0	0	0	0	0	0	0	0	0	0	0	54	0	
2	2029	-0.9498693	-9.08E-05	3724.216	-0.001525902	6	6	-0.9509748	0	0	0	0	0	0	0	0	0	0	0	0	0	54	0	
2	2030	-0.9492559	-9.07E-05	3725.216	-0.001525902	6	6	-0.9504748	0	0	0	0	0	0	0	0	0	0	0	0	0	54	0	
2	2031	-0.9489492	-9.05E-05	3726.216	-0.001525902	6	6	-0.9499748	0	0	0	0	0	0	0	0	0	0	0	0	0	54	0	
2	2032	-0.9483358	-9.04E-05	3727.216	-0.001525902	6	6	-0.9494748	0	0	0	0	0	0	0	0	0	0	0	0	0	54	0	
2	2033	-0.9477224	-9.02E-05	3728.216	-0.001525902	6	6	-0.9489748	0	0	0	0	0	0	0	0	0	0	0	0	0	54	0	
2	2034	-0.9474157	-9.01E-05	3729.216	-0.001525902	6	6	-0.9484748	0	0	0	0	0	0	0	0	0	0	0	0	0	54	0	
2	2035	-0.9468023	-8.99E-05	3730.216	-0.001525902	6	6	-0.9479748	0	0	0	0	0	0	0	0	0	0	0	0	0	54	0	
2	2036	-0.9464956	-8.98E-05	3731.216	-0.001525902	6	6	-0.9474748	0	0	0	0	0	0	0	0	0	0	0	0	0	54	0	
2	2037	-0.9458822	-8.96E-05	3732.216	-0.001525902	6	6	-0.9469748	0	0	0	0	0	0	0	0	0	0	0	0	0	54	0	
2	2038	-0.9455755	-8.95E-05	3733.216	-0.001525902	6	6	-0.9464748	0	0	0	0	0	0	0	0	0	0	0	0	0	54	0	
2	2039	-0.9449621	-8.93E-05	3734.216	-0.001525902	6	6	-0.9459748	0	0	0	0	0	0	0	0	0	0	0	0	0	54	0	
2	2040	-0.9443486	-8.92E-05	3735.216	-0.001525902	6	6	-0.9454748	0	0	0	0	0	0	0	0	0	0	0	0	0	54	0	
2	2041	-0.944042	-8.90E-05	3736.216	-0.001525902	6	6	-0.9449748	0	0	0	0	0	0	0	0	0	0	0	0	0	54	0	
2	2042	-0.9434285	-8.88E-05	3737.216	-0.001525902	6	6	-0.9444748	0	0	0	0	0	0	0	0	0	0	0	0	0	54	0	
2	2043	-0.9428151	-8.88E-05	3738.216	-0.001525902	6	6	-0.9439748	0	0	0	0	0	0	0	0	0	0	0	0	0	54	0	
2	2044	-0.9422017	-8.87E-05	3739.216	-0.001525902	6	6	-0.9434748	0	0	0	0	0	0	0	0	0	0	0	0	0	54	0	
2	2045	-0.941895	-8.85E-05	3740.216	-0.001525902	6	6	-0.9429748	0	0	0	0	0	0	0	0	0	0	0	0	0	54	0	
2	2046	-0.9412816	-8.84E-05	3741.216	-0.001525902	6	6	-0.9424748	0	0	0	0	0	0	0	0	0	0	0	0	0	54	0	
2	2047	-0.9409749	-8.82E-05	3742.216	-0.001525902	6	6	-0.9419748	0	0	0	0	0	0	0	0	0	0	0	0	0	54	0	
2	2048	-0.9403614	-8.80E-05	3743.216	-0.001525902	6	6	-0.9414748	0	0	0	0	0	0	0	0	0	0	0	0	0	54	0	
2	2049	-0.939748	-8.79E-05	3744.216	-0.001525902	6	6	-0.9409748	0	0	0	0	0	0	0	0	0	0	0	0	0	54	0	
2	2050	-0.9394413	-8.77E-05	3745.216	-0.001525902	6	6	-0.9404748	0	0	0	0	0	0	0	0	0	0	0	0	0	54	0	
2	2051	-0.9388279	-8.75E-05	3746.216	-0.001525902	6	6	-0.9399748	0	0	0	0	0	0	0	0	0	0	0	0	0	54	0	
2	2052	-0.9382145	-8.75E-05	3747.216	-0.001525902	6	6	-0.9394748	0	0	0	0	0	0	0	0	0	0	0	0	0	54	0	
2	2053	-0.9379078	-8.74E-05	3748.216	-0.001525902	6	6	-0.9389748	0	0	0	0	0	0	0	0	0	0	0	0	0	54	0	
2	2054	-0.9372944	-8.72E-05	3749.216	-0.001525902	6	6	-0.9384748	0	0	0	0	0	0	0	0	0	0	0	0	0	54	0	
2	2055	-0.9369877	-8.71E-05	3750.216	-0.001525902	6	6	-0.9379748	0	0	0	0	0	0	0	0	0	0	0	0	0	54	0	
2	2056	-0.9363743	-8.69E-05	3751.216	-0.001525902	6	6	-0.9374748	0	0	0	0	0	0	0	0	0	0	0	0	0	54	0	
2	2057	-0.9357609	-8.67E-05	3752.216	-0.001525902	6	6	-0.9369748	0	0	0	0	0	0	0	0	0	0	0	0	0	54	0	
2	2058	-0.9354542	-8.66E-05	3753.216	-0.001525902	6	6	-0.9364748	0	0	0	0	0	0	0	0	0	0	0	0	0	54	0	
2	2059	-0.9348407	-8.65E-05	3754.216	-0.001525902	6	6	-0.9359748	0	0	0	0	0	0	0	0	0	0	0	0	0	54	0	
2	2060	-0.9345341	-8.63E-05	3755.216	-0.001525902	6	6	-0.9354748	0	0	0	0	0	0	0	0	0	0	0	0	0	54	0	
2	2061	-0.9339206	-8.62E-05	3756.216	-0.001525902	6	6	-0.9349748	0	0	0	0	0	0	0	0	0	0	0	0	0	54	0	
2	2062	-0.9333072	-8.61E-05	3757.216	-0.001525902	6	6	-0.9344748	0	0	0	0	0	0	0	0	0	0	0	0	0	54	0	
2	2063	-0.9326938	-8.59E-05	3758.216	-0.001525902	6	6	-0.9339748	0	0	0	0	0	0	0	0	0	0	0	0	0	54	0	
2	2064	-0.9323871	-8.58E-05	3759.216	-0.001525902	6	6	-0.9334748	0	0	0	0	0	0	0	0	0	0	0	0	0	54	0	
2	2065	-0.9317737	-8.57E-05	3760.216	-0.001525902	6	6	-0.9329748	0	0	0	0	0	0	0	0	0	0	0	0	0	54	0	
2	2066	-0.9311603	-8.55E-05	3761.216	-0.001525902	6	6	-0.9324748	0	0	0	0	0	0	0	0	0	0	0	0	0	54	0	
2	2067	-0.9308535	-8.54E-05	3762.216	-0.001525902	6	6	-0.9319748	0	0	0	0	0	0	0	0	0	0	0	0	0	54	0	
2	2068	-0.9302402	-8.53E-05	3763.216	-0.001525902	6	6	-0.9314748	0	0	0	0	0	0	0	0	0	0	0	0	0	54	0	
2	2069	-0.9299334	-8.52E-05	3764.216	-0.001525902	6	6	-0.9309748	0	0	0	0	0	0	0	0	0	0	0	0	0	54	0	
2	2070	-0.92932	-8.50E-05	3765.216	-0.001525902	6	6	-0.9304748	0	0	0	0	0	0	0	0	0	0	0	0	0	54	0	
2	2071	-0.9290133	-8.49E-05	3766.216	-0.001525902	6	6	-0.9299748	0	0	0	0	0	0	0	0	0	0	0	0	0	54	0	
2	2072	-0.9283999	-8.48E-05	3767.216	-0.001525902	6	6	-0.9294748	0	0	0	0	0	0	0	0	0	0	0	0	0	54	0	
2	2073	-0.9277865	-8.47E-05	3768.216	-0.001525902	6	6	-0.9289748	0	0	0	0	0	0	0	0	0	0	0	0	0	54	0	
2	2074	-0.9274798	-8.46E-05	3769.216	-0.001525902	6	6	-0.9284748	0	0	0	0	0	0	0	0	0	0	0	0	0	54	0	
2	2075	-0.9268664	-8.45E-05	3770.216	-0.001525902	6	6	-0.9279748	0	0	0	0	0	0	0	0	0	0	0	0	0	54	0	
2	2076	-0.9265597	-8.44E-05	3771.216	-0.001525902	6	6	-0.9274748	0	0	0	0	0	0	0	0	0	0	0	0	0	54	0	
2	2077	-0.9259463	-8.43E-05	3772.216	-0.001525902	6	6	-0.9269748	0	0	0	0	0	0	0	0	0	0	0	0	0	54	0	
2	2078	-0.9253328	-8.41E-05	3773.216	-0.001525902	6	6	-0.9264748	0	0	0	0	0	0	0	0	0	0	0	0	0	54	0	
2	2079	-0.9247195	-8.40E-05	3774.216	-0.001525902	6	6	-0.9259748	0	0	0	0	0	0	0	0	0	0	0	0	0	54	0	
2	2080	-0.9244127	-8.38E-05	3775.216	-0.001525902	6	6	-0.9254748	0	0	0	0	0	0	0	0	0	0	0	0	0	54	0	
2	2081	-0.9237993	-8.37E-05	3776.216	-0.001525902	6	6	-0.9249748	0	0	0	0	0	0	0	0	0	0	0	0	0	54	0	
2	2082	-0.9234926	-8.35E-05	3777.216	-0.001525902	6	6	-0.9244748	0	0	0	0	0	0	0	0	0	0	0	0	0	54	0	
2	2083	-0.9228792	-8.34E-05	3778.216	-0.001525902	6	6	-0.9239748	0	0	0	0	0	0	0	0	0	0	0	0	0	54	0	
2	2084	-0.9225725	-8.33E-05	3779.216	-0.001525902	6	6	-0.9234748	0	0	0	0	0	0	0	0	0	0	0	0	0	54	0	
2	2085	-0.9219591	-8.31E-05	3780.216	-0.001525902	6	6	-0.9229748	0	0	0	0	0	0	0	0	0	0	0	0	0	54	0	
2	2086	-0.9213457	-8.30E-05	3781.216	-0.001525902	6	6	-0.9224748	0	0	0	0	0	0	0	0	0	0	0	0	0	54	0	
2	2087	-0.9207323	-8.29E-05	3782.216	-0.001525902	6	6	-0.9219748	0	0	0	0	0	0	0	0	0	0	0	0	0	54	0	
2	2088	-0.9204255	-8.28E-05	3783.216	-0.001525902	6	6	-0.9214748	0	0	0	0	0	0	0	0	0	0	0	0	0	54	0	
2	2089	-0.9198121	-8.26E-05	3784.216	-0.001525902	6	6	-0.9209748	0	0	0	0	0	0	0	0	0	0	0	0	0	54	0	
2	2090	-0.9195054	-8.25E-05	3785.216	-0.001525902	6	6	-0.9204748	0	0	0	0	0	0	0	0	0	0	0	0	0	54	0	
2	2091	-0.918892	-8.24E-05	3786.216	-0.001525902	6	6	-0.9199748	0	0	0	0	0	0	0	0	0	0	0	0	0	54	0	
2	2092	-0.9182786	-8.23E-05	3787.216	-0.001525902	6	6	-0.9194748	0	0	0	0	0	0	0	0	0	0	0	0	0	54	0	
2	2093	-0.9179719	-8.22E-05	3788.216	-0.001525902	6	6	-0.9189748	0	0	0	0	0	0	0	0	0	0	0	0	0	54	0	
2	2094	-0.9173585	-8.21E-05	3789.216	-0.001525902	6	6	-0.9184748	0	0	0	0	0	0	0	0	0	0	0	0	0	54	0	
2	2095	-0.9167451	-8.19E-05	3790.216	-0.001525902	6	6	-0.9179748	0	0	0	0	0	0	0	0	0	0	0	0	0	54	0	
2	2096	-0.9164383	-8.18E-05	3791.216	-0.001525902	6	6	-0.9174748	0	0	0	0	0	0	0	0	0	0	0	0	0	54	0	
2	2097	-0.9158249	-8.17E-05	3792.216	-0.001525902	6	6	-0.9169748	0	0	0	0	0	0	0	0	0	0	0	0	0	54	0	
2	2098	-0.9155182	-8.15E-05	3793.216	-0.001525902	6	6	-0.9164748	0	0	0	0	0	0	0	0	0	0	0	0	0	54	0	
2	2099	-0.9149048	-8.14E-05	3794.216	-0.001525902	6	6	-0.9159748	0	0	0	0	0	0	0	0	0	0	0	0	0	54	0	
2	2100	-0.9142914	-8.13E-05	3795.216	-0.001525902	6	6	-0.9154748	0	0	0	0	0	0	0	0	0	0	0	0	0	54	0	
2	2101	-0.9139847	-8.12E-05	3796.216	-0.001525902	6	6	-0.9149748	0	0	0	0	0	0	0	0	0	0	0	0	0	54	0	
2	2102	-0.9133713	-8.10E-05	3797.216	-0.001525902	6	6	-0.9144748	0	0	0	0	0	0	0	0	0	0	0	0	0	54	0	
2	2103	-0.9130646	-8.09E-05	3798.216	-0.001525902	6	6	-0.9139748	0	0	0	0	0	0	0	0	0	0	0	0	0	54	0	
2	2104	-0.9124512	-8.08E-05	3799.216	-0.001525902	6	6	-0.9134748	0	0	0	0	0	0	0	0	0	0	0	0	0	54	0	
2	2105	-0.9118378	-8.07E-05	3800.216	-0.001525902	6	6	-0.9129748	0	0	0	0	0	0	0	0	0	0	0	0	0	54	0	
2	2106	-0.9115311	-8.06E-05	3801.216	-0.001525902	6	6	-0.9124748	0	0	0	0	0	0	0	0	0	0	0	0	0	54	0	
2	2107	-0.9109176	-8.05E-05	3802.216	-0.001525902	6	6	-0.9119748	0	0	0	0	0	0	0	0	0	0	0	0	0	54	0	
2	2108	-0.910611	-8.04E-05	3803.216	-0.001525902	6	6	-0.9114748	0	0	0	0	0	0	0	0	0	0	0	0	0	54	0	
2	2109	-0.9099975	-8.03E-05	3804.216	-0.001525902	6	6	-0.9109748	0	0	0	0	0	0	0	0	0	0	0	0	0	54	0	
2	2110	-0.9093841	-8.02E-05	3805.216	-0.001525902	6	6	-0.9104748	0	0	0	0	0	0	0	0	0	0	0	0	0	54	0	
2	2111	-0.9087707	-8.01E-05	3806.216	-0.001525902	6	6	-0.9099748	0	0	0	0	0	0	0	0	0	0	0	0	0	54	0	
2	2112	-0.908464	-8.00E-05	3807.216	-0.001525902	6	6	-0.9094748	0	0	0	0	0	0	0	0	0	0	0	0	0	54	0	
2	2113	-0.9078506	-7.99E-05	3808.216	-0.001525902	6	6	-0.9089748	0	0	0	0	0	0	0	0	0	0	0	0	0	54	0	
2	2114	-0.9075439	-7.98E-05	3809.216	-0.001525902	6	6	-0.9084748	0	0	0	0	0	0	0	0	0	0	0	0	0	54	0	
2	2115	-0.9069304	-7.97E-05	3810.216	-0.001525902	6	6	-0.9079748	0	0	0	0	0	0	0	0	0	0	0	0	0	54	0	
2	2116	-0.9063171	-7.95E-05	3811.216	-0.001525902	6	6	-0.9074748	0	0	0	0	0	0	0	0	0	0	0	0	0	54	0	
2	2117	-0.9060103	-7.94E-05	3812.216	-0.001525902	6	6	-0.9069748	0	0	0	0	0	0	0	0	0	0	0	0	0	54	0	
2	2118	-0.9053969	-7.93E-05	3813.216	-0.001525902	6	6	-0.9064748	0	0	0	0	0	0	0	0	0	0	0	0	0	54	0	
2	2119	-0.9047835	-7.92E-05	3814.216	-0.001525902	6	6	-0.9059748	0	0	0	0	0	0	0	0	0	0	0	0	0	54	0	
2	2120	-0.9044768	-7.91E-05	3815.216	-0.001525902	6	6	-0.9054748	0	0	0	0	0	0	0	0	0	0	0	0	0	54	0	
2	2121	-0.9038634	-7.90E-05	3816.216	-0.001525902	6	6	-0.9049748	0	0	0	0	0	0	0	0	0	0	0	0	0	54	0	
2	2122	-0.9035567	-7.89E-05	3817.216	-0.001525902	6	6	-0.9044748	0	0	0	0	0	0	0	0	0	0	0	0	0	54	0	
2	2123	-0.9029433	-7.87E-05	3818.216	-0.001525902	6	6	-0.9039748	0	0	0	0	0	0	0	0	0	0	0	0	0	54	0	
2	2124	-0.9023299	-7.86E-05	3819.216	-0.001525902	6	6	-0.9034748	0	0	0	0	0	0	0	0	0	0	0	0	0	54	0	
2	2125	-0.9020232	-7.85E-05	3820.216	-0.001525902	6	6	-0.9029748	0	0	0	0	0	0	0	0	0	0	0	0	0	54	0	
2	2126	-0.9014097	-7.84E-05	3821.216	-0.001525902	6	6	-0.9024748	0	0	0	0	0	0	0	0	0	0	0	0	0	54	0	
2	2127	-0.9007964	-7.82E-05	3822.216	-0.001525902	6	6	-0.9019748	0	0	0	0	0	0	0	0	0	0	0	0	0	54	0	
2	2128	-0.900183	-7.81E-05	3823.216	-0.001525902	6	6	-0.9014748	0	0	0	0	0	0	0	0	0	0	0	0	0	54	0	
2	2129	-0.8998762	-7.80E-05	3824.216	-0.001525902	6	6	-0.9009748	0	0	0	0	0	0	0	0	0	0	0	0	0	54	0	
2	2130	-0.8995695	-7.78E-05	3825.216	-0.001525902	6	6	-0.9004748	0	0	0	0	0	0	0	0	0	0	0	0	0	54	0	
2	2131	-0.8989561	-7.77E-05	3826.216	-0.001525902	6	6	-0.8999748	0	0	0	0	0	0	0	0	0	0	0	0	0	54	0	
2	2132	-0.8983427	-7.75E-05	3827.216	-0.001525902	6	6	-0.8994748	0	0	0	0	0	0	0	0	0	0	0	0	0	54	0	
2	2133	-0.898036	-7.75E-05	3828.216	-0.001525902	6	6	-0.8989748	0	0	0	0	0	0	0	0	0	0	0	0	0	54	0	
2	2134	-0.8974226	-7.73E-05	3829.216	-0.001525902	6	6	-0.8984748	0	0	0	0	0	0	0	0	0	0	0	0	0	54	0	
2	2135	-0.8968092	-7.72E-05	3830.216	-0.001525902	6	6	-0.8979748	0	0	0	0	0	0	0	0	0	0	0	0	0	54	0	
2	2136	-0.8965024	-7.70E-05	3831.216	-0.001525902	6	6	-0.8974748	0	0	0	0	0	0	0	0	0	0	0	0	0	54	0	
2	2137	-0.895889	-7.69E-05	3832.216	-0.001525902	6	6	-0.8969748	0	0	0	0	0	0	0	0	0	0	0	0	0	54	0	
2	2138	-0.8952757	-7.67E-05	3833.216	-0.001525902	6	6	-0.8964748	0	0	0	0	0	0	0	0	0	0	0	0	0	54	0	
2	2139	-0.8949689	-7.66E-05	3834.216	-0.001525902	6	6	-0.8959748	0	0	0	0	0	0	0	0	0	0	0	0	0	54	0	
2	2140	-0.8943555	-7.64E-05	3835.216	-0.001525902	6	6	-0.8954748	0	0	0	0	0	0	0	0	0	0	0	0	0	54	0	
2	2141	-0.8937421	-7.63E-05	3836.216	-0.001525902	6	6	-0.8949748	0	0	0	0	0	0	0	0	0	0	0	0	0	54	0	
2	2142	-0.8934354	-7.62E-05	3837.216	-0.001525902	6	6	-0.8944748	0	0	0	0	0	0	0	0	0	0	0	0	0	54	0	
2	2143	-0.892822	-7.60E-05	3838.216	-0.001525902	6	6	-0.8939748	0	0	0	0	0	0	0	0	0	0	0	0	0	54	0	
2	2144	-0.8925153	-7.59E-05	3839.216	-0.001525902	6	6	-0.8934748	0	0	0	0	0	0	0	0	0	0	0	0	0	54	0	
2	2145	-0.8919019	-7.58E-05	3840.216	-0.001525902	6	6	-0.8939514	0	0	0	0	0	0	0	0	0	0	0	0	0	54	0	
2	2146	-0.8912885	-7.57E-05	3841.216	-0.001525902	6	6	-0.8924748	0	0	0	0	0	0	0	0	0	0	0	0	0	54	0	
2	2147	-0.8909817	-7.56E-05	3842.216	-0.001525902	6	6	-0.8919748	0	0	0	0	0	0	0	0	0	0	0	0	0	54	0	
2	2148	-0.8903683	-7.54E-05	3843.216	-0.001525902	6	6	-0.8914748	0	0	0	0	0	0	0	0	0	0	0	0	0	54	0	
2	2149	-0.8900616	-7.53E-05	3844.216	-0.001525902	6	6	-0.8909748	0	0	0	0	0	0	0	0	0	0	0	0	0	54	0	
2	2150	-0.8894482	-7.52E-05	3845.216	-0.001525902	6	6	-0.8904748	0	0	0	0	0	0	0	0	0	0	0	0	0	54	0	
2	2151	-0.8888348	-7.51E-05	3846.216	-0.001525902	6	6	-0.8899748	0	0	0	0	0	0	0	0	0	0	0	0	0	54	0	
2	2152	-0.8885281	-7.49E-05	3847.216	-0.001525902	6	6	-0.8894748	0	0	0	0	0	0	0	0	0	0	0	0	0	54	0	
2	2153	-0.8879147	-7.48E-05	3848.216	-0.001525902	6	6	-0.8889748	0	0	0	0	0	0	0	0	0	0	0	0	0	54	0	
2	2154	-0.8873013	-7.47E-05	3849.216	-0.001525902	6	6	-0.8884748	0	0	0	0	0	0	0	0	0	0	0	0	0	54	0	
2	2155	-0.8869945	-7.45E-05	3850.216	-0.001525902	6	6	-0.8879748	0	0	0	0	0	0	0	0	0	0	0	0	0	54	0	
2	2156	-0.8863811	-7.44E-05	3851.216	-0.001525902	6	6	-0.8874748	0	0	0	0	0	0	0	0	0	0	0	0	0	54	0	
2	2157	-0.8857678	-7.43E-05	3852.216	-0.001525902	6	6	-0.8869748	0	0	0	0	0	0	0	0	0	0	0	0	0	54	0	
2	2158	-0.885461	-7.42E-05	3853.216	-0.001525902	6	6	-0.8864748	0	0	0	0	0	0	0	0	0	0	0	0	0	54	0	
2	2159	-0.8848476	-7.41E-05	3854.216	-0.001525902	6	6	-0.8859748	0	0	0	0	0	0	0	0	0	0	0	0	0	54	0	
2	2160	-0.8845409	-7.40E-05	3855.216	-0.001525902	6	6	-0.8854748	0	0	0	0	0	0	0	0	0	0	0	0	0	54	0	
2	2161	-0.8839275	-7.39E-05	3856.216	-0.001525902	6	6	-0.8849748	0	0	0	0	0	0	0	0	0	0	0	0	0	54	0	
2	2162	-0.8833141	-7.38E-05	3857.216	-0.001525902	6	6	-0.8844748	0	0	0	0	0	0	0	0	0	0	0	0	0	54	0	
2	2163	-0.8830074	-7.37E-05	3858.216	-0.001525902	6	6	-0.8839748	0	0	0	0	0	0	0	0	0	0	0	0	0	54	0	
2	2164	-0.882394	-7.35E-05	3859.216	-0.001525902	6	6	-0.8834748	0	0	0	0	0	0	0	0	0	0	0	0	0	54	0	
2	2165	-0.8817806	-7.34E-05	3860.216	-0.001525902	6	6	-0.8829748	0	0	0	0	0	0	0	0	0	0	0	0	0	54	0	
2	2166	-0.8814738	-7.33E-05	3861.216	-0.001525902	6	6	-0.8824748	0	0	0	0	0	0	0	0	0	0	0	0	0	54	0	
2	2167	-0.8808604	-7.32E-05	3862.216	-0.001525902	6	6	-0.8819748	0	0	0	0	0	0	0	0	0	0	0	0	0	54	0	
2	2168	-0.8805537	-7.31E-05	3863.216	-0.001525902	6	6	-0.8814748	0	0	0	0	0	0	0	0	0	0	0	0	0	54	0	
2	2169	-0.8799403	-7.30E-05	3864.216	-0.001525902	6	6	-0.8809748	0	0	0	0	0	0	0	0	0	0	0	0	0	54	0	
2	2170	-0.8793269	-7.29E-05	3865.216	-0.001525902	6	6	-0.8804748	0	0	0	0	0	0	0	0	0	0	0	0	0	54	0	
2	2171	-0.8790202	-7.28E-05	3866.216	-0.001525902	6	6	-0.8799748	0	0	0	0	0	0	0	0	0	0	0	0	0	54	0	
2	2172	-0.8784068	-7.27E-05	3867.216	-0.001525902	6	6	-0.8794748	0	0	0	0	0	0	0	0	0	0	0	0	0	54	0	
2	2173	-0.8777934	-7.25E-05	3868.216	-0.001525902	6	6	-0.8789748	0	0	0	0	0	0	0	0	0	0	0	0	0	54	0	
2	2174	-0.8774866	-7.24E-05	3869.216	-0.001525902	6	6	-0.8784748	0	0	0	0	0	0	0	0	0	0	0	0	0	54	0	
2	2175	-0.8768733	-7.23E-05	3870.216	-0.001525902	6	6	-0.8779748	0	0	0	0	0	0	0	0	0	0	0	0	0	54	0	
2	2176	-0.8765665	-7.22E-05	3871.216	-0.001525902	6	6	-0.8774748	0	0	0	0	0	0	0	0	0	0	0	0	0	54	0	
2	2177	-0.8759531	-7.21E-05	3872.216	-0.001525902	6	6	-0.8769748	0	0	0	0	0	0	0	0	0	0	0	0	0	54	0	
2	2178	-0.8753397	-7.19E-05	3873.216	-0.001525902	6	6	-0.8764748	0	0	0	0	0	0	0	0	0	0	0	0	0	54	0	
2	2179	-0.875033	-7.18E-05	3874.216	-0.001525902	6	6	-0.8759748	0	0	0	0	0	0	0	0	0	0	0	0	0	54	0	
2	2180	-0.8744196	-7.17E-05	3875.216	-0.001525902	6	6	-0.8754748	0	0	0	0	0	0	0	0	0	0	0	0	0	54	0	
2	2181	-0.8738062	-7.16E-05	3876.216	-0.001525902	6	6	-0.8749748	0	0	0	0	0	0	0	0	0	0	0	0	0	54	0	
2	2182	-0.8734995	-7.15E-05	3877.216	-0.001525902	6	6	-0.8744748	0	0	0	0	0	0	0	0	0	0	0	0	0	54	0	
2	2183	-0.8728861	-7.13E-05	3878.216	-0.001525902	6	6	-0.8739748	0	0	0	0	0	0	0	0	0	0	0	0	0	54	0	
2	2184	-0.8725793	-7.12E-05	3879.216	-0.001525902	6	6	-0.8734748	0	0	0	0	0	0	0	0	0	0	0	0	0	54	0	
2	2185	-0.8719659	-7.11E-05	3880.216	-0.001525902	6	6	-0.8729748	0	0	0	0	0	0	0	0	0	0	0	0	0	54	0	
2	2186	-0.8713526	-7.10E-05	3881.216	-0.001525902	6	6	-0.8724748	0	0	0	0	0	0	0	0	0	0	0	0	0	54	0	
2	2187	-0.8710458	-7.09E-05	3882.216	-0.001525902	6	6	-0.8719748	0	0	0	0	0	0	0	0	0	0	0	0	0	54	0	
2	2188	-0.8704324	-7.08E-05	3883.216	-0.001525902	6	6	-0.8714748	0	0	0	0	0	0	0	0	0	0	0	0	0	54	0	
2	2189	-0.869819	-7.07E-05	3884.216	-0.001525902	6	6	-0.8709748	0	0	0	0	0	0	0	0	0	0	0	0	0	54	0	
2	2190	-0.8695123	-7.06E-05	3885.216	-0.001525902	6	6	-0.8704748	0	0	0	0	0	0	0	0	0	0	0	0	0	54	0	
2	2191	-0.8688989	-7.05E-05	3886.216	-0.001525902	6	6	-0.8699748	0	0	0	0	0	0	0	0	0	0	0	0	0	54	0	
2	2192	-0.8685922	-7.03E-05	3887.216	-0.001525902	6	6	-0.8694748	0	0	0	0	0	0	0	0	0	0	0	0	0	54	0	
2	2193	-0.8679788	-7.02E-05	3888.216	-0.001525902	6	6	-0.8689748	0	0	0	0	0	0	0	0	0	0	0	0	0	54	0	
2	2194	-0.8673654	-7.01E-05	3889.216	-0.001525902	6	6	-0.8684748	0	0	0	0	0	0	0	0	0	0	0	0	0	54	0	
2	2195	-0.866752	-7.00E-05	3890.216	-0.001525902	6	6	-0.8679748	0	0	0	0	0	0	0	0	0	0	0	0	0	54	0	
2	2196	-0.8664452	-6.99E-05	3891.216	-0.001525902	6	6	-0.8674748	0	0	0	0	0	0	0	0	0	0	0	0	0	54	0	
2	2197	-0.8661385	-6.98E-05	3892.216	-0.001525902	6	6	-0.8669748	0	0	0	0	0	0	0	0	0	0	0	0	0	54	0	
2	2198	-0.8655251	-6.96E-05	3893.216	-0.001525902	6	6	-0.8664748	0	0	0	0	0	0	0	0	0	0	0	0	0	54	0	
2	2199	-0.8649117	-6.95E-05	3894.216	-0.001525902	6	6	-0.8659748	0	0	0	0	0	0	0	0	0	0	0	0	0	54	0	
2	2200	-0.864605	-6.94E-05	3895.216	-0.001525902	6	6	-0.8654748	0	0	0	0	0	0	0	0	0	0	0	0	0	54	0	
2	2201	-0.8639916	-6.93E-05	3896.216	-0.001525902	6	6	-0.8649748	0	0	0	0	0	0	0	0	0	0	0	0	0	54	0	
2	2202	-0.8636849	-6.92E-05	3897.216	-0.001525902	6	6	-0.8644748	0	0	0	0	0	0	0	0	0	0	0	0	0	54	0	
2	2203	-0.8630714	-6.90E-05	3898.216	-0.001525902	6	6	-0.8639748	0	0	0	0	0	0	0	0	0	0	0	0	0	54	0	
2	2204	-0.8627648	-6.89E-05	3899.216	-0.001525902	6	6	-0.8634748	0	0	0	0	0	0	0	0	0	0	0	0	0	54	0	
2	2205	-0.8621513	-6.91E-05	3900.216	-0.001525902	6	6	-0.8629748	0	0	0	0	0	0	0	0	0	0	0	0	0	54	0	
2	2206	-0.8615379	-6.89E-05	3901.216	-0.001525902	6	6	-0.8624748	0	0	0	0	0	0	0	0	0	0	0	0	0	54	0	
2	2207	-0.8612312	-6.88E-05	3902.216	-0.001525902	6	6	-0.8619748	0	0	0	0	0	0	0	0	0	0	0	0	0	54	0	
2	2208	-0.8606178	-6.86E-05	3903.216	-0.001525902	6	6	-0.8614748	0	0	0	0	0	0	0	0	0	0	0	0	0	54	0	
2	2209	-0.8600044	-6.85E-05	3904.216	-0.001525902	6	6	-0.8609748	0	0	0	0	0	0	0	0	0	0	0	0	0	54	0	
2	2210	-0.8596977	-6.84E-05	3905.216	-0.001525902	6	6	-0.8604748	0	0	0	0	0	0	0	0	0	0	0	0	0	54	0	
2	2211	-0.8590843	-6.83E-05	3906.216	-0.001525902	6	6	-0.8599748	0	0	0	0	0	0	0	0	0	0	0	0	0	54	0	
2	2212	-0.8587776	-6.82E-05	3907.216	-0.001525902	6	6	-0.8594748	0	0	0	0	0	0	0	0	0	0	0	0	0	54	0	
2	2213	-0.8581642	-6.81E-05	3908.216	-0.001525902	6	6	-0.8589748	0	0	0	0	0	0	0	0	0	0	0	0	0	54	0	
2	2214	-0.8575507	-6.80E-05	3909.216	-0.001525902	6	6	-0.8584748	0	0	0	0	0	0	0	0	0	0	0	0	0	54	0	
2	2215	-0.8569373	-6.78E-05	3910.216	-0.001525902	6	6	-0.8579748	0	0	0	0	0	0	0	0	0	0	0	0	0	54	0	
2	2216	-0.8566306	-6.77E-05	3911.216	-0.001525902	6	6	-0.8574748	0	0	0	0	0	0	0	0	0	0	0	0	0	54	0	
2	2217	-0.8563239	-6.76E-05	3912.216	-0.001525902	6	6	-0.8569748	0	0	0	0	0	0	0	0	0	0	0	0	0	54	0	
2	2218	-0.8557105	-6.75E-05	3913.216	-0.001525902	6	6	-0.8564748	0	0	0	0	0	0	0	0	0	0	0	0	0	54	0	
2	2219	-0.8550971	-6.74E-05	3914.216	-0.001525902	6	6	-0.8559748	0	0	0	0	0	0	0	0	0	0	0	0	0	54	0	
2	2220	-0.8547904	-6.73E-05	3915.216	-0.001525902	6	6	-0.8554748	0	0	0	0	0	0	0	0	0	0	0	0	0	54	0	
2	2221	-0.854177	-6.72E-05	3916.216	-0.001525902	6	6	-0.8549748	0	0	0	0	0	0	0	0	0	0	0	0	0	54	0	
2	2222	-0.8535635	-6.70E-05	3917.216	-0.001525902	6	6	-0.8544748	0	0	0	0	0	0	0	0	0	0	0	0	0	54	0	
2	2223	-0.8532569	-6.69E-05	3918.216	-0.001525902	6	6	-0.8539748	0	0	0	0	0	0	0	0	0	0	0	0	0	54	0	
2	2224	-0.8526434	-6.68E-05	3919.216	-0.001525902	6	6	-0.8534748	0	0	0	0	0	0	0	0	0	0	0	0	0	54	0	
2	2225	-0.85203	-6.67E-05	3920.216	-0.001525902	6	6	-0.8529748	0	0	0	0	0	0	0	0	0	0	0	0	0	54	0	
2	2226	-0.8517233	-6.66E-05	3921.216	-0.001525902	6	6	-0.8524748	0	0	0	0	0	0	0	0	0	0	0	0	0	54	0	
2	2227	-0.8511099	-6.65E-05	3922.216	-0.001525902	6	6	-0.8519748	0	0	0	0	0	0	0	0	0	0	0	0	0	54	0	
2	2228	-0.8504965	-6.64E-05	3923.216	-0.001525902	6	6	-0.8514748	0	0	0	0	0	0	0	0	0	0	0	0	0	54	0	
2	2229	-0.8501898	-6.63E-05	3924.216	-0.001525902	6	6	-0.8509748	0	0	0	0	0	0	0	0	0	0	0	0	0	54	0	
2	2230	-0.8495764	-6.62E-05	3925.216	-0.001525902	6	6	-0.8504748	0	0	0	0	0	0	0	0	0	0	0	0	0	54	0	
2	2231	-0.8492697	-6.61E-05	3926.216	-0.001525902	6	6	-0.8499748	0	0	0	0	0	0	0	0	0	0	0	0	0	54	0	
2	2232	-0.8486563	-6.60E-05	3927.216	-0.001525902	6	6	-0.8494748	0	0	0	0	0	0	0	0	0	0	0	0	0	54	0	
2	2233	-0.8480428	-6.59E-05	3928.216	-0.001525902	6	6	-0.8489748	0	0	0	0	0	0	0	0	0	0	0	0	0	54	0	
2	2234	-0.8477361	-6.58E-05	3929.216	-0.001525902	6	6	-0.8484748	0	0	0	0	0	0	0	0	0	0	0	0	0	54	0	
2	2235	-0.8471227	-6.57E-05	3930.216	-0.001525902	6	6	-0.8479748	0	0	0	0	0	0	0	0	0	0	0	0	0	54	0	
2	2236	-0.846816	-6.56E-05	3931.216	-0.001525902	6	6	-0.8474748	0	0	0	0	0	0	0	0	0	0	0	0	0	54	0	
2	2237	-0.8462026	-6.55E-05	3932.216	-0.001525902	6	6	-0.8469748	0	0	0	0	0	0	0	0	0	0	0	0	0	54	0	
2	2238	-0.8455892	-6.54E-05	3933.216	-0.001525902	6	6	-0.8464748	0	0	0	0	0	0	0	0	0	0	0	0	0	54	0	
2	2239	-0.8449758	-6.52E-05	3934.216	-0.001525902	6	6	-0.8459748	0	0	0	0	0	0	0	0	0	0	0	0	0	54	0	
2	2240	-0.8446691	-6.51E-05	3935.216	-0.001525902	6	6	-0.8454748	0	0	0	0	0	0	0	0	0	0	0	0	0	54	0	
2	2241	-0.8440557	-6.50E-05	3936.216	-0.001525902	6	6	-0.8449748	0	0	0	0	0	0	0	0	0	0	0	0	0	54	0	
2	2242	-0.843749	-6.49E-05	3937.216	-0.001525902	6	6	-0.8444748	0	0	0	0	0	0	0	0	0	0	0	0	0	54	0	
2	2243	-0.8431355	-6.48E-05	3938.216	-0.001525902	6	6	-0.8439748	0	0	0	0	0	0	0	0	0	0	0	0	0	54	0	
2	2244	-0.8425221	-6.48E-05	3939.216	-0.001525902	6	6	-0.8434748	0	0	0	0	0	0	0	0	0	0	0	0	0	54	0	
2	2245	-0.8422154	-6.46E-05	3940.216	-0.001525902	6	6	-0.8429748	0	0	0	0	0	0	0	0	0	0	0	0	0	54	0	
2	2246	-0.841602	-6.45E-05	3941.216	-0.001525902	6	6	-0.8424748	0	0	0	0	0	0	0	0	0	0	0	0	0	54	0	
2	2247	-0.8412953	-6.44E-05	3942.216	-0.001525902	6	6	-0.8419748	0	0	0	0	0	0	0	0	0	0	0	0	0	54	0	
2	2248	-0.8406819	-6.43E-05	3943.216	-0.001525902	6	6	-0.8414748	0	0	0	0	0	0	0	0	0	0	0	0	0	54	0	
2	2249	-0.8400685	-6.42E-05	3944.216	-0.001525902	6	6	-0.8409748	0	0	0	0	0	0	0	0	0	0	0	0	0	54	0	
2	2250	-0.8397618	-6.41E-05	3945.216	-0.001525902	6	6	-0.8404748	0	0	0	0	0	0	0	0	0	0	0	0	0	54	0	
2	2251	-0.8391483	-6.40E-05	3946.216	-0.001525902	6	6	-0.8399748	0	0	0	0	0	0	0	0	0	0	0	0	0	54	0	
2	2252	-0.838535	-6.39E-05	3947.216	-0.001525902	6	6	-0.8394748	0	0	0	0	0	0	0	0	0	0	0	0	0	54	0	
2	2253	-0.8382282	-6.38E-05	3948.216	-0.001525902	6	6	-0.8389748	0	0	0	0	0	0	0	0	0	0	0	0	0	54	0	
2	2254	-0.8376148	-6.36E-05	3949.216	-0.001525902	6	6	-0.8384748	0	0	0	0	0	0	0	0	0	0	0	0	0	54	0	
2	2255	-0.8373081	-6.35E-05	3950.216	-0.001525902	6	6	-0.8379748	0	0	0	0	0	0	0	0	0	0	0	0	0	54	0	
2	2256	-0.8366947	-6.34E-05	3951.216	-0.001525902	6	6	-0.8374748	0	0	0	0	0	0	0	0	0	0	0	0	0	54	0	
2	2257	-0.8360813	-6.33E-05	3952.216	-0.001525902	6	6	-0.8369748	0	0	0	0	0	0	0	0	0	0	0	0	0	54	0	
2	2258	-0.8357746	-6.32E-05	3953.216	-0.001525902	6	6	-0.8364748	0	0	0	0	0	0	0	0	0	0	0	0	0	54	0	
2	2259	-0.8351612	-6.31E-05	3954.216	-0.001525902	6	6	-0.8359748	0	0	0	0	0	0	0	0	0	0	0	0	0	54	0	
2	2260	-0.8345478	-6.30E-05	3955.216	-0.001525902	6	6	-0.8354748	0	0	0	0	0	0	0	0	0	0	0	0	0	54	0	
2	2261	-0.8342411	-6.29E-05	3956.216	-0.001525902	6	6	-0.8349748	0	0	0	0	0	0	0	0	0	0	0	0	0	54	0	
2	2262	-0.8336276	-6.28E-05	3957.216	-0.001525902	6	6	-0.8344748	0	0	0	0	0	0	0	0	0	0	0	0	0	54	0	
2	2263	-0.8330142	-6.26E-05	3958.216	-0.001525902	6	6	-0.8339748	0	0	0	0	0	0	0	0	0	0	0	0	0	54	0	
2	2264	-0.8327075	-6.25E-05	3959.216	-0.001525902	6	6	-0.8334748	0	0	0	0	0	0	0	0	0	0	0	0	0	54	0	
2	2265	-0.8320941	-6.24E-05	3960.216	-0.001525902	6	6	-0.8329748	0	0	0	0	0	0	0	0	0	0	0	0	0	54	0	
2	2266	-0.8317874	-6.23E-05	3961.216	-0.001525902	6	6	-0.8324748	0	0	0	0	0	0	0	0	0	0	0	0	0	54	0	
2	2267	-0.831174	-6.22E-05	3962.216	-0.001525902	6	6	-0.8319748	0	0	0	0	0	0	0	0	0	0	0	0	0	54	0	
2	2268	-0.8305606	-6.21E-05	3963.216	-0.001525902	6	6	-0.8314748	0	0	0	0	0	0	0	0	0	0	0	0	0	54	0	
2	2269	-0.8302539	-6.19E-05	3964.216	-0.001525902	6	6	-0.8309748	0	0	0	0	0	0	0	0	0	0	0	0	0	54	0	
2	2270	-0.8296404	-6.18E-05	3965.216	-0.001525902	6	6	-0.8314514	0	0	0	0	0	0	0	0	0	0	0	0	0	54	0	
2	2271	-0.8293338	-6.17E-05	3966.216	-0.001525902	6	6	-0.8299748	0	0	0	0	0	0	0	0	0	0	0	0	0	54	0	
2	2272	-0.8287203	-6.16E-05	3967.216	-0.001525902	6	6	-0.8294748	0	0	0	0	0	0	0	0	0	0	0	0	0	54	0	
2	2273	-0.8281069	-6.15E-05	3968.216	-0.001525902	6	6	-0.8289748	0	0	0	0	0	0	0	0	0	0	0	0	0	54	0	
2	2274	-0.8278002	-6.14E-05	3969.216	-0.001525902	6	6	-0.8284748	0	0	0	0	0	0	0	0	0	0	0	0	0	54	0	
2	2275	-0.8271868	-6.13E-05	3970.216	-0.001525902	6	6	-0.8279748	0	0	0	0	0	0	0	0	0	0	0	0	0	54	0	
2	2276	-0.8268801	-6.12E-05	3971.216	-0.001525902	6	6	-0.8274748	0	0	0	0	0	0	0	0	0	0	0	0	0	54	0	
2	2277	-0.8262667	-6.11E-05	3972.216	-0.001525902	6	6	-0.8269748	0	0	0	0	0	0	0	0	0	0	0	0	0	54	0	
2	2278	-0.8256533	-6.10E-05	3973.216	-0.001525902	6	6	-0.8264748	0	0	0	0	0	0	0	0	0	0	0	0	0	54	0	
2	2279	-0.8250399	-6.09E-05	3974.216	-0.001525902	6	6	-0.8259748	0	0	0	0	0	0	0	0	0	0	0	0	0	54	0	
2	2280	-0.8247332	-6.08E-05	3975.216	-0.001525902	6	6	-0.8254748	0	0	0	0	0	0	0	0	0	0	0	0	0	54	0	
2	2281	-0.8241197	-6.07E-05	3976.216	-0.001525902	6	6	-0.8249748	0	0	0	0	0	0	0	0	0	0	0	0	0	54	0	
2	2282	-0.8235064	-6.06E-05	3977.216	-0.001525902	6	6	-0.8244748	0	0	0	0	0	0	0	0	0	0	0	0	0	54	0	
2	2283	-0.8231996	-6.05E-05	3978.216	-0.001525902	6	6	-0.8239748	0	0	0	0	0	0	0	0	0	0	0	0	0	54	0	
2	2284	-0.8225862	-6.04E-05	3979.216	-0.001525902	6	6	-0.8234748	0	0	0	0	0	0	0	0	0	0	0	0	0	54	0	
2	2285	-0.8222795	-6.03E-05	3980.216	-0.001525902	6	6	-0.8229748	0	0	0	0	0	0	0	0	0	0	0	0	0	54	0	
2	2286	-0.8216661	-6.02E-05	3981.216	-0.001525902	6	6	-0.8224748	0	0	0	0	0	0	0	0	0	0	0	0	0	54	0	
2	2287	-0.8210527	-6.01E-05	3982.216	-0.001525902	6	6	-0.8219748	0	0	0	0	0	0	0	0	0	0	0	0	0	54	0	
2	2288	-0.820746	-6.00E-05	3983.216	-0.001525902	6	6	-0.8214748	0	0	0	0	0	0	0	0	0	0	0	0	0	54	0	
2	2289	-0.8201326	-5.99E-05	3984.216	-0.001525902	6	6	-0.8209748	0	0	0	0	0	0	0	0	0	0	0	0	0	54	0	
2	2290	-0.8195192	-5.98E-05	3985.216	-0.001525902	6	6	-0.8204748	0	0	0	0	0	0	0	0	0	0	0	0	0	54	0	
2	2291	-0.8192124	-5.97E-05	3986.216	-0.001525902	6	6	-0.8199748	0	0	0	0	0	0	0	0	0	0	0	0	0	54	0	
2	2292	-0.818599	-5.96E-05	3987.216	-0.001525902	6	6	-0.8194748	0	0	0	0	0	0	0	0	0	0	0	0	0	54	0	
2	2293	-0.8182923	-5.95E-05	3988.216	-0.001525902	6	6	-0.8189748	0	0	0	0	0	0	0	0	0	0	0	0	0	54	0	
2	2294	-0.8176789	-5.94E-05	3989.216	-0.001525902	6	6	-0.8184748	0	0	0	0	0	0	0	0	0	0	0	0	0	54	0	
2	2295	-0.8170655	-5.93E-05	3990.216	-0.001525902	6	6	-0.8179748	0	0	0	0	0	0	0	0	0	0	0	0	0	54	0	
2	2296	-0.8167588	-5.92E-05	3991.216	-0.001525902	6	6	-0.8174748	0	0	0	0	0	0	0	0	0	0	0	0	0	54	0	
2	2297	-0.8161454	-5.91E-05	3992.216	-0.001525902	6	6	-0.8169748	0	0	0	0	0	0	0	0	0	0	0	0	0	54	0	
2	2298	-0.815532	-5.89E-05	3993.216	-0.001525902	6	6	-0.8164748	0	0	0	0	0	0	0	0	0	0	0	0	0	54	0	
2	2299	-0.8152253	-5.88E-05	3994.216	-0.001525902	6	6	-0.8159748	0	0	0	0	0	0	0	0	0	0	0	0	0	54	0	
2	2300	-0.8146119	-5.87E-05	3995.216	-0.001525902	6	6	-0.8154748	0	0	0	0	0	0	0	0	0	0	0	0	0	54	0	
2	2301	-0.8139985	-5.87E-05	3996.216	-0.001525902	6	6	-0.8149748	0	0	0	0	0	0	0	0	0	0	0	0	0	54	0	
2	2302	-0.8136917	-5.86E-05	3997.216	-0.001525902	6	6	-0.8144748	0	0	0	0	0	0	0	0	0	0	0	0	0	54	0	
2	2303	-0.8130783	-5.85E-05	3998.216	-0.001525902	6	6	-0.8139748	0	0	0	0	0	0	0	0	0	0	0	0	0	54	0	
2	2304	-0.8127716	-5.84E-05	3999.216	-0.001525902	6	6	-0.8134748	0	0	0	0	0	0	0	0	0	0	0	0	0	54	0	
2	2305	-0.8121582	-5.83E-05	4000.216	-0.001525902	6	6	-0.8129748	0	0	0	0	0	0	0	0	0	0	0	0	0	54	0	
2	2306	-0.8115448	-5.82E-05	4001.216	-0.001525902	6	6	-0.8124748	0	0	0	0	0	0	0	0	0	0	0	0	0	54	0	
2	2307	-0.8112381	-5.81E-05	4002.216	-0.001525902	6	6	-0.8119748	0	0	0	0	0	0	0	0	0	0	0	0	0	54	0	
2	2308	-0.8106247	-5.80E-05	4003.216	-0.001525902	6	6	-0.8114748	0	0	0	0	0	0	0	0	0	0	0	0	0	54	0	
2	2309	-0.8100113	-5.79E-05	4004.216	-0.001525902	6	6	-0.8109748	0	0	0	0	0	0	0	0	0	0	0	0	0	54	0	
2	2310	-0.8097045	-5.78E-05	4005.216	-0.001525902	6	6	-0.8104748	0	0	0	0	0	0	0	0	0	0	0	0	0	54	0	
2	2311	-0.8090912	-5.77E-05	4006.216	-0.001525902	6	6	-0.8099748	0	0	0	0	0	0	0	0	0	0	0	0	0	54	0	
2	2312	-0.8087844	-5.76E-05	4007.216	-0.001525902	6	6	-0.8094748	0	0	0	0	0	0	0	0	0	0	0	0	0	54	0	
2	2313	-0.808171	-5.75E-05	4008.216	-0.001525902	6	6	-0.8089748	0	0	0	0	0	0	0	0	0	0	0	0	0	54	0	
2	2314	-0.8075576	-5.74E-05	4009.216	-0.001525902	6	6	-0.8084748	0	0	0	0	0	0	0	0	0	0	0	0	0	54	0	
2	2315	-0.8072509	-5.73E-05	4010.216	-0.001525902	6	6	-0.8079748	0	0	0	0	0	0	0	0	0	0	0	0	0	54	0	
2	2316	-0.8066375	-5.72E-05	4011.216	-0.001525902	6	6	-0.8074748	0	0	0	0	0	0	0	0	0	0	0	0	0	54	0	
2	2317	-0.8063308	-5.71E-05	4012.216	-0.001525902	6	6	-0.8069748	0	0	0	0	0	0	0	0	0	0	0	0	0	54	0	
2	2318	-0.8057174	-5.70E-05	4013.216	-0.001525902	6	6	-0.8064748	0	0	0	0	0	0	0	0	0	0	0	0	0	54	0	
2	2319	-0.805104	-5.69E-05	4014.216	-0.001525902	6	6	-0.8059748	0	0	0	0	0	0	0	0	0	0	0	0	0	54	0	
2	2320	-0.8047972	-5.68E-05	4015.216	-0.001525902	6	6	-0.8054748	0	0	0	0	0	0	0	0	0	0	0	0	0	54	0	
2	2321	-0.8041838	-5.67E-05	4016.216	-0.001525902	6	6	-0.8049748	0	0	0	0	0	0	0	0	0	0	0	0	0	54	0	
2	2322	-0.8035704	-5.66E-05	4017.216	-0.001525902	6	6	-0.8044748	0	0	0	0	0	0	0	0	0	0	0	0	0	54	0	
2	2323	-0.8032637	-5.65E-05	4018.216	-0.001525902	6	6	-0.8039748	0	0	0	0	0	0	0	0	0	0	0	0	0	54	0	
2	2324	-0.8026503	-5.64E-05	4019.216	-0.001525902	6	6	-0.8034748	0	0	0	0	0	0	0	0	0	0	0	0	0	54	0	
2	2325	-0.8023436	-5.63E-05	4020.216	-0.001525902	6	6	-0.8029748	0	0	0	0	0	0	0	0	0	0	0	0	0	54	0	
2	2326	-0.8017302	-5.62E-05	4021.216	-0.001525902	6	6	-0.8024748	0	0	0	0	0	0	0	0	0	0	0	0	0	54	0	
2	2327	-0.8011168	-5.60E-05	4022.216	-0.001525902	6	6	-0.8019748	0	0	0	0	0	0	0	0	0	0	0	0	0	54	0	
2	2328	-0.8008101	-5.59E-05	4023.216	-0.001525902	6	6	-0.8014748	0	0	0	0	0	0	0	0	0	0	0	0	0	54	0	
2	2329	-0.8001966	-5.58E-05	4024.216	-0.001525902	6	6	-0.8009748	0	0	0	0	0	0	0	0	0	0	0	0	0	54	0	
2	2330	-0.7995833	-5.57E-05	4025.216	-0.001525902	6	6	-0.8004748	0	0	0	0	0	0	0	0	0	0	0	0	0	54	0	
2	2331	-0.7989699	-5.56E-05	4026.216	-0.001525902	6	6	-0.7999748	0	0	0	0	0	0	0	0	0	0	0	0	0	54	0	
2	2332	-0.7986631	-5.55E-05	4027.216	-0.001525902	6	6	-0.7994748	0	0	0	0	0	0	0	0	0	0	0	0	0	54	0	
2	2333	-0.7983564	-5.54E-05	4028.216	-0.001525902	6	6	-0.7989748	0	0	0	0	0	0	0	0	0	0	0	0	0	54	0	
2	2334	-0.797743	-5.53E-05	4029.216	-0.001525902	6	6	-0.7984748	0	0	0	0	0	0	0	0	0	0	0	0	0	54	0	
2	2335	-0.7971296	-5.52E-05	4030.216	-0.001525902	6	6	-0.7979748	0	0	0	0	0	0	0	0	0	0	0	0	0	54	0	
2	2336	-0.7965162	-5.51E-05	4031.216	-0.001525902	6	6	-0.7974748	0	0	0	0	0	0	0	0	0	0	0	0	0	54	0	
2	2337	-0.7962095	-5.50E-05	4032.216	-0.001525902	6	6	-0.7969748	0	0	0	0	0	0	0	0	0	0	0	0	0	54	0	
2	2338	-0.7955961	-5.49E-05	4033.216	-0.001525902	6	6	-0.7964748	0	0	0	0	0	0	0	0	0	0	0	0	0	54	0	
2	2339	-0.7952893	-5.48E-05	4034.216	-0.001525902	6	6	-0.7959748	0	0	0	0	0	0	0	0	0	0	0	0	0	54	0	
2	2340	-0.7946759	-5.47E-05	4035.216	-0.001525902	6	6	-0.7954748	0	0	0	0	0	0	0	0	0	0	0	0	0	54	0	
2	2341	-0.7940626	-5.46E-05	4036.216	-0.001525902	6	6	-0.7949748	0	0	0	0	0	0	0	0	0	0	0	0	0	54	0	
2	2342	-0.7937558	-5.45E-05	4037.216	-0.001525902	6	6	-0.7944748	0	0	0	0	0	0	0	0	0	0	0	0	0	54	0	
2	2343	-0.7931424	-5.44E-05	4038.216	-0.001525902	6	6	-0.7939748	0	0	0	0	0	0	0	0	0	0	0	0	0	54	0	
2	2344	-0.792529	-5.43E-05	4039.216	-0.001525902	6	6	-0.7934748	0	0	0	0	0	0	0	0	0	0	0	0	0	54	0	
2	2345	-0.7922223	-5.42E-05	4040.216	-0.001525902	6	6	-0.7929748	0	0	0	0	0	0	0	0	0	0	0	0	0	54	0	
2	2346	-0.7916089	-5.41E-05	4041.216	-0.001525902	6	6	-0.7924748	0	0	0	0	0	0	0	0	0	0	0	0	0	54	0	
2	2347	-0.7913022	-5.40E-05	4042.216	-0.001525902	6	6	-0.7919748	0	0	0	0	0	0	0	0	0	0	0	0	0	54	0	
2	2348	-0.7906888	-5.39E-05	4043.216	-0.001525902	6	6	-0.7914748	0	0	0	0	0	0	0	0	0	0	0	0	0	54	0	
2	2349	-0.7900754	-5.38E-05	4044.216	-0.001525902	6	6	-0.7909748	0	0	0	0	0	0	0	0	0	0	0	0	0	54	0	
2	2350	-0.7897686	-5.37E-05	4045.216	-0.001525902	6	6	-0.7904748	0	0	0	0	0	0	0	0	0	0	0	0	0	54	0	
2	2351	-0.7891552	-5.35E-05	4046.216	-0.001525902	6	6	-0.7899748	0	0	0	0	0	0	0	0	0	0	0	0	0	54	0	
2	2352	-0.7888485	-5.35E-05	4047.216	-0.001525902	6	6	-0.7894748	0	0	0	0	0	0	0	0	0	0	0	0	0	54	0	
2	2353	-0.7882351	-5.34E-05	4048.216	-0.001525902	6	6	-0.7889748	0	0	0	0	0	0	0	0	0	0	0	0	0	54	0	
2	2354	-0.7876217	-5.32E-05	4049.216	-0.001525902	6	6	-0.7884748	0	0	0	0	0	0	0	0	0	0	0	0	0	54	0	
2	2355	-0.787315	-5.31E-05	4050.216	-0.001525902	6	6	-0.7879748	0	0	0	0	0	0	0	0	0	0	0	0	0	54	0	
2	2356	-0.7867016	-5.30E-05	4051.216	-0.001525902	6	6	-0.7874748	0	0	0	0	0	0	0	0	0	0	0	0	0	54	0	
2	2357	-0.7863949	-5.29E-05	4052.216	-0.001525902	6	6	-0.7869748	0	0	0	0	0	0	0	0	0	0	0	0	0	54	0	
2	2358	-0.7857814	-5.28E-05	4053.216	-0.001525902	6	6	-0.7864748	0	0	0	0	0	0	0	0	0	0	0	0	0	54	0	
2	2359	-0.7851681	-5.27E-05	4054.216	-0.001525902	6	6	-0.7859748	0	0	0	0	0	0	0	0	0	0	0	0	0	54	0	
2	2360	-0.7845547	-5.26E-05	4055.216	-0.001525902	6	6	-0.7854748	0	0	0	0	0	0	0	0	0	0	0	0	0	54	0	
2	2361	-0.7842479	-5.25E-05	4056.216	-0.001525902	6	6	-0.7849748	0	0	0	0	0	0	0	0	0	0	0	0	0	54	0	
2	2362	-0.7836345	-5.24E-05	4057.216	-0.001525902	6	6	-0.7844748	0	0	0	0	0	0	0	0	0	0	0	0	0	54	0	
2	2363	-0.7830211	-5.23E-05	4058.216	-0.001525902	6	6	-0.7839748	0	0	0	0	0	0	0	0	0	0	0	0	0	54	0	
2	2364	-0.7827144	-5.22E-05	4059.216	-0.001525902	6	6	-0.7834748	0	0	0	0	0	0	0	0	0	0	0	0	0	54	0	
2	2365	-0.782101	-5.22E-05	4060.216	-0.001525902	6	6	-0.7829748	0	0	0	0	0	0	0	0	0	0	0	0	0	54	0	
2	2366	-0.7814876	-5.21E-05	4061.216	-0.001525902	6	6	-0.7824748	0	0	0	0	0	0	0	0	0	0	0	0	0	54	0	
2	2367	-0.7811809	-5.20E-05	4062.216	-0.001525902	6	6	-0.7819748	0	0	0	0	0	0	0	0	0	0	0	0	0	54	0	
2	2368	-0.7805675	-5.19E-05	4063.216	-0.001525902	6	6	-0.7814748	0	0	0	0	0	0	0	0	0	0	0	0	0	54	0	
2	2369	-0.7802607	-5.18E-05	4064.216	-0.001525902	6	6	-0.7809748	0	0	0	0	0	0	0	0	0	0	0	0	0	54	0	
2	2370	-0.7796474	-5.17E-05	4065.216	-0.001525902	6	6	-0.7804748	0	0	0	0	0	0	0	0	0	0	0	0	0	54	0	
2	2371	-0.779034	-5.16E-05	4066.216	-0.001525902	6	6	-0.7799748	0	0	0	0	0	0	0	0	0	0	0	0	0	54	0	
2	2372	-0.7787272	-5.15E-05	4067.216	-0.001525902	6	6	-0.7794748	0	0	0	0	0	0	0	0	0	0	0	0	0	54	0	
2	2373	-0.7781138	-5.14E-05	4068.216	-0.001525902	6	6	-0.7789748	0	0	0	0	0	0	0	0	0	0	0	0	0	54	0	
2	2374	-0.7778071	-5.13E-05	4069.216	-0.001525902	6	6	-0.7784748	0	0	0	0	0	0	0	0	0	0	0	0	0	54	0	
2	2375	-0.7771937	-5.12E-05	4070.216	-0.001525902	6	6	-0.7779748	0	0	0	0	0	0	0	0	0	0	0	0	0	54	0	
2	2376	-0.7765803	-5.11E-05	4071.216	-0.001525902	6	6	-0.7774748	0	0	0	0	0	0	0	0	0	0	0	0	0	54	0	
2	2377	-0.7762735	-5.10E-05	4072.216	-0.001525902	6	6	-0.7769748	0	0	0	0	0	0	0	0	0	0	0	0	0	54	0	
2	2378	-0.7756602	-5.10E-05	4073.216	-0.001525902	6	6	-0.7764748	0	0	0	0	0	0	0	0	0	0	0	0	0	54	0	
2	2379	-0.7750468	-5.09E-05	4074.216	-0.001525902	6	6	-0.7759748	0	0	0	0	0	0	0	0	0	0	0	0	0	54	0	
2	2380	-0.77474	-5.08E-05	4075.216	-0.001525902	6	6	-0.7754748	0	0	0	0	0	0	0	0	0	0	0	0	0	54	0	
2	2381	-0.7741266	-5.07E-05	4076.216	-0.001525902	6	6	-0.7749748	0	0	0	0	0	0	0	0	0	0	0	0	0	54	0	
2	2382	-0.7735132	-5.06E-05	4077.216	-0.001525902	6	6	-0.7744748	0	0	0	0	0	0	0	0	0	0	0	0	0	54	0	
2	2383	-0.7732065	-5.05E-05	4078.216	-0.001525902	6	6	-0.7739748	0	0	0	0	0	0	0	0	0	0	0	0	0	54	0	
2	2384	-0.7725931	-5.04E-05	4079.216	-0.001525902	6	6	-0.7734748	0	0	0	0	0	0	0	0	0	0	0	0	0	54	0	
2	2385	-0.7722864	-5.03E-05	4080.216	-0.001525902	6	6	-0.7729748	0	0	0	0	0	0	0	0	0	0	0	0	0	54	0	
2	2386	-0.771673	-5.02E-05	4081.216	-0.001525902	6	6	-0.7724748	0	0	0	0	0	0	0	0	0	0	0	0	0	54	0	
2	2387	-0.7713663	-5.01E-05	4082.216	-0.001525902	6	6	-0.7719748	0	0	0	0	0	0	0	0	0	0	0	0	0	54	0	
2	2388	-0.7707528	-5.00E-05	4083.216	-0.001525902	6	6	-0.7714748	0	0	0	0	0	0	0	0	0	0	0	0	0	54	0	
2	2389	-0.7701395	-4.99E-05	4084.216	-0.001525902	6	6	-0.7709748	0	0	0	0	0	0	0	0	0	0	0	0	0	54	0	
2	2390	-0.7698327	-4.99E-05	4085.216	-0.001525902	6	6	-0.7704748	0	0	0	0	0	0	0	0	0	0	0	0	0	54	0	
2	2391	-0.7692193	-4.98E-05	4086.216	-0.001525902	6	6	-0.7699748	0	0	0	0	0	0	0	0	0	0	0	0	0	54	0	
2	2392	-0.7686059	-4.97E-05	4087.216	-0.001525902	6	6	-0.7694748	0	0	0	0	0	0	0	0	0	0	0	0	0	54	0	
2	2393	-0.7682992	-4.96E-05	4088.216	-0.001525902	6	6	-0.7689748	0	0	0	0	0	0	0	0	0	0	0	0	0	54	0	
2	2394	-0.7676858	-4.95E-05	4089.216	-0.001525902	6	6	-0.7684748	0	0	0	0	0	0	0	0	0	0	0	0	0	54	0	
2	2395	-0.7670724	-4.94E-05	4090.216	-0.001525902	6	6	-0.7689514	0	0	0	0	0	0	0	0	0	0	0	0	0	54	0	
2	2396	-0.7667657	-4.93E-05	4091.216	-0.001525902	6	6	-0.7674748	0	0	0	0	0	0	0	0	0	0	0	0	0	54	0	
2	2397	-0.7661523	-4.92E-05	4092.216	-0.001525902	6	6	-0.7669748	0	0	0	0	0	0	0	0	0	0	0	0	0	54	0	
2	2398	-0.7658455	-4.91E-05	4093.216	-0.001525902	6	6	-0.7664748	0	0	0	0	0	0	0	0	0	0	0	0	0	54	0	
2	2399	-0.7652321	-4.90E-05	4094.216	-0.001525902	6	6	-0.7659748	0	0	0	0	0	0	0	0	0	0	0	0	0	54	0	
2	2400	-0.7646188	-4.89E-05	4095.216	-0.001525902	6	6	-0.7654748	0	0	0	0	0	0	0	0	0	0	0	0	0	54	0	
2	2401	-0.764312	-4.88E-05	4096.216	-0.001525902	6	6	-0.7649748	0	0	0	0	0	0	0	0	0	0	0	0	0	54	0	
2	2402	-0.7636986	-4.87E-05	4097.216	-0.001525902	6	6	-0.7644748	0	0	0	0	0	0	0	0	0	0	0	0	0	54	0	
2	2403	-0.7630852	-4.86E-05	4098.216	-0.001525902	6	6	-0.7639748	0	0	0	0	0	0	0	0	0	0	0	0	0	54	0	
2	2404	-0.7627785	-4.85E-05	4099.216	-0.001525902	6	6	-0.7634748	0	0	0	0	0	0	0	0	0	0	0	0	0	54	0	
2	2405	-0.7621651	-4.84E-05	4100.216	-0.001525902	6	6	-0.7629748	0	0	0	0	0	0	0	0	0	0	0	0	0	54	0	
2	2406	-0.7618584	-4.83E-05	4101.216	-0.001525902	6	6	-0.7624748	0	0	0	0	0	0	0	0	0	0	0	0	0	54	0	
2	2407	-0.761245	-4.82E-05	4102.216	-0.001525902	6	6	-0.7619748	0	0	0	0	0	0	0	0	0	0	0	0	0	54	0	
2	2408	-0.7606316	-4.81E-05	4103.216	-0.001525902	6	6	-0.7614748	0	0	0	0	0	0	0	0	0	0	0	0	0	54	0	
2	2409	-0.7603248	-4.80E-05	4104.216	-0.001525902	6	6	-0.7609748	0	0	0	0	0	0	0	0	0	0	0	0	0	54	0	
2	2410	-0.7597114	-4.79E-05	4105.216	-0.001525902	6	6	-0.7604748	0	0	0	0	0	0	0	0	0	0	0	0	0	54	0	
2	2411	-0.759098	-4.78E-05	4106.216	-0.001525902	6	6	-0.7599748	0	0	0	0	0	0	0	0	0	0	0	0	0	54	0	
2	2412	-0.7587913	-4.78E-05	4107.216	-0.001525902	6	6	-0.7594748	0	0	0	0	0	0	0	0	0	0	0	0	0	54	0	
2	2413	-0.7581779	-4.77E-05	4108.216	-0.001525902	6	6	-0.7589748	0	0	0	0	0	0	0	0	0	0	0	0	0	54	0	
2	2414	-0.7578712	-4.76E-05	4109.216	-0.001525902	6	6	-0.7584748	0	0	0	0	0	0	0	0	0	0	0	0	0	54	0	
2	2415	-0.7572578	-4.75E-05	4110.216	-0.001525902	6	6	-0.7579748	0	0	0	0	0	0	0	0	0	0	0	0	0	54	0	
2	2416	-0.7566444	-4.74E-05	4111.216	-0.001525902	6	6	-0.7574748	0	0	0	0	0	0	0	0	0	0	0	0	0	54	0	
2	2417	-0.7563376	-4.73E-05	4112.216	-0.001525902	6	6	-0.7569748	0	0	0	0	0	0	0	0	0	0	0	0	0	54	0	
2	2418	-0.7557243	-4.73E-05	4113.216	-0.001525902	6	6	-0.7564748	0	0	0	0	0	0	0	0	0	0	0	0	0	54	0	
2	2419	-0.7551109	-4.72E-05	4114.216	-0.001525902	6	6	-0.7559748	0	0	0	0	0	0	0	0	0	0	0	0	0	54	0	
2	2420	-0.7548041	-4.71E-05	4115.216	-0.001525902	6	6	-0.7554748	0	0	0	0	0	0	0	0	0	0	0	0	0	54	0	
2	2421	-0.7541907	-4.70E-05	4116.216	-0.001525902	6	6	-0.7549748	0	0	0	0	0	0	0	0	0	0	0	0	0	54	0	
2	2422	-0.753884	-4.69E-05	4117.216	-0.001525902	6	6	-0.7544748	0	0	0	0	0	0	0	0	0	0	0	0	0	54	0	
2	2423	-0.7532706	-4.68E-05	4118.216	-0.001525902	6	6	-0.7539748	0	0	0	0	0	0	0	0	0	0	0	0	0	54	0	
2	2424	-0.7526572	-4.67E-05	4119.216	-0.001525902	6	6	-0.7534748	0	0	0	0	0	0	0	0	0	0	0	0	0	54	0	
2	2425	-0.7523504	-4.66E-05	4120.216	-0.001525902	6	6	-0.7529748	0	0	0	0	0	0	0	0	0	0	0	0	0	54	0	
2	2426	-0.7517371	-4.65E-05	4121.216	-0.001525902	6	6	-0.7524748	0	0	0	0	0	0	0	0	0	0	0	0	0	54	0	
2	2427	-0.7511237	-4.64E-05	4122.216	-0.001525902	6	6	-0.7519748	0	0	0	0	0	0	0	0	0	0	0	0	0	54	0	
2	2428	-0.7508169	-4.64E-05	4123.216	-0.001525902	6	6	-0.7514748	0	0	0	0	0	0	0	0	0	0	0	0	0	54	0	
2	2429	-0.7502035	-4.63E-05	4124.216	-0.001525902	6	6	-0.7509748	0	0	0	0	0	0	0	0	0	0	0	0	0	54	0	
2	2430	-0.7495901	-4.62E-05	4125.216	-0.001525902	6	6	-0.7504748	0	0	0	0	0	0	0	0	0	0	0	0	0	54	0	
2	2431	-0.7492834	-4.61E-05	4126.216	-0.001525902	6	6	-0.7499748	0	0	0	0	0	0	0	0	0	0	0	0	0	54	0	
2	2432	-0.74867	-4.60E-05	4127.216	-0.001525902	6	6	-0.7494748	0	0	0	0	0	0	0	0	0	0	0	0	0	54	0	
2	2433	-0.7483633	-4.59E-05	4128.216	-0.001525902	6	6	-0.7489748	0	0	0	0	0	0	0	0	0	0	0	0	0	54	0	
2	2434	-0.7477499	-4.58E-05	4129.216	-0.001525902	6	6	-0.7484748	0	0	0	0	0	0	0	0	0	0	0	0	0	54	0	
2	2435	-0.7471365	-4.57E-05	4130.216	-0.001525902	6	6	-0.7479748	0	0	0	0	0	0	0	0	0	0	0	0	0	54	0	
2	2436	-0.7468297	-4.56E-05	4131.216	-0.001525902	6	6	-0.7474748	0	0	0	0	0	0	0	0	0	0	0	0	0	54	0	
2	2437	-0.7462164	-4.55E-05	4132.216	-0.001525902	6	6	-0.7469748	0	0	0	0	0	0	0	0	0	0	0	0	0	54	0	
2	2438	-0.745603	-4.54E-05	4133.216	-0.001525902	6	6	-0.7464748	0	0	0	0	0	0	0	0	0	0	0	0	0	54	0	
2	2439	-0.7452962	-4.53E-05	4134.216	-0.001525902	6	6	-0.7459748	0	0	0	0	0	0	0	0	0	0	0	0	0	54	0	
2	2440	-0.7446828	-4.52E-05	4135.216	-0.001525902	6	6	-0.7454748	0	0	0	0	0	0	0	0	0	0	0	0	0	54	0	
2	2441	-0.7440694	-4.51E-05	4136.216	-0.001525902	6	6	-0.7449748	0	0	0	0	0	0	0	0	0	0	0	0	0	54	0	
2	2442	-0.7437627	-4.50E-05	4137.216	-0.001525902	6	6	-0.7444748	0	0	0	0	0	0	0	0	0	0	0	0	0	54	0	
2	2443	-0.7431493	-4.49E-05	4138.216	-0.001525902	6	6	-0.7439748	0	0	0	0	0	0	0	0	0	0	0	0	0	54	0	
2	2444	-0.7425359	-4.48E-05	4139.216	-0.001525902	6	6	-0.7434748	0	0	0	0	0	0	0	0	0	0	0	0	0	54	0	
2	2445	-0.7422292	-4.47E-05	4140.216	-0.001525902	6	6	-0.7429748	0	0	0	0	0	0	0	0	0	0	0	0	0	54	0	
2	2446	-0.7416158	-4.46E-05	4141.216	-0.001525902	6	6	-0.7424748	0	0	0	0	0	0	0	0	0	0	0	0	0	54	0	
2	2447	-0.741309	-4.45E-05	4142.216	-0.001525902	6	6	-0.7419748	0	0	0	0	0	0	0	0	0	0	0	0	0	54	0	
2	2448	-0.7406957	-4.44E-05	4143.216	-0.001525902	6	6	-0.7414748	0	0	0	0	0	0	0	0	0	0	0	0	0	54	0	
2	2449	-0.7400822	-4.44E-05	4144.216	-0.001525902	6	6	-0.7409748	0	0	0	0	0	0	0	0	0	0	0	0	0	54	0	
2	2450	-0.7397755	-4.43E-05	4145.216	-0.001525902	6	6	-0.7404748	0	0	0	0	0	0	0	0	0	0	0	0	0	54	0	
2	2451	-0.7391621	-4.42E-05	4146.216	-0.001525902	6	6	-0.7399748	0	0	0	0	0	0	0	0	0	0	0	0	0	54	0	
2	2452	-0.7388554	-4.41E-05	4147.216	-0.001525902	6	6	-0.7394748	0	0	0	0	0	0	0	0	0	0	0	0	0	54	0	
2	2453	-0.738242	-4.40E-05	4148.216	-0.001525902	6	6	-0.7389748	0	0	0	0	0	0	0	0	0	0	0	0	0	54	0	
2	2454	-0.7376286	-4.39E-05	4149.216	-0.001525902	6	6	-0.7384748	0	0	0	0	0	0	0	0	0	0	0	0	0	54	0	
2	2455	-0.7373219	-4.38E-05	4150.216	-0.001525902	6	6	-0.7379748	0	0	0	0	0	0	0	0	0	0	0	0	0	54	0	
2	2456	-0.7367085	-4.37E-05	4151.216	-0.001525902	6	6	-0.7374748	0	0	0	0	0	0	0	0	0	0	0	0	0	54	0	
2	2457	-0.7360951	-4.36E-05	4152.216	-0.001525902	6	6	-0.7369748	0	0	0	0	0	0	0	0	0	0	0	0	0	54	0	
2	2458	-0.7357883	-4.35E-05	4153.216	-0.001525902	6	6	-0.7364748	0	0	0	0	0	0	0	0	0	0	0	0	0	54	0	
2	2459	-0.7351749	-4.34E-05	4154.216	-0.001525902	6	6	-0.7359748	0	0	0	0	0	0	0	0	0	0	0	0	0	54	0	
2	2460	-0.7345615	-4.33E-05	4155.216	-0.001525902	6	6	-0.7354748	0	0	0	0	0	0	0	0	0	0	0	0	0	54	0	
2	2461	-0.7342548	-4.33E-05	4156.216	-0.001525902	6	6	-0.7349748	0	0	0	0	0	0	0	0	0	0	0	0	0	54	0	
2	2462	-0.7336414	-4.32E-05	4157.216	-0.001525902	6	6	-0.7344748	0	0	0	0	0	0	0	0	0	0	0	0	0	54	0	
2	2463	-0.7333347	-4.31E-05	4158.216	-0.001525902	6	6	-0.7339748	0	0	0	0	0	0	0	0	0	0	0	0	0	54	0	
2	2464	-0.7327213	-4.30E-05	4159.216	-0.001525902	6	6	-0.7334748	0	0	0	0	0	0	0	0	0	0	0	0	0	54	0	
2	2465	-0.7321079	-4.29E-05	4160.216	-0.001525902	6	6	-0.7329748	0	0	0	0	0	0	0	0	0	0	0	0	0	54	0	
2	2466	-0.7318012	-4.28E-05	4161.216	-0.001525902	6	6	-0.7324748	0	0	0	0	0	0	0	0	0	0	0	0	0	54	0	
2	2467	-0.7311878	-4.28E-05	4162.216	-0.001525902	6	6	-0.7319748	0	0	0	0	0	0	0	0	0	0	0	0	0	54	0	
2	2468	-0.7305743	-4.27E-05	4163.216	-0.001525902	6	6	-0.7314748	0	0	0	0	0	0	0	0	0	0	0	0	0	54	0	
2	2469	-0.7302676	-4.26E-05	4164.216	-0.001525902	6	6	-0.7309748	0	0	0	0	0	0	0	0	0	0	0	0	0	54	0	
2	2470	-0.7296542	-4.25E-05	4165.216	-0.001525902	6	6	-0.7304748	0	0	0	0	0	0	0	0	0	0	0	0	0	54	0	
2	2471	-0.7290408	-4.25E-05	4166.216	-0.001525902	6	6	-0.7299748	0	0	0	0	0	0	0	0	0	0	0	0	0	54	0	
2	2472	-0.7287341	-4.24E-05	4167.216	-0.001525902	6	6	-0.7294748	0	0	0	0	0	0	0	0	0	0	0	0	0	54	0	
2	2473	-0.7281207	-4.23E-05	4168.216	-0.001525902	6	6	-0.7289748	0	0	0	0	0	0	0	0	0	0	0	0	0	54	0	
2	2474	-0.727814	-4.22E-05	4169.216	-0.001525902	6	6	-0.7284748	0	0	0	0	0	0	0	0	0	0	0	0	0	54	0	
2	2475	-0.7272006	-4.21E-05	4170.216	-0.001525902	6	6	-0.7279748	0	0	0	0	0	0	0	0	0	0	0	0	0	54	0	
2	2476	-0.7268938	-4.20E-05	4171.216	-0.001525902	6	6	-0.7274748	0	0	0	0	0	0	0	0	0	0	0	0	0	54	0	
2	2477	-0.7262805	-4.20E-05	4172.216	-0.001525902	6	6	-0.7269748	0	0	0	0	0	0	0	0	0	0	0	0	0	54	0	
2	2478	-0.725667	-4.19E-05	4173.216	-0.001525902	6	6	-0.7264748	0	0	0	0	0	0	0	0	0	0	0	0	0	54	0	
2	2479	-0.7253603	-4.18E-05	4174.216	-0.001525902	6	6	-0.7259748	0	0	0	0	0	0	0	0	0	0	0	0	0	54	0	
2	2480	-0.7247469	-4.18E-05	4175.216	-0.001525902	6	6	-0.7254748	0	0	0	0	0	0	0	0	0	0	0	0	0	54	0	
2	2481	-0.7241335	-4.17E-05	4176.216	-0.001525902	6	6	-0.7249748	0	0	0	0	0	0	0	0	0	0	0	0	0	54	0	
2	2482	-0.7238268	-4.16E-05	4177.216	-0.001525902	6	6	-0.7244748	0	0	0	0	0	0	0	0	0	0	0	0	0	54	0	
2	2483	-0.7232134	-4.15E-05	4178.216	-0.001525902	6	6	-0.7239748	0	0	0	0	0	0	0	0	0	0	0	0	0	54	0	
2	2484	-0.7229066	-4.14E-05	4179.216	-0.001525902	6	6	-0.7234748	0	0	0	0	0	0	0	0	0	0	0	0	0	54	0	
2	2485	-0.7222933	-4.13E-05	4180.216	-0.001525902	6	6	-0.7229748	0	0	0	0	0	0	0	0	0	0	0	0	0	54	0	
2	2486	-0.7216799	-4.12E-05	4181.216	-0.001525902	6	6	-0.7224748	0	0	0	0	0	0	0	0	0	0	0	0	0	54	0	
2	2487	-0.7210664	-4.11E-05	4182.216	-0.001525902	6	6	-0.7219748	0	0	0	0	0	0	0	0	0	0	0	0	0	54	0	
2	2488	-0.7207597	-4.10E-05	4183.216	-0.001525902	6	6	-0.7214748	0	0	0	0	0	0	0	0	0	0	0	0	0	54	0	
2	2489	-0.7201463	-4.10E-05	4184.216	-0.001525902	6	6	-0.7209748	0	0	0	0	0	0	0	0	0	0	0	0	0	54	0	
2	2490	-0.7198396	-4.09E-05	4185.216	-0.001525902	6	6	-0.7204748	0	0	0	0	0	0	0	0	0	0	0	0	0	54	0	
2	2491	-0.7192262	-4.08E-05	4186.216	-0.001525902	6	6	-0.7199748	0	0	0	0	0	0	0	0	0	0	0	0	0	54	0	
2	2492	-0.7186128	-4.07E-05	4187.216	-0.001525902	6	6	-0.7194748	0	0	0	0	0	0	0	0	0	0	0	0	0	54	0	
2	2493	-0.7183061	-4.06E-05	4188.216	-0.001525902	6	6	-0.7189748	0	0	0	0	0	0	0	0	0	0	0	0	0	54	0	
2	2494	-0.7176927	-4.05E-05	4189.216	-0.001525902	6	6	-0.7184748	0	0	0	0	0	0	0	0	0	0	0	0	0	54	0	
2	2495	-0.7170792	-4.04E-05	4190.216	-0.001525902	6	6	-0.7179748	0	0	0	0	0	0	0	0	0	0	0	0	0	54	0	
2	2496	-0.7167726	-4.03E-05	4191.216	-0.001525902	6	6	-0.7174748	0	0	0	0	0	0	0	0	0	0	0	0	0	54	0	
2	2497	-0.7161591	-4.02E-05	4192.216	-0.001525902	6	6	-0.7169748	0	0	0	0	0	0	0	0	0	0	0	0	0	54	0	
2	2498	-0.7158524	-4.01E-05	4193.216	-0.001525902	6	6	-0.7164748	0	0	0	0	0	0	0	0	0	0	0	0	0	54	0	
2	2499	-0.715239	-4.00E-05	4194.216	-0.001525902	6	6	-0.7159748	0	0	0	0	0	0	0	0	0	0	0	0	0	54	0	
2	2500	-0.7146256	-3.99E-05	4195.216	-0.001525902	6	6	-0.7154748	0	0	0	0	0	0	0	0	0	0	0	0	0	54	0	
2	2501	-0.7143189	-3.98E-05	4196.216	-0.001525902	6	6	-0.7149748	0	0	0	0	0	0	0	0	0	0	0	0	0	54	0	
2	2502	-0.7137055	-3.97E-05	4197.216	-0.001525902	6	6	-0.7144748	0	0	0	0	0	0	0	0	0	0	0	0	0	54	0	
2	2503	-0.7130921	-3.96E-05	4198.216	-0.001525902	6	6	-0.7139748	0	0	0	0	0	0	0	0	0	0	0	0	0	54	0	
2	2504	-0.7127854	-3.95E-05	4199.216	-0.001525902	6	6	-0.7134748	0	0	0	0	0	0	0	0	0	0	0	0	0	54	0	
2	2505	-0.712172	-3.95E-05	4200.216	-0.001525902	6	6	-0.7129748	0	0	0	0	0	0	0	0	0	0	0	0	0	54	0	
2	2506	-0.7118652	-3.94E-05	4201.216	-0.001525902	6	6	-0.7124748	0	0	0	0	0	0	0	0	0	0	0	0	0	54	0	
2	2507	-0.7112519	-3.93E-05	4202.216	-0.001525902	6	6	-0.7119748	0	0	0	0	0	0	0	0	0	0	0	0	0	54	0	
2	2508	-0.7106384	-3.92E-05	4203.216	-0.001525902	6	6	-0.7114748	0	0	0	0	0	0	0	0	0	0	0	0	0	54	0	
2	2509	-0.7103317	-3.91E-05	4204.216	-0.001525902	6	6	-0.7109748	0	0	0	0	0	0	0	0	0	0	0	0	0	54	0	
2	2510	-0.7097183	-3.90E-05	4205.216	-0.001525902	6	6	-0.7104748	0	0	0	0	0	0	0	0	0	0	0	0	0	54	0	
2	2511	-0.7091049	-3.90E-05	4206.216	-0.001525902	6	6	-0.7099748	0	0	0	0	0	0	0	0	0	0	0	0	0	54	0	
2	2512	-0.7087982	-3.89E-05	4207.216	-0.001525902	6	6	-0.7094748	0	0	0	0	0	0	0	0	0	0	0	0	0	54	0	
2	2513	-0.7081848	-3.88E-05	4208.216	-0.001525902	6	6	-0.7089748	0	0	0	0	0	0	0	0	0	0	0	0	0	54	0	
2	2514	-0.7078781	-3.87E-05	4209.216	-0.001525902	6	6	-0.7084748	0	0	0	0	0	0	0	0	0	0	0	0	0	54	0	
2	2515	-0.7072647	-3.86E-05	4210.216	-0.001525902	6	6	-0.7079748	0	0	0	0	0	0	0	0	0	0	0	0	0	54	0	
2	2516	-0.7066512	-3.85E-05	4211.216	-0.001525902	6	6	-0.7074748	0	0	0	0	0	0	0	0	0	0	0	0	0	54	0	
2	2517	-0.7063445	-3.84E-05	4212.216	-0.001525902	6	6	-0.7069748	0	0	0	0	0	0	0	0	0	0	0	0	0	54	0	
2	2518	-0.7057311	-3.83E-05	4213.216	-0.001525902	6	6	-0.7064748	0	0	0	0	0	0	0	0	0	0	0	0	0	54	0	
2	2519	-0.7051177	-3.83E-05	4214.216	-0.001525902	6	6	-0.7059748	0	0	0	0	0	0	0	0	0	0	0	0	0	54	0	
2	2520	-0.704811	-3.82E-05	4215.216	-0.001525902	6	6	-0.7064514	0	0	0	0	0	0	0	0	0	0	0	0	0	54	0	
2	2521	-0.7041976	-3.81E-05	4216.216	-0.001525902	6	6	-0.7049748	0	0	0	0	0	0	0	0	0	0	0	0	0	54	0	
2	2522	-0.7038909	-3.80E-05	4217.216	-0.001525902	6	6	-0.7044748	0	0	0	0	0	0	0	0	0	0	0	0	0	54	0	
2	2523	-0.7032775	-3.79E-05	4218.216	-0.001525902	6	6	-0.7039748	0	0	0	0	0	0	0	0	0	0	0	0	0	54	0	
2	2524	-0.7026641	-3.78E-05	4219.216	-0.001525902	6	6	-0.7034748	0	0	0	0	0	0	0	0	0	0	0	0	0	54	0	
2	2525	-0.7023574	-3.77E-05	4220.216	-0.001525902	6	6	-0.7029748	0	0	0	0	0	0	0	0	0	0	0	0	0	54	0	
2	2526	-0.701744	-3.77E-05	4221.216	-0.001525902	6	6	-0.7024748	0	0	0	0	0	0	0	0	0	0	0	0	0	54	0	
2	2527	-0.7011305	-3.76E-05	4222.216	-0.001525902	6	6	-0.7019748	0	0	0	0	0	0	0	0	0	0	0	0	0	54	0	
2	2528	-0.7008238	-3.75E-05	4223.216	-0.001525902	6	6	-0.7014748	0	0	0	0	0	0	0	0	0	0	0	0	0	54	0	
2	2529	-0.7002104	-3.74E-05	4224.216	-0.001525902	6	6	-0.7009748	0	0	0	0	0	0	0	0	0	0	0	0	0	54	0	
2	2530	-0.6999037	-3.73E-05	4225.216	-0.001525902	6	6	-0.7004748	0	0	0	0	0	0	0	0	0	0	0	0	0	54	0	
2	2531	-0.6992903	-3.72E-05	4226.216	-0.001525902	6	6	-0.6999748	0	0	0	0	0	0	0	0	0	0	0	0	0	54	0	
2	2532	-0.6986769	-3.72E-05	4227.216	-0.001525902	6	6	-0.6994748	0	0	0	0	0	0	0	0	0	0	0	0	0	54	0	
2	2533	-0.6983702	-3.71E-05	4228.216	-0.001525902	6	6	-0.6989748	0	0	0	0	0	0	0	0	0	0	0	0	0	54	0	
2	2534	-0.6977568	-3.70E-05	4229.216	-0.001525902	6	6	-0.6984748	0	0	0	0	0	0	0	0	0	0	0	0	0	54	0	
2	2535	-0.6971433	-3.69E-05	4230.216	-0.001525902	6	6	-0.6979748	0	0	0	0	0	0	0	0	0	0	0	0	0	54	0	
2	2536	-0.6968367	-3.68E-05	4231.216	-0.001525902	6	6	-0.6974748	0	0	0	0	0	0	0	0	0	0	0	0	0	54	0	
2	2537	-0.6962232	-3.68E-05	4232.216	-0.001525902	6	6	-0.6969748	0	0	0	0	0	0	0	0	0	0	0	0	0	54	0	
2	2538	-0.6956098	-3.67E-05	4233.216	-0.001525902	6	6	-0.6964748	0	0	0	0	0	0	0	0	0	0	0	0	0	54	0	
2	2539	-0.6953031	-3.66E-05	4234.216	-0.001525902	6	6	-0.6959748	0	0	0	0	0	0	0	0	0	0	0	0	0	54	0	
2	2540	-0.6946897	-3.65E-05	4235.216	-0.001525902	6	6	-0.6954748	0	0	0	0	0	0	0	0	0	0	0	0	0	54	0	
2	2541	-0.694383	-3.64E-05	4236.216	-0.001525902	6	6	-0.6949748	0	0	0	0	0	0	0	0	0	0	0	0	0	54	0	
2	2542	-0.6937696	-3.63E-05	4237.216	-0.001525902	6	6	-0.6944748	0	0	0	0	0	0	0	0	0	0	0	0	0	54	0	
2	2543	-0.6931562	-3.63E-05	4238.216	-0.001525902	6	6	-0.6939748	0	0	0	0	0	0	0	0	0	0	0	0	0	54	0	
2	2544	-0.6928495	-3.62E-05	4239.216	-0.001525902	6	6	-0.6934748	0	0	0	0	0	0	0	0	0	0	0	0	0	54	0	
2	2545	-0.692236	-3.61E-05	4240.216	-0.001525902	6	6	-0.6929748	0	0	0	0	0	0	0	0	0	0	0	0	0	54	0	
2	2546	-0.6919293	-3.60E-05	4241.216	-0.001525902	6	6	-0.6924748	0	0	0	0	0	0	0	0	0	0	0	0	0	54	0	
2	2547	-0.6913159	-3.59E-05	4242.216	-0.001525902	6	6	-0.6919748	0	0	0	0	0	0	0	0	0	0	0	0	0	54	0	
2	2548	-0.6907025	-3.58E-05	4243.216	-0.001525902	6	6	-0.6914748	0	0	0	0	0	0	0	0	0	0	0	0	0	54	0	
2	2549	-0.6903958	-3.57E-05	4244.216	-0.001525902	6	6	-0.6909748	0	0	0	0	0	0	0	0	0	0	0	0	0	54	0	
2	2550	-0.6897824	-3.57E-05	4245.216	-0.001525902	6	6	-0.6904748	0	0	0	0	0	0	0	0	0	0	0	0	0	54	0	
2	2551	-0.689169	-3.56E-05	4246.216	-0.001525902	6	6	-0.6899748	0	0	0	0	0	0	0	0	0	0	0	0	0	54	0	
2	2552	-0.6888623	-3.55E-05	4247.216	-0.001525902	6	6	-0.6894748	0	0	0	0	0	0	0	0	0	0	0	0	0	54	0	
2	2553	-0.6882489	-3.54E-05	4248.216	-0.001525902	6	6	-0.6889748	0	0	0	0	0	0	0	0	0	0	0	0	0	54	0	
2	2554	-0.6876354	-3.53E-05	4249.216	-0.001525902	6	6	-0.6884748	0	0	0	0	0	0	0	0	0	0	0	0	0	54	0	
2	2555	-0.6873288	-3.52E-05	4250.216	-0.001525902	6	6	-0.6879748	0	0	0	0	0	0	0	0	0	0	0	0	0	54	0	
2	2556	-0.6867153	-3.51E-05	4251.216	-0.001525902	6	6	-0.6874748	0	0	0	0	0	0	0	0	0	0	0	0	0	54	0	
2	2557	-0.6861019	-3.50E-05	4252.216	-0.001525902	6	6	-0.6869748	0	0	0	0	0	0	0	0	0	0	0	0	0	54	0	
2	2558	-0.6857952	-3.50E-05	4253.216	-0.001525902	6	6	-0.6864748	0	0	0	0	0	0	0	0	0	0	0	0	0	54	0	
2	2559	-0.6851818	-3.49E-05	4254.216	-0.001525902	6	6	-0.6859748	0	0	0	0	0	0	0	0	0	0	0	0	0	54	0	
2	2560	-0.6848751	-3.48E-05	4255.216	-0.001525902	6	6	-0.6854748	0	0	0	0	0	0	0	0	0	0	0	0	0	54	0	
2	2561	-0.6842617	-3.47E-05	4256.216	-0.001525902	6	6	-0.6849748	0	0	0	0	0	0	0	0	0	0	0	0	0	54	0	
2	2562	-0.683955	-3.46E-05	4257.216	-0.001525902	6	6	-0.6844748	0	0	0	0	0	0	0	0	0	0	0	0	0	54	0	
2	2563	-0.6833416	-3.45E-05	4258.216	-0.001525902	6	6	-0.6839748	0	0	0	0	0	0	0	0	0	0	0	0	0	54	0	
2	2564	-0.6827281	-3.44E-05	4259.216	-0.001525902	6	6	-0.6834748	0	0	0	0	0	0	0	0	0	0	0	0	0	54	0	
2	2565	-0.6824214	-3.44E-05	4260.216	-0.001525902	6	6	-0.6829748	0	0	0	0	0	0	0	0	0	0	0	0	0	54	0	
2	2566	-0.681808	-3.43E-05	4261.216	-0.001525902	6	6	-0.6824748	0	0	0	0	0	0	0	0	0	0	0	0	0	54	0	
2	2567	-0.6811946	-3.42E-05	4262.216	-0.001525902	6	6	-0.6819748	0	0	0	0	0	0	0	0	0	0	0	0	0	54	0	
2	2568	-0.6808879	-3.41E-05	4263.216	-0.001525902	6	6	-0.6814748	0	0	0	0	0	0	0	0	0	0	0	0	0	54	0	
2	2569	-0.6802745	-3.40E-05	4264.216	-0.001525902	6	6	-0.6809748	0	0	0	0	0	0	0	0	0	0	0	0	0	54	0	
2	2570	-0.6796611	-3.39E-05	4265.216	-0.001525902	6	6	-0.6804748	0	0	0	0	0	0	0	0	0	0	0	0	0	54	0	
2	2571	-0.6793544	-3.38E-05	4266.216	-0.001525902	6	6	-0.6799748	0	0	0	0	0	0	0	0	0	0	0	0	0	54	0	
2	2572	-0.678741	-3.38E-05	4267.216	-0.001525902	6	6	-0.6794748	0	0	0	0	0	0	0	0	0	0	0	0	0	54	0	
2	2573	-0.6781275	-3.37E-05	4268.216	-0.001525902	6	6	-0.6789748	0	0	0	0	0	0	0	0	0	0	0	0	0	54	0	
2	2574	-0.6778209	-3.36E-05	4269.216	-0.001525902	6	6	-0.6784748	0	0	0	0	0	0	0	0	0	0	0	0	0	54	0	
2	2575	-0.6772074	-3.35E-05	4270.216	-0.001525902	6	6	-0.6779748	0	0	0	0	0	0	0	0	0	0	0	0	0	54	0	
2	2576	-0.6769007	-3.34E-05	4271.216	-0.001525902	6	6	-0.6774748	0	0	0	0	0	0	0	0	0	0	0	0	0	54	0	
2	2577	-0.6762873	-3.33E-05	4272.216	-0.001525902	6	6	-0.6769748	0	0	0	0	0	0	0	0	0	0	0	0	0	54	0	
2	2578	-0.6756739	-3.33E-05	4273.216	-0.001525902	6	6	-0.6764748	0	0	0	0	0	0	0	0	0	0	0	0	0	54	0	
2	2579	-0.6753672	-3.32E-05	4274.216	-0.001525902	6	6	-0.6759748	0	0	0	0	0	0	0	0	0	0	0	0	0	54	0	
2	2580	-0.6747538	-3.31E-05	4275.216	-0.001525902	6	6	-0.6754748	0	0	0	0	0	0	0	0	0	0	0	0	0	54	0	
2	2581	-0.6744471	-3.30E-05	4276.216	-0.001525902	6	6	-0.6749748	0	0	0	0	0	0	0	0	0	0	0	0	0	54	0	
2	2582	-0.6738337	-3.29E-05	4277.216	-0.001525902	6	6	-0.6744748	0	0	0	0	0	0	0	0	0	0	0	0	0	54	0	
2	2583	-0.6732202	-3.28E-05	4278.216	-0.001525902	6	6	-0.6739748	0	0	0	0	0	0	0	0	0	0	0	0	0	54	0	
2	2584	-0.6729136	-3.28E-05	4279.216	-0.001525902	6	6	-0.6734748	0	0	0	0	0	0	0	0	0	0	0	0	0	54	0	
2	2585	-0.6723001	-3.27E-05	4280.216	-0.001525902	6	6	-0.6729748	0	0	0	0	0	0	0	0	0	0	0	0	0	54	0	
2	2586	-0.6716867	-3.26E-05	4281.216	-0.001525902	6	6	-0.6724748	0	0	0	0	0	0	0	0	0	0	0	0	0	54	0	
2	2587	-0.67138	-3.25E-05	4282.216	-0.001525902	6	6	-0.6719748	0	0	0	0	0	0	0	0	0	0	0	0	0	54	0	
2	2588	-0.6707666	-3.24E-05	4283.216	-0.001525902	6	6	-0.6714748	0	0	0	0	0	0	0	0	0	0	0	0	0	54	0	
2	2589	-0.6704599	-3.23E-05	4284.216	-0.001525902	6	6	-0.6709748	0	0	0	0	0	0	0	0	0	0	0	0	0	54	0	
2	2590	-0.6698465	-3.22E-05	4285.216	-0.001525902	6	6	-0.6704748	0	0	0	0	0	0	0	0	0	0	0	0	0	54	0	
2	2591	-0.6692331	-3.22E-05	4286.216	-0.001525902	6	6	-0.6699748	0	0	0	0	0	0	0	0	0	0	0	0	0	54	0	
2	2592	-0.6689264	-3.21E-05	4287.216	-0.001525902	6	6	-0.6694748	0	0	0	0	0	0	0	0	0	0	0	0	0	54	0	
2	2593	-0.668313	-3.20E-05	4288.216	-0.001525902	6	6	-0.6689748	0	0	0	0	0	0	0	0	0	0	0	0	0	54	0	
2	2594	-0.6676995	-3.19E-05	4289.216	-0.001525902	6	6	-0.6684748	0	0	0	0	0	0	0	0	0	0	0	0	0	54	0	
2	2595	-0.6673928	-3.19E-05	4290.216	-0.001525902	6	6	-0.6679748	0	0	0	0	0	0	0	0	0	0	0	0	0	54	0	
2	2596	-0.6667794	-3.18E-05	4291.216	-0.001525902	6	6	-0.6674748	0	0	0	0	0	0	0	0	0	0	0	0	0	54	0	
2	2597	-0.6664727	-3.17E-05	4292.216	-0.001525902	6	6	-0.6669748	0	0	0	0	0	0	0	0	0	0	0	0	0	54	0	
2	2598	-0.6658593	-3.16E-05	4293.216	-0.001525902	6	6	-0.6664748	0	0	0	0	0	0	0	0	0	0	0	0	0	54	0	
2	2599	-0.6652459	-3.16E-05	4294.216	-0.001525902	6	6	-0.6659748	0	0	0	0	0	0	0	0	0	0	0	0	0	54	0	
2	2600	-0.6646324	-3.15E-05	4295.216	-0.001525902	6	6	-0.6654748	0	0	0	0	0	0	0	0	0	0	0	0	0	54	0	
2	2601	-0.6643258	-3.14E-05	4296.216	-0.001525902	6	6	-0.6649748	0	0	0	0	0	0	0	0	0	0	0	0	0	54	0	
2	2602	-0.6637123	-3.13E-05	4297.216	-0.001525902	6	6	-0.6644748	0	0	0	0	0	0	0	0	0	0	0	0	0	54	0	
2	2603	-0.6634057	-3.12E-05	4298.216	-0.001525902	6	6	-0.6639748	0	0	0	0	0	0	0	0	0	0	0	0	0	54	0	
2	2604	-0.6627922	-3.12E-05	4299.216	-0.001525902	6	6	-0.6634748	0	0	0	0	0	0	0	0	0	0	0	0	0	54	0	
2	2605	-0.6624855	-3.11E-05	4300.216	-0.001525902	6	6	-0.6629748	0	0	0	0	0	0	0	0	0	0	0	0	0	54	0	
2	2606	-0.6618721	-3.10E-05	4301.216	-0.001525902	6	6	-0.6624748	0	0	0	0	0	0	0	0	0	0	0	0	0	54	0	
2	2607	-0.6612587	-3.09E-05	4302.216	-0.001525902	6	6	-0.6619748	0	0	0	0	0	0	0	0	0	0	0	0	0	54	0	
2	2608	-0.660952	-3.08E-05	4303.216	-0.001525902	6	6	-0.6614748	0	0	0	0	0	0	0	0	0	0	0	0	0	54	0	
2	2609	-0.6603386	-3.08E-05	4304.216	-0.001525902	6	6	-0.6609748	0	0	0	0	0	0	0	0	0	0	0	0	0	54	0	
2	2610	-0.6597252	-3.07E-05	4305.216	-0.001525902	6	6	-0.6604748	0	0	0	0	0	0	0	0	0	0	0	0	0	54	0	
2	2611	-0.6591117	-3.06E-05	4306.216	-0.001525902	6	6	-0.6599748	0	0	0	0	0	0	0	0	0	0	0	0	0	54	0	
2	2612	-0.6588051	-3.05E-05	4307.216	-0.001525902	6	6	-0.6594748	0	0	0	0	0	0	0	0	0	0	0	0	0	54	0	
2	2613	-0.6581916	-3.04E-05	4308.216	-0.001525902	6	6	-0.6589748	0	0	0	0	0	0	0	0	0	0	0	0	0	54	0	
2	2614	-0.6578849	-3.04E-05	4309.216	-0.001525902	6	6	-0.6584748	0	0	0	0	0	0	0	0	0	0	0	0	0	54	0	
2	2615	-0.6572715	-3.03E-05	4310.216	-0.001525902	6	6	-0.6579748	0	0	0	0	0	0	0	0	0	0	0	0	0	54	0	
2	2616	-0.6566581	-3.02E-05	4311.216	-0.001525902	6	6	-0.6574748	0	0	0	0	0	0	0	0	0	0	0	0	0	54	0	
2	2617	-0.6563514	-3.01E-05	4312.216	-0.001525902	6	6	-0.6569748	0	0	0	0	0	0	0	0	0	0	0	0	0	54	0	
2	2618	-0.655738	-3.00E-05	4313.216	-0.001525902	6	6	-0.6564748	0	0	0	0	0	0	0	0	0	0	0	0	0	54	0	
2	2619	-0.6554313	-2.99E-05	4314.216	-0.001525902	6	6	-0.6559748	0	0	0	0	0	0	0	0	0	0	0	0	0	54	0	
2	2620	-0.6548179	-2.99E-05	4315.216	-0.001525902	6	6	-0.6554748	0	0	0	0	0	0	0	0	0	0	0	0	0	54	0	
2	2621	-0.6542044	-2.98E-05	4316.216	-0.001525902	6	6	-0.6549748	0	0	0	0	0	0	0	0	0	0	0	0	0	54	0	
2	2622	-0.6538978	-2.97E-05	4317.216	-0.001525902	6	6	-0.6544748	0	0	0	0	0	0	0	0	0	0	0	0	0	54	0	
2	2623	-0.6532843	-2.96E-05	4318.216	-0.001525902	6	6	-0.6539748	0	0	0	0	0	0	0	0	0	0	0	0	0	54	0	
2	2624	-0.6526709	-2.95E-05	4319.216	-0.001525902	6	6	-0.6534748	0	0	0	0	0	0	0	0	0	0	0	0	0	54	0	
2	2625	-0.6523642	-2.95E-05	4320.216	-0.001525902	6	6	-0.6529748	0	0	0	0	0	0	0	0	0	0	0	0	0	54	0	
2	2626	-0.6517508	-2.94E-05	4321.216	-0.001525902	6	6	-0.6524748	0	0	0	0	0	0	0	0	0	0	0	0	0	54	0	
2	2627	-0.6511374	-2.93E-05	4322.216	-0.001525902	6	6	-0.6519748	0	0	0	0	0	0	0	0	0	0	0	0	0	54	0	
2	2628	-0.6508307	-2.92E-05	4323.216	-0.001525902	6	6	-0.6514748	0	0	0	0	0	0	0	0	0	0	0	0	0	54	0	
2	2629	-0.6502173	-2.91E-05	4324.216	-0.001525902	6	6	-0.6509748	0	0	0	0	0	0	0	0	0	0	0	0	0	54	0	
2	2630	-0.6499106	-2.90E-05	4325.216	-0.001525902	6	6	-0.6504748	0	0	0	0	0	0	0	0	0	0	0	0	0	54	0	
2	2631	-0.6492971	-2.90E-05	4326.216	-0.001525902	6	6	-0.6499748	0	0	0	0	0	0	0	0	0	0	0	0	0	54	0	
2	2632	-0.6486837	-2.89E-05	4327.216	-0.001525902	6	6	-0.6494748	0	0	0	0	0	0	0	0	0	0	0	0	0	54	0	
2	2633	-0.648377	-2.88E-05	4328.216	-0.001525902	6	6	-0.6489748	0	0	0	0	0	0	0	0	0	0	0	0	0	54	0	
2	2634	-0.6477636	-2.87E-05	4329.216	-0.001525902	6	6	-0.6484748	0	0	0	0	0	0	0	0	0	0	0	0	0	54	0	
2	2635	-0.6474569	-2.86E-05	4330.216	-0.001525902	6	6	-0.6479748	0	0	0	0	0	0	0	0	0	0	0	0	0	54	0	
2	2636	-0.6468435	-2.85E-05	4331.216	-0.001525902	6	6	-0.6474748	0	0	0	0	0	0	0	0	0	0	0	0	0	54	0	
2	2637	-0.6462301	-2.85E-05	4332.216	-0.001525902	6	6	-0.6469748	0	0	0	0	0	0	0	0	0	0	0	0	0	54	0	
2	2638	-0.6459234	-2.84E-05	4333.216	-0.001525902	6	6	-0.6464748	0	0	0	0	0	0	0	0	0	0	0	0	0	54	0	
2	2639	-0.64531	-2.83E-05	4334.216	-0.001525902	6	6	-0.6459748	0	0	0	0	0	0	0	0	0	0	0	0	0	54	0	
2	2640	-0.6446965	-2.82E-05	4335.216	-0.001525902	6	6	-0.6454748	0	0	0	0	0	0	0	0	0	0	0	0	0	54	0	
2	2641	-0.6443899	-2.81E-05	4336.216	-0.001525902	6	6	-0.6449748	0	0	0	0	0	0	0	0	0	0	0	0	0	54	0	
2	2642	-0.6437764	-2.80E-05	4337.216	-0.001525902	6	6	-0.6444748	0	0	0	0	0	0	0	0	0	0	0	0	0	54	0	
2	2643	-0.6434698	-2.80E-05	4338.216	-0.001525902	6	6	-0.6439748	0	0	0	0	0	0	0	0	0	0	0	0	0	54	0	
2	2644	-0.6428563	-2.78E-05	4339.216	-0.001525902	6	6	-0.6434748	0	0	0	0	0	0	0	0	0	0	0	0	0	54	0	
2	2645	-0.6422429	-2.78E-05	4340.216	-0.001525902	6	6	-0.6439514	0	0	0	0	0	0	0	0	0	0	0	0	0	54	0	
2	2646	-0.6419362	-2.77E-05	4341.216	-0.001525902	6	6	-0.6424748	0	0	0	0	0	0	0	0	0	0	0	0	0	54	0	
2	2647	-0.6413228	-2.76E-05	4342.216	-0.001525902	6	6	-0.6419748	0	0	0	0	0	0	0	0	0	0	0	0	0	54	0	
2	2648	-0.6407093	-2.75E-05	4343.216	-0.001525902	6	6	-0.6414748	0	0	0	0	0	0	0	0	0	0	0	0	0	54	0	
2	2649	-0.6404027	-2.74E-05	4344.216	-0.001525902	6	6	-0.6409748	0	0	0	0	0	0	0	0	0	0	0	0	0	54	0	
2	2650	-0.6397892	-2.73E-05	4345.216	-0.001525902	6	6	-0.6404748	0	0	0	0	0	0	0	0	0	0	0	0	0	54	0	
2	2651	-0.6391758	-2.72E-05	4346.216	-0.001525902	6	6	-0.6399748	0	0	0	0	0	0	0	0	0	0	0	0	0	54	0	
2	2652	-0.6388691	-2.71E-05	4347.216	-0.001525902	6	6	-0.6394748	0	0	0	0	0	0	0	0	0	0	0	0	0	54	0	
2	2653	-0.6382557	-2.70E-05	4348.216	-0.001525902	6	6	-0.6389748	0	0	0	0	0	0	0	0	0	0	0	0	0	54	0	
2	2654	-0.637949	-2.69E-05	4349.216	-0.001525902	6	6	-0.6384748	0	0	0	0	0	0	0	0	0	0	0	0	0	54	0	
2	2655	-0.6373356	-2.68E-05	4350.216	-0.001525902	6	6	-0.6379748	0	0	0	0	0	0	0	0	0	0	0	0	0	54	0	
2	2656	-0.6367222	-2.67E-05	4351.216	-0.001525902	6	6	-0.6374748	0	0	0	0	0	0	0	0	0	0	0	0	0	54	0	
2	2657	-0.6364155	-2.66E-05	4352.216	-0.001525902	6	6	-0.6369748	0	0	0	0	0	0	0	0	0	0	0	0	0	54	0	
2	2658	-0.6358021	-2.65E-05	4353.216	-0.001525902	6	6	-0.6364748	0	0	0	0	0	0	0	0	0	0	0	0	0	54	0	
2	2659	-0.6354954	-2.64E-05	4354.216	-0.001525902	6	6	-0.6359748	0	0	0	0	0	0	0	0	0	0	0	0	0	54	0	
2	2660	-0.634882	-2.64E-05	4355.216	-0.001525902	6	6	-0.6354748	0	0	0	0	0	0	0	0	0	0	0	0	0	54	0	
2	2661	-0.6342685	-2.63E-05	4356.216	-0.001525902	6	6	-0.6349748	0	0	0	0	0	0	0	0	0	0	0	0	0	54	0	
2	2662	-0.6339619	-2.62E-05	4357.216	-0.001525902	6	6	-0.6344748	0	0	0	0	0	0	0	0	0	0	0	0	0	54	0	
2	2663	-0.6333484	-2.61E-05	4358.216	-0.001525902	6	6	-0.6339748	0	0	0	0	0	0	0	0	0	0	0	0	0	54	0	
2	2664	-0.632735	-2.60E-05	4359.216	-0.001525902	6	6	-0.6334748	0	0	0	0	0	0	0	0	0	0	0	0	0	54	0	
2	2665	-0.6324283	-2.59E-05	4360.216	-0.001525902	6	6	-0.6329748	0	0	0	0	0	0	0	0	0	0	0	0	0	54	0	
2	2666	-0.6318149	-2.58E-05	4361.216	-0.001525902	6	6	-0.6324748	0	0	0	0	0	0	0	0	0	0	0	0	0	54	0	
2	2667	-0.6315082	-2.57E-05	4362.216	-0.001525902	6	6	-0.6319748	0	0	0	0	0	0	0	0	0	0	0	0	0	54	0	
2	2668	-0.6308948	-2.56E-05	4363.216	-0.001525902	6	6	-0.6314748	0	0	0	0	0	0	0	0	0	0	0	0	0	54	0	
2	2669	-0.6302813	-2.55E-05	4364.216	-0.001525902	6	6	-0.6309748	0	0	0	0	0	0	0	0	0	0	0	0	0	54	0	
2	2670	-0.6299747	-2.54E-05	4365.216	-0.001525902	6	6	-0.6304748	0	0	0	0	0	0	0	0	0	0	0	0	0	54	0	
2	2671	-0.6293612	-2.53E-05	4366.216	-0.001525902	6	6	-0.6299748	0	0	0	0	0	0	0	0	0	0	0	0	0	54	0	
2	2672	-0.6287478	-2.52E-05	4367.216	-0.001525902	6	6	-0.6294748	0	0	0	0	0	0	0	0	0	0	0	0	0	54	0	
2	2673	-0.6284411	-2.51E-05	4368.216	-0.001525902	6	6	-0.6289748	0	0	0	0	0	0	0	0	0	0	0	0	0	54	0	
2	2674	-0.6278277	-2.50E-05	4369.216	-0.001525902	6	6	-0.6284748	0	0	0	0	0	0	0	0	0	0	0	0	0	54	0	
2	2675	-0.6272143	-2.49E-05	4370.216	-0.001525902	6	6	-0.6279748	0	0	0	0	0	0	0	0	0	0	0	0	0	54	0	
2	2676	-0.6269076	-2.48E-05	4371.216	-0.001525902	6	6	-0.6274748	0	0	0	0	0	0	0	0	0	0	0	0	0	54	0	
2	2677	-0.6262942	-2.47E-05	4372.216	-0.001525902	6	6	-0.6269748	0	0	0	0	0	0	0	0	0	0	0	0	0	54	0	
2	2678	-0.6256807	-2.46E-05	4373.216	-0.001525902	6	6	-0.6264748	0	0	0	0	0	0	0	0	0	0	0	0	0	54	0	
2	2679	-0.6253741	-2.45E-05	4374.216	-0.001525902	6	6	-0.6259748	0	0	0	0	0	0	0	0	0	0	0	0	0	54	0	
2	2680	-0.6247606	-2.44E-05	4375.216	-0.001525902	6	6	-0.6254748	0	0	0	0	0	0	0	0	0	0	0	0	0	54	0	
2	2681	-0.624454	-2.43E-05	4376.216	-0.001525902	6	6	-0.6249748	0	0	0	0	0	0	0	0	0	0	0	0	0	54	0	
2	2682	-0.6238405	-2.42E-05	4377.216	-0.001525902	6	6	-0.6244748	0	0	0	0	0	0	0	0	0	0	0	0	0	54	0	
2	2683	-0.6232271	-2.41E-05	4378.216	-0.001525902	6	6	-0.6239748	0	0	0	0	0	0	0	0	0	0	0	0	0	54	0	
2	2684	-0.6229204	-2.40E-05	4379.216	-0.001525902	6	6	-0.6234748	0	0	0	0	0	0	0	0	0	0	0	0	0	54	0	
2	2685	-0.622307	-2.39E-05	4380.216	-0.001525902	6	6	-0.6229748	0	0	0	0	0	0	0	0	0	0	0	0	0	54	0	
2	2686	-0.6216936	-2.38E-05	4381.216	-0.001525902	6	6	-0.6224748	0	0	0	0	0	0	0	0	0	0	0	0	0	54	0	
2	2687	-0.6213869	-2.37E-05	4382.216	-0.001525902	6	6	-0.6219748	0	0	0	0	0	0	0	0	0	0	0	0	0	54	0	
2	2688	-0.6207734	-2.36E-05	4383.216	-0.001525902	6	6	-0.6214748	0	0	0	0	0	0	0	0	0	0	0	0	0	54	0	
2	2689	-0.6204668	-2.35E-05	4384.216	-0.001525902	6	6	-0.6209748	0	0	0	0	0	0	0	0	0	0	0	0	0	54	0	
2	2690	-0.6198533	-2.34E-05	4385.216	-0.001525902	6	6	-0.6204748	0	0	0	0	0	0	0	0	0	0	0	0	0	54	0	
2	2691	-0.6192399	-2.33E-05	4386.216	-0.001525902	6	6	-0.6199748	0	0	0	0	0	0	0	0	0	0	0	0	0	54	0	
2	2692	-0.6186265	-2.32E-05	4387.216	-0.001525902	6	6	-0.6194748	0	0	0	0	0	0	0	0	0	0	0	0	0	54	0	
2	2693	-0.6183198	-2.31E-05	4388.216	-0.001525902	6	6	-0.6189748	0	0	0	0	0	0	0	0	0	0	0	0	0	54	0	
2	2694	-0.6177064	-2.30E-05	4389.216	-0.001525902	6	6	-0.6184748	0	0	0	0	0	0	0	0	0	0	0	0	0	54	0	
2	2695	-0.6173997	-2.29E-05	4390.216	-0.001525902	6	6	-0.6179748	0	0	0	0	0	0	0	0	0	0	0	0	0	54	0	
2	2696	-0.6167863	-2.27E-05	4391.216	-0.001525902	6	6	-0.6174748	0	0	0	0	0	0	0	0	0	0	0	0	0	54	0	
2	2697	-0.6164796	-2.26E-05	4392.216	-0.001525902	6	6	-0.6169748	0	0	0	0	0	0	0	0	0	0	0	0	0	54	0	
2	2698	-0.6158662	-2.25E-05	4393.216	-0.001525902	6	6	-0.6164748	0	0	0	0	0	0	0	0	0	0	0	0	0	54	0	
2	2699	-0.6152527	-2.24E-05	4394.216	-0.001525902	6	6	-0.6159748	0	0	0	0	0	0	0	0	0	0	0	0	0	54	0	
2	2700	-0.6146393	-2.23E-05	4395.216	-0.001525902	6	6	-0.6154748	0	0	0	0	0	0	0	0	0	0	0	0	0	54	0	
2	2701	-0.6143326	-2.22E-05	4396.216	-0.001525902	6	6	-0.6149748	0	0	0	0	0	0	0	0	0	0	0	0	0	54	0	
2	2702	-0.6137192	-2.21E-05	4397.216	-0.001525902	6	6	-0.6144748	0	0	0	0	0	0	0	0	0	0	0	0	0	54	0	
2	2703	-0.6134125	-2.20E-05	4398.216	-0.001525902	6	6	-0.6139748	0	0	0	0	0	0	0	0	0	0	0	0	0	54	0	
2	2704	-0.6127991	-2.19E-05	4399.216	-0.001525902	6	6	-0.6134748	0	0	0	0	0	0	0	0	0	0	0	0	0	54	0	
2	2705	-0.6124924	-2.18E-05	4400.216	-0.001525902	6	6	-0.6129748	0	0	0	0	0	0	0	0	0	0	0	0	0	54	0	
2	2706	-0.611879	-2.17E-05	4401.216	-0.001525902	6	6	-0.6124748	0	0	0	0	0	0	0	0	0	0	0	0	0	54	0	
2	2707	-0.6112655	-2.16E-05	4402.216	-0.001525902	6	6	-0.6119748	0	0	0	0	0	0	0	0	0	0	0	0	0	54	0	
2	2708	-0.6109589	-2.15E-05	4403.216	-0.001525902	6	6	-0.6114748	0	0	0	0	0	0	0	0	0	0	0	0	0	54	0	
2	2709	-0.6103454	-2.13E-05	4404.216	-0.001525902	6	6	-0.6109748	0	0	0	0	0	0	0	0	0	0	0	0	0	54	0	
2	2710	-0.609732	-2.12E-05	4405.216	-0.001525902	6	6	-0.6104748	0	0	0	0	0	0	0	0	0	0	0	0	0	54	0	
2	2711	-0.6094253	-2.11E-05	4406.216	-0.001525902	6	6	-0.6099748	0	0	0	0	0	0	0	0	0	0	0	0	0	54	0	
2	2712	-0.6088119	-2.10E-05	4407.216	-0.001525902	6	6	-0.6094748	0	0	0	0	0	0	0	0	0	0	0	0	0	54	0	
2	2713	-0.6081985	-2.09E-05	4408.216	-0.001525902	6	6	-0.6089748	0	0	0	0	0	0	0	0	0	0	0	0	0	54	0	
2	2714	-0.6078918	-2.08E-05	4409.216	-0.001525902	6	6	-0.6084748	0	0	0	0	0	0	0	0	0	0	0	0	0	54	0	
2	2715	-0.6072784	-2.07E-05	4410.216	-0.001525902	6	6	-0.6079748	0	0	0	0	0	0	0	0	0	0	0	0	0	54	0	
2	2716	-0.6069717	-2.06E-05	4411.216	-0.001525902	6	6	-0.6074748	0	0	0	0	0	0	0	0	0	0	0	0	0	54	0	
2	2717	-0.6063582	-2.04E-05	4412.216	-0.001525902	6	6	-0.6069748	0	0	0	0	0	0	0	0	0	0	0	0	0	54	0	
2	2718	-0.6057448	-2.03E-05	4413.216	-0.001525902	6	6	-0.6064748	0	0	0	0	0	0	0	0	0	0	0	0	0	54	0	
2	2719	-0.6051314	-2.02E-05	4414.216	-0.001525902	6	6	-0.6059748	0	0	0	0	0	0	0	0	0	0	0	0	0	54	0	
2	2720	-0.6048247	-2.01E-05	4415.216	-0.001525902	6	6	-0.6054748	0	0	0	0	0	0	0	0	0	0	0	0	0	54	0	
2	2721	-0.6042113	-2.00E-05	4416.216	-0.001525902	6	6	-0.6049748	0	0	0	0	0	0	0	0	0	0	0	0	0	54	0	
2	2722	-0.6039046	-1.99E-05	4417.216	-0.001525902	6	6	-0.6044748	0	0	0	0	0	0	0	0	0	0	0	0	0	54	0	
2	2723	-0.6032912	-1.98E-05	4418.216	-0.001525902	6	6	-0.6039748	0	0	0	0	0	0	0	0	0	0	0	0	0	54	0	
2	2724	-0.6029845	-1.97E-05	4419.216	-0.001525902	6	6	-0.6034748	0	0	0	0	0	0	0	0	0	0	0	0	0	54	0	
2	2725	-0.6023711	-1.96E-05	4420.216	-0.001525902	6	6	-0.6029748	0	0	0	0	0	0	0	0	0	0	0	0	0	54	0	
2	2726	-0.6017576	-1.95E-05	4421.216	-0.001525902	6	6	-0.6024748	0	0	0	0	0	0	0	0	0	0	0	0	0	54	0	
2	2727	-0.601451	-1.94E-05	4422.216	-0.001525902	6	6	-0.6019748	0	0	0	0	0	0	0	0	0	0	0	0	0	54	0	
2	2728	-0.6008375	-1.93E-05	4423.216	-0.001525902	6	6	-0.6014748	0	0	0	0	0	0	0	0	0	0	0	0	0	54	0	
2	2729	-0.6002241	-1.92E-05	4424.216	-0.001525902	6	6	-0.6009748	0	0	0	0	0	0	0	0	0	0	0	0	0	54	0	
2	2730	-0.5999174	-1.91E-05	4425.216	-0.001525902	6	6	-0.6004748	0	0	0	0	0	0	0	0	0	0	0	0	0	54	0	
2	2731	-0.599304	-1.90E-05	4426.216	-0.001525902	6	6	-0.5999748	0	0	0	0	0	0	0	0	0	0	0	0	0	54	0	
2	2732	-0.5986906	-1.89E-05	4427.216	-0.001525902	6	6	-0.5994748	0	0	0	0	0	0	0	0	0	0	0	0	0	54	0	
2	2733	-0.5983839	-1.88E-05	4428.216	-0.001525902	6	6	-0.5989748	0	0	0	0	0	0	0	0	0	0	0	0	0	54	0	
2	2734	-0.5977705	-1.87E-05	4429.216	-0.001525902	6	6	-0.5984748	0	0	0	0	0	0	0	0	0	0	0	0	0	54	0	
2	2735	-0.5974638	-1.86E-05	4430.216	-0.001525902	6	6	-0.5979748	0	0	0	0	0	0	0	0	0	0	0	0	0	54	0	
2	2736	-0.5968503	-1.85E-05	4431.216	-0.001525902	6	6	-0.5974748	0	0	0	0	0	0	0	0	0	0	0	0	0	54	0	
2	2737	-0.5962369	-1.84E-05	4432.216	-0.001525902	6	6	-0.5969748	0	0	0	0	0	0	0	0	0	0	0	0	0	54	0	
2	2738	-0.5959302	-1.83E-05	4433.216	-0.001525902	6	6	-0.5964748	0	0	0	0	0	0	0	0	0	0	0	0	0	54	0	
2	2739	-0.5953168	-1.83E-05	4434.216	-0.001525902	6	6	-0.5959748	0	0	0	0	0	0	0	0	0	0	0	0	0	54	0	
2	2740	-0.5947034	-1.82E-05	4435.216	-0.001525902	6	6	-0.5954748	0	0	0	0	0	0	0	0	0	0	0	0	0	54	0	
2	2741	-0.5943967	-1.81E-05	4436.216	-0.001525902	6	6	-0.5949748	0	0	0	0	0	0	0	0	0	0	0	0	0	54	0	
2	2742	-0.5937833	-1.80E-05	4437.216	-0.001525902	6	6	-0.5944748	0	0	0	0	0	0	0	0	0	0	0	0	0	54	0	
2	2743	-0.5934766	-1.79E-05	4438.216	-0.001525902	6	6	-0.5939748	0	0	0	0	0	0	0	0	0	0	0	0	0	54	0	
2	2744	-0.5928632	-1.79E-05	4439.216	-0.001525902	6	6	-0.5934748	0	0	0	0	0	0	0	0	0	0	0	0	0	54	0	
2	2745	-0.5922498	-1.78E-05	4440.216	-0.001525902	6	6	-0.5929748	0	0	0	0	0	0	0	0	0	0	0	0	0	54	0	
2	2746	-0.5919431	-1.77E-05	4441.216	-0.001525902	6	6	-0.5924748	0	0	0	0	0	0	0	0	0	0	0	0	0	54	0	
2	2747	-0.5913296	-1.76E-05	4442.216	-0.001525902	6	6	-0.5919748	0	0	0	0	0	0	0	0	0	0	0	0	0	54	0	
2	2748	-0.591023	-1.76E-05	4443.216	-0.001525902	6	6	-0.5914748	0	0	0	0	0	0	0	0	0	0	0	0	0	54	0	
2	2749	-0.5904095	-1.75E-05	4444.216	-0.001525902	6	6	-0.5909748	0	0	0	0	0	0	0	0	0	0	0	0	0	54	0	
2	2750	-0.5897961	-1.74E-05	4445.216	-0.001525902	6	6	-0.5904748	0	0	0	0	0	0	0	0	0	0	0	0	0	54	0	
2	2751	-0.5894894	-1.73E-05	4446.216	-0.001525902	6	6	-0.5899748	0	0	0	0	0	0	0	0	0	0	0	0	0	54	0	
2	2752	-0.588876	-1.73E-05	4447.216	-0.001525902	6	6	-0.5894748	0	0	0	0	0	0	0	0	0	0	0	0	0	54	0	
2	2753	-0.5882626	-1.72E-05	4448.216	-0.001525902	6	6	-0.5889748	0	0	0	0	0	0	0	0	0	0	0	0	0	54	0	
2	2754	-0.5879559	-1.71E-05	4449.216	-0.001525902	6	6	-0.5884748	0	0	0	0	0	0	0	0	0	0	0	0	0	54	0	
2	2755	-0.5873424	-1.71E-05	4450.216	-0.001525902	6	6	-0.5879748	0	0	0	0	0	0	0	0	0	0	0	0	0	54	0	
2	2756	-0.586729	-1.70E-05	4451.216	-0.001525902	6	6	-0.5874748	0	0	0	0	0	0	0	0	0	0	0	0	0	54	0	
2	2757	-0.5864223	-1.69E-05	4452.216	-0.001525902	6	6	-0.5869748	0	0	0	0	0	0	0	0	0	0	0	0	0	54	0	
2	2758	-0.5858089	-1.68E-05	4453.216	-0.001525902	6	6	-0.5864748	0	0	0	0	0	0	0	0	0	0	0	0	0	54	0	
2	2759	-0.5855022	-1.68E-05	4454.216	-0.001525902	6	6	-0.5859748	0	0	0	0	0	0	0	0	0	0	0	0	0	54	0	
2	2760	-0.5848888	-1.67E-05	4455.216	-0.001525902	6	6	-0.5854748	0	0	0	0	0	0	0	0	0	0	0	0	0	54	0	
2	2761	-0.5842754	-1.67E-05	4456.216	-0.001525902	6	6	-0.5849748	0	0	0	0	0	0	0	0	0	0	0	0	0	54	0	
2	2762	-0.5839687	-1.66E-05	4457.216	-0.001525902	6	6	-0.5844748	0	0	0	0	0	0	0	0	0	0	0	0	0	54	0	
2	2763	-0.5833553	-1.65E-05	4458.216	-0.001525902	6	6	-0.5839748	0	0	0	0	0	0	0	0	0	0	0	0	0	54	0	
2	2764	-0.5827419	-1.65E-05	4459.216	-0.001525902	6	6	-0.5834748	0	0	0	0	0	0	0	0	0	0	0	0	0	54	0	
2	2765	-0.5824352	-1.64E-05	4460.216	-0.001525902	6	6	-0.5829748	0	0	0	0	0	0	0	0	0	0	0	0	0	54	0	
2	2766	-0.5818217	-1.64E-05	4461.216	-0.001525902	6	6	-0.5824748	0	0	0	0	0	0	0	0	0	0	0	0	0	54	0	
2	2767	-0.5812083	-1.63E-05	4462.216	-0.001525902	6	6	-0.5819748	0	0	0	0	0	0	0	0	0	0	0	0	0	54	0	
2	2768	-0.5809016	-1.63E-05	4463.216	-0.001525902	6	6	-0.5814748	0	0	0	0	0	0	0	0	0	0	0	0	0	54	0	
2	2769	-0.5802882	-1.62E-05	4464.216	-0.001525902	6	6	-0.5809748	0	0	0	0	0	0	0	0	0	0	0	0	0	54	0	
2	2770	-0.5799815	-1.62E-05	4465.216	-0.001525902	6	6	-0.5814514	0	0	0	0	0	0	0	0	0	0	0	0	0	54	0	
2	2771	-0.5793681	-1.61E-05	4466.216	-0.001525902	6	6	-0.5799748	0	0	0	0	0	0	0	0	0	0	0	0	0	54	0	
2	2772	-0.5787547	-1.61E-05	4467.216	-0.001525902	6	6	-0.5794748	0	0	0	0	0	0	0	0	0	0	0	0	0	54	0	
2	2773	-0.578448	-1.60E-05	4468.216	-0.001525902	6	6	-0.5789748	0	0	0	0	0	0	0	0	0	0	0	0	0	54	0	
2	2774	-0.5778345	-1.60E-05	4469.216	-0.001525902	6	6	-0.5784748	0	0	0	0	0	0	0	0	0	0	0	0	0	54	0	
2	2775	-0.5775279	-1.59E-05	4470.216	-0.001525902	6	6	-0.5779748	0	0	0	0	0	0	0	0	0	0	0	0	0	54	0	
2	2776	-0.5769144	-1.59E-05	4471.216	-0.001525902	6	6	-0.5774748	0	0	0	0	0	0	0	0	0	0	0	0	0	54	0	
2	2777	-0.576301	-1.58E-05	4472.216	-0.001525902	6	6	-0.5769748	0	0	0	0	0	0	0	0	0	0	0	0	0	54	0	
2	2778	-0.5759943	-1.58E-05	4473.216	-0.001525902	6	6	-0.5764748	0	0	0	0	0	0	0	0	0	0	0	0	0	54	0	
2	2779	-0.5753809	-1.57E-05	4474.216	-0.001525902	6	6	-0.5759748	0	0	0	0	0	0	0	0	0	0	0	0	0	54	0	
2	2780	-0.5747675	-1.57E-05	4475.216	-0.001525902	6	6	-0.5754748	0	0	0	0	0	0	0	0	0	0	0	0	0	54	0	
2	2781	-0.5744608	-1.56E-05	4476.216	-0.001525902	6	6	-0.5749748	0	0	0	0	0	0	0	0	0	0	0	0	0	54	0	
2	2782	-0.5738474	-1.56E-05	4477.216	-0.001525902	6	6	-0.5744748	0	0	0	0	0	0	0	0	0	0	0	0	0	54	0	
2	2783	-0.573234	-1.55E-05	4478.216	-0.001525902	6	6	-0.5739748	0	0	0	0	0	0	0	0	0	0	0	0	0	54	0	
2	2784	-0.5729273	-1.55E-05	4479.216	-0.001525902	6	6	-0.5734748	0	0	0	0	0	0	0	0	0	0	0	0	0	54	0	
2	2785	-0.5723138	-1.54E-05	4480.216	-0.001525902	6	6	-0.5729748	0	0	0	0	0	0	0	0	0	0	0	0	0	54	0	
2	2786	-0.5717005	-1.54E-05	4481.216	-0.001525902	6	6	-0.5724748	0	0	0	0	0	0	0	0	0	0	0	0	0	54	0	
2	2787	-0.5713937	-1.53E-05	4482.216	-0.001525902	6	6	-0.5719748	0	0	0	0	0	0	0	0	0	0	0	0	0	54	0	
2	2788	-0.5707803	-1.52E-05	4483.216	-0.001525902	6	6	-0.5714748	0	0	0	0	0	0	0	0	0	0	0	0	0	54	0	
2	2789	-0.5704736	-1.52E-05	4484.216	-0.001525902	6	6	-0.5709748	0	0	0	0	0	0	0	0	0	0	0	0	0	54	0	
2	2790	-0.5698602	-1.51E-05	4485.216	-0.001525902	6	6	-0.5704748	0	0	0	0	0	0	0	0	0	0	0	0	0	54	0	
2	2791	-0.5692468	-1.51E-05	4486.216	-0.001525902	6	6	-0.5699748	0	0	0	0	0	0	0	0	0	0	0	0	0	54	0	
2	2792	-0.5689401	-1.50E-05	4487.216	-0.001525902	6	6	-0.5694748	0	0	0	0	0	0	0	0	0	0	0	0	0	54	0	
2	2793	-0.5683267	-1.50E-05	4488.216	-0.001525902	6	6	-0.5689748	0	0	0	0	0	0	0	0	0	0	0	0	0	54	0	
2	2794	-0.56802	-1.49E-05	4489.216	-0.001525902	6	6	-0.5684748	0	0	0	0	0	0	0	0	0	0	0	0	0	54	0	
2	2795	-0.5674065	-1.48E-05	4490.216	-0.001525902	6	6	-0.5679748	0	0	0	0	0	0	0	0	0	0	0	0	0	54	0	
2	2796	-0.5667931	-1.48E-05	4491.216	-0.001525902	6	6	-0.5674748	0	0	0	0	0	0	0	0	0	0	0	0	0	54	0	
2	2797	-0.5664864	-1.47E-05	4492.216	-0.001525902	6	6	-0.5669748	0	0	0	0	0	0	0	0	0	0	0	0	0	54	0	
2	2798	-0.565873	-1.47E-05	4493.216	-0.001525902	6	6	-0.5664748	0	0	0	0	0	0	0	0	0	0	0	0	0	54	0	
2	2799	-0.5652596	-1.46E-05	4494.216	-0.001525902	6	6	-0.5659748	0	0	0	0	0	0	0	0	0	0	0	0	0	54	0	
2	2800	-0.5649529	-1.46E-05	4495.216	-0.001525902	6	6	-0.5654748	0	0	0	0	0	0	0	0	0	0	0	0	0	54	0	
2	2801	-0.5643395	-1.45E-05	4496.216	-0.001525902	6	6	-0.5649748	0	0	0	0	0	0	0	0	0	0	0	0	0	54	0	
2	2802	-0.5640328	-1.45E-05	4497.216	-0.001525902	6	6	-0.5644748	0	0	0	0	0	0	0	0	0	0	0	0	0	54	0	
2	2803	-0.5634194	-1.44E-05	4498.216	-0.001525902	6	6	-0.5639748	0	0	0	0	0	0	0	0	0	0	0	0	0	54	0	
2	2804	-0.562806	-1.44E-05	4499.216	-0.001525902	6	6	-0.5634748	0	0	0	0	0	0	0	0	0	0	0	0	0	54	0	
2	2805	-0.5624992	-1.43E-05	4500.216	-0.001525902	6	6	-0.5629748	0	0	0	0	0	0	0	0	0	0	0	0	0	54	0	
2	2806	-0.5618858	-1.42E-05	4501.216	-0.001525902	6	6	-0.5624748	0	0	0	0	0	0	0	0	0	0	0	0	0	54	0	
2	2807	-0.5615791	-1.42E-05	4502.216	-0.001525902	6	6	-0.5619748	0	0	0	0	0	0	0	0	0	0	0	0	0	54	0	
2	2808	-0.5609657	-1.41E-05	4503.216	-0.001525902	6	6	-0.5614748	0	0	0	0	0	0	0	0	0	0	0	0	0	54	0	
2	2809	-0.5603523	-1.41E-05	4504.216	-0.001525902	6	6	-0.5609748	0	0	0	0	0	0	0	0	0	0	0	0	0	54	0	
2	2810	-0.5597389	-1.40E-05	4505.216	-0.001525902	7	7	-0.5604748	0	0	0	0	0	0	0	0	0	0	0	0	0	54	0	
2	2811	-0.5594322	-1.39E-05	4506.216	-0.001525902	7	7	-0.5599748	0	0	0	0	0	0	0	0	0	0	0	0	0	54	0	
2	2812	-0.5588188	-1.39E-05	4507.216	-0.001525902	7	7	-0.5594748	0	0	0	0	0	0	0	0	0	0	0	0	0	54	0	
2	2813	-0.5582054	-1.38E-05	4508.216	-0.001525902	7	7	-0.5589748	0	0	0	0	0	0	0	0	0	0	0	0	0	54	0	
2	2814	-0.5578986	-1.37E-05	4509.216	-0.001525902	7	7	-0.5584748	0	0	0	0	0	0	0	0	0	0	0	0	0	54	0	
2	2815	-0.5572852	-1.37E-05	4510.216	-0.001525902	7	7	-0.5579748	0	0	0	0	0	0	0	0	0	0	0	0	0	54	0	
2	2816	-0.5569785	-1.36E-05	4511.216	-0.001525902	7	7	-0.5574748	0	0	0	0	0	0	0	0	0	0	0	0	0	54	0	
2	2817	-0.5563651	-1.35E-05	4512.216	-0.001525902	7	7	-0.5569748	0	0	0	0	0	0	0	0	0	0	0	0	0	54	0	
2	2818	-0.5557517	-1.35E-05	4513.216	-0.001525902	7	7	-0.5564748	0	0	0	0	0	0	0	0	0	0	0	0	0	54	0	
2	2819	-0.555445	-1.34E-05	4514.216	-0.001525902	7	7	-0.5559748	0	0	0	0	0	0	0	0	0	0	0	0	0	54	0	
2	2820	-0.5548316	-1.33E-05	4515.216	-0.001525902	7	7	-0.5554748	0	0	0	0	0	0	0	0	0	0	0	0	0	54	0	
2	2821	-0.5542182	-1.33E-05	4516.216	-0.001525902	7	7	-0.5549748	0	0	0	0	0	0	0	0	0	0	0	0	0	54	0	
2	2822	-0.5539114	-1.32E-05	4517.216	-0.001525902	7	7	-0.5544748	0	0	0	0	0	0	0	0	0	0	0	0	0	54	0	
2	2823	-0.5532981	-1.31E-05	4518.216	-0.001525902	7	7	-0.5539748	0	0	0	0	0	0	0	0	0	0	0	0	0	54	0	
2	2824	-0.5529913	-1.31E-05	4519.216	-0.001525902	7	7	-0.5534748	0	0	0	0	0	0	0	0	0	0	0	0	0	54	0	
2	2825	-0.5523779	-1.30E-05	4520.216	-0.001525902	7	7	-0.5529748	0	0	0	0	0	0	0	0	0	0	0	0	0	54	0	
2	2826	-0.5517645	-1.29E-05	4521.216	-0.001525902	7	7	-0.5524748	0	0	0	0	0	0	0	0	0	0	0	0	0	54	0	
2	2827	-0.5514578	-1.28E-05	4522.216	-0.001525902	7	7	-0.5519748	0	0	0	0	0	0	0	0	0	0	0	0	0	54	0	
2	2828	-0.5508444	-1.28E-05	4523.216	-0.001525902	7	7	-0.5514748	0	0	0	0	0	0	0	0	0	0	0	0	0	54	0	
2	2829	-0.5505377	-1.27E-05	4524.216	-0.001525902	7	7	-0.5509748	0	0	0	0	0	0	0	0	0	0	0	0	0	54	0	
2	2830	-0.5499243	-1.26E-05	4525.216	-0.001525902	7	7	-0.5504748	0	0	0	0	0	0	0	0	0	0	0	0	0	54	0	
2	2831	-0.5496176	-1.25E-05	4526.216	-0.001525902	7	7	-0.5499748	0	0	0	0	0	0	0	0	0	0	0	0	0	54	0	
2	2832	-0.5490042	-1.25E-05	4527.216	-0.001525902	7	7	-0.5494748	0	0	0	0	0	0	0	0	0	0	0	0	0	54	0	
2	2833	-0.5483907	-1.24E-05	4528.216	-0.001525902	7	7	-0.5489748	0	0	0	0	0	0	0	0	0	0	0	0	0	54	0	
2	2834	-0.5480841	-1.23E-05	4529.216	-0.001525902	7	7	-0.5484748	0	0	0	0	0	0	0	0	0	0	0	0	0	54	0	
2	2835	-0.5474706	-1.22E-05	4530.216	-0.001525902	7	7	-0.5479748	0	0	0	0	0	0	0	0	0	0	0	0	0	54	0	
2	2836	-0.547164	-1.21E-05	4531.216	-0.001525902	7	7	-0.5474748	0	0	0	0	0	0	0	0	0	0	0	0	0	54	0	
2	2837	-0.5465505	-1.21E-05	4532.216	-0.001525902	7	7	-0.5469748	0	0	0	0	0	0	0	0	0	0	0	0	0	54	0	
2	2838	-0.5462438	-1.20E-05	4533.216	-0.001525902	7	7	-0.5464748	0	0	0	0	0	0	0	0	0	0	0	0	0	54	0	
2	2839	-0.5456304	-1.19E-05	4534.216	-0.001525902	7	7	-0.5459748	0	0	0	0	0	0	0	0	0	0	0	0	0	54	0	
2	2840	-0.545017	-1.18E-05	4535.216	-0.001525902	7	7	-0.5454748	0	0	0	0	0	0	0	0	0	0	0	0	0	54	0	
2	2841	-0.5444036	-1.17E-05	4536.216	-0.001525902	7	7	-0.5449748	0	0	0	0	0	0	0	0	0	0	0	0	0	54	0	
2	2842	-0.5440969	-1.16E-05	4537.216	-0.001525902	7	7	-0.5444748	0	0	0	0	0	0	0	0	0	0	0	0	0	54	0	
2	2843	-0.5434834	-1.16E-05	4538.216	-0.001525902	7	7	-0.5439748	0	0	0	0	0	0	0	0	0	0	0	0	0	54	0	
2	2844	-0.5431768	-1.15E-05	4539.216	-0.001525902	7	7	-0.5434748	0	0	0	0	0	0	0	0	0	0	0	0	0	54	0	
2	2845	-0.5425633	-1.14E-05	4540.216	-0.001525902	7	7	-0.5429748	0	0	0	0	0	0	0	0	0	0	0	0	0	54	0	
2	2846	-0.5419499	-1.13E-05	4541.216	-0.001525902	7	7	-0.5424748	0	0	0	0	0	0	0	0	0	0	0	0	0	54	0	
2	2847	-0.5416432	-1.12E-05	4542.216	-0.001525902	7	7	-0.5419748	0	0	0	0	0	0	0	0	0	0	0	0	0	54	0	
2	2848	-0.5410298	-1.11E-05	4543.216	-0.001525902	7	7	-0.5414748	0	0	0	0	0	0	0	0	0	0	0	0	0	54	0	
2	2849	-0.5404164	-1.11E-05	4544.216	-0.001525902	7	7	-0.5409748	0	0	0	0	0	0	0	0	0	0	0	0	0	54	0	
2	2850	-0.5401097	-1.10E-05	4545.216	-0.001525902	7	7	-0.5404748	0	0	0	0	0	0	0	0	0	0	0	0	0	54	0	
2	2851	-0.5394963	-1.09E-05	4546.216	-0.001525902	7	7	-0.5399748	0	0	0	0	0	0	0	0	0	0	0	0	0	54	0	
2	2852	-0.5391896	-1.08E-05	4547.216	-0.001525902	7	7	-0.5394748	0	0	0	0	0	0	0	0	0	0	0	0	0	54	0	
2	2853	-0.5385762	-1.07E-05	4548.216	-0.001525902	7	7	-0.5389748	0	0	0	0	0	0	0	0	0	0	0	0	0	54	0	
2	2854	-0.5379627	-1.06E-05	4549.216	-0.001525902	7	7	-0.5384748	0	0	0	0	0	0	0	0	0	0	0	0	0	54	0	
2	2855	-0.5376561	-1.05E-05	4550.216	-0.001525902	7	7	-0.5379748	0	0	0	0	0	0	0	0	0	0	0	0	0	54	0	
2	2856	-0.5370426	-1.04E-05	4551.216	-0.001525902	7	7	-0.5374748	0	0	0	0	0	0	0	0	0	0	0	0	0	54	0	
2	2857	-0.5364292	-1.03E-05	4552.216	-0.001525902	7	7	-0.5369748	0	0	0	0	0	0	0	0	0	0	0	0	0	54	0	
2	2858	-0.5361225	-1.02E-05	4553.216	-0.001525902	7	7	-0.5364748	0	0	0	0	0	0	0	0	0	0	0	0	0	54	0	
2	2859	-0.5355091	-1.01E-05	4554.216	-0.001525902	7	7	-0.5359748	0	0	0	0	0	0	0	0	0	0	0	0	0	54	0	
2	2860	-0.5348957	-1.00E-05	4555.216	-0.001525902	7	7	-0.5354748	0	0	0	0	0	0	0	0	0	0	0	0	0	54	0	
2	2861	-0.534589	-9.91E-06	4556.216	-0.001525902	7	7	-0.5349748	0	0	0	0	0	0	0	0	0	0	0	0	0	54	0	
2	2862	-0.5339755	-9.82E-06	4557.216	-0.001525902	7	7	-0.5344748	0	0	0	0	0	0	0	0	0	0	0	0	0	54	0	
2	2863	-0.5336689	-9.71E-06	4558.216	-0.001525902	7	7	-0.5339748	0	0	0	0	0	0	0	0	0	0	0	0	0	54	0	
2	2864	-0.5330554	-9.61E-06	4559.216	-0.001525902	7	7	-0.5334748	0	0	0	0	0	0	0	0	0	0	0	0	0	54	0	
2	2865	-0.532442	-9.50E-06	4560.216	-0.001525902	7	7	-0.5329748	0	0	0	0	0	0	0	0	0	0	0	0	0	54	0	
2	2866	-0.5321353	-9.40E-06	4561.216	-0.001525902	7	7	-0.5324748	0	0	0	0	0	0	0	0	0	0	0	0	0	54	0	
2	2867	-0.5315219	-9.30E-06	4562.216	-0.001525902	7	7	-0.5319748	0	0	0	0	0	0	0	0	0	0	0	0	0	54	0	
2	2868	-0.5312152	-9.19E-06	4563.216	-0.001525902	7	7	-0.5314748	0	0	0	0	0	0	0	0	0	0	0	0	0	54	0	
2	2869	-0.5306018	-9.09E-06	4564.216	-0.001525902	7	7	-0.5309748	0	0	0	0	0	0	0	0	0	0	0	0	0	54	0	
2	2870	-0.5299884	-8.99E-06	4565.216	-0.001525902	7	7	-0.5304748	0	0	0	0	0	0	0	0	0	0	0	0	0	54	0	
2	2871	-0.529375	-8.88E-06	4566.216	-0.001525902	7	7	-0.5299748	0	0	0	0	0	0	0	0	0	0	0	0	0	54	0	
2	2872	-0.5290683	-8.78E-06	4567.216	-0.001525902	7	7	-0.5294748	0	0	0	0	0	0	0	0	0	0	0	0	0	54	0	
2	2873	-0.5284548	-8.68E-06	4568.216	-0.001525902	7	7	-0.5289748	0	0	0	0	0	0	0	0	0	0	0	0	0	54	0	
2	2874	-0.5281481	-8.57E-06	4569.216	-0.001525902	7	7	-0.5284748	0	0	0	0	0	0	0	0	0	0	0	0	0	54	0	
2	2875	-0.5275347	-8.48E-06	4570.216	-0.001525902	7	7	-0.5279748	0	0	0	0	0	0	0	0	0	0	0	0	0	54	0	
2	2876	-0.5269213	-8.34E-06	4571.216	-0.001525902	7	7	-0.5274748	0	0	0	0	0	0	0	0	0	0	0	0	0	54	0	
2	2877	-0.5266146	-8.23E-06	4572.216	-0.001525902	7	7	-0.5269748	0	0	0	0	0	0	0	0	0	0	0	0	0	54	0	
2	2878	-0.5260012	-8.13E-06	4573.216	-0.001525902	7	7	-0.5264748	0	0	0	0	0	0	0	0	0	0	0	0	0	54	0	
2	2879	-0.5256945	-8.02E-06	4574.216	-0.001525902	7	7	-0.5259748	0	0	0	0	0	0	0	0	0	0	0	0	0	54	0	
2	2880	-0.5250811	-7.92E-06	4575.216	-0.001525902	7	7	-0.5254748	0	0	0	0	0	0	0	0	0	0	0	0	0	54	0	
2	2881	-0.5247744	-7.81E-06	4576.216	-0.001525902	7	7	-0.5249748	0	0	0	0	0	0	0	0	0	0	0	0	0	54	0	
2	2882	-0.524161	-7.69E-06	4577.216	-0.001525902	7	7	-0.5244748	0	0	0	0	0	0	0	0	0	0	0	0	0	54	0	
2	2883	-0.5235475	-7.58E-06	4578.216	-0.001525902	7	7	-0.5239748	0	0	0	0	0	0	0	0	0	0	0	0	0	54	0	
2	2884	-0.5232409	-7.44E-06	4579.216	-0.001525902	7	7	-0.5234748	0	0	0	0	0	0	0	0	0	0	0	0	0	54	0	
2	2885	-0.5226274	-7.31E-06	4580.216	-0.001525902	7	7	-0.5229748	0	0	0	0	0	0	0	0	0	0	0	0	0	54	0	
2	2886	-0.522014	-7.19E-06	4581.216	-0.001525902	7	7	-0.5224748	0	0	0	0	0	0	0	0	0	0	0	0	0	54	0	
2	2887	-0.5214006	-7.06E-06	4582.216	-0.001525902	7	7	-0.5219748	0	0	0	0	0	0	0	0	0	0	0	0	0	54	0	
2	2888	-0.5210939	-6.95E-06	4583.216	-0.001525902	7	7	-0.5214748	0	0	0	0	0	0	0	0	0	0	0	0	0	54	0	
2	2889	-0.5204805	-6.84E-06	4584.216	-0.001525902	7	7	-0.5209748	0	0	0	0	0	0	0	0	0	0	0	0	0	54	0	
2	2890	-0.5201738	-6.71E-06	4585.216	-0.001525902	7	7	-0.5204748	0	0	0	0	0	0	0	0	0	0	0	0	0	54	0	
2	2891	-0.5195603	-6.59E-06	4586.216	-0.001525902	7	7	-0.5199748	0	0	0	0	0	0	0	0	0	0	0	0	0	54	0	
2	2892	-0.5189469	-6.45E-06	4587.216	-0.001525902	7	7	-0.5194748	0	0	0	0	0	0	0	0	0	0	0	0	0	54	0	
2	2893	-0.5186402	-6.30E-06	4588.216	-0.001525902	7	7	-0.5189748	0	0	0	0	0	0	0	0	0	0	0	0	0	54	0	
2	2894	-0.5180268	-6.18E-06	4589.216	-0.001525902	7	7	-0.5184748	0	0	0	0	0	0	0	0	0	0	0	0	0	54	0	
2	2895	-0.5177201	-6.08E-06	4590.216	-0.001525902	7	7	-0.5189514	0	0	0	0	0	0	0	0	0	0	0	0	0	54	0	
2	2896	-0.5171067	-5.95E-06	4591.216	-0.001525902	7	7	-0.5174748	0	0	0	0	0	0	0	0	0	0	0	0	0	54	0	
2	2897	-0.5168	-5.82E-06	4592.216	-0.001525902	7	7	-0.5169748	0	0	0	0	0	0	0	0	0	0	0	0	0	54	0	
2	2898	-0.5161866	-5.69E-06	4593.216	-0.001525902	7	7	-0.5164748	0	0	0	0	0	0	0	0	0	0	0	0	0	54	0	
2	2899	-0.5155732	-5.56E-06	4594.216	-0.001525902	7	7	-0.5159748	0	0	0	0	0	0	0	0	0	0	0	0	0	54	0	
2	2900	-0.5152665	-5.43E-06	4595.216	-0.001525902	7	7	-0.5154748	0	0	0	0	0	0	0	0	0	0	0	0	0	54	0	
2	2901	-0.5146531	-5.29E-06	4596.216	-0.001525902	7	7	-0.5149748	0	0	0	0	0	0	0	0	0	0	0	0	0	54	0	
2	2902	-0.5140396	-5.15E-06	4597.216	-0.001525902	7	7	-0.5144748	0	0	0	0	0	0	0	0	0	0	0	0	0	54	0	
2	2903	-0.5134262	-5.00E-06	4598.216	-0.001525902	7	7	-0.5139748	0	0	0	0	0	0	0	0	0	0	0	0	0	54	0	
2	2904	-0.5131195	-4.84E-06	4599.216	-0.001525902	7	7	-0.5134748	0	0	0	0	0	0	0	0	0	0	0	0	0	54	0	
2	2905	-0.5125061	-4.69E-06	4600.216	-0.001525902	7	7	-0.5129748	0	0	0	0	0	0	0	0	0	0	0	0	0	54	0	
2	2906	-0.5121994	-4.54E-06	4601.216	-0.001525902	7	7	-0.5124748	0	0	0	0	0	0	0	0	0	0	0	0	0	54	0	
2	2907	-0.511586	-4.44E-06	4602.216	-0.001525902	7	7	-0.5119748	0	0	0	0	0	0	0	0	0	0	0	0	0	54	0	
2	2908	-0.5109726	-4.29E-06	4603.216	-0.001525902	7	7	-0.5114748	0	0	0	0	0	0	0	0	0	0	0	0	0	54	0	
2	2909	-0.5106659	-4.12E-06	4604.216	-0.001525902	7	7	-0.5109748	0	0	0	0	0	0	0	0	0	0	0	0	0	54	0	
2	2910	-0.5100524	-3.96E-06	4605.216	-0.001525902	7	7	-0.5104748	0	0	0	0	0	0	0	0	0	0	0	0	0	54	0	
2	2911	-0.5094391	-3.81E-06	4606.216	-0.001525902	7	7	-0.5099748	0	0	0	0	0	0	0	0	0	0	0	0	0	54	0	
2	2912	-0.5091323	-3.66E-06	4607.216	-0.001525902	7	7	-0.5094748	0	0	0	0	0	0	0	0	0	0	0	0	0	54	0	
2	2913	-0.5085189	-3.54E-06	4608.216	-0.001525902	7	7	-0.5089748	0	0	0	0	0	0	0	0	0	0	0	0	0	54	0	
2	2914	-0.5082122	-3.39E-06	4609.216	-0.001525902	7	7	-0.5084748	0	0	0	0	0	0	0	0	0	0	0	0	0	54	0	
2	2915	-0.5075988	-3.22E-06	4610.216	-0.001525902	7	7	-0.5079748	0	0	0	0	0	0	0	0	0	0	0	0	0	54	0	
2	2916	-0.5069854	-3.05E-06	4611.216	-0.001525902	7	7	-0.5074748	0	0	0	0	0	0	0	0	0	0	0	0	0	54	0	
2	2917	-0.5066787	-2.90E-06	4612.216	-0.001525902	7	7	-0.5069748	0	0	0	0	0	0	0	0	0	0	0	0	0	54	0	
2	2918	-0.5060653	-2.72E-06	4613.216	-0.001525902	7	7	-0.5064748	0	0	0	0	0	0	0	0	0	0	0	0	0	54	0	
2	2919	-0.5054519	-2.55E-06	4614.216	-0.001525902	7	7	-0.5059748	0	0	0	0	0	0	0	0	0	0	0	0	0	54	0	
2	2920	-0.5051452	-2.41E-06	4615.216	-0.001525902	7	7	-0.5054748	0	0	0	0	0	0	0	0	0	0	0	0	0	54	0	
2	2921	-0.5045317	-2.24E-06	4616.216	-0.001525902	7	7	-0.5049748	0	0	0	0	0	0	0	0	0	0	0	0	0	54	0	
2	2922	-0.5042251	-2.07E-06	4617.216	-0.001525902	7	7	-0.5044748	0	0	0	0	0	0	0	0	0	0	0	0	0	54	0	
2	2923	-0.5036116	-1.86E-06	4618.216	-0.001525902	7	7	-0.5039748	0	0	0	0	0	0	0	0	0	0	0	0	0	54	0	
2	2924	-0.5029982	-1.67E-06	4619.216	-0.001525902	7	7	-0.5034748	0	0	0	0	0	0	0	0	0	0	0	0	0	54	0	
2	2925	-0.5026915	-1.51E-06	4620.216	-0.001525902	7	7	-0.5029748	0	0	0	0	0	0	0	0	0	0	0	0	0	54	0	
2	2926	-0.5020781	-1.25E-06	4621.216	-0.001525902	8	8	-0.5024748	0	0	0	0	0	0	0	0	0	0	0	0	0	54	0	
2	2927	-0.5014647	-1.11E-06	4622.216	-0.001525902	8	8	-0.5019748	0	0	0	0	0	0	0	0	0	0	0	0	0	54	0	
2	2928	-0.501158	-9.48E-07	4623.216	-0.001525902	8	8	-0.5014748	0	0	0	0	0	0	0	0	0	0	0	0	0	54	0	
2	2929	-0.5005445	-7.71E-07	4624.216	-0.001525902	8	8	-0.5009748	0	0	0	0	0	0	0	0	0	0	0	0	0	54	0	
2	2930	-0.4999312	-5.89E-07	4625.216	-0.001525902	8	8	-0.5004748	0	0	0	0	0	0	0	0	0	0	0	0	0	54	0	
2	2931	-0.4996245	-3.92E-07	4626.216	-0.001525902	8	8	-0.4999748	0	0	0	0	0	0	0	0	0	0	0	0	0	54	0	
2	2932	-0.499011	-1.92E-07	4627.216	-0.001525902	8	8	-0.4994748	0	0	0	0	0	0	0	0	0	0	0	0	0	54	0	
2	2933	-0.4987043	8.65E-09	4628.216	-0.001525902	8	8	-0.4989748	0	0	0	0	0	0	0	0	0	0	0	0	0	54	0	
2	2934	-0.4980909	1.99E-07	4629.216	-0.001525902	8	8	-0.4984748	0	0	0	0	0	0	0	0	0	0	0	0	0	54	0	
2	2935	-0.4974775	3.92E-07	4630.216	-0.001525902	8	8	-0.4979748	0	0	0	0	0	0	0	0	0	0	0	0	0	54	0	
2	2936	-0.4971708	1.88E-07	4631.216	-0.001525902	9	9	-0.4974748	0	0	0	0	0	0	0	0	0	0	0	0	0	54	0	
2	2937	-0.4965574	2.01E-07	4632.216	-0.001525902	9	9	-0.4969748	0	0	0	0	0	0	0	0	0	0	0	0	0	54	0	
2	2938	-0.495944	9.67E-07	4633.216	-0.001525902	8	8	-0.4964748	0	0	0	0	0	0	0	0	0	0	0	0	0	54	0	
2	2939	-0.4956373	1.12E-06	4634.216	-0.001525902	8	8	-0.4959748	0	0	0	0	0	0	0	0	0	0	0	0	0	54	0	
2	2940	-0.4950238	1.28E-06	4635.216	-0.001525902	8	8	-0.4954748	0	0	0	0	0	0	0	0	0	0	0	0	0	54	0	
2	2941	-0.4947172	1.42E-06	4636.216	-0.001525902	8	8	-0.4949748	0	0	0	0	0	0	0	0	0	0	0	0	0	54	0	
2	2942	-0.4941037	1.55E-06	4637.216	-0.001525902	8	8	-0.4944748	0	0	0	0	0	0	0	0	0	0	0	0	0	54	0	
2	2943	-0.493797	1.68E-06	4638.216	-0.001525902	8	8	-0.4939748	0	0	0	0	0	0	0	0	0	0	0	0	0	54	0	
2	2944	-0.4931836	1.80E-06	4639.216	-0.001525902	8	8	-0.4934748	0	0	0	0	0	0	0	0	0	0	0	0	0	54	0	
2	2945	-0.4925702	1.87E-06	4640.216	-0.001525902	8	8	-0.4929748	0	0	0	0	0	0	0	0	0	0	0	0	0	54	0	
2	2946	-0.4919568	1.94E-06	4641.216	-0.001525902	8	8	-0.4924748	0	0	0	0	0	0	0	0	0	0	0	0	0	54	0	
2	2947	-0.4916501	2.89E-06	4642.216	-0.001525902	7	7	-0.4919748	0	0	0	0	0	0	0	0	0	0	0	0	0	54	0	
2	2948	-0.4910367	3.11E-06	4643.216	-0.001525902	7	7	-0.4914748	0	0	0	0	0	0	0	0	0	0	0	0	0	54	0	
2	2949	-0.49073	3.33E-06	4644.216	-0.001525902	7	7	-0.4909748	0	0	0	0	0	0	0	0	0	0	0	0	0	54	0	
2	2950	-0.4901166	3.57E-06	4645.216	-0.001525902	7	7	-0.4904748	0	0	0	0	0	0	0	0	0	0	0	0	0	54	0	
2	2951	-0.4895031	3.79E-06	4646.216	-0.001525902	7	7	-0.4899748	0	0	0	0	0	0	0	0	0	0	0	0	0	54	0	
2	2952	-0.4891964	4.01E-06	4647.216	-0.001525902	7	7	-0.4894748	0	0	0	0	0	0	0	0	0	0	0	0	0	54	0	
2	2953	-0.488583	4.25E-06	4648.216	-0.001525902	7	7	-0.4889748	0	0	0	0	0	0	0	0	0	0	0	0	0	54	0	
2	2954	-0.4879696	4.50E-06	4649.216	-0.001525902	7	7	-0.4884748	0	0	0	0	0	0	0	0	0	0	0	0	0	54	0	
2	2955	-0.4876629	4.78E-06	4650.216	-0.001525902	7	7	-0.4879748	0	0	0	0	0	0	0	0	0	0	0	0	0	54	0	
2	2956	-0.4870495	5.05E-06	4651.216	-0.001525902	7	7	-0.4874748	0	0	0	0	0	0	0	0	0	0	0	0	0	54	0	
2	2957	-0.4864361	5.30E-06	4652.216	-0.001525902	7	7	-0.4869748	0	0	0	0	0	0	0	0	0	0	0	0	0	54	0	
2	2958	-0.4861294	5.55E-06	4653.216	-0.001525902	7	7	-0.4864748	0	0	0	0	0	0	0	0	0	0	0	0	0	54	0	
2	2959	-0.485516	5.81E-06	4654.216	-0.001525902	7	7	-0.4859748	0	0	0	0	0	0	0	0	0	0	0	0	0	54	0	
2	2960	-0.4852093	6.07E-06	4655.216	-0.001525902	7	7	-0.4854748	0	0	0	0	0	0	0	0	0	0	0	0	0	54	0	
2	2961	-0.4845958	6.37E-06	4656.216	-0.001525902	7	7	-0.4849748	0	0	0	0	0	0	0	0	0	0	0	0	0	54	0	
2	2962	-0.4842891	6.61E-06	4657.216	-0.001525902	7	7	-0.4844748	0	0	0	0	0	0	0	0	0	0	0	0	0	54	0	
2	2963	-0.4836757	6.88E-06	4658.216	-0.001525902	7	7	-0.4839748	0	0	0	0	0	0	0	0	0	0	0	0	0	54	0	
2	2964	-0.4830623	7.22E-06	4659.216	-0.001525902	7	7	-0.4834748	0	0	0	0	0	0	0	0	0	0	0	0	0	54	0	
2	2965	-0.4827556	7.50E-06	4660.216	-0.001525902	7	7	-0.4829748	0	0	0	0	0	0	0	0	0	0	0	0	0	54	0	
2	2966	-0.4821422	7.79E-06	4661.216	-0.001525902	7	7	-0.4824748	0	0	0	0	0	0	0	0	0	0	0	0	0	54	0	
2	2967	-0.4815288	8.08E-06	4662.216	-0.001525902	7	7	-0.4819748	0	0	0	0	0	0	0	0	0	0	0	0	0	54	0	
2	2968	-0.4812221	8.41E-06	4663.216	-0.001525902	7	7	-0.4814748	0	0	0	0	0	0	0	0	0	0	0	0	0	54	0	
2	2969	-0.4806087	8.70E-06	4664.216	-0.001525902	7	7	-0.4809748	0	0	0	0	0	0	0	0	0	0	0	0	0	54	0	
2	2970	-0.4799953	9.00E-06	4665.216	-0.001525902	7	7	-0.4804748	0	0	0	0	0	0	0	0	0	0	0	0	0	54	0	
2	2971	-0.4796886	9.30E-06	4666.216	-0.001525902	7	7	-0.4799748	0	0	0	0	0	0	0	0	0	0	0	0	0	54	0	
2	2972	-0.4790751	9.58E-06	4667.216	-0.001525902	7	7	-0.4794748	0	0	0	0	0	0	0	0	0	0	0	0	0	54	0	
2	2973	-0.4787684	9.88E-06	4668.216	-0.001525902	7	7	-0.4789748	0	0	0	0	0	0	0	0	0	0	0	0	0	54	0	
2	2974	-0.478155	1.02E-05	4669.216	-0.001525902	7	7	-0.4784748	0	0	0	0	0	0	0	0	0	0	0	0	0	54	0	
2	2975	-0.4775416	1.05E-05	4670.216	-0.001525902	7	7	-0.4779748	0	0	0	0	0	0	0	0	0	0	0	0	0	54	0	
2	2976	-0.4772349	1.08E-05	4671.216	-0.001525902	7	7	-0.4774748	0	0	0	0	0	0	0	0	0	0	0	0	0	54	0	
2	2977	-0.4766215	1.11E-05	4672.216	-0.001525902	7	7	-0.4769748	0	0	0	0	0	0	0	0	0	0	0	0	0	54	0	
2	2978	-0.4763148	1.14E-05	4673.216	-0.001525902	7	7	-0.4764748	0	0	0	0	0	0	0	0	0	0	0	0	0	54	0	
2	2979	-0.4757014	1.18E-05	4674.216	-0.001525902	7	7	-0.4759748	0	0	0	0	0	0	0	0	0	0	0	0	0	54	0	
2	2980	-0.4750879	1.21E-05	4675.216	-0.001525902	7	7	-0.4754748	0	0	0	0	0	0	0	0	0	0	0	0	0	54	0	
2	2981	-0.4747812	1.24E-05	4676.216	-0.001525902	7	7	-0.4749748	0	0	0	0	0	0	0	0	0	0	0	0	0	54	0	
2	2982	-0.4741678	1.27E-05	4677.216	-0.001525902	7	7	-0.4744748	0	0	0	0	0	0	0	0	0	0	0	0	0	54	0	
2	2983	-0.4735544	1.31E-05	4678.216	-0.001525902	7	7	-0.4739748	0	0	0	0	0	0	0	0	0	0	0	0	0	54	0	
2	2984	-0.4732477	1.34E-05	4679.216	-0.001525902	7	7	-0.4734748	0	0	0	0	0	0	0	0	0	0	0	0	0	54	0	
2	2985	-0.4726343	1.37E-05	4680.216	-0.001525902	7	7	-0.4729748	0	0	0	0	0	0	0	0	0	0	0	0	0	54	0	
2	2986	-0.4720209	1.41E-05	4681.216	-0.001525902	7	7	-0.4724748	0	0	0	0	0	0	0	0	0	0	0	0	0	54	0	
2	2987	-0.4717142	1.44E-05	4682.216	-0.001525902	7	7	-0.4719748	0	0	0	0	0	0	0	0	0	0	0	0	0	54	0	
2	2988	-0.4711008	1.47E-05	4683.216	-0.001525902	7	7	-0.4714748	0	0	0	0	0	0	0	0	0	0	0	0	0	54	0	
2	2989	-0.4704874	1.51E-05	4684.216	-0.001525902	7	7	-0.4709748	0	0	0	0	0	0	0	0	0	0	0	0	0	54	0	
2	2990	-0.4701806	1.55E-05	4685.216	-0.001525902	7	7	-0.4704748	0	0	0	0	0	0	0	0	0	0	0	0	0	54	0	
2	2991	-0.4695672	1.58E-05	4686.216	-0.001525902	7	7	-0.4699748	0	0	0	0	0	0	0	0	0	0	0	0	0	54	0	
2	2992	-0.4692605	1.62E-05	4687.216	-0.001525902	7	7	-0.4694748	0	0	0	0	0	0	0	0	0	0	0	0	0	54	0	
2	2993	-0.4686471	1.66E-05	4688.216	-0.001525902	7	7	-0.4689748	0	0	0	0	0	0	0	0	0	0	0	0	0	54	0	
2	2994	-0.4680337	1.70E-05	4689.216	-0.001525902	7	7	-0.4684748	0	0	0	0	0	0	0	0	0	0	0	0	0	54	0	
2	2995	-0.4674203	1.74E-05	4690.216	-0.001525902	7	7	-0.4679748	0	0	0	0	0	0	0	0	0	0	0	0	0	54	0	
2	2996	-0.4671136	1.78E-05	4691.216	-0.001525902	7	7	-0.4674748	0	0	0	0	0	0	0	0	0	0	0	0	0	54	0	
2	2997	-0.4665002	1.82E-05	4692.216	-0.001525902	7	7	-0.4669748	0	0	0	0	0	0	0	0	0	0	0	0	0	54	0	
2	2998	-0.4661935	1.85E-05	4693.216	-0.001525902	6	6	-0.4664748	0	0	0	0	0	0	0	0	0	0	0	0	0	54	0	
2	2999	-0.46558	1.89E-05	4694.216	-0.001525902	6	6	-0.4659748	0	0	0	0	0	0	0	0	0	0	0	0	0	54	0	
2	3000	-0.4652734	1.93E-05	4695.216	-0.001525902	6	6	-0.4654748	0	0	0	0	0	0	0	0	0	0	0	0	0	54	0	
2	3001	-0.4646599	1.97E-05	4696.216	-0.001525902	6	6	-0.4649748	0	0	0	0	0	0	0	0	0	0	0	0	0	54	0	
2	3002	-0.4640465	2.02E-05	4697.216	-0.001525902	6	6	-0.4644748	0	0	0	0	0	0	0	0	0	0	0	0	0	54	0	
2	3003	-0.4637398	2.06E-05	4698.216	-0.001525902	6	6	-0.4639748	0	0	0	0	0	0	0	0	0	0	0	0	0	54	0	
2	3004	-0.4631264	2.10E-05	4699.216	-0.001525902	6	6	-0.4634748	0	0	0	0	0	0	0	0	0	0	0	0	0	54	0	
2	3005	-0.462513	2.14E-05	4700.216	-0.001525902	6	6	-0.4629748	0	0	0	0	0	0	0	0	0	0	0	0	0	54	0	
2	3006	-0.4622063	2.19E-05	4701.216	-0.001525902	6	6	-0.4624748	0	0	0	0	0	0	0	0	0	0	0	0	0	54	0	
2	3007	-0.4615929	2.23E-05	4702.216	-0.001525902	6	6	-0.4619748	0	0	0	0	0	0	0	0	0	0	0	0	0	54	0	
2	3008	-0.4609795	2.28E-05	4703.216	-0.001525902	6	6	-0.4614748	0	0	0	0	0	0	0	0	0	0	0	0	0	54	0	
2	3009	-0.4606727	2.33E-05	4704.216	-0.001525902	6	6	-0.4609748	0	0	0	0	0	0	0	0	0	0	0	0	0	54	0	
2	3010	-0.4600593	2.37E-05	4705.216	-0.001525902	6	6	-0.4604748	0	0	0	0	0	0	0	0	0	0	0	0	0	54	0	
2	3011	-0.4597526	2.42E-05	4706.216	-0.001525902	6	6	-0.4599748	0	0	0	0	0	0	0	0	0	0	0	0	0	54	0	
2	3012	-0.4591392	2.47E-05	4707.216	-0.001525902	6	6	-0.4594748	0	0	0	0	0	0	0	0	0	0	0	0	0	54	0	
2	3013	-0.4585258	2.53E-05	4708.216	-0.001525902	6	6	-0.4589748	0	0	0	0	0	0	0	0	0	0	0	0	0	54	0	
2	3014	-0.4582191	2.58E-05	4709.216	-0.001525902	6	6	-0.4584748	0	0	0	0	0	0	0	0	0	0	0	0	0	54	0	
2	3015	-0.4576057	2.63E-05	4710.216	-0.001525902	6	6	-0.4579748	0	0	0	0	0	0	0	0	0	0	0	0	0	54	0	
2	3016	-0.4569923	2.68E-05	4711.216	-0.001525902	6	6	-0.4574748	0	0	0	0	0	0	0	0	0	0	0	0	0	54	0	
2	3017	-0.4566856	2.73E-05	4712.216	-0.001525902	6	6	-0.4569748	0	0	0	0	0	0	0	0	0	0	0	0	0	54	0	
2	3018	-0.4560722	2.79E-05	4713.216	-0.001525902	6	6	-0.4564748	0	0	0	0	0	0	0	0	0	0	0	0	0	54	0	
2	3019	-0.4554587	2.84E-05	4714.216	-0.001525902	6	6	-0.4559748	0	0	0	0	0	0	0	0	0	0	0	0	0	54	0	
2	3020	-0.455152	2.89E-05	4715.216	-0.001525902	6	6	-0.4554748	0	0	0	0	0	0	0	0	0	0	0	0	0	54	0	
2	3021	-0.4545386	2.95E-05	4716.216	-0.001525902	6	6	-0.4549748	0	0	0	0	0	0	0	0	0	0	0	0	0	54	0	
2	3022	-0.4539252	3.00E-05	4717.216	-0.001525902	6	6	-0.4544748	0	0	0	0	0	0	0	0	0	0	0	0	0	54	0	
2	3023	-0.4536185	3.06E-05	4718.216	-0.001525902	6	6	-0.4539748	0	0	0	0	0	0	0	0	0	0	0	0	0	54	0	
2	3024	-0.4530051	3.11E-05	4719.216	-0.001525902	6	6	-0.4534748	0	0	0	0	0	0	0	0	0	0	0	0	0	54	0	
2	3025	-0.4526984	3.17E-05	4720.216	-0.001525902	6	6	-0.4529748	0	0	0	0	0	0	0	0	0	0	0	0	0	54	0	
2	3026	-0.452085	3.23E-05	4721.216	-0.001525902	6	6	-0.4524748	0	0	0	0	0	0	0	0	0	0	0	0	0	54	0	
2	3027	-0.4514716	3.29E-05	4722.216	-0.001525902	6	6	-0.4519748	0	0	0	0	0	0	0	0	0	0	0	0	0	54	0	
2	3028	-0.4511648	3.35E-05	4723.216	-0.001525902	6	6	-0.4514748	0	0	0	0	0	0	0	0	0	0	0	0	0	54	0	
2	3029	-0.4505515	3.41E-05	4724.216	-0.001525902	6	6	-0.4509748	0	0	0	0	0	0	0	0	0	0	0	0	0	54	0	
2	3030	-0.4502447	3.47E-05	4725.216	-0.001525902	6	6	-0.4504748	0	0	0	0	0	0	0	0	0	0	0	0	0	54	0	
2	3031	-0.4496313	3.54E-05	4726.216	-0.001525902	6	6	-0.4499748	0	0	0	0	0	0	0	0	0	0	0	0	0	54	0	
2	3032	-0.4490179	3.60E-05	4727.216	-0.001525902	6	6	-0.4494748	0	0	0	0	0	0	0	0	0	0	0	0	0	54	0	
2	3033	-0.4487112	3.68E-05	4728.216	-0.001525902	6	6	-0.4489748	0	0	0	0	0	0	0	0	0	0	0	0	0	54	0	
2	3034	-0.4480978	3.74E-05	4729.216	-0.001525902	6	6	-0.4484748	0	0	0	0	0	0	0	0	0	0	0	0	0	54	0	
2	3035	-0.4477911	3.81E-05	4730.216	-0.001525902	6	6	-0.4479748	0	0	0	0	0	0	0	0	0	0	0	0	0	54	0	
2	3036	-0.4471777	3.87E-05	4731.216	-0.001525902	6	6	-0.4474748	0	0	0	0	0	0	0	0	0	0	0	0	0	54	0	
2	3037	-0.4465643	3.94E-05	4732.216	-0.001525902	6	6	-0.4469748	0	0	0	0	0	0	0	0	0	0	0	0	0	54	0	
2	3038	-0.4462576	4.01E-05	4733.216	-0.001525902	6	6	-0.4464748	0	0	0	0	0	0	0	0	0	0	0	0	0	54	0	
2	3039	-0.4456441	4.09E-05	4734.216	-0.001525902	6	6	-0.4459748	0	0	0	0	0	0	0	0	0	0	0	0	0	54	0	
2	3040	-0.4450307	4.16E-05	4735.216	-0.001525902	6	6	-0.4454748	0	0	0	0	0	0	0	0	0	0	0	0	0	54	0	
2	3041	-0.444724	4.23E-05	4736.216	-0.001525902	6	6	-0.4449748	0	0	0	0	0	0	0	0	0	0	0	0	0	54	0	
2	3042	-0.4441106	4.31E-05	4737.216	-0.001525902	6	6	-0.4444748	0	0	0	0	0	0	0	0	0	0	0	0	0	54	0	
2	3043	-0.4434972	4.38E-05	4738.216	-0.001525902	6	6	-0.4439748	0	0	0	0	0	0	0	0	0	0	0	0	0	54	0	
2	3044	-0.4431905	4.45E-05	4739.216	-0.001525902	6	6	-0.4434748	0	0	0	0	0	0	0	0	0	0	0	0	0	54	0	
2	3045	-0.4425771	4.53E-05	4740.216	-0.001525902	6	6	-0.4429748	0	0	0	0	0	0	0	0	0	0	0	0	0	54	0	
2	3046	-0.4419637	4.60E-05	4741.216	-0.001525902	6	6	-0.4424748	0	0	0	0	0	0	0	0	0	0	0	0	0	54	0	
2	3047	-0.4416569	4.68E-05	4742.216	-0.001525902	6	6	-0.4419748	0	0	0	0	0	0	0	0	0	0	0	0	0	54	0	
2	3048	-0.4410436	4.76E-05	4743.216	-0.001525902	6	6	-0.4414748	0	0	0	0	0	0	0	0	0	0	0	0	0	54	0	
2	3049	-0.4407368	4.84E-05	4744.216	-0.001525902	6	6	-0.4409748	0	0	0	0	0	0	0	0	0	0	0	0	0	54	0	
2	3050	-0.4401234	4.92E-05	4745.216	-0.001525902	6	6	-0.4404748	0	0	0	0	0	0	0	0	0	0	0	0	0	54	0	
2	3051	-0.43951	5.00E-05	4746.216	-0.001525902	6	6	-0.4399748	0	0	0	0	0	0	0	0	0	0	0	0	0	54	0	
2	3052	-0.4392033	5.09E-05	4747.216	-0.001525902	6	6	-0.4394748	0	0	0	0	0	0	0	0	0	0	0	0	0	54	0	
2	3053	-0.4385899	5.18E-05	4748.216	-0.001525902	6	6	-0.4389748	0	0	0	0	0	0	0	0	0	0	0	0	0	54	0	
2	3054	-0.4379765	5.26E-05	4749.216	-0.001525902	6	6	-0.4384748	0	0	0	0	0	0	0	0	0	0	0	0	0	54	0	
2	3055	-0.4376698	5.35E-05	4750.216	-0.001525902	6	6	-0.4379748	0	0	0	0	0	0	0	0	0	0	0	0	0	54	0	
2	3056	-0.4370564	5.44E-05	4751.216	-0.001525902	6	6	-0.4374748	0	0	0	0	0	0	0	0	0	0	0	0	0	54	0	
2	3057	-0.4367497	5.52E-05	4752.216	-0.001525902	6	6	-0.4369748	0	0	0	0	0	0	0	0	0	0	0	0	0	54	0	
2	3058	-0.4361362	5.60E-05	4753.216	-0.001525902	6	6	-0.4364748	0	0	0	0	0	0	0	0	0	0	0	0	0	54	0	
2	3059	-0.4355228	5.69E-05	4754.216	-0.001525902	6	6	-0.4359748	0	0	0	0	0	0	0	0	0	0	0	0	0	54	0	
2	3060	-0.4352161	5.78E-05	4755.216	-0.001525902	6	6	-0.4354748	0	0	0	0	0	0	0	0	0	0	0	0	0	54	0	
2	3061	-0.4346027	5.88E-05	4756.216	-0.001525902	6	6	-0.4349748	0	0	0	0	0	0	0	0	0	0	0	0	0	54	0	
2	3062	-0.4339893	5.97E-05	4757.216	-0.001525902	6	6	-0.4344748	0	0	0	0	0	0	0	0	0	0	0	0	0	54	0	
2	3063	-0.4336826	6.07E-05	4758.216	-0.001525902	6	6	-0.4339748	0	0	0	0	0	0	0	0	0	0	0	0	0	54	0	
2	3064	-0.4330692	6.16E-05	4759.216	-0.001525902	6	6	-0.4334748	0	0	0	0	0	0	0	0	0	0	0	0	0	54	0	
2	3065	-0.4327625	6.26E-05	4760.216	-0.001525902	6	6	-0.4329748	0	0	0	0	0	0	0	0	0	0	0	0	0	54	0	
2	3066	-0.4321491	6.37E-05	4761.216	-0.001525902	6	6	-0.4324748	0	0	0	0	0	0	0	0	0	0	0	0	0	54	0	
2	3067	-0.4315356	6.47E-05	4762.216	-0.001525902	6	6	-0.4319748	0	0	0	0	0	0	0	0	0	0	0	0	0	54	0	
2	3068	-0.4309222	6.58E-05	4763.216	-0.001525902	6	6	-0.4314748	0	0	0	0	0	0	0	0	0	0	0	0	0	54	0	
2	3069	-0.4306155	6.68E-05	4764.216	-0.001525902	6	6	-0.4309748	0	0	0	0	0	0	0	0	0	0	0	0	0	54	0	
2	3070	-0.4300021	6.79E-05	4765.216	-0.001525902	6	6	-0.4304748	0	0	0	0	0	0	0	0	0	0	0	0	0	54	0	
2	3071	-0.4296954	6.89E-05	4766.216	-0.001525902	6	6	-0.4299748	0	0	0	0	0	0	0	0	0	0	0	0	0	54	0	
2	3072	-0.429082	7.01E-05	4767.216	-0.001525902	6	6	-0.4294748	0	0	0	0	0	0	0	0	0	0	0	0	0	54	0	
2	3073	-0.4284686	7.11E-05	4768.216	-0.001525902	6	6	-0.4289748	0	0	0	0	0	0	0	0	0	0	0	0	0	54	0	
2	3074	-0.4281619	7.23E-05	4769.216	-0.001525902	6	6	-0.4284748	0	0	0	0	0	0	0	0	0	0	0	0	0	54	0	
2	3075	-0.4275485	7.34E-05	4770.216	-0.001525902	6	6	-0.4279748	0	0	0	0	0	0	0	0	0	0	0	0	0	54	0	
2	3076	-0.4272417	7.45E-05	4771.216	-0.001525902	6	6	-0.4274748	0	0	0	0	0	0	0	0	0	0	0	0	0	54	0	
2	3077	-0.4266284	7.57E-05	4772.216	-0.001525902	6	6	-0.4269748	0	0	0	0	0	0	0	0	0	0	0	0	0	54	0	
2	3078	-0.4260149	7.69E-05	4773.216	-0.001525902	6	6	-0.4264748	0	0	0	0	0	0	0	0	0	0	0	0	0	54	0	
2	3079	-0.4257082	7.81E-05	4774.216	-0.001525902	6	6	-0.4259748	0	0	0	0	0	0	0	0	0	0	0	0	0	54	0	
2	3080	-0.4250948	7.93E-05	4775.216	-0.001525902	6	6	-0.4254748	0	0	0	0	0	0	0	0	0	0	0	0	0	54	0	
2	3081	-0.4247881	8.04E-05	4776.216	-0.001525902	6	6	-0.4249748	0	0	0	0	0	0	0	0	0	0	0	0	0	54	0	
2	3082	-0.4241747	8.17E-05	4777.216	-0.001525902	6	6	-0.4244748	0	0	0	0	0	0	0	0	0	0	0	0	0	54	0	
2	3083	-0.4235613	8.30E-05	4778.216	-0.001525902	6	6	-0.4239748	0	0	0	0	0	0	0	0	0	0	0	0	0	54	0	
2	3084	-0.4232546	8.43E-05	4779.216	-0.001525902	6	6	-0.4234748	0	0	0	0	0	0	0	0	0	0	0	0	0	54	0	
2	3085	-0.4226412	8.56E-05	4780.216	-0.001525902	6	6	-0.4229748	0	0	0	0	0	0	0	0	0	0	0	0	0	54	0	
2	3086	-0.4220277	8.69E-05	4781.216	-0.001525902	6	6	-0.4224748	0	0	0	0	0	0	0	0	0	0	0	0	0	54	0	
2	3087	-0.421721	8.82E-05	4782.216	-0.001525902	6	6	-0.4219748	0	0	0	0	0	0	0	0	0	0	0	0	0	54	0	
2	3088	-0.4211076	8.96E-05	4783.216	-0.001525902	6	6	-0.4214748	0	0	0	0	0	0	0	0	0	0	0	0	0	54	0	
2	3089	-0.4204942	9.09E-05	4784.216	-0.001525902	6	6	-0.4209748	0	0	0	0	0	0	0	0	0	0	0	0	0	54	0	
2	3090	-0.4201875	9.23E-05	4785.216	-0.001525902	6	6	-0.4204748	0	0	0	0	0	0	0	0	0	0	0	0	0	54	0	
2	3091	-0.4195741	9.37E-05	4786.216	-0.001525902	6	6	-0.4199748	0	0	0	0	0	0	0	0	0	0	0	0	0	54	0	
2	3092	-0.4189607	9.52E-05	4787.216	-0.001525902	6	6	-0.4194748	0	0	0	0	0	0	0	0	0	0	0	0	0	54	0	
2	3093	-0.418654	9.66E-05	4788.216	-0.001525902	6	6	-0.4189748	0	0	0	0	0	0	0	0	0	0	0	0	0	54	0	
2	3094	-0.4180406	9.81E-05	4789.216	-0.001525902	6	6	-0.4184748	0	0	0	0	0	0	0	0	0	0	0	0	0	54	0	
2	3095	-0.4177338	9.96E-05	4790.216	-0.001525902	6	6	-0.4179748	0	0	0	0	0	0	0	0	0	0	0	0	0	54	0	
2	3096	-0.4171205	0.000101078	4791.216	-0.001525902	6	6	-0.4174748	0	0	0	0	0	0	0	0	0	0	0	0	0	54	0	
2	3097	-0.416507	0.000102612	4792.216	-0.001525902	6	6	-0.4169748	0	0	0	0	0	0	0	0	0	0	0	0	0	54	0	
2	3098	-0.4162003	0.00010417	4793.216	-0.001525902	6	6	-0.4164748	0	0	0	0	0	0	0	0	0	0	0	0	0	54	0	
2	3099	-0.4155869	0.000105752	4794.216	-0.001525902	6	6	-0.4159748	0	0	0	0	0	0	0	0	0	0	0	0	0	54	0	
2	3100	-0.4149735	0.000107372	4795.216	-0.001525902	6	6	-0.4154748	0	0	0	0	0	0	0	0	0	0	0	0	0	54	0	
2	3101	-0.4146668	0.000109003	4796.216	-0.001525902	6	6	-0.4149748	0	0	0	0	0	0	0	0	0	0	0	0	0	54	0	
2	3102	-0.4140534	0.00011066	4797.216	-0.001525902	6	6	-0.4144748	0	0	0	0	0	0	0	0	0	0	0	0	0	54	0	
2	3103	-0.4137467	0.000112255	4798.216	-0.001525902	6	6	-0.4139748	0	0	0	0	0	0	0	0	0	0	0	0	0	54	0	
2	3104	-0.4131333	0.000113849	4799.216	-0.001525902	6	6	-0.4134748	0	0	0	0	0	0	0	0	0	0	0	0	0	54	0	
2	3105	-0.4125198	0.000115579	4800.216	-0.001525902	6	6	-0.4129748	0	0	0	0	0	0	0	0	0	0	0	0	0	54	0	
2	3106	-0.4122131	0.00011734	4801.216	-0.001525902	6	6	-0.4124748	0	0	0	0	0	0	0	0	0	0	0	0	0	54	0	
2	3107	-0.4115997	0.000119082	4802.216	-0.001525902	6	6	-0.4119748	0	0	0	0	0	0	0	0	0	0	0	0	0	54	0	
2	3108	-0.411293	0.000120891	4803.216	-0.001525902	6	6	-0.4114748	0	0	0	0	0	0	0	0	0	0	0	0	0	54	0	
2	3109	-0.4106796	0.00012275	4804.216	-0.001525902	6	6	-0.4109748	0	0	0	0	0	0	0	0	0	0	0	0	0	54	0	
2	3110	-0.4100662	0.000124603	4805.216	-0.001525902	6	6	-0.4104748	0	0	0	0	0	0	0	0	0	0	0	0	0	54	0	
2	3111	-0.4097595	0.00012648	4806.216	-0.001525902	6	6	-0.4099748	0	0	0	0	0	0	0	0	0	0	0	0	0	54	0	
2	3112	-0.4091461	0.000128393	4807.216	-0.001525902	6	6	-0.4094748	0	0	0	0	0	0	0	0	0	0	0	0	0	54	0	
2	3113	-0.4088394	0.00013032	4808.216	-0.001525902	6	6	-0.4089748	0	0	0	0	0	0	0	0	0	0	0	0	0	54	0	
2	3114	-0.408226	0.000132289	4809.216	-0.001525902	6	6	-0.4084748	0	0	0	0	0	0	0	0	0	0	0	0	0	54	0	
2	3115	-0.4076126	0.000134313	4810.216	-0.001525902	6	6	-0.4079748	0	0	0	0	0	0	0	0	0	0	0	0	0	54	0	
2	3116	-0.4073058	0.000136356	4811.216	-0.001525902	6	6	-0.4074748	0	0	0	0	0	0	0	0	0	0	0	0	0	54	0	
2	3117	-0.4066924	0.000138404	4812.216	-0.001525902	6	6	-0.4069748	0	0	0	0	0	0	0	0	0	0	0	0	0	54	0	
2	3118	-0.406079	0.000140478	4813.216	-0.001525902	6	6	-0.4064748	0	0	0	0	0	0	0	0	0	0	0	0	0	54	0	
2	3119	-0.4057723	0.000142606	4814.216	-0.001525902	6	6	-0.4059748	0	0	0	0	0	0	0	0	0	0	0	0	0	54	0	
2	3120	-0.4051589	0.000144698	4815.216	-0.001525902	6	6	-0.4054748	0	0	0	0	0	0	0	0	0	0	0	0	0	54	0	
2	3121	-0.4045455	0.000146876	4816.216	-0.001525902	6	6	-0.4049748	0	0	0	0	0	0	0	0	0	0	0	0	0	54	0	
2	3122	-0.4042388	0.000149096	4817.216	-0.001525902	6	6	-0.4044748	0	0	0	0	0	0	0	0	0	0	0	0	0	54	0	
2	3123	-0.4036254	0.000151335	4818.216	-0.001525902	6	6	-0.4039748	0	0	0	0	0	0	0	0	0	0	0	0	0	54	0	
2	3124	-0.4030119	0.000153617	4819.216	-0.001525902	6	6	-0.4034748	0	0	0	0	0	0	0	0	0	0	0	0	0	54	0	
2	3125	-0.4027053	0.000155942	4820.216	-0.001525902	6	6	-0.4029748	0	0	0	0	0	0	0	0	0	0	0	0	0	54	0	
2	3126	-0.4020918	0.000158273	4821.216	-0.001525902	6	6	-0.4024748	0	0	0	0	0	0	0	0	0	0	0	0	0	54	0	
2	3127	-0.4017851	0.000160696	4822.216	-0.001525902	6	6	-0.4019748	0	0	0	0	0	0	0	0	0	0	0	0	0	54	0	
2	3128	-0.4011717	0.00016318	4823.216	-0.001525902	6	6	-0.4014748	0	0	0	0	0	0	0	0	0	0	0	0	0	54	0	
2	3129	-0.400865	0.000165824	4824.216	-0.001525902	6	6	-0.4009748	0	0	0	0	0	0	0	0	0	0	0	0	0	54	0	
2	3130	-0.4002516	0.000168462	4825.216	-0.001525902	6	6	-0.4004748	0	0	0	0	0	0	0	0	0	0	0	0	0	54	0	
2	3131	-0.3996382	0.000171081	4826.216	-0.001525902	6	6	-0.3999748	0	0	0	0	0	0	0	0	0	0	0	0	0	54	0	
2	3132	-0.3993315	0.000173761	4827.216	-0.001525902	6	6	-0.3994748	0	0	0	0	0	0	0	0	0	0	0	0	0	54	0	
2	3133	-0.3987181	0.000176387	4828.216	-0.001525902	6	6	-0.3989748	0	0	0	0	0	0	0	0	0	0	0	0	0	54	0	
2	3134	-0.3981047	0.000179172	4829.216	-0.001525902	6	6	-0.3984748	0	0	0	0	0	0	0	0	0	0	0	0	0	54	0	
2	3135	-0.3977979	0.000181951	4830.216	-0.001525902	6	6	-0.3979748	0	0	0	0	0	0	0	0	0	0	0	0	0	54	0	
2	3136	-0.3971845	0.000184453	4831.216	-0.001525902	5	5	-0.3974748	0	0	0	0	0	0	0	0	0	0	0	0	0	54	0	
2	3137	-0.3965711	0.000187398	4832.216	-0.001525902	5	5	-0.3969748	0	0	0	0	0	0	0	0	0	0	0	0	0	54	0	
2	3138	-0.3962644	0.000190342	4833.216	-0.001525902	5	5	-0.3964748	0	0	0	0	0	0	0	0	0	0	0	0	0	54	0	
2	3139	-0.395651	0.000193348	4834.216	-0.001525902	5	5	-0.3959748	0	0	0	0	0	0	0	0	0	0	0	0	0	54	0	
2	3140	-0.3950376	0.000196476	4835.216	-0.001525902	5	5	-0.3954748	0	0	0	0	0	0	0	0	0	0	0	0	0	54	0	
2	3141	-0.3947309	0.000199605	4836.216	-0.001525902	5	5	-0.3949748	0	0	0	0	0	0	0	0	0	0	0	0	0	54	0	
2	3142	-0.3941175	0.000202856	4837.216	-0.001525902	5	5	-0.3944748	0	0	0	0	0	0	0	0	0	0	0	0	0	54	0	
2	3143	-0.3938108	0.000206168	4838.216	-0.001525902	5	5	-0.3939748	0	0	0	0	0	0	0	0	0	0	0	0	0	54	0	
2	3144	-0.3931974	0.000209603	4839.216	-0.001525902	5	5	-0.3934748	0	0	0	0	0	0	0	0	0	0	0	0	0	54	0	
2	3145	-0.3928907	0.000213161	4840.216	-0.001525902	5	5	-0.3929748	0	0	0	0	0	0	0	0	0	0	0	0	0	54	0	
2	3146	-0.3922772	0.000216719	4841.216	-0.001525902	5	5	-0.3924748	0	0	0	0	0	0	0	0	0	0	0	0	0	54	0	
2	3147	-0.3919705	0.000220399	4842.216	-0.001525902	5	5	-0.3919748	0	0	0	0	0	0	0	0	0	0	0	0	0	54	0	
2	3148	-0.3913571	0.000224202	4843.216	-0.001525902	5	5	-0.3914748	0	0	0	0	0	0	0	0	0	0	0	0	0	54	0	
2	3149	-0.3907437	0.000228067	4844.216	-0.001525902	5	5	-0.3909748	0	0	0	0	0	0	0	0	0	0	0	0	0	54	0	
2	3150	-0.390437	0.000232115	4845.216	-0.001525902	5	5	-0.3904748	0	0	0	0	0	0	0	0	0	0	0	0	0	54	0	
2	3151	-0.3898236	0.000236225	4846.216	-0.001525902	5	5	-0.3899748	0	0	0	0	0	0	0	0	0	0	0	0	0	54	0	
2	3152	-0.3892102	0.000240458	4847.216	-0.001525902	5	5	-0.3894748	0	0	0	0	0	0	0	0	0	0	0	0	0	54	0	
2	3153	-0.3889035	0.000244752	4848.216	-0.001525902	5	5	-0.3889748	0	0	0	0	0	0	0	0	0	0	0	0	0	54	0	
2	3154	-0.38829	0.000249291	4849.216	-0.001525902	5	5	-0.3884748	0	0	0	0	0	0	0	0	0	0	0	0	0	54	0	
2	3155	-0.3879834	0.000253953	4850.216	-0.001525902	5	5	-0.3879748	0	0	0	0	0	0	0	0	0	0	0	0	0	54	0	
2	3156	-0.3873699	0.000258738	4851.216	-0.001525902	5	5	-0.3874748	0	0	0	0	0	0	0	0	0	0	0	0	0	54	0	
2	3157	-0.3867565	0.000263706	4852.216	-0.001525902	5	5	-0.3869748	0	0	0	0	0	0	0	0	0	0	0	0	0	54	0	
2	3158	-0.3864498	0.000268859	4853.216	-0.001525902	5	5	-0.3864748	0	0	0	0	0	0	0	0	0	0	0	0	0	54	0	
2	3159	-0.3858364	0.000274073	4854.216	-0.001525902	5	5	-0.3859748	0	0	0	0	0	0	0	0	0	0	0	0	0	54	0	
2	3160	-0.3855297	0.000279594	4855.216	-0.001525902	5	5	-0.3854748	0	0	0	0	0	0	0	0	0	0	0	0	0	54	0	
2	3161	-0.3849163	0.000285298	4856.216	-0.001525902	5	5	-0.3849748	0	0	0	0	0	0	0	0	0	0	0	0	0	54	0	
2	3162	-0.3843029	0.000291187	4857.216	-0.001525902	5	5	-0.3844748	0	0	0	0	0	0	0	0	0	0	0	0	0	54	0	
2	3163	-0.3839962	0.000297321	4858.216	-0.001525902	5	5	-0.3839748	0	0	0	0	0	0	0	0	0	0	0	0	0	54	0	
2	3164	-0.3833827	0.000303639	4859.216	-0.001525902	5	5	-0.3834748	0	0	0	0	0	0	0	0	0	0	0	0	0	54	0	
2	3165	-0.3827693	0.000310142	4860.216	-0.001525902	5	5	-0.3829748	0	0	0	0	0	0	0	0	0	0	0	0	0	54	0	
2	3166	-0.3824626	0.00031738	4861.216	-0.001525902	5	5	-0.3824748	0	0	0	0	0	0	0	0	0	0	0	0	0	54	0	
2	3167	-0.3818492	0.000324311	4862.216	-0.001525902	5	5	-0.3819748	0	0	0	0	0	0	0	0	0	0	0	0	0	54	0	
2	3168	-0.3812358	0.000331488	4863.216	-0.001525902	5	5	-0.3814748	0	0	0	0	0	0	0	0	0	0	0	0	0	54	0	
2	3169	-0.3809291	0.000338849	4864.216	-0.001525902	5	5	-0.3809748	0	0	0	0	0	0	0	0	0	0	0	0	0	54	0	
2	3170	-0.3803157	0.000346517	4865.216	-0.001525902	5	5	-0.3804748	0	0	0	0	0	0	0	0	0	0	0	0	0	54	0	
2	3171	-0.380009	0.000354553	4866.216	-0.001525902	5	5	-0.3799748	0	0	0	0	0	0	0	0	0	0	0	0	0	54	0	
2	3172	-0.3793956	0.000362527	4867.216	-0.001525902	5	5	-0.3794748	0	0	0	0	0	0	0	0	0	0	0	0	0	54	0	
2	3173	-0.3787822	0.000370869	4868.216	-0.001525902	5	5	-0.3789748	0	0	0	0	0	0	0	0	0	0	0	0	0	54	0	
2	3174	-0.3784755	0.000379457	4869.216	-0.001525902	5	5	-0.3784748	0	0	0	0	0	0	0	0	0	0	0	0	0	54	0	
2	3175	-0.377862	0.000388229	4870.216	-0.001525902	5	5	-0.3779748	0	0	0	0	0	0	0	0	0	0	0	0	0	54	0	
2	3176	-0.3772486	0.000397246	4871.216	-0.001525902	5	5	-0.3774748	0	0	0	0	0	0	0	0	0	0	0	0	0	54	0	
2	3177	-0.3769419	0.00040657	4872.216	-0.001525902	5	5	-0.3769748	0	0	0	0	0	0	0	0	0	0	0	0	0	54	0	
2	3178	-0.3763285	0.000416017	4873.216	-0.001525902	5	5	-0.3764748	0	0	0	0	0	0	0	0	0	0	0	0	0	54	0	
2	3179	-0.3760218	0.00042577	4874.216	-0.001525902	5	5	-0.3759748	0	0	0	0	0	0	0	0	0	0	0	0	0	54	0	
2	3180	-0.3754084	0.000435891	4875.216	-0.001525902	5	5	-0.3754748	0	0	0	0	0	0	0	0	0	0	0	0	0	54	0	
2	3181	-0.374795	0.000446196	4876.216	-0.001525902	5	5	-0.3749748	0	0	0	0	0	0	0	0	0	0	0	0	0	54	0	
2	3182	-0.3744883	0.000456747	4877.216	-0.001525902	5	5	-0.3744748	0	0	0	0	0	0	0	0	0	0	0	0	0	54	0	
2	3183	-0.3738748	0.000467482	4878.216	-0.001525902	5	5	-0.3739748	0	0	0	0	0	0	0	0	0	0	0	0	0	54	0	
2	3184	-0.3735681	0.000478339	4879.216	-0.001525902	5	5	-0.3734748	0	0	0	0	0	0	0	0	0	0	0	0	0	54	0	
2	3185	-0.3729547	0.000489503	4880.216	-0.001525902	5	5	-0.3729748	0	0	0	0	0	0	0	0	0	0	0	0	0	54	0	
2	3186	-0.3723413	0.000500974	4881.216	-0.001525902	5	5	-0.3724748	0	0	0	0	0	0	0	0	0	0	0	0	0	54	0	
2	3187	-0.3717279	0.00051269	4882.216	-0.001525902	5	5	-0.3719748	0	0	0	0	0	0	0	0	0	0	0	0	0	54	0	
2	3188	-0.3714212	0.000524652	4883.216	-0.001525902	5	5	-0.3714748	0	0	0	0	0	0	0	0	0	0	0	0	0	54	0	
2	3189	-0.3708078	0.000536859	4884.216	-0.001525902	5	5	-0.3709748	0	0	0	0	0	0	0	0	0	0	0	0	0	54	0	
2	3190	-0.3705011	0.000549434	4885.216	-0.001525902	5	5	-0.3704748	0	0	0	0	0	0	0	0	0	0	0	0	0	54	0	
2	3191	-0.3698877	0.000561886	4886.216	-0.001525902	5	5	-0.3699748	0	0	0	0	0	0	0	0	0	0	0	0	0	54	0	
2	3192	-0.369581	0.000574768	4887.216	-0.001525902	5	5	-0.3694748	0	0	0	0	0	0	0	0	0	0	0	0	0	54	0	
2	3193	-0.3689676	0.000587833	4888.216	-0.001525902	5	5	-0.3689748	0	0	0	0	0	0	0	0	0	0	0	0	0	54	0	
2	3194	-0.3683541	0.000601206	4889.216	-0.001525902	5	5	-0.3684748	0	0	0	0	0	0	0	0	0	0	0	0	0	54	0	
2	3195	-0.3680474	0.000614762	4890.216	-0.001525902	5	5	-0.3679748	0	0	0	0	0	0	0	0	0	0	0	0	0	54	0	
2	3196	-0.367434	0.000628564	4891.216	-0.001525902	5	5	-0.3674748	0	0	0	0	0	0	0	0	0	0	0	0	0	54	0	
2	3197	-0.3668206	0.000642427	4892.216	-0.001525902	5	5	-0.3669748	0	0	0	0	0	0	0	0	0	0	0	0	0	54	0	
2	3198	-0.3665139	0.000656658	4893.216	-0.001525902	5	5	-0.3664748	0	0	0	0	0	0	0	0	0	0	0	0	0	54	0	
2	3199	-0.3659005	0.000671074	4894.216	-0.001525902	5	5	-0.3659748	0	0	0	0	0	0	0	0	0	0	0	0	0	54	0	
2	3200	-0.3655938	0.000685673	4895.216	-0.001525902	5	5	-0.3654748	0	0	0	0	0	0	0	0	0	0	0	0	0	54	0	
2	3201	-0.3649804	0.000700456	4896.216	-0.001525902	5	5	-0.3649748	0	0	0	0	0	0	0	0	0	0	0	0	0	54	0	
2	3202	-0.3643669	0.000715362	4897.216	-0.001525902	5	5	-0.3644748	0	0	0	0	0	0	0	0	0	0	0	0	0	54	0	
2	3203	-0.3640603	0.000730575	4898.216	-0.001525902	5	5	-0.3639748	0	0	0	0	0	0	0	0	0	0	0	0	0	54	0	
2	3204	-0.3634468	0.000745787	4899.216	-0.001525902	5	5	-0.3634748	0	0	0	0	0	0	0	0	0	0	0	0	0	54	0	
2	3205	-0.3631401	0.000761307	4900.216	-0.001525902	5	5	-0.3629748	0	0	0	0	0	0	0	0	0	0	0	0	0	54	0	
2	3206	-0.3625267	0.000777071	4901.216	-0.001525902	5	5	-0.3624748	0	0	0	0	0	0	0	0	0	0	0	0	0	54	0	
2	3207	-0.3619133	0.000792959	4902.216	-0.001525902	5	5	-0.3619748	0	0	0	0	0	0	0	0	0	0	0	0	0	54	0	
2	3208	-0.3616066	0.000808907	4903.216	-0.001525902	5	5	-0.3614748	0	0	0	0	0	0	0	0	0	0	0	0	0	54	0	
2	3209	-0.3609932	0.000824918	4904.216	-0.001525902	5	5	-0.3609748	0	0	0	0	0	0	0	0	0	0	0	0	0	54	0	
2	3210	-0.3606865	0.000840928	4905.216	-0.001525902	5	5	-0.3604748	0	0	0	0	0	0	0	0	0	0	0	0	0	54	0	
2	3211	-0.3600731	0.000857244	4906.216	-0.001525902	5	5	-0.3599748	0	0	0	0	0	0	0	0	0	0	0	0	0	54	0	
2	3212	-0.3594597	0.000873622	4907.216	-0.001525902	5	5	-0.3594748	0	0	0	0	0	0	0	0	0	0	0	0	0	54	0	
2	3213	-0.3591529	0.000890185	4908.216	-0.001525902	5	5	-0.3589748	0	0	0	0	0	0	0	0	0	0	0	0	0	54	0	
2	3214	-0.3585396	0.000906808	4909.216	-0.001525902	5	5	-0.3584748	0	0	0	0	0	0	0	0	0	0	0	0	0	54	0	
2	3215	-0.3579261	0.000923616	4910.216	-0.001525902	5	5	-0.3579748	0	0	0	0	0	0	0	0	0	0	0	0	0	54	0	
2	3216	-0.3576194	0.000940546	4911.216	-0.001525902	5	5	-0.3574748	0	0	0	0	0	0	0	0	0	0	0	0	0	54	0	
2	3217	-0.357006	0.000957415	4912.216	-0.001525902	5	5	-0.3569748	0	0	0	0	0	0	0	0	0	0	0	0	0	54	0	
2	3218	-0.3563926	0.000974529	4913.216	-0.001525902	5	5	-0.3564748	0	0	0	0	0	0	0	0	0	0	0	0	0	54	0	
2	3219	-0.3560859	0.000991704	4914.216	-0.001525902	5	5	-0.3559748	0	0	0	0	0	0	0	0	0	0	0	0	0	54	0	
2	3220	-0.3554725	0.001008941	4915.216	-0.001525902	5	5	-0.3554748	0	0	0	0	0	0	0	0	0	0	0	0	0	54	0	
2	3221	-0.3548591	0.001026178	4916.216	-0.001525902	5	5	-0.3549748	0	0	0	0	0	0	0	0	0	0	0	0	0	54	0	
2	3222	-0.3545524	0.001043538	4917.216	-0.001525902	5	5	-0.3544748	0	0	0	0	0	0	0	0	0	0	0	0	0	54	0	
2	3223	-0.3539389	0.001060713	4918.216	-0.001525902	5	5	-0.3539748	0	0	0	0	0	0	0	0	0	0	0	0	0	54	0	
2	3224	-0.3536322	0.001078196	4919.216	-0.001525902	5	5	-0.3534748	0	0	0	0	0	0	0	0	0	0	0	0	0	54	0	
2	3225	-0.3530188	0.001095739	4920.216	-0.001525902	5	5	-0.3529748	0	0	0	0	0	0	0	0	0	0	0	0	0	54	0	
2	3226	-0.3524054	0.001113405	4921.216	-0.001525902	5	5	-0.3524748	0	0	0	0	0	0	0	0	0	0	0	0	0	54	0	
2	3227	-0.3520987	0.001131133	4922.216	-0.001525902	5	5	-0.3519748	0	0	0	0	0	0	0	0	0	0	0	0	0	54	0	
2	3228	-0.3514853	0.001148861	4923.216	-0.001525902	5	5	-0.3514748	0	0	0	0	0	0	0	0	0	0	0	0	0	54	0	
2	3229	-0.3508719	0.001166711	4924.216	-0.001525902	5	5	-0.3509748	0	0	0	0	0	0	0	0	0	0	0	0	0	54	0	
2	3230	-0.3505652	0.001184316	4925.216	-0.001525902	5	5	-0.3504748	0	0	0	0	0	0	0	0	0	0	0	0	0	54	0	
2	3231	-0.3499518	0.001202166	4926.216	-0.001525902	5	5	-0.3499748	0	0	0	0	0	0	0	0	0	0	0	0	0	54	0	
2	3232	-0.349645	0.001220017	4927.216	-0.001525902	5	5	-0.3494748	0	0	0	0	0	0	0	0	0	0	0	0	0	54	0	
2	3233	-0.3490316	0.001237928	4928.216	-0.001525902	5	5	-0.3489748	0	0	0	0	0	0	0	0	0	0	0	0	0	54	0	
2	3234	-0.3487249	0.001255901	4929.216	-0.001525902	5	5	-0.3484748	0	0	0	0	0	0	0	0	0	0	0	0	0	54	0	
2	3235	-0.3481115	0.001273813	4930.216	-0.001525902	5	5	-0.3479748	0	0	0	0	0	0	0	0	0	0	0	0	0	54	0	
2	3236	-0.3474981	0.00129154	4931.216	-0.001525902	5	5	-0.3474748	0	0	0	0	0	0	0	0	0	0	0	0	0	54	0	
2	3237	-0.3471914	0.001309513	4932.216	-0.001525902	5	5	-0.3469748	0	0	0	0	0	0	0	0	0	0	0	0	0	54	0	
2	3238	-0.346578	0.001327425	4933.216	-0.001525902	5	5	-0.3464748	0	0	0	0	0	0	0	0	0	0	0	0	0	54	0	
2	3239	-0.3459646	0.001345337	4934.216	-0.001525902	5	5	-0.3459748	0	0	0	0	0	0	0	0	0	0	0	0	0	54	0	
2	3240	-0.3456579	0.001363248	4935.216	-0.001525902	5	5	-0.3454748	0	0	0	0	0	0	0	0	0	0	0	0	0	54	0	
2	3241	-0.3450445	0.001381037	4936.216	-0.001525902	5	5	-0.3449748	0	0	0	0	0	0	0	0	0	0	0	0	0	54	0	
2	3242	-0.344431	0.001398765	4937.216	-0.001525902	5	5	-0.3444748	0	0	0	0	0	0	0	0	0	0	0	0	0	54	0	
2	3243	-0.3441243	0.001416309	4938.216	-0.001525902	5	5	-0.3439748	0	0	0	0	0	0	0	0	0	0	0	0	0	54	0	
2	3244	-0.3435109	0.001433975	4939.216	-0.001525902	5	5	-0.3434748	0	0	0	0	0	0	0	0	0	0	0	0	0	54	0	
2	3245	-0.3432042	0.001451764	4940.216	-0.001525902	5	5	-0.3429748	0	0	0	0	0	0	0	0	0	0	0	0	0	54	0	
2	3246	-0.3425908	0.001469553	4941.216	-0.001525902	5	5	-0.3424748	0	0	0	0	0	0	0	0	0	0	0	0	0	54	0	
2	3247	-0.3419774	0.001487403	4942.216	-0.001525902	5	5	-0.3419748	0	0	0	0	0	0	0	0	0	0	0	0	0	54	0	
2	3248	-0.3416707	0.001505315	4943.216	-0.001525902	5	5	-0.3414748	0	0	0	0	0	0	0	0	0	0	0	0	0	54	0	
2	3249	-0.3410573	0.001522981	4944.216	-0.001525902	5	5	-0.3409748	0	0	0	0	0	0	0	0	0	0	0	0	0	54	0	
2	3250	-0.3404438	0.001540831	4945.216	-0.001525902	5	5	-0.3404748	0	0	0	0	0	0	0	0	0	0	0	0	0	54	0	
2	3251	-0.3401372	0.001558682	4946.216	-0.001525902	5	5	-0.3399748	0	0	0	0	0	0	0	0	0	0	0	0	0	54	0	
2	3252	-0.3395237	0.001576593	4947.216	-0.001525902	5	5	-0.3394748	0	0	0	0	0	0	0	0	0	0	0	0	0	54	0	
2	3253	-0.339217	0.001594444	4948.216	-0.001525902	5	5	-0.3389748	0	0	0	0	0	0	0	0	0	0	0	0	0	54	0	
2	3254	-0.3386036	0.001612233	4949.216	-0.001525902	5	5	-0.3384748	0	0	0	0	0	0	0	0	0	0	0	0	0	54	0	
2	3255	-0.3379902	0.001629838	4950.216	-0.001525902	5	5	-0.3379748	0	0	0	0	0	0	0	0	0	0	0	0	0	54	0	
2	3256	-0.3376835	0.001647565	4951.216	-0.001525902	5	5	-0.3374748	0	0	0	0	0	0	0	0	0	0	0	0	0	54	0	
2	3257	-0.3370701	0.001665231	4952.216	-0.001525902	5	5	-0.3369748	0	0	0	0	0	0	0	0	0	0	0	0	0	54	0	
2	3258	-0.3364567	0.00168302	4953.216	-0.001525902	5	5	-0.3364748	0	0	0	0	0	0	0	0	0	0	0	0	0	54	0	
2	3259	-0.33615	0.001700809	4954.216	-0.001525902	5	5	-0.3359748	0	0	0	0	0	0	0	0	0	0	0	0	0	54	0	
2	3260	-0.3355366	0.001718537	4955.216	-0.001525902	5	5	-0.3354748	0	0	0	0	0	0	0	0	0	0	0	0	0	54	0	
2	3261	-0.3352298	0.001736142	4956.216	-0.001525902	5	5	-0.3349748	0	0	0	0	0	0	0	0	0	0	0	0	0	54	0	
2	3262	-0.3346165	0.001753624	4957.216	-0.001525902	5	5	-0.3344748	0	0	0	0	0	0	0	0	0	0	0	0	0	54	0	
2	3263	-0.3343097	0.001771229	4958.216	-0.001525902	5	5	-0.3339748	0	0	0	0	0	0	0	0	0	0	0	0	0	54	0	
2	3264	-0.3336963	0.001788589	4959.216	-0.001525902	5	5	-0.3334748	0	0	0	0	0	0	0	0	0	0	0	0	0	54	0	
2	3265	-0.3330829	0.001805948	4960.216	-0.001525902	5	5	-0.3329748	0	0	0	0	0	0	0	0	0	0	0	0	0	54	0	
2	3266	-0.3324695	0.001823247	4961.216	-0.001525902	5	5	-0.3324748	0	0	0	0	0	0	0	0	0	0	0	0	0	54	0	
2	3267	-0.3321628	0.001839624	4962.216	-0.001525902	4	4	-0.3319748	0	0	0	0	0	0	0	0	0	0	0	0	0	54	0	
2	3268	-0.3315494	0.001856186	4963.216	-0.001525902	4	4	-0.3314748	0	0	0	0	0	0	0	0	0	0	0	0	0	54	0	
2	3269	-0.3312427	0.001873362	4964.216	-0.001525902	4	4	-0.3309748	0	0	0	0	0	0	0	0	0	0	0	0	0	54	0	
2	3270	-0.3306293	0.001890537	4965.216	-0.001525902	4	4	-0.3304748	0	0	0	0	0	0	0	0	0	0	0	0	0	54	0	
2	3271	-0.3303226	0.001907099	4966.216	-0.001525902	4	4	-0.3299748	0	0	0	0	0	0	0	0	0	0	0	0	0	54	0	
2	3272	-0.3297091	0.001924275	4967.216	-0.001525902	4	4	-0.3294748	0	0	0	0	0	0	0	0	0	0	0	0	0	54	0	
2	3273	-0.3290957	0.00194145	4968.216	-0.001525902	4	4	-0.3289748	0	0	0	0	0	0	0	0	0	0	0	0	0	54	0	
2	3274	-0.3284823	0.001958626	4969.216	-0.001525902	4	4	-0.3284748	0	0	0	0	0	0	0	0	0	0	0	0	0	54	0	
2	3275	-0.3281756	0.001975188	4970.216	-0.001525902	4	4	-0.3279748	0	0	0	0	0	0	0	0	0	0	0	0	0	54	0	
2	3276	-0.3275622	0.001992363	4971.216	-0.001525902	4	4	-0.3274748	0	0	0	0	0	0	0	0	0	0	0	0	0	54	0	
2	3277	-0.3272555	0.002009539	4972.216	-0.001525902	4	4	-0.3269748	0	0	0	0	0	0	0	0	0	0	0	0	0	54	0	
2	3278	-0.3266421	0.002026101	4973.216	-0.001525902	4	4	-0.3264748	0	0	0	0	0	0	0	0	0	0	0	0	0	54	0	
2	3279	-0.3260287	0.002042663	4974.216	-0.001525902	4	4	-0.3259748	0	0	0	0	0	0	0	0	0	0	0	0	0	54	0	
2	3280	-0.3257219	0.002059839	4975.216	-0.001525902	4	4	-0.3254748	0	0	0	0	0	0	0	0	0	0	0	0	0	54	0	
2	3281	-0.3251086	0.002076401	4976.216	-0.001525902	4	4	-0.3249748	0	0	0	0	0	0	0	0	0	0	0	0	0	54	0	
2	3282	-0.3248018	0.002092963	4977.216	-0.001525902	4	4	-0.3244748	0	0	0	0	0	0	0	0	0	0	0	0	0	54	0	
2	3283	-0.3241884	0.002109525	4978.216	-0.001525902	4	4	-0.3239748	0	0	0	0	0	0	0	0	0	0	0	0	0	54	0	
2	3284	-0.323575	0.002126701	4979.216	-0.001525902	4	4	-0.3234748	0	0	0	0	0	0	0	0	0	0	0	0	0	54	0	
2	3285	-0.3232683	0.00214265	4980.216	-0.001525902	4	4	-0.3229748	0	0	0	0	0	0	0	0	0	0	0	0	0	54	0	
2	3286	-0.3226549	0.002159212	4981.216	-0.001525902	4	4	-0.3224748	0	0	0	0	0	0	0	0	0	0	0	0	0	54	0	
2	3287	-0.3220415	0.002175774	4982.216	-0.001525902	4	4	-0.3219748	0	0	0	0	0	0	0	0	0	0	0	0	0	54	0	
2	3288	-0.3217348	0.002192336	4983.216	-0.001525902	4	4	-0.3214748	0	0	0	0	0	0	0	0	0	0	0	0	0	54	0	
2	3289	-0.3211214	0.002208898	4984.216	-0.001525902	4	4	-0.3209748	0	0	0	0	0	0	0	0	0	0	0	0	0	54	0	
2	3290	-0.3208147	0.002224847	4985.216	-0.001525902	4	4	-0.3204748	0	0	0	0	0	0	0	0	0	0	0	0	0	54	0	
2	3291	-0.3202012	0.002240796	4986.216	-0.001525902	4	4	-0.3199748	0	0	0	0	0	0	0	0	0	0	0	0	0	54	0	
2	3292	-0.3195878	0.002257358	4987.216	-0.001525902	4	4	-0.3194748	0	0	0	0	0	0	0	0	0	0	0	0	0	54	0	
2	3293	-0.3192811	0.002273306	4988.216	-0.001525902	4	4	-0.3189748	0	0	0	0	0	0	0	0	0	0	0	0	0	54	0	
2	3294	-0.3186677	0.002288642	4989.216	-0.001525902	4	4	-0.3184748	0	0	0	0	0	0	0	0	0	0	0	0	0	54	0	
2	3295	-0.318361	0.002304591	4990.216	-0.001525902	4	4	-0.3179748	0	0	0	0	0	0	0	0	0	0	0	0	0	54	0	
2	3296	-0.3177476	0.002319926	4991.216	-0.001525902	4	4	-0.3174748	0	0	0	0	0	0	0	0	0	0	0	0	0	54	0	
2	3297	-0.3171342	0.002335875	4992.216	-0.001525902	4	4	-0.3169748	0	0	0	0	0	0	0	0	0	0	0	0	0	54	0	
2	3298	-0.3165208	0.00235121	4993.216	-0.001525902	4	4	-0.3164748	0	0	0	0	0	0	0	0	0	0	0	0	0	54	0	
2	3299	-0.3162141	0.002365932	4994.216	-0.001525902	4	4	-0.3159748	0	0	0	0	0	0	0	0	0	0	0	0	0	54	0	
2	3300	-0.3156007	0.002381267	4995.216	-0.001525902	4	4	-0.3154748	0	0	0	0	0	0	0	0	0	0	0	0	0	54	0	
2	3301	-0.3152939	0.002395989	4996.216	-0.001525902	4	4	-0.3149748	0	0	0	0	0	0	0	0	0	0	0	0	0	54	0	
2	3302	-0.3146805	0.002410711	4997.216	-0.001525902	4	4	-0.3144748	0	0	0	0	0	0	0	0	0	0	0	0	0	54	0	
2	3303	-0.3140671	0.002425433	4998.216	-0.001525902	4	4	-0.3139748	0	0	0	0	0	0	0	0	0	0	0	0	0	54	0	
2	3304	-0.3137604	0.002440155	4999.216	-0.001525902	4	4	-0.3134748	0	0	0	0	0	0	0	0	0	0	0	0	0	54	0	
2	3305	-0.313147	0.00245549	5000.216	-0.001525902	4	4	-0.3129748	0	0	0	0	0	0	0	0	0	0	0	0	0	54	0	
2	3306	-0.3128403	0.002470212	5001.216	-0.001525902	4	4	-0.3124748	0	0	0	0	0	0	0	0	0	0	0	0	0	54	0	
2	3307	-0.3122269	0.002484934	5002.216	-0.001525902	4	4	-0.3119748	0	0	0	0	0	0	0	0	0	0	0	0	0	54	0	
2	3308	-0.3116135	0.002499656	5003.216	-0.001525902	4	4	-0.3114748	0	0	0	0	0	0	0	0	0	0	0	0	0	54	0	
2	3309	-0.3113068	0.002514378	5004.216	-0.001525902	4	4	-0.3109748	0	0	0	0	0	0	0	0	0	0	0	0	0	54	0	
2	3310	-0.3106934	0.002529713	5005.216	-0.001525902	4	4	-0.3104748	0	0	0	0	0	0	0	0	0	0	0	0	0	54	0	
2	3311	-0.3100799	0.002544435	5006.216	-0.001525902	4	4	-0.3099748	0	0	0	0	0	0	0	0	0	0	0	0	0	54	0	
2	3312	-0.3094665	0.002559157	5007.216	-0.001525902	4	4	-0.3094748	0	0	0	0	0	0	0	0	0	0	0	0	0	54	0	
2	3313	-0.3091598	0.002573265	5008.216	-0.001525902	4	4	-0.3089748	0	0	0	0	0	0	0	0	0	0	0	0	0	54	0	
2	3314	-0.3088531	0.002587987	5009.216	-0.001525902	4	4	-0.3084748	0	0	0	0	0	0	0	0	0	0	0	0	0	54	0	
2	3315	-0.3082397	0.002602096	5010.216	-0.001525902	4	4	-0.3079748	0	0	0	0	0	0	0	0	0	0	0	0	0	54	0	
2	3316	-0.3076263	0.002616818	5011.216	-0.001525902	4	4	-0.3074748	0	0	0	0	0	0	0	0	0	0	0	0	0	54	0	
2	3317	-0.3073196	0.002630926	5012.216	-0.001525902	4	4	-0.3069748	0	0	0	0	0	0	0	0	0	0	0	0	0	54	0	
2	3318	-0.3067062	0.002645035	5013.216	-0.001525902	4	4	-0.3064748	0	0	0	0	0	0	0	0	0	0	0	0	0	54	0	
2	3319	-0.3060927	0.002659143	5014.216	-0.001525902	4	4	-0.3059748	0	0	0	0	0	0	0	0	0	0	0	0	0	54	0	
2	3320	-0.305786	0.002673252	5015.216	-0.001525902	4	4	-0.3054748	0	0	0	0	0	0	0	0	0	0	0	0	0	54	0	
2	3321	-0.3051726	0.00268736	5016.216	-0.001525902	4	4	-0.3049748	0	0	0	0	0	0	0	0	0	0	0	0	0	54	0	
2	3322	-0.3048659	0.002701469	5017.216	-0.001525902	4	4	-0.3044748	0	0	0	0	0	0	0	0	0	0	0	0	0	54	0	
2	3323	-0.3042525	0.002715577	5018.216	-0.001525902	4	4	-0.3039748	0	0	0	0	0	0	0	0	0	0	0	0	0	54	0	
2	3324	-0.3036391	0.002729686	5019.216	-0.001525902	4	4	-0.3034748	0	0	0	0	0	0	0	0	0	0	0	0	0	54	0	
2	3325	-0.3030257	0.002743794	5020.216	-0.001525902	4	4	-0.3029748	0	0	0	0	0	0	0	0	0	0	0	0	0	54	0	
2	3326	-0.302719	0.002757902	5021.216	-0.001525902	4	4	-0.3024748	0	0	0	0	0	0	0	0	0	0	0	0	0	54	0	
2	3327	-0.3021056	0.002771398	5022.216	-0.001525902	4	4	-0.3019748	0	0	0	0	0	0	0	0	0	0	0	0	0	54	0	
2	3328	-0.3017989	0.002785506	5023.216	-0.001525902	4	4	-0.3014748	0	0	0	0	0	0	0	0	0	0	0	0	0	54	0	
2	3329	-0.3011855	0.002799001	5024.216	-0.001525902	4	4	-0.3009748	0	0	0	0	0	0	0	0	0	0	0	0	0	54	0	
2	3330	-0.3008787	0.00281311	5025.216	-0.001525902	4	4	-0.3004748	0	0	0	0	0	0	0	0	0	0	0	0	0	54	0	
2	3331	-0.3002653	0.002826605	5026.216	-0.001525902	4	4	-0.2999748	0	0	0	0	0	0	0	0	0	0	0	0	0	54	0	
2	3332	-0.2996519	0.0028401	5027.216	-0.001525902	4	4	-0.2994748	0	0	0	0	0	0	0	0	0	0	0	0	0	54	0	
2	3333	-0.2993452	0.002853595	5028.216	-0.001525902	4	4	-0.2989748	0	0	0	0	0	0	0	0	0	0	0	0	0	54	0	
2	3334	-0.2987318	0.00286709	5029.216	-0.001525902	4	4	-0.2984748	0	0	0	0	0	0	0	0	0	0	0	0	0	54	0	
2	3335	-0.2981184	0.002879972	5030.216	-0.001525902	4	4	-0.2979748	0	0	0	0	0	0	0	0	0	0	0	0	0	54	0	
2	3336	-0.2978117	0.002893467	5031.216	-0.001525902	4	4	-0.2974748	0	0	0	0	0	0	0	0	0	0	0	0	0	54	0	
2	3337	-0.2971983	0.002906962	5032.216	-0.001525902	4	4	-0.2969748	0	0	0	0	0	0	0	0	0	0	0	0	0	54	0	
2	3338	-0.2965848	0.002919843	5033.216	-0.001525902	4	4	-0.2964748	0	0	0	0	0	0	0	0	0	0	0	0	0	54	0	
2	3339	-0.2962781	0.002932725	5034.216	-0.001525902	4	4	-0.2959748	0	0	0	0	0	0	0	0	0	0	0	0	0	54	0	
2	3340	-0.2956647	0.002945607	5035.216	-0.001525902	4	4	-0.2954748	0	0	0	0	0	0	0	0	0	0	0	0	0	54	0	
2	3341	-0.295358	0.002959102	5036.216	-0.001525902	4	4	-0.2949748	0	0	0	0	0	0	0	0	0	0	0	0	0	54	0	
2	3342	-0.2947446	0.002971984	5037.216	-0.001525902	4	4	-0.2944748	0	0	0	0	0	0	0	0	0	0	0	0	0	54	0	
2	3343	-0.2941312	0.002984252	5038.216	-0.001525902	4	4	-0.2939748	0	0	0	0	0	0	0	0	0	0	0	0	0	54	0	
2	3344	-0.2938245	0.002997133	5039.216	-0.001525902	4	4	-0.2934748	0	0	0	0	0	0	0	0	0	0	0	0	0	54	0	
2	3345	-0.2932111	0.003010015	5040.216	-0.001525902	4	4	-0.2929748	0	0	0	0	0	0	0	0	0	0	0	0	0	54	0	
2	3346	-0.2929044	0.003022284	5041.216	-0.001525902	4	4	-0.2924748	0	0	0	0	0	0	0	0	0	0	0	0	0	54	0	
2	3347	-0.292291	0.003034552	5042.216	-0.001525902	4	4	-0.2919748	0	0	0	0	0	0	0	0	0	0	0	0	0	54	0	
2	3348	-0.2916776	0.003047433	5043.216	-0.001525902	4	4	-0.2914748	0	0	0	0	0	0	0	0	0	0	0	0	0	54	0	
2	3349	-0.2913708	0.003060315	5044.216	-0.001525902	4	4	-0.2909748	0	0	0	0	0	0	0	0	0	0	0	0	0	54	0	
2	3350	-0.2907574	0.003072583	5045.216	-0.001525902	4	4	-0.2904748	0	0	0	0	0	0	0	0	0	0	0	0	0	54	0	
2	3351	-0.290144	0.003085465	5046.216	-0.001525902	4	4	-0.2899748	0	0	0	0	0	0	0	0	0	0	0	0	0	54	0	
2	3352	-0.2898373	0.003097733	5047.216	-0.001525902	4	4	-0.2894748	0	0	0	0	0	0	0	0	0	0	0	0	0	54	0	
2	3353	-0.2892239	0.003110002	5048.216	-0.001525902	4	4	-0.2889748	0	0	0	0	0	0	0	0	0	0	0	0	0	54	0	
2	3354	-0.2886105	0.00312227	5049.216	-0.001525902	4	4	-0.2884748	0	0	0	0	0	0	0	0	0	0	0	0	0	54	0	
2	3355	-0.2883038	0.003135151	5050.216	-0.001525902	4	4	-0.2879748	0	0	0	0	0	0	0	0	0	0	0	0	0	54	0	
2	3356	-0.2876904	0.00314742	5051.216	-0.001525902	4	4	-0.2874748	0	0	0	0	0	0	0	0	0	0	0	0	0	54	0	
2	3357	-0.2873837	0.003160301	5052.216	-0.001525902	4	4	-0.2869748	0	0	0	0	0	0	0	0	0	0	0	0	0	54	0	
2	3358	-0.2867703	0.003173183	5053.216	-0.001525902	4	4	-0.2864748	0	0	0	0	0	0	0	0	0	0	0	0	0	54	0	
2	3359	-0.2864636	0.003185451	5054.216	-0.001525902	4	4	-0.2859748	0	0	0	0	0	0	0	0	0	0	0	0	0	54	0	
2	3360	-0.2858501	0.00319772	5055.216	-0.001525902	4	4	-0.2854748	0	0	0	0	0	0	0	0	0	0	0	0	0	54	0	
2	3361	-0.2852367	0.003209988	5056.216	-0.001525902	4	4	-0.2849748	0	0	0	0	0	0	0	0	0	0	0	0	0	54	0	
2	3362	-0.28493	0.003222256	5057.216	-0.001525902	4	4	-0.2844748	0	0	0	0	0	0	0	0	0	0	0	0	0	54	0	
2	3363	-0.2843166	0.003233911	5058.216	-0.001525902	4	4	-0.2839748	0	0	0	0	0	0	0	0	0	0	0	0	0	54	0	
2	3364	-0.2837032	0.003246179	5059.216	-0.001525902	4	4	-0.2834748	0	0	0	0	0	0	0	0	0	0	0	0	0	54	0	
2	3365	-0.2833965	0.003257834	5060.216	-0.001525902	4	4	-0.2829748	0	0	0	0	0	0	0	0	0	0	0	0	0	54	0	
2	3366	-0.2827831	0.003270102	5061.216	-0.001525902	4	4	-0.2824748	0	0	0	0	0	0	0	0	0	0	0	0	0	54	0	
2	3367	-0.2824764	0.003281757	5062.216	-0.001525902	4	4	-0.2819748	0	0	0	0	0	0	0	0	0	0	0	0	0	54	0	
2	3368	-0.2818629	0.003294025	5063.216	-0.001525902	4	4	-0.2814748	0	0	0	0	0	0	0	0	0	0	0	0	0	54	0	
2	3369	-0.2812496	0.00330568	5064.216	-0.001525902	4	4	-0.2809748	0	0	0	0	0	0	0	0	0	0	0	0	0	54	0	
2	3370	-0.2809428	0.003317948	5065.216	-0.001525902	4	4	-0.2804748	0	0	0	0	0	0	0	0	0	0	0	0	0	54	0	
2	3371	-0.2803294	0.003329603	5066.216	-0.001525902	4	4	-0.2799748	0	0	0	0	0	0	0	0	0	0	0	0	0	54	0	
2	3372	-0.279716	0.003340645	5067.216	-0.001525902	4	4	-0.2794748	0	0	0	0	0	0	0	0	0	0	0	0	0	54	0	
2	3373	-0.2794093	0.003352913	5068.216	-0.001525902	4	4	-0.2789748	0	0	0	0	0	0	0	0	0	0	0	0	0	54	0	
2	3374	-0.2787959	0.003364568	5069.216	-0.001525902	4	4	-0.2784748	0	0	0	0	0	0	0	0	0	0	0	0	0	54	0	
2	3375	-0.2781825	0.003376223	5070.216	-0.001525902	4	4	-0.2779748	0	0	0	0	0	0	0	0	0	0	0	0	0	54	0	
2	3376	-0.2778758	0.003387877	5071.216	-0.001525902	4	4	-0.2774748	0	0	0	0	0	0	0	0	0	0	0	0	0	54	0	
2	3377	-0.2772624	0.003400146	5072.216	-0.001525902	4	4	-0.2769748	0	0	0	0	0	0	0	0	0	0	0	0	0	54	0	
2	3378	-0.2769557	0.003411801	5073.216	-0.001525902	4	4	-0.2764748	0	0	0	0	0	0	0	0	0	0	0	0	0	54	0	
2	3379	-0.2763422	0.003423455	5074.216	-0.001525902	4	4	-0.2759748	0	0	0	0	0	0	0	0	0	0	0	0	0	54	0	
2	3380	-0.2760355	0.00343511	5075.216	-0.001525902	4	4	-0.2754748	0	0	0	0	0	0	0	0	0	0	0	0	0	54	0	
2	3381	-0.2754221	0.003446152	5076.216	-0.001525902	4	4	-0.2749748	0	0	0	0	0	0	0	0	0	0	0	0	0	54	0	
2	3382	-0.2748087	0.003457807	5077.216	-0.001525902	4	4	-0.2744748	0	0	0	0	0	0	0	0	0	0	0	0	0	54	0	
2	3383	-0.2741953	0.003469461	5078.216	-0.001525902	4	4	-0.2739748	0	0	0	0	0	0	0	0	0	0	0	0	0	54	0	
2	3384	-0.2738886	0.003480503	5079.216	-0.001525902	4	4	-0.2734748	0	0	0	0	0	0	0	0	0	0	0	0	0	54	0	
2	3385	-0.2732752	0.003492158	5080.216	-0.001525902	4	4	-0.2729748	0	0	0	0	0	0	0	0	0	0	0	0	0	54	0	
2	3386	-0.2729685	0.003503199	5081.216	-0.001525902	4	4	-0.2724748	0	0	0	0	0	0	0	0	0	0	0	0	0	54	0	
2	3387	-0.272355	0.00351424	5082.216	-0.001525902	4	4	-0.2719748	0	0	0	0	0	0	0	0	0	0	0	0	0	54	0	
2	3388	-0.2717416	0.003525282	5083.216	-0.001525902	4	4	-0.2714748	0	0	0	0	0	0	0	0	0	0	0	0	0	54	0	
2	3389	-0.2714349	0.003536323	5084.216	-0.001525902	4	4	-0.2709748	0	0	0	0	0	0	0	0	0	0	0	0	0	54	0	
2	3390	-0.2708215	0.003547365	5085.216	-0.001525902	4	4	-0.2704748	0	0	0	0	0	0	0	0	0	0	0	0	0	54	0	
2	3391	-0.2702081	0.003558406	5086.216	-0.001525902	4	4	-0.2699748	0	0	0	0	0	0	0	0	0	0	0	0	0	54	0	
2	3392	-0.2699014	0.003569448	5087.216	-0.001525902	4	4	-0.2694748	0	0	0	0	0	0	0	0	0	0	0	0	0	54	0	
2	3393	-0.269288	0.003580489	5088.216	-0.001525902	4	4	-0.2689748	0	0	0	0	0	0	0	0	0	0	0	0	0	54	0	
2	3394	-0.2686746	0.003590917	5089.216	-0.001525902	4	4	-0.2684748	0	0	0	0	0	0	0	0	0	0	0	0	0	54	0	
2	3395	-0.2683679	0.003602572	5090.216	-0.001525902	4	4	-0.2679748	0	0	0	0	0	0	0	0	0	0	0	0	0	54	0	
2	3396	-0.2677545	0.003613	5091.216	-0.001525902	4	4	-0.2674748	0	0	0	0	0	0	0	0	0	0	0	0	0	54	0	
2	3397	-0.2674477	0.003624041	5092.216	-0.001525902	4	4	-0.2669748	0	0	0	0	0	0	0	0	0	0	0	0	0	54	0	
2	3398	-0.2668343	0.003635083	5093.216	-0.001525902	4	4	-0.2664748	0	0	0	0	0	0	0	0	0	0	0	0	0	54	0	
2	3399	-0.2662209	0.003646124	5094.216	-0.001525902	4	4	-0.2659748	0	0	0	0	0	0	0	0	0	0	0	0	0	54	0	
2	3400	-0.2659142	0.003657166	5095.216	-0.001525902	4	4	-0.2654748	0	0	0	0	0	0	0	0	0	0	0	0	0	54	0	
2	3401	-0.2653008	0.003667594	5096.216	-0.001525902	4	4	-0.2649748	0	0	0	0	0	0	0	0	0	0	0	0	0	54	0	
2	3402	-0.2646874	0.003678635	5097.216	-0.001525902	4	4	-0.2644748	0	0	0	0	0	0	0	0	0	0	0	0	0	54	0	
2	3403	-0.2643807	0.003689677	5098.216	-0.001525902	4	4	-0.2639748	0	0	0	0	0	0	0	0	0	0	0	0	0	54	0	
2	3404	-0.2637673	0.003700718	5099.216	-0.001525902	4	4	-0.2634748	0	0	0	0	0	0	0	0	0	0	0	0	0	54	0	
2	3405	-0.2634606	0.003711759	5100.216	-0.001525902	4	4	-0.2629748	0	0	0	0	0	0	0	0	0	0	0	0	0	54	0	
2	3406	-0.2628472	0.003722801	5101.216	-0.001525902	4	4	-0.2624748	0	0	0	0	0	0	0	0	0	0	0	0	0	54	0	
2	3407	-0.2622337	0.003733842	5102.216	-0.001525902	4	4	-0.2619748	0	0	0	0	0	0	0	0	0	0	0	0	0	54	0	
2	3408	-0.261927	0.003744884	5103.216	-0.001525902	4	4	-0.2614748	0	0	0	0	0	0	0	0	0	0	0	0	0	54	0	
2	3409	-0.2613136	0.003756538	5104.216	-0.001525902	4	4	-0.2609748	0	0	0	0	0	0	0	0	0	0	0	0	0	54	0	
2	3410	-0.2607002	0.003768193	5105.216	-0.001525902	4	4	-0.2604748	0	0	0	0	0	0	0	0	0	0	0	0	0	54	0	
2	3411	-0.2603935	0.003779235	5106.216	-0.001525902	4	4	-0.2599748	0	0	0	0	0	0	0	0	0	0	0	0	0	54	0	
2	3412	-0.2597801	0.003790276	5107.216	-0.001525902	4	4	-0.2594748	0	0	0	0	0	0	0	0	0	0	0	0	0	54	0	
2	3413	-0.2594734	0.003801318	5108.216	-0.001525902	4	4	-0.2589748	0	0	0	0	0	0	0	0	0	0	0	0	0	54	0	
2	3414	-0.25886	0.003812359	5109.216	-0.001525902	4	4	-0.2584748	0	0	0	0	0	0	0	0	0	0	0	0	0	54	0	
2	3415	-0.2582466	0.003822787	5110.216	-0.001525902	4	4	-0.2579748	0	0	0	0	0	0	0	0	0	0	0	0	0	54	0	
2	3416	-0.2579398	0.003833828	5111.216	-0.001525902	4	4	-0.2574748	0	0	0	0	0	0	0	0	0	0	0	0	0	54	0	
2	3417	-0.2573265	0.00384487	5112.216	-0.001525902	4	4	-0.2569748	0	0	0	0	0	0	0	0	0	0	0	0	0	54	0	
2	3418	-0.2570197	0.003855911	5113.216	-0.001525902	4	4	-0.2564748	0	0	0	0	0	0	0	0	0	0	0	0	0	54	0	
2	3419	-0.2564063	0.003866953	5114.216	-0.001525902	4	4	-0.2559748	0	0	0	0	0	0	0	0	0	0	0	0	0	54	0	
2	3420	-0.2557929	0.003877381	5115.216	-0.001525902	4	4	-0.2554748	0	0	0	0	0	0	0	0	0	0	0	0	0	54	0	
2	3421	-0.2554862	0.003888422	5116.216	-0.001525902	4	4	-0.2549748	0	0	0	0	0	0	0	0	0	0	0	0	0	54	0	
2	3422	-0.2548728	0.003899464	5117.216	-0.001525902	4	4	-0.2544748	0	0	0	0	0	0	0	0	0	0	0	0	0	54	0	
2	3423	-0.2542594	0.003909891	5118.216	-0.001525902	4	4	-0.2539748	0	0	0	0	0	0	0	0	0	0	0	0	0	54	0	
2	3424	-0.2539527	0.003921547	5119.216	-0.001525902	4	4	-0.2534748	0	0	0	0	0	0	0	0	0	0	0	0	0	54	0	
2	3425	-0.2533393	0.003931975	5120.216	-0.001525902	4	4	-0.2529748	0	0	0	0	0	0	0	0	0	0	0	0	0	54	0	
2	3426	-0.2530326	0.003943016	5121.216	-0.001525902	4	4	-0.2524748	0	0	0	0	0	0	0	0	0	0	0	0	0	54	0	
2	3427	-0.2524191	0.003954057	5122.216	-0.001525902	4	4	-0.2519748	0	0	0	0	0	0	0	0	0	0	0	0	0	54	0	
2	3428	-0.2518057	0.003965099	5123.216	-0.001525902	4	4	-0.2514748	0	0	0	0	0	0	0	0	0	0	0	0	0	54	0	
2	3429	-0.251499	0.00397614	5124.216	-0.001525902	4	4	-0.2509748	0	0	0	0	0	0	0	0	0	0	0	0	0	54	0	
2	3430	-0.2508856	0.003986568	5125.216	-0.001525902	4	4	-0.2504748	0	0	0	0	0	0	0	0	0	0	0	0	0	54	0	
2	3431	-0.2502722	0.003997609	5126.216	-0.001525902	4	4	-0.2499748	0	0	0	0	0	0	0	0	0	0	0	0	0	54	0	
2	3432	-0.2499655	0.004008651	5127.216	-0.001525902	4	4	-0.2494748	0	0	0	0	0	0	0	0	0	0	0	0	0	54	0	
2	3433	-0.2493521	0.004019079	5128.216	-0.001525902	4	4	-0.2489748	0	0	0	0	0	0	0	0	0	0	0	0	0	54	0	
2	3434	-0.2490454	0.004030121	5129.216	-0.001525902	4	4	-0.2484748	0	0	0	0	0	0	0	0	0	0	0	0	0	54	0	
2	3435	-0.248432	0.004041162	5130.216	-0.001525902	4	4	-0.2479748	0	0	0	0	0	0	0	0	0	0	0	0	0	54	0	
2	3436	-0.2478185	0.00405159	5131.216	-0.001525902	4	4	-0.2474748	0	0	0	0	0	0	0	0	0	0	0	0	0	54	0	
2	3437	-0.2475118	0.004062631	5132.216	-0.001525902	4	4	-0.2469748	0	0	0	0	0	0	0	0	0	0	0	0	0	54	0	
2	3438	-0.2468984	0.004073059	5133.216	-0.001525902	4	4	-0.2464748	0	0	0	0	0	0	0	0	0	0	0	0	0	54	0	
2	3439	-0.246285	0.004084101	5134.216	-0.001525902	4	4	-0.2459748	0	0	0	0	0	0	0	0	0	0	0	0	0	54	0	
2	3440	-0.2459783	0.004094529	5135.216	-0.001525902	4	4	-0.2454748	0	0	0	0	0	0	0	0	0	0	0	0	0	54	0	
2	3441	-0.2453649	0.00410557	5136.216	-0.001525902	4	4	-0.2449748	0	0	0	0	0	0	0	0	0	0	0	0	0	54	0	
2	3442	-0.2447515	0.004115998	5137.216	-0.001525902	4	4	-0.2444748	0	0	0	0	0	0	0	0	0	0	0	0	0	54	0	
2	3443	-0.2444448	0.004126426	5138.216	-0.001525902	4	4	-0.2439748	0	0	0	0	0	0	0	0	0	0	0	0	0	54	0	
2	3444	-0.2441381	0.004136854	5139.216	-0.001525902	4	4	-0.2434748	0	0	0	0	0	0	0	0	0	0	0	0	0	54	0	
2	3445	-0.2435247	0.004147896	5140.216	-0.001525902	4	4	-0.2429748	0	0	0	0	0	0	0	0	0	0	0	0	0	54	0	
2	3446	-0.2429112	0.004158324	5141.216	-0.001525902	4	4	-0.2424748	0	0	0	0	0	0	0	0	0	0	0	0	0	54	0	
2	3447	-0.2426045	0.004169365	5142.216	-0.001525902	4	4	-0.2419748	0	0	0	0	0	0	0	0	0	0	0	0	0	54	0	
2	3448	-0.2419911	0.004179793	5143.216	-0.001525902	4	4	-0.2414748	0	0	0	0	0	0	0	0	0	0	0	0	0	54	0	
2	3449	-0.2413777	0.004189608	5144.216	-0.001525902	4	4	-0.2409748	0	0	0	0	0	0	0	0	0	0	0	0	0	54	0	
2	3450	-0.241071	0.004200649	5145.216	-0.001525902	4	4	-0.2404748	0	0	0	0	0	0	0	0	0	0	0	0	0	54	0	
2	3451	-0.2404576	0.004211077	5146.216	-0.001525902	4	4	-0.2399748	0	0	0	0	0	0	0	0	0	0	0	0	0	54	0	
2	3452	-0.2398442	0.004221505	5147.216	-0.001525902	4	4	-0.2394748	0	0	0	0	0	0	0	0	0	0	0	0	0	54	0	
2	3453	-0.2395375	0.004232547	5148.216	-0.001525902	4	4	-0.2389748	0	0	0	0	0	0	0	0	0	0	0	0	0	54	0	
2	3454	-0.2389241	0.004242975	5149.216	-0.001525902	4	4	-0.2384748	0	0	0	0	0	0	0	0	0	0	0	0	0	54	0	
2	3455	-0.2383106	0.004252789	5150.216	-0.001525902	4	4	-0.2379748	0	0	0	0	0	0	0	0	0	0	0	0	0	54	0	
2	3456	-0.2380039	0.004263831	5151.216	-0.001525902	4	4	-0.2374748	0	0	0	0	0	0	0	0	0	0	0	0	0	54	0	
2	3457	-0.2373905	0.004274259	5152.216	-0.001525902	4	4	-0.2369748	0	0	0	0	0	0	0	0	0	0	0	0	0	54	0	
2	3458	-0.2370838	0.004284687	5153.216	-0.001525902	4	4	-0.2364748	0	0	0	0	0	0	0	0	0	0	0	0	0	54	0	
2	3459	-0.2364704	0.004295115	5154.216	-0.001525902	4	4	-0.2359748	0	0	0	0	0	0	0	0	0	0	0	0	0	54	0	
2	3460	-0.2361637	0.004305543	5155.216	-0.001525902	4	4	-0.2354748	0	0	0	0	0	0	0	0	0	0	0	0	0	54	0	
2	3461	-0.2355503	0.004315971	5156.216	-0.001525902	4	4	-0.2349748	0	0	0	0	0	0	0	0	0	0	0	0	0	54	0	
2	3462	-0.2352436	0.004325785	5157.216	-0.001525902	4	4	-0.2344748	0	0	0	0	0	0	0	0	0	0	0	0	0	54	0	
2	3463	-0.2346302	0.004336213	5158.216	-0.001525902	4	4	-0.2339748	0	0	0	0	0	0	0	0	0	0	0	0	0	54	0	
2	3464	-0.2340168	0.004346641	5159.216	-0.001525902	4	4	-0.2334748	0	0	0	0	0	0	0	0	0	0	0	0	0	54	0	
2	3465	-0.2337101	0.004357069	5160.216	-0.001525902	4	4	-0.2329748	0	0	0	0	0	0	0	0	0	0	0	0	0	54	0	
2	3466	-0.2330966	0.004367497	5161.216	-0.001525902	4	4	-0.2324748	0	0	0	0	0	0	0	0	0	0	0	0	0	54	0	
2	3467	-0.2327899	0.004377925	5162.216	-0.001525902	4	4	-0.2319748	0	0	0	0	0	0	0	0	0	0	0	0	0	54	0	
2	3468	-0.2321765	0.00438774	5163.216	-0.001525902	4	4	-0.2314748	0	0	0	0	0	0	0	0	0	0	0	0	0	54	0	
2	3469	-0.2315631	0.004398168	5164.216	-0.001525902	4	4	-0.2309748	0	0	0	0	0	0	0	0	0	0	0	0	0	54	0	
2	3470	-0.2309497	0.004408596	5165.216	-0.001525902	4	4	-0.2304748	0	0	0	0	0	0	0	0	0	0	0	0	0	54	0	
2	3471	-0.230643	0.004419024	5166.216	-0.001525902	4	4	-0.2299748	0	0	0	0	0	0	0	0	0	0	0	0	0	54	0	
2	3472	-0.2300296	0.004428839	5167.216	-0.001525902	4	4	-0.2294748	0	0	0	0	0	0	0	0	0	0	0	0	0	54	0	
2	3473	-0.2297229	0.004439267	5168.216	-0.001525902	4	4	-0.2289748	0	0	0	0	0	0	0	0	0	0	0	0	0	54	0	
2	3474	-0.2291095	0.004449081	5169.216	-0.001525902	4	4	-0.2284748	0	0	0	0	0	0	0	0	0	0	0	0	0	54	0	
2	3475	-0.228496	0.004459509	5170.216	-0.001525902	4	4	-0.2279748	0	0	0	0	0	0	0	0	0	0	0	0	0	54	0	
2	3476	-0.2281893	0.004469324	5171.216	-0.001525902	4	4	-0.2274748	0	0	0	0	0	0	0	0	0	0	0	0	0	54	0	
2	3477	-0.2275759	0.004479752	5172.216	-0.001525902	4	4	-0.2269748	0	0	0	0	0	0	0	0	0	0	0	0	0	54	0	
2	3478	-0.2272692	0.004490793	5173.216	-0.001525902	4	4	-0.2264748	0	0	0	0	0	0	0	0	0	0	0	0	0	54	0	
2	3479	-0.2266558	0.004501835	5174.216	-0.001525902	4	4	-0.2259748	0	0	0	0	0	0	0	0	0	0	0	0	0	54	0	
2	3480	-0.2260424	0.004512263	5175.216	-0.001525902	4	4	-0.2254748	0	0	0	0	0	0	0	0	0	0	0	0	0	54	0	
2	3481	-0.2257357	0.004522077	5176.216	-0.001525902	4	4	-0.2249748	0	0	0	0	0	0	0	0	0	0	0	0	0	54	0	
2	3482	-0.2251223	0.004532505	5177.216	-0.001525902	4	4	-0.2244748	0	0	0	0	0	0	0	0	0	0	0	0	0	54	0	
2	3483	-0.2245089	0.00454232	5178.216	-0.001525902	4	4	-0.2239748	0	0	0	0	0	0	0	0	0	0	0	0	0	54	0	
2	3484	-0.2242022	0.004552748	5179.216	-0.001525902	4	4	-0.2234748	0	0	0	0	0	0	0	0	0	0	0	0	0	54	0	
2	3485	-0.2235887	0.004562563	5180.216	-0.001525902	4	4	-0.2229748	0	0	0	0	0	0	0	0	0	0	0	0	0	54	0	
2	3486	-0.223282	0.004572991	5181.216	-0.001525902	4	4	-0.2224748	0	0	0	0	0	0	0	0	0	0	0	0	0	54	0	
2	3487	-0.2226686	0.004583419	5182.216	-0.001525902	4	4	-0.2219748	0	0	0	0	0	0	0	0	0	0	0	0	0	54	0	
2	3488	-0.2220552	0.004593233	5183.216	-0.001525902	4	4	-0.2214748	0	0	0	0	0	0	0	0	0	0	0	0	0	54	0	
2	3489	-0.2217485	0.004603661	5184.216	-0.001525902	4	4	-0.2209748	0	0	0	0	0	0	0	0	0	0	0	0	0	54	0	
2	3490	-0.2211351	0.004614089	5185.216	-0.001525902	4	4	-0.2204748	0	0	0	0	0	0	0	0	0	0	0	0	0	54	0	
2	3491	-0.2205217	0.004623904	5186.216	-0.001525902	4	4	-0.2199748	0	0	0	0	0	0	0	0	0	0	0	0	0	54	0	
2	3492	-0.220215	0.004634332	5187.216	-0.001525902	4	4	-0.2197189	0	0	0	0	0	0	0	0	0	0	0	0	0	54	0	
2	3493	-0.2196016	0.00464476	5188.216	-0.001525902	4	4	-0.2189748	0	0	0	0	0	0	0	0	0	0	0	0	0	54	0	
2	3494	-0.2192949	0.004653961	5189.216	-0.001525902	4	4	-0.2184748	0	0	0	0	0	0	0	0	0	0	0	0	0	54	0	
2	3495	-0.2186814	0.004664389	5190.216	-0.001525902	4	4	-0.2179748	0	0	0	0	0	0	0	0	0	0	0	0	0	54	0	
2	3496	-0.218068	0.004674204	5191.216	-0.001525902	4	4	-0.2174748	0	0	0	0	0	0	0	0	0	0	0	0	0	54	0	
2	3497	-0.2177613	0.004684632	5192.216	-0.001525902	4	4	-0.2169748	0	0	0	0	0	0	0	0	0	0	0	0	0	54	0	
2	3498	-0.2171479	0.00469506	5193.216	-0.001525902	4	4	-0.2164748	0	0	0	0	0	0	0	0	0	0	0	0	0	54	0	
2	3499	-0.2168412	0.004705488	5194.216	-0.001525902	4	4	-0.2159748	0	0	0	0	0	0	0	0	0	0	0	0	0	54	0	
2	3500	-0.2162278	0.004715302	5195.216	-0.001525902	4	4	-0.2154748	0	0	0	0	0	0	0	0	0	0	0	0	0	54	0	
2	3501	-0.2156144	0.004725117	5196.216	-0.001525902	4	4	-0.2149748	0	0	0	0	0	0	0	0	0	0	0	0	0	54	0	
2	3502	-0.215001	0.004735545	5197.216	-0.001525902	4	4	-0.2144748	0	0	0	0	0	0	0	0	0	0	0	0	0	54	0	
2	3503	-0.2146943	0.00474536	5198.216	-0.001525902	4	4	-0.2139748	0	0	0	0	0	0	0	0	0	0	0	0	0	54	0	
2	3504	-0.2140809	0.004755788	5199.216	-0.001525902	4	4	-0.2134748	0	0	0	0	0	0	0	0	0	0	0	0	0	54	0	
2	3505	-0.2137741	0.004766216	5200.216	-0.001525902	4	4	-0.2129748	0	0	0	0	0	0	0	0	0	0	0	0	0	54	0	
2	3506	-0.2131607	0.00477603	5201.216	-0.001525902	4	4	-0.2124748	0	0	0	0	0	0	0	0	0	0	0	0	0	54	0	
2	3507	-0.212854	0.004785845	5202.216	-0.001525902	4	4	-0.2119748	0	0	0	0	0	0	0	0	0	0	0	0	0	54	0	
2	3508	-0.2122406	0.004796273	5203.216	-0.001525902	4	4	-0.2114748	0	0	0	0	0	0	0	0	0	0	0	0	0	54	0	
2	3509	-0.2116272	0.004806087	5204.216	-0.001525902	4	4	-0.2109748	0	0	0	0	0	0	0	0	0	0	0	0	0	54	0	
2	3510	-0.2113205	0.004816515	5205.216	-0.001525902	4	4	-0.2104748	0	0	0	0	0	0	0	0	0	0	0	0	0	54	0	
2	3511	-0.2107071	0.00482633	5206.216	-0.001525902	4	4	-0.2099748	0	0	0	0	0	0	0	0	0	0	0	0	0	54	0	
2	3512	-0.2100937	0.004836758	5207.216	-0.001525902	4	4	-0.2094748	0	0	0	0	0	0	0	0	0	0	0	0	0	54	0	
2	3513	-0.209787	0.004846573	5208.216	-0.001525902	4	4	-0.2089748	0	0	0	0	0	0	0	0	0	0	0	0	0	54	0	
2	3514	-0.2091735	0.004856387	5209.216	-0.001525902	4	4	-0.2084748	0	0	0	0	0	0	0	0	0	0	0	0	0	54	0	
2	3515	-0.2088668	0.004866202	5210.216	-0.001525902	4	4	-0.2079748	0	0	0	0	0	0	0	0	0	0	0	0	0	54	0	
2	3516	-0.2082534	0.004876017	5211.216	-0.001525902	4	4	-0.2074748	0	0	0	0	0	0	0	0	0	0	0	0	0	54	0	
2	3517	-0.20764	0.004886445	5212.216	-0.001525902	4	4	-0.2069748	0	0	0	0	0	0	0	0	0	0	0	0	0	54	0	
2	3518	-0.2073333	0.004896259	5213.216	-0.001525902	4	4	-0.2064748	0	0	0	0	0	0	0	0	0	0	0	0	0	54	0	
2	3519	-0.2067199	0.004906074	5214.216	-0.001525902	4	4	-0.2059748	0	0	0	0	0	0	0	0	0	0	0	0	0	54	0	
2	3520	-0.2061065	0.004915888	5215.216	-0.001525902	4	4	-0.2054748	0	0	0	0	0	0	0	0	0	0	0	0	0	54	0	
2	3521	-0.2057998	0.004925703	5216.216	-0.001525902	4	4	-0.2049748	0	0	0	0	0	0	0	0	0	0	0	0	0	54	0	
2	3522	-0.2051864	0.004936131	5217.216	-0.001525902	4	4	-0.2044748	0	0	0	0	0	0	0	0	0	0	0	0	0	54	0	
2	3523	-0.204573	0.004945945	5218.216	-0.001525902	4	4	-0.2039748	0	0	0	0	0	0	0	0	0	0	0	0	0	54	0	
2	3524	-0.2042663	0.00495576	5219.216	-0.001525902	4	4	-0.2034748	0	0	0	0	0	0	0	0	0	0	0	0	0	54	0	
2	3525	-0.2036528	0.004965575	5220.216	-0.001525902	4	4	-0.2029748	0	0	0	0	0	0	0	0	0	0	0	0	0	54	0	
2	3526	-0.2033461	0.004974776	5221.216	-0.001525902	4	4	-0.2024748	0	0	0	0	0	0	0	0	0	0	0	0	0	54	0	
2	3527	-0.2027327	0.004985204	5222.216	-0.001525902	4	4	-0.2019748	0	0	0	0	0	0	0	0	0	0	0	0	0	54	0	
2	3528	-0.2021193	0.004994405	5223.216	-0.001525902	4	4	-0.2014748	0	0	0	0	0	0	0	0	0	0	0	0	0	54	0	
2	3529	-0.2018126	0.005004833	5224.216	-0.001525902	4	4	-0.2009748	0	0	0	0	0	0	0	0	0	0	0	0	0	54	0	
2	3530	-0.2011992	0.005014034	5225.216	-0.001525902	4	4	-0.2004748	0	0	0	0	0	0	0	0	0	0	0	0	0	54	0	
2	3531	-0.2005858	0.005024462	5226.216	-0.001525902	4	4	-0.1999748	0	0	0	0	0	0	0	0	0	0	0	0	0	54	0	
2	3532	-0.2002791	0.005034277	5227.216	-0.001525902	4	4	-0.1994748	0	0	0	0	0	0	0	0	0	0	0	0	0	54	0	
2	3533	-0.1996657	0.005043478	5228.216	-0.001525902	4	4	-0.1989748	0	0	0	0	0	0	0	0	0	0	0	0	0	54	0	
2	3534	-0.1993589	0.005053293	5229.216	-0.001525902	4	4	-0.1984748	0	0	0	0	0	0	0	0	0	0	0	0	0	54	0	
2	3535	-0.1987455	0.005063107	5230.216	-0.001525902	4	4	-0.1979748	0	0	0	0	0	0	0	0	0	0	0	0	0	54	0	
2	3536	-0.1981321	0.005072922	5231.216	-0.001525902	4	4	-0.1974748	0	0	0	0	0	0	0	0	0	0	0	0	0	54	0	
2	3537	-0.1978254	0.005082737	5232.216	-0.001525902	4	4	-0.1969748	0	0	0	0	0	0	0	0	0	0	0	0	0	54	0	
2	3538	-0.197212	0.005092551	5233.216	-0.001525902	4	4	-0.1964748	0	0	0	0	0	0	0	0	0	0	0	0	0	54	0	
2	3539	-0.1969053	0.005101752	5234.216	-0.001525902	4	4	-0.1959748	0	0	0	0	0	0	0	0	0	0	0	0	0	54	0	
2	3540	-0.1962919	0.005111567	5235.216	-0.001525902	4	4	-0.1954748	0	0	0	0	0	0	0	0	0	0	0	0	0	54	0	
2	3541	-0.1956785	0.005120768	5236.216	-0.001525902	4	4	-0.1949748	0	0	0	0	0	0	0	0	0	0	0	0	0	54	0	
2	3542	-0.1950651	0.005130583	5237.216	-0.001525902	4	4	-0.1944748	0	0	0	0	0	0	0	0	0	0	0	0	0	54	0	
2	3543	-0.1947584	0.005139784	5238.216	-0.001525902	4	4	-0.1939748	0	0	0	0	0	0	0	0	0	0	0	0	0	54	0	
2	3544	-0.1941449	0.005149599	5239.216	-0.001525902	4	4	-0.1934748	0	0	0	0	0	0	0	0	0	0	0	0	0	54	0	
2	3545	-0.1938382	0.005159413	5240.216	-0.001525902	4	4	-0.1929748	0	0	0	0	0	0	0	0	0	0	0	0	0	54	0	
2	3546	-0.1932248	0.005168614	5241.216	-0.001525902	4	4	-0.1924748	0	0	0	0	0	0	0	0	0	0	0	0	0	54	0	
2	3547	-0.1929181	0.005177815	5242.216	-0.001525902	4	4	-0.1919748	0	0	0	0	0	0	0	0	0	0	0	0	0	54	0	
2	3548	-0.1923047	0.00518763	5243.216	-0.001525902	4	4	-0.1914748	0	0	0	0	0	0	0	0	0	0	0	0	0	54	0	
2	3549	-0.1916913	0.005197445	5244.216	-0.001525902	4	4	-0.1909748	0	0	0	0	0	0	0	0	0	0	0	0	0	54	0	
2	3550	-0.1913846	0.005206646	5245.216	-0.001525902	4	4	-0.1904748	0	0	0	0	0	0	0	0	0	0	0	0	0	54	0	
2	3551	-0.1907712	0.005216461	5246.216	-0.001525902	4	4	-0.1899748	0	0	0	0	0	0	0	0	0	0	0	0	0	54	0	
2	3552	-0.1901578	0.005225662	5247.216	-0.001525902	4	4	-0.1894748	0	0	0	0	0	0	0	0	0	0	0	0	0	54	0	
2	3553	-0.189851	0.005235476	5248.216	-0.001525902	4	4	-0.1889748	0	0	0	0	0	0	0	0	0	0	0	0	0	54	0	
2	3554	-0.1892376	0.005244677	5249.216	-0.001525902	4	4	-0.1884748	0	0	0	0	0	0	0	0	0	0	0	0	0	54	0	
2	3555	-0.1886242	0.005254492	5250.216	-0.001525902	4	4	-0.1879748	0	0	0	0	0	0	0	0	0	0	0	0	0	54	0	
2	3556	-0.1883175	0.005263693	5251.216	-0.001525902	4	4	-0.1874748	0	0	0	0	0	0	0	0	0	0	0	0	0	54	0	
2	3557	-0.1877041	0.005272895	5252.216	-0.001525902	4	4	-0.1869748	0	0	0	0	0	0	0	0	0	0	0	0	0	54	0	
2	3558	-0.1873974	0.005282709	5253.216	-0.001525902	4	4	-0.1864748	0	0	0	0	0	0	0	0	0	0	0	0	0	54	0	
2	3559	-0.186784	0.00529191	5254.216	-0.001525902	4	4	-0.1859748	0	0	0	0	0	0	0	0	0	0	0	0	0	54	0	
2	3560	-0.1861706	0.005301725	5255.216	-0.001525902	4	4	-0.1854748	0	0	0	0	0	0	0	0	0	0	0	0	0	54	0	
2	3561	-0.1858639	0.005311539	5256.216	-0.001525902	4	4	-0.1849748	0	0	0	0	0	0	0	0	0	0	0	0	0	54	0	
2	3562	-0.1852505	0.005320741	5257.216	-0.001525902	4	4	-0.1844748	0	0	0	0	0	0	0	0	0	0	0	0	0	54	0	
2	3563	-0.184637	0.005330555	5258.216	-0.001525902	4	4	-0.1839748	0	0	0	0	0	0	0	0	0	0	0	0	0	54	0	
2	3564	-0.1843303	0.005339757	5259.216	-0.001525902	4	4	-0.1834748	0	0	0	0	0	0	0	0	0	0	0	0	0	54	0	
2	3565	-0.1837169	0.005349571	5260.216	-0.001525902	4	4	-0.1829748	0	0	0	0	0	0	0	0	0	0	0	0	0	54	0	
2	3566	-0.1834102	0.005358772	5261.216	-0.001525902	4	4	-0.1824748	0	0	0	0	0	0	0	0	0	0	0	0	0	54	0	
2	3567	-0.1827968	0.005368587	5262.216	-0.001525902	4	4	-0.1819748	0	0	0	0	0	0	0	0	0	0	0	0	0	54	0	
2	3568	-0.1821834	0.005377788	5263.216	-0.001525902	4	4	-0.1814748	0	0	0	0	0	0	0	0	0	0	0	0	0	54	0	
2	3569	-0.1818767	0.005387603	5264.216	-0.001525902	4	4	-0.1809748	0	0	0	0	0	0	0	0	0	0	0	0	0	54	0	
2	3570	-0.1812633	0.005396804	5265.216	-0.001525902	4	4	-0.1804748	0	0	0	0	0	0	0	0	0	0	0	0	0	54	0	
2	3571	-0.1806499	0.005406619	5266.216	-0.001525902	4	4	-0.1799748	0	0	0	0	0	0	0	0	0	0	0	0	0	54	0	
2	3572	-0.1803432	0.00541582	5267.216	-0.001525902	4	4	-0.1794748	0	0	0	0	0	0	0	0	0	0	0	0	0	54	0	
2	3573	-0.1797297	0.005425634	5268.216	-0.001525902	4	4	-0.1789748	0	0	0	0	0	0	0	0	0	0	0	0	0	54	0	
2	3574	-0.179423	0.005434835	5269.216	-0.001525902	4	4	-0.1784748	0	0	0	0	0	0	0	0	0	0	0	0	0	54	0	
2	3575	-0.1788096	0.00544465	5270.216	-0.001525902	4	4	-0.1779748	0	0	0	0	0	0	0	0	0	0	0	0	0	54	0	
2	3576	-0.1781962	0.005454465	5271.216	-0.001525902	4	4	-0.1774748	0	0	0	0	0	0	0	0	0	0	0	0	0	54	0	
2	3577	-0.1778895	0.005463666	5272.216	-0.001525902	4	4	-0.1769748	0	0	0	0	0	0	0	0	0	0	0	0	0	54	0	
2	3578	-0.1772761	0.005472867	5273.216	-0.001525902	4	4	-0.1764748	0	0	0	0	0	0	0	0	0	0	0	0	0	54	0	
2	3579	-0.1766627	0.005482682	5274.216	-0.001525902	4	4	-0.1759748	0	0	0	0	0	0	0	0	0	0	0	0	0	54	0	
2	3580	-0.176356	0.005492496	5275.216	-0.001525902	4	4	-0.1754748	0	0	0	0	0	0	0	0	0	0	0	0	0	54	0	
2	3581	-0.1757426	0.005501697	5276.216	-0.001525902	4	4	-0.1749748	0	0	0	0	0	0	0	0	0	0	0	0	0	54	0	
2	3582	-0.1754359	0.005510899	5277.216	-0.001525902	4	4	-0.1744748	0	0	0	0	0	0	0	0	0	0	0	0	0	54	0	
2	3583	-0.1748224	0.005520714	5278.216	-0.001525902	4	4	-0.1739748	0	0	0	0	0	0	0	0	0	0	0	0	0	54	0	
2	3584	-0.174209	0.005529915	5279.216	-0.001525902	4	4	-0.1734748	0	0	0	0	0	0	0	0	0	0	0	0	0	54	0	
2	3585	-0.1739023	0.005539116	5280.216	-0.001525902	4	4	-0.1729748	0	0	0	0	0	0	0	0	0	0	0	0	0	54	0	
2	3586	-0.1732889	0.00554893	5281.216	-0.001525902	4	4	-0.1724748	0	0	0	0	0	0	0	0	0	0	0	0	0	54	0	
2	3587	-0.1729822	0.005558131	5282.216	-0.001525902	4	4	-0.1719748	0	0	0	0	0	0	0	0	0	0	0	0	0	54	0	
2	3588	-0.1723688	0.005567946	5283.216	-0.001525902	4	4	-0.1714748	0	0	0	0	0	0	0	0	0	0	0	0	0	54	0	
2	3589	-0.1717554	0.005577147	5284.216	-0.001525902	4	4	-0.1709748	0	0	0	0	0	0	0	0	0	0	0	0	0	54	0	
2	3590	-0.171142	0.005586348	5285.216	-0.001525902	4	4	-0.1704748	0	0	0	0	0	0	0	0	0	0	0	0	0	54	0	
2	3591	-0.1708353	0.005595549	5286.216	-0.001525902	4	4	-0.1699748	0	0	0	0	0	0	0	0	0	0	0	0	0	54	0	
2	3592	-0.1702219	0.005605364	5287.216	-0.001525902	4	4	-0.1694748	0	0	0	0	0	0	0	0	0	0	0	0	0	54	0	
2	3593	-0.1699151	0.005614565	5288.216	-0.001525902	4	4	-0.1689748	0	0	0	0	0	0	0	0	0	0	0	0	0	54	0	
2	3594	-0.1693017	0.00562438	5289.216	-0.001525902	4	4	-0.1684748	0	0	0	0	0	0	0	0	0	0	0	0	0	54	0	
2	3595	-0.1686883	0.005633581	5290.216	-0.001525902	4	4	-0.1679748	0	0	0	0	0	0	0	0	0	0	0	0	0	54	0	
2	3596	-0.1683816	0.005643396	5291.216	-0.001525902	4	4	-0.1674748	0	0	0	0	0	0	0	0	0	0	0	0	0	54	0	
2	3597	-0.1677682	0.005652597	5292.216	-0.001525902	4	4	-0.1669748	0	0	0	0	0	0	0	0	0	0	0	0	0	54	0	
2	3598	-0.1671548	0.005661798	5293.216	-0.001525902	4	4	-0.1664748	0	0	0	0	0	0	0	0	0	0	0	0	0	54	0	
2	3599	-0.1668481	0.005671613	5294.216	-0.001525902	4	4	-0.1659748	0	0	0	0	0	0	0	0	0	0	0	0	0	54	0	
2	3600	-0.1662347	0.005680814	5295.216	-0.001525902	4	4	-0.1654748	0	0	0	0	0	0	0	0	0	0	0	0	0	54	0	
2	3601	-0.165928	0.005690629	5296.216	-0.001525902	4	4	-0.1649748	0	0	0	0	0	0	0	0	0	0	0	0	0	54	0	
2	3602	-0.1653145	0.00569983	5297.216	-0.001525902	4	4	-0.1644748	0	0	0	0	0	0	0	0	0	0	0	0	0	54	0	
2	3603	-0.1647011	0.005709644	5298.216	-0.001525902	4	4	-0.1639748	0	0	0	0	0	0	0	0	0	0	0	0	0	54	0	
2	3604	-0.1643944	0.005718845	5299.216	-0.001525902	4	4	-0.1634748	0	0	0	0	0	0	0	0	0	0	0	0	0	54	0	
2	3605	-0.163781	0.005728047	5300.216	-0.001525902	4	4	-0.1629748	0	0	0	0	0	0	0	0	0	0	0	0	0	54	0	
2	3606	-0.1634743	0.005737862	5301.216	-0.001525902	4	4	-0.1624748	0	0	0	0	0	0	0	0	0	0	0	0	0	54	0	
2	3607	-0.1628609	0.005747676	5302.216	-0.001525902	4	4	-0.1619748	0	0	0	0	0	0	0	0	0	0	0	0	0	54	0	
2	3608	-0.1625542	0.005756877	5303.216	-0.001525902	4	4	-0.1614748	0	0	0	0	0	0	0	0	0	0	0	0	0	54	0	
2	3609	-0.1619408	0.005766692	5304.216	-0.001525902	4	4	-0.1609748	0	0	0	0	0	0	0	0	0	0	0	0	0	54	0	
2	3610	-0.1613274	0.005775279	5305.216	-0.001525902	4	4	-0.1604748	0	0	0	0	0	0	0	0	0	0	0	0	0	54	0	
2	3611	-0.1610207	0.005785094	5306.216	-0.001525902	4	4	-0.1599748	0	0	0	0	0	0	0	0	0	0	0	0	0	54	0	
2	3612	-0.1604072	0.005794296	5307.216	-0.001525902	4	4	-0.1594748	0	0	0	0	0	0	0	0	0	0	0	0	0	54	0	
2	3613	-0.1597938	0.00580411	5308.216	-0.001525902	4	4	-0.1589748	0	0	0	0	0	0	0	0	0	0	0	0	0	54	0	
2	3614	-0.1594871	0.005813311	5309.216	-0.001525902	4	4	-0.1584748	0	0	0	0	0	0	0	0	0	0	0	0	0	54	0	
2	3615	-0.1588737	0.005822512	5310.216	-0.001525902	4	4	-0.1579748	0	0	0	0	0	0	0	0	0	0	0	0	0	54	0	
2	3616	-0.158567	0.005832327	5311.216	-0.001525902	4	4	-0.1574748	0	0	0	0	0	0	0	0	0	0	0	0	0	54	0	
2	3617	-0.1579536	0.005840915	5312.216	-0.001525902	4	4	-0.1572189	0	0	0	0	0	0	0	0	0	0	0	0	0	54	0	
2	3618	-0.1573402	0.005850116	5313.216	-0.001525902	4	4	-0.1564748	0	0	0	0	0	0	0	0	0	0	0	0	0	54	0	
2	3619	-0.1567268	0.005859931	5314.216	-0.001525902	4	4	-0.1559748	0	0	0	0	0	0	0	0	0	0	0	0	0	54	0	
2	3620	-0.1564201	0.005869132	5315.216	-0.001525902	4	4	-0.1554748	0	0	0	0	0	0	0	0	0	0	0	0	0	54	0	
2	3621	-0.1558066	0.005878333	5316.216	-0.001525902	4	4	-0.1549748	0	0	0	0	0	0	0	0	0	0	0	0	0	54	0	
2	3622	-0.1554999	0.005887534	5317.216	-0.001525902	4	4	-0.1544748	0	0	0	0	0	0	0	0	0	0	0	0	0	54	0	
2	3623	-0.1548865	0.005896735	5318.216	-0.001525902	4	4	-0.1539748	0	0	0	0	0	0	0	0	0	0	0	0	0	54	0	
2	3624	-0.1542731	0.005905936	5319.216	-0.001525902	4	4	-0.1534748	0	0	0	0	0	0	0	0	0	0	0	0	0	54	0	
2	3625	-0.1539664	0.005915137	5320.216	-0.001525902	4	4	-0.1529748	0	0	0	0	0	0	0	0	0	0	0	0	0	54	0	
2	3626	-0.153353	0.005924952	5321.216	-0.001525902	4	4	-0.1524748	0	0	0	0	0	0	0	0	0	0	0	0	0	54	0	
2	3627	-0.1527396	0.005934153	5322.216	-0.001525902	4	4	-0.1519748	0	0	0	0	0	0	0	0	0	0	0	0	0	54	0	
2	3628	-0.1524329	0.005943355	5323.216	-0.001525902	4	4	-0.1514748	0	0	0	0	0	0	0	0	0	0	0	0	0	54	0	
2	3629	-0.1518195	0.005953169	5324.216	-0.001525902	4	4	-0.1509748	0	0	0	0	0	0	0	0	0	0	0	0	0	54	0	
2	3630	-0.1515128	0.005961757	5325.216	-0.001525902	4	4	-0.1504748	0	0	0	0	0	0	0	0	0	0	0	0	0	54	0	
2	3631	-0.1508994	0.005971571	5326.216	-0.001525902	4	4	-0.1499748	0	0	0	0	0	0	0	0	0	0	0	0	0	54	0	
2	3632	-0.1502859	0.005980773	5327.216	-0.001525902	4	4	-0.1494748	0	0	0	0	0	0	0	0	0	0	0	0	0	54	0	
2	3633	-0.1496725	0.005989974	5328.216	-0.001525902	4	4	-0.1489748	0	0	0	0	0	0	0	0	0	0	0	0	0	54	0	
2	3634	-0.1493658	0.005999789	5329.216	-0.001525902	4	4	-0.1484748	0	0	0	0	0	0	0	0	0	0	0	0	0	54	0	
2	3635	-0.1487524	0.00600899	5330.216	-0.001525902	4	4	-0.1479748	0	0	0	0	0	0	0	0	0	0	0	0	0	54	0	
2	3636	-0.1484457	0.006018191	5331.216	-0.001525902	4	4	-0.1474748	0	0	0	0	0	0	0	0	0	0	0	0	0	54	0	
2	3637	-0.1478323	0.006027392	5332.216	-0.001525902	4	4	-0.1469748	0	0	0	0	0	0	0	0	0	0	0	0	0	54	0	
2	3638	-0.1472189	0.006037207	5333.216	-0.001525902	4	4	-0.1464748	0	0	0	0	0	0	0	0	0	0	0	0	0	54	0	
2	3639	-0.1469122	0.006046408	5334.216	-0.001525902	4	4	-0.1459748	0	0	0	0	0	0	0	0	0	0	0	0	0	54	0	
2	3640	-0.1462988	0.006055609	5335.216	-0.001525902	4	4	-0.1454748	0	0	0	0	0	0	0	0	0	0	0	0	0	54	0	
2	3641	-0.1456853	0.00606481	5336.216	-0.001525902	4	4	-0.1449748	0	0	0	0	0	0	0	0	0	0	0	0	0	54	0	
2	3642	-0.1453786	0.006074625	5337.216	-0.001525902	4	4	-0.1444748	0	0	0	0	0	0	0	0	0	0	0	0	0	54	0	
2	3643	-0.1447652	0.006083213	5338.216	-0.001525902	4	4	-0.1439748	0	0	0	0	0	0	0	0	0	0	0	0	0	54	0	
2	3644	-0.1444585	0.006092414	5339.216	-0.001525902	4	4	-0.1434748	0	0	0	0	0	0	0	0	0	0	0	0	0	54	0	
2	3645	-0.1438451	0.006102229	5340.216	-0.001525902	4	4	-0.1429748	0	0	0	0	0	0	0	0	0	0	0	0	0	54	0	
2	3646	-0.1435384	0.00611143	5341.216	-0.001525902	4	4	-0.1424748	0	0	0	0	0	0	0	0	0	0	0	0	0	54	0	
2	3647	-0.142925	0.006120631	5342.216	-0.001525902	4	4	-0.1419748	0	0	0	0	0	0	0	0	0	0	0	0	0	54	0	
2	3648	-0.1423116	0.006129832	5343.216	-0.001525902	4	4	-0.1414748	0	0	0	0	0	0	0	0	0	0	0	0	0	54	0	
2	3649	-0.1420049	0.006139033	5344.216	-0.001525902	4	4	-0.1409748	0	0	0	0	0	0	0	0	0	0	0	0	0	54	0	
2	3650	-0.1413914	0.006148234	5345.216	-0.001525902	4	4	-0.1404748	0	0	0	0	0	0	0	0	0	0	0	0	0	54	0	
2	3651	-0.1410847	0.006157435	5346.216	-0.001525902	4	4	-0.1399748	0	0	0	0	0	0	0	0	0	0	0	0	0	54	0	
2	3652	-0.1404713	0.00616725	5347.216	-0.001525902	4	4	-0.1394748	0	0	0	0	0	0	0	0	0	0	0	0	0	54	0	
2	3653	-0.1398579	0.006176451	5348.216	-0.001525902	4	4	-0.1389748	0	0	0	0	0	0	0	0	0	0	0	0	0	54	0	
2	3654	-0.1392445	0.006185653	5349.216	-0.001525902	4	4	-0.1384748	0	0	0	0	0	0	0	0	0	0	0	0	0	54	0	
2	3655	-0.1389378	0.006194854	5350.216	-0.001525902	4	4	-0.1379748	0	0	0	0	0	0	0	0	0	0	0	0	0	54	0	
2	3656	-0.1383244	0.006204055	5351.216	-0.001525902	4	4	-0.1374748	0	0	0	0	0	0	0	0	0	0	0	0	0	54	0	
2	3657	-0.1380177	0.006213256	5352.216	-0.001525902	4	4	-0.1369748	0	0	0	0	0	0	0	0	0	0	0	0	0	54	0	
2	3658	-0.1374043	0.006223071	5353.216	-0.001525902	4	4	-0.1364748	0	0	0	0	0	0	0	0	0	0	0	0	0	54	0	
2	3659	-0.1367909	0.006232272	5354.216	-0.001525902	4	4	-0.1359748	0	0	0	0	0	0	0	0	0	0	0	0	0	54	0	
2	3660	-0.1364841	0.006241473	5355.216	-0.001525902	4	4	-0.1354748	0	0	0	0	0	0	0	0	0	0	0	0	0	54	0	
2	3661	-0.1358707	0.006250674	5356.216	-0.001525902	4	4	-0.1349748	0	0	0	0	0	0	0	0	0	0	0	0	0	54	0	
2	3662	-0.135564	0.006259875	5357.216	-0.001525902	4	4	-0.1344748	0	0	0	0	0	0	0	0	0	0	0	0	0	54	0	
2	3663	-0.1349506	0.006269077	5358.216	-0.001525902	4	4	-0.1339748	0	0	0	0	0	0	0	0	0	0	0	0	0	54	0	
2	3664	-0.1343372	0.006278892	5359.216	-0.001525902	4	4	-0.1334748	0	0	0	0	0	0	0	0	0	0	0	0	0	54	0	
2	3665	-0.1340305	0.006288093	5360.216	-0.001525902	4	4	-0.1329748	0	0	0	0	0	0	0	0	0	0	0	0	0	54	0	
2	3666	-0.1334171	0.006297294	5361.216	-0.001525902	4	4	-0.1324748	0	0	0	0	0	0	0	0	0	0	0	0	0	54	0	
2	3667	-0.1328037	0.006306495	5362.216	-0.001525902	4	4	-0.1319748	0	0	0	0	0	0	0	0	0	0	0	0	0	54	0	
2	3668	-0.132497	0.006315696	5363.216	-0.001525902	4	4	-0.1314748	0	0	0	0	0	0	0	0	0	0	0	0	0	54	0	
2	3669	-0.1318835	0.006324898	5364.216	-0.001525902	4	4	-0.1309748	0	0	0	0	0	0	0	0	0	0	0	0	0	54	0	
2	3670	-0.1315769	0.006334712	5365.216	-0.001525902	4	4	-0.1304748	0	0	0	0	0	0	0	0	0	0	0	0	0	54	0	
2	3671	-0.1309634	0.006343913	5366.216	-0.001525902	4	4	-0.1299748	0	0	0	0	0	0	0	0	0	0	0	0	0	54	0	
</Segment1>																								
																								
<Graph1>																								
Analysis=0																								
Type=Unknown																								
ExternalDataAxis=1																								
ExternalDataName=																								
Y2AxisSmoothing=None																								
YAxisSmoothing=None																								
XAxisSmoothing=None																								
Y2AxisReferenceElectrode=SCE Saturated Calomel (sat'd KCI)																								
YAxisReferenceElectrode=SCE Saturated Calomel (sat'd KCI)																								
XAxisReferenceElectrode=SCE Saturated Calomel (sat'd KCI)																								
Y2AxisMath=																								
YAxisMath=																								
XAxisMath=																								
LockAspectRatio=False																								
Grid=True																								
Legend=False																								
GraphTitle=																								
Y2DataColor=-16744448																								
GridColor=-10039894																								
BackgroundColor=-1																								
SelectionColor=-65536																								
AnalysisColor=-4565549																								
DataSymbolSize=2																								
DataSymbolColor=-12490271																								
DataSymbolType=Circle																								
DataSymbol=False																								
DataLineColor=-12490271																								
DataLine=True																								
Y2AxisManualScaleMax=																								
Y2AxisManualScaleMin=																								
Y2AxisManualAdjustment=False																								
Y2AxisNormalizeToMass=False																								
Y2AxisNormalizeWithArea=False																								
Y2AxisNegateValues=False																								
Y2AxisScientificLabels=False																								
Y2AxisReverse=False																								
Y2AxisLog=False																								
Y2AxisName=Potential (V)																								
Y2AxisType=Potential (V)																								
Y2Axis=False																								
YAxisManualScaleMax=																								
YAxisManualScaleMin=																								
YAxisManualAdjustment=False																								
YAxisNormalizeToMass=False																								
YAxisNormalizeWithArea=False																								
YAxisNegateValues=False																								
YAxisScientificLabels=False																								
YAxisReverse=False																								
YAxisLog=False																								
YAxisName=Potential (V)																								
YAxisType=Potential (V)																								
XAxisManualScaleMax=																								
XAxisManualScaleMin=																								
XAxisManualAdjustment=False																								
XAxisNormalizeToMass=False																								
XAxisNormalizeWithArea=False																								
XAxisNegateValues=False																								
XAxisScientificLabels=False																								
XAxisReverse=False																								
XAxisLog=False																								
XAxisName=Elapsed Time (s)																								
XAxisType=Elapsed Time (s)																								
Height=359																								
Width=1310																								
LocY=25																								
LocX=-1310																								
</Graph1>																								
																								
<Graph2>																								
Analysis=0																								
Type=Unknown																								
ExternalDataAxis=1																								
ExternalDataName=																								
Y2AxisSmoothing=None																								
YAxisSmoothing=None																								
XAxisSmoothing=None																								
Y2AxisReferenceElectrode=SCE Saturated Calomel (sat'd KCI)																								
YAxisReferenceElectrode=SCE Saturated Calomel (sat'd KCI)																								
XAxisReferenceElectrode=SCE Saturated Calomel (sat'd KCI)																								
Y2AxisMath=																								
YAxisMath=																								
XAxisMath=																								
LockAspectRatio=False																								
Grid=True																								
Legend=False																								
GraphTitle=																								
Y2DataColor=-16744448																								
GridColor=-10039894																								
BackgroundColor=-1																								
SelectionColor=-65536																								
AnalysisColor=-4565549																								
DataSymbolSize=1																								
DataSymbolColor=-12490271																								
DataSymbolType=Circle																								
DataSymbol=False																								
DataLineColor=-12490271																								
DataLine=True																								
Y2AxisManualScaleMax=																								
Y2AxisManualScaleMin=																								
Y2AxisManualAdjustment=False																								
Y2AxisNormalizeToMass=False																								
Y2AxisNormalizeWithArea=False																								
Y2AxisNegateValues=False																								
Y2AxisScientificLabels=False																								
Y2AxisReverse=False																								
Y2AxisLog=False																								
Y2AxisName=Potential (V)																								
Y2AxisType=Potential (V)																								
Y2Axis=False																								
YAxisManualScaleMax=																								
YAxisManualScaleMin=																								
YAxisManualAdjustment=False																								
YAxisNormalizeToMass=False																								
YAxisNormalizeWithArea=False																								
YAxisNegateValues=False																								
YAxisScientificLabels=False																								
YAxisReverse=False																								
YAxisLog=False																								
YAxisName=Phase of Z (deg)																								
YAxisType=Phase of Z (deg)																								
XAxisManualScaleMax=																								
XAxisManualScaleMin=																								
XAxisManualAdjustment=False																								
XAxisNormalizeToMass=False																								
XAxisNormalizeWithArea=False																								
XAxisNegateValues=False																								
XAxisScientificLabels=False																								
XAxisReverse=False																								
XAxisLog=False																								
XAxisName=Frequency (Hz)																								
XAxisType=Frequency (Hz)																								
Height=359																								
Width=1310																								
LocY=25																								
LocX=-1310																								
</Graph2>																								
																								
<Graph3>																								
Analysis=0																								
Type=Unknown																								
ExternalDataAxis=1																								
ExternalDataName=																								
Y2AxisSmoothing=None																								
YAxisSmoothing=None																								
XAxisSmoothing=None																								
Y2AxisReferenceElectrode=SCE Saturated Calomel (sat'd KCI)																								
YAxisReferenceElectrode=SCE Saturated Calomel (sat'd KCI)																								
XAxisReferenceElectrode=SCE Saturated Calomel (sat'd KCI)																								
Y2AxisMath=																								
YAxisMath=																								
XAxisMath=																								
LockAspectRatio=False																								
Grid=True																								
Legend=False																								
GraphTitle=																								
Y2DataColor=-16744448																								
GridColor=-10039894																								
BackgroundColor=-1																								
SelectionColor=-65536																								
AnalysisColor=-4565549																								
DataSymbolSize=1																								
DataSymbolColor=-12490271																								
DataSymbolType=Circle																								
DataSymbol=False																								
DataLineColor=-12490271																								
DataLine=True																								
Y2AxisManualScaleMax=																								
Y2AxisManualScaleMin=																								
Y2AxisManualAdjustment=False																								
Y2AxisNormalizeToMass=False																								
Y2AxisNormalizeWithArea=False																								
Y2AxisNegateValues=False																								
Y2AxisScientificLabels=False																								
Y2AxisReverse=False																								
Y2AxisLog=False																								
Y2AxisName=Potential (V)																								
Y2AxisType=Potential (V)																								
Y2Axis=False																								
YAxisManualScaleMax=																								
YAxisManualScaleMin=																								
YAxisManualAdjustment=False																								
YAxisNormalizeToMass=False																								
YAxisNormalizeWithArea=False																								
YAxisNegateValues=False																								
YAxisScientificLabels=False																								
YAxisReverse=False																								
YAxisLog=False																								
YAxisName=|Z| (ohms)																								
YAxisType=|Z| (ohms)																								
XAxisManualScaleMax=																								
XAxisManualScaleMin=																								
XAxisManualAdjustment=False																								
XAxisNormalizeToMass=False																								
XAxisNormalizeWithArea=False																								
XAxisNegateValues=False																								
XAxisScientificLabels=False																								
XAxisReverse=False																								
XAxisLog=False																								
XAxisName=Frequency (Hz)																								
XAxisType=Frequency (Hz)																								
Height=359																								
Width=1310																								
LocY=25																								
LocX=-1310																								
</Graph3>																								
																								
<Graph4>																								
Analysis=0																								
Type=Unknown																								
ExternalDataAxis=1																								
ExternalDataName=																								
Y2AxisSmoothing=None																								
YAxisSmoothing=None																								
XAxisSmoothing=None																								
Y2AxisReferenceElectrode=SCE Saturated Calomel (sat'd KCI)																								
YAxisReferenceElectrode=SCE Saturated Calomel (sat'd KCI)																								
XAxisReferenceElectrode=SCE Saturated Calomel (sat'd KCI)																								
Y2AxisMath=																								
YAxisMath=																								
XAxisMath=																								
LockAspectRatio=True																								
Grid=True																								
Legend=False																								
GraphTitle=																								
Y2DataColor=-13447886																								
GridColor=-10039894																								
BackgroundColor=-1																								
SelectionColor=-65536																								
AnalysisColor=-32768																								
DataSymbolSize=2																								
DataSymbolColor=-16777216																								
DataSymbolType=Circle																								
DataSymbol=True																								
DataLineColor=-12490271																								
DataLine=True																								
Y2AxisManualScaleMax=																								
Y2AxisManualScaleMin=																								
Y2AxisManualAdjustment=False																								
Y2AxisNormalizeToMass=False																								
Y2AxisNormalizeWithArea=False																								
Y2AxisNegateValues=False																								
Y2AxisScientificLabels=False																								
Y2AxisReverse=False																								
Y2AxisLog=False																								
Y2AxisName=																								
Y2AxisType=Current (A)																								
Y2Axis=False																								
YAxisManualScaleMax=																								
YAxisManualScaleMin=																								
YAxisManualAdjustment=False																								
YAxisNormalizeToMass=False																								
YAxisNormalizeWithArea=False																								
YAxisNegateValues=True																								
YAxisScientificLabels=False																								
YAxisReverse=False																								
YAxisLog=False																								
YAxisName=Zim (ohms)																								
YAxisType=Zim (ohms)																								
XAxisManualScaleMax=																								
XAxisManualScaleMin=																								
XAxisManualAdjustment=False																								
XAxisNormalizeToMass=False																								
XAxisNormalizeWithArea=False																								
XAxisNegateValues=False																								
XAxisScientificLabels=False																								
XAxisReverse=False																								
XAxisLog=False																								
XAxisName=Zre (ohms)																								
XAxisType=Zre (ohms)																								
Height=359																								
Width=1310																								
LocY=25																								
LocX=-1310																								
</Graph4>																								
																								
<Graph5>																								
Analysis=0																								
Type=Unknown																								
ExternalDataAxis=1																								
ExternalDataName=																								
Y2AxisSmoothing=None																								
YAxisSmoothing=None																								
XAxisSmoothing=None																								
Y2AxisReferenceElectrode=SCE Saturated Calomel (sat'd KCI)																								
YAxisReferenceElectrode=SCE Saturated Calomel (sat'd KCI)																								
XAxisReferenceElectrode=SCE Saturated Calomel (sat'd KCI)																								
Y2AxisMath=																								
YAxisMath=																								
XAxisMath=																								
LockAspectRatio=False																								
Grid=True																								
Legend=False																								
GraphTitle=																								
Y2DataColor=-16744448																								
GridColor=-10039894																								
BackgroundColor=-1																								
SelectionColor=-65536																								
AnalysisColor=-4565549																								
DataSymbolSize=1																								
DataSymbolColor=-12490271																								
DataSymbolType=Circle																								
DataSymbol=False																								
DataLineColor=-12490271																								
DataLine=True																								
Y2AxisManualScaleMax=																								
Y2AxisManualScaleMin=																								
Y2AxisManualAdjustment=False																								
Y2AxisNormalizeToMass=False																								
Y2AxisNormalizeWithArea=False																								
Y2AxisNegateValues=False																								
Y2AxisScientificLabels=False																								
Y2AxisReverse=False																								
Y2AxisLog=False																								
Y2AxisName=Potential (V)																								
Y2AxisType=Potential (V)																								
Y2Axis=False																								
YAxisManualScaleMax=																								
YAxisManualScaleMin=																								
YAxisManualAdjustment=False																								
YAxisNormalizeToMass=False																								
YAxisNormalizeWithArea=False																								
YAxisNegateValues=False																								
YAxisScientificLabels=False																								
YAxisReverse=False																								
YAxisLog=False																								
YAxisName=Potential (V)																								
YAxisType=Potential (V)																								
XAxisManualScaleMax=																								
XAxisManualScaleMin=																								
XAxisManualAdjustment=False																								
XAxisNormalizeToMass=False																								
XAxisNormalizeWithArea=False																								
XAxisNegateValues=False																								
XAxisScientificLabels=False																								
XAxisReverse=False																								
XAxisLog=True																								
XAxisName=Current (A)																								
XAxisType=Current (A)																								
Height=359																								
Width=1310																								
LocY=25																								
LocX=1																								
</Graph5>																								
																								
<DockingLayout>																								
"<?xml version=""1.0"" encoding=""utf-16""?>"																								
<!--DockPanel configuration file. Author: Weifen Luo	 all rights reserved.-->																							
<!--!!! AUTOMATICALLY GENERATED FILE. DO NOT MODIFY !!!-->																								
"<DockPanel FormatVersion=""1.0"" DockLeftPortion=""0.25"" DockRightPortion=""0.18"" DockTopPortion=""0.25"" DockBottomPortion=""0.25"" ActiveDocumentPane=""2"" ActivePane=""0"">"																								
"  <Contents Count=""7"">"																								
"    <Content ID=""0"" PersistString=""PowerSTAT.DataView"" AutoHidePortion=""0.18"" IsHidden=""False"" IsFloat=""False"" />"																								
"    <Content ID=""1"" PersistString=""PowerSTAT.DataBrowser"" AutoHidePortion=""0.25"" IsHidden=""False"" IsFloat=""False"" />"																								
"    <Content ID=""2"" PersistString=""PowerSTAT.Graph"" AutoHidePortion=""0.25"" IsHidden=""False"" IsFloat=""False"" />"																								
"    <Content ID=""3"" PersistString=""PowerSTAT.Graph"" AutoHidePortion=""0.25"" IsHidden=""False"" IsFloat=""False"" />"																								
"    <Content ID=""4"" PersistString=""PowerSTAT.Graph"" AutoHidePortion=""0.25"" IsHidden=""False"" IsFloat=""False"" />"																								
"    <Content ID=""5"" PersistString=""PowerSTAT.Graph"" AutoHidePortion=""0.25"" IsHidden=""False"" IsFloat=""False"" />"																								
"    <Content ID=""6"" PersistString=""PowerSTAT.Graph"" AutoHidePortion=""0.25"" IsHidden=""False"" IsFloat=""False"" />"																								
  </Contents>																								
"  <Panes Count=""3"">"																								
"    <Pane ID=""0"" DockState=""DockRight"" ActiveContent=""0"">"																								
"      <Contents Count=""1"">"																								
"        <Content ID=""0"" RefID=""0"" />"																								
      </Contents>																								
    </Pane>																								
"    <Pane ID=""1"" DockState=""Document"" ActiveContent=""1"">"																								
"      <Contents Count=""1"">"																								
"        <Content ID=""0"" RefID=""1"" />"																								
      </Contents>																								
    </Pane>																								
"    <Pane ID=""2"" DockState=""Document"" ActiveContent=""6"">"																								
"      <Contents Count=""5"">"																								
"        <Content ID=""0"" RefID=""2"" />"																								
"        <Content ID=""1"" RefID=""3"" />"																								
"        <Content ID=""2"" RefID=""4"" />"																								
"        <Content ID=""3"" RefID=""5"" />"																								
"        <Content ID=""4"" RefID=""6"" />"																								
      </Contents>																								
    </Pane>																								
  </Panes>																								
  <DockWindows>																								
"    <DockWindow ID=""0"" DockState=""Document"" ZOrderIndex=""0"">"																								
"      <NestedPanes Count=""2"">"																								
"        <Pane ID=""0"" RefID=""1"" PrevPane=""-1"" Alignment=""Right"" Proportion=""0.5"" />"																								
"        <Pane ID=""1"" RefID=""2"" PrevPane=""1"" Alignment=""Top"" Proportion=""0.5"" />"																								
      </NestedPanes>																								
    </DockWindow>																								
"    <DockWindow ID=""1"" DockState=""DockLeft"" ZOrderIndex=""2"">"																								
"      <NestedPanes Count=""0"" />"																								
    </DockWindow>																								
"    <DockWindow ID=""2"" DockState=""DockRight"" ZOrderIndex=""1"">"																								
"      <NestedPanes Count=""1"">"																								
"        <Pane ID=""0"" RefID=""0"" PrevPane=""-1"" Alignment=""Bottom"" Proportion=""0.5"" />"																								
      </NestedPanes>																								
    </DockWindow>																								
"    <DockWindow ID=""3"" DockState=""DockTop"" ZOrderIndex=""3"">"																								
"      <NestedPanes Count=""0"" />"																								
    </DockWindow>																								
"    <DockWindow ID=""4"" DockState=""DockBottom"" ZOrderIndex=""4"">"																								
"      <NestedPanes Count=""0"" />"																								
    </DockWindow>																								
  </DockWindows>																								
"  <FloatWindows Count=""0"" />"																								
</DockPanel>																								
</DockingLayout>																								
